source,notice_id,title,description,organisation,value_low,value_high,currency,published_date,deadline,notice_type,status,cpv_codes,url,scraped_at
FTS,ocds-h6vhtk-06ef03_082391-2026,Recommended List Variety Trials,"The AHDB Cereals and Oilseeds Recommended Lists (RLs) provide levy payers and the wider industry with independent information on the characteristics and market options for new cereal and oilseed varieties. The information provided by the RLs enables levy payers to select variety's that are optimal for their cropping system and meet the requirements of their local market, maximising productivity and ensuring a reliable supply of grain into the supply chain. Scope of delivery is running cereal and",Agriculture and Horticulture Development Board,,,GBP,2026-08-29,,award,complete,,https://www.find-tender.service.gov.uk/Notice/082391-2026,2026-08-29T12:56:47.847389+00:00
FTS,ocds-h6vhtk-06ef02_082390-2026,Long Arm Software,Longarm allows investigations on the internet using a secure platform that cannot be tracked back to the police. It also allows for open-source intelligence gathering. This service replaced the previous Spectrum capability.,The Chief Constable of Thames Valley Police,,,GBP,2026-08-29,,award,complete,,https://www.find-tender.service.gov.uk/Notice/082390-2026,2026-08-29T12:56:47.847418+00:00
FTS,ocds-h6vhtk-06eeab_082389-2026,Greater Manchester Drugs Early Warning System (DEWS),"The Greater Manchester Combined Authority (GMCA) is seeking to commission a service to;
• Deliver and manage Professional Information Networks relating to drugs for each of the 10 Greater Manchester local authority areas,
• Oversee the Greater Manchester Local Drug Information System alert panel,
• Write and produce appropriate drug alerts,
• Liaise with relevant national and regional organisations and systems regarding drug alerts and emerging drug trends.",Greater Manchester Combined Authority,,111204.0,GBP,2026-08-29,2026-09-24,tenderUpdate,active,,https://www.find-tender.service.gov.uk/Notice/082389-2026,2026-08-29T12:56:47.847424+00:00
FTS,ocds-h6vhtk-067334_082388-2026,Socrates Renewal,"Socrates supports secure forensic evidence handling, case management, matching of evidence, Modus Operandi matching, and pattern recognition between apparently unrelated cases. It incorporates a large suite of modules. Links to national databases enable FIU staff to identify where someone has had their DNA taken previously, and who they are (PNC and DNA Match). Access to the Footwear Intelligence Tool enables FIU staff to upload images of footprints, and identify potential matches (make, size et",The Chief Constable of Thames Valley Police,,,GBP,2026-08-29,,award,complete,,https://www.find-tender.service.gov.uk/Notice/082388-2026,2026-08-29T12:56:47.847430+00:00
FTS,ocds-h6vhtk-06ef01_082387-2026,Client Transport Services 2026 - 2034 - SEND,"Client Transport Services 2026 - 2034 - SEND : East Surrey College (Redhill)
From Lingfield 
1 STUDENT 
NO PA
SALOON
**No FINAL TIMETABLE FOR THIS STUDENT THEREFORE, THIS ROUTE MAY NOT BE 5X PER WEEK - PLEASE BE AWARE OF THIS WHEN BIDDING - THIS STUDENT IS ALSO ONLY ELIGIBLE UNTIL 31/12/2026**",Surrey County Council,,,GBP,2026-08-29,,award,complete,,https://www.find-tender.service.gov.uk/Notice/082387-2026,2026-08-29T12:56:47.847438+00:00
FTS,ocds-h6vhtk-06c906_082386-2026,"Provision of services for the receipt, storage and transfer of mixed dry recyclable material","The Authority invited tenders for the provision of services primarily for the receipt and bulking of mixed dry recyclables that have been collected by Newry, Mourne and Down District Council prior to bulking and transfer to a nominated Material Recovery Facility. Due to the nature of the Relevant Member Councils requirements, there is a specific geographical constraint which defines the location of the Delivery Point to which the mixed dry recyclables are to be delivered for this Contract. Over ",arc21,,,GBP,2026-08-28,,award,complete,,https://www.find-tender.service.gov.uk/Notice/082386-2026,2026-08-29T12:56:47.847443+00:00
FTS,ocds-h6vhtk-06c1fb_082385-2026,PS26195 - Futures Procurement Framework,"The final date and time for the submission of bids is Monday 28th September 2026 at 11:00
DO NOT apply directly to the buyer.
All tender information MUST be submitted through the Jaggaer eSourcing Portal.
Brief Description of Requirement
UK Shared Business Services (UKSBS), on behalf of the Department for Science, Innovation and Technology (DSIT), wishes to establish an Open Framework to enable policymakers to identify and procure Futures-related services and capability development opportunities","Department for Science, Innovation & Technology",,9000000.0,GBP,2026-08-28,2026-09-28,tender,active,,https://www.find-tender.service.gov.uk/Notice/082385-2026,2026-08-29T12:56:47.847460+00:00
FTS,ocds-h6vhtk-06ef00_082384-2026,Grizedale Arb Support 2026,Grizedale Arb Support 2026   -   Arboricultural Services,Forestry Commission,,,GBP,2026-08-28,,award,complete,,https://www.find-tender.service.gov.uk/Notice/082384-2026,2026-08-29T12:56:47.847475+00:00
FTS,ocds-h6vhtk-06eefc_082383-2026,Valence Primary School Boiler Replacement,London Borough of Barking and Dagenham is carried out this procurement exercise as an invitation to quote for Valence Primary School Boiler Replacement,London Borough of Barking and Dagenham,,,GBP,2026-08-28,,award,complete,,https://www.find-tender.service.gov.uk/Notice/082383-2026,2026-08-29T12:56:47.847481+00:00
FTS,ocds-h6vhtk-06eeff_082382-2026,Kirklees College - Vending Machines ,Kirklees College - Vending Machines across all 7 sites. ,Kirklees College,,10000.0,GBP,2026-08-28,2026-10-05,tender,active,,https://www.find-tender.service.gov.uk/Notice/082382-2026,2026-08-29T12:56:47.847486+00:00
FTS,ocds-h6vhtk-06cefe_082381-2026,Robert Clack Lower School Food Tech Building Boiler Replacement,London Borough of Barking and Dagenham carried out this procurement exercise as an invitation to quote for Robert Clack Lower School Food Tech Building Boiler Replacement,London Borough of Barking and Dagenham,,,GBP,2026-08-28,,award,complete,,https://www.find-tender.service.gov.uk/Notice/082381-2026,2026-08-29T12:56:47.847490+00:00
FTS,ocds-h6vhtk-06eefe_082380-2026,Deer Fencing 2026/2027 - Central District,Deer and rabbit fencing combination for Bedford Purlieus ( 1400m and 3 lift gates ).  All Timber will be FSC approved and UC4.,Forestry Commission,,,GBP,2026-08-28,,award,complete,,https://www.find-tender.service.gov.uk/Notice/082380-2026,2026-08-29T12:56:47.847495+00:00
FTS,ocds-h6vhtk-06eefd_082379-2026,Sheet Mulching Trial - Norfolk Woodland Creation Site,"Supply of an EN 17033-certified Mater-Bi mulch material beneath a PAS100 compost mulch layer.    
Installation of biodegradable mulch membrane and recycled PAS100-certified compost mulch across designated woodland creation compartments using a tractor-mounted mulching machine, telehandler, trailers, and ancillary plant. The primary work area is located within stock-fenced woodland creation compartments, with limited interaction required outside the fenced areas for access, deliveries and materia",Forestry Commission,,,GBP,2026-08-28,,award,complete,,https://www.find-tender.service.gov.uk/Notice/082379-2026,2026-08-29T12:56:47.847499+00:00
FTS,ocds-h6vhtk-06eefc_082378-2026,Valence Primary School Boiler Replacement,London Borough of Barking and Dagenham is carried out this procurement exercise as an invitation to quote for Valence Primary School Boiler Replacement,London Borough of Barking and Dagenham,,,GBP,2026-08-28,,award,complete,,https://www.find-tender.service.gov.uk/Notice/082378-2026,2026-08-29T12:56:47.847504+00:00
FTS,ocds-h6vhtk-03cfd4_082377-2026,CCS028 Therapeutic Assessment to Support Education and Health Care Plan Delivery,"Derbyshire County Council, Derby City Council, Nottinghamshire County Council and Nottingham City Council (D2N2) form a regional cluster in which we aim to collaborate to deliver better outcomes for children.
Within this cluster, it has become evident that there is a need for further support from external providers to ensure effective, timely and valuable delivery of assessments to support Education and Health Care Plan (EHCP) delivery for our Children, who require this support.
To facilitate mo",Derbyshire County Council,,,GBP,2026-08-28,,award,complete,85000000,https://www.find-tender.service.gov.uk/Notice/082377-2026,2026-08-29T12:56:47.847508+00:00
FTS,ocds-h6vhtk-05df06_082376-2026,"Special Education Needs and Disabilities Information, Advice and support Service (SENDIASS)","Medway Council’s Education and SEND Division is looking to commission Medway’s Special Educational Needs and Disabilities support, advice, and information service (SENDIASS) for children, young people, and their parents / carers.
•A high-quality service which improves our families understanding and enables them to make informed choices and participate in decisions. 
•Legally based information, impartial advice and confidential support delivered primarily via website, social media, telephone, ema",Medway Council,,,GBP,2026-08-28,,award,complete,,https://www.find-tender.service.gov.uk/Notice/082376-2026,2026-08-29T12:56:47.847513+00:00
FTS,ocds-h6vhtk-06709b_082375-2026,"Early Intervention, Prevention and Support Sexual Health Service for Young People in Newcastle (Ages 11-25)","Light Touch Below Threshold Services Contract.
The focus of this service is the early intervention, education, and support to improve sexual health outcomes for children and young people, aligning with local public health priorities and the needs of children and young people.",Newcastle City Council,,,GBP,2026-08-28,,award,complete,,https://www.find-tender.service.gov.uk/Notice/082375-2026,2026-08-29T12:56:47.847517+00:00
FTS,ocds-h6vhtk-069019_082374-2026,Sheffield Dementia Advice Service,"Sheffield City Council is seeking a provider to deliver the Sheffield Dementia Advice Service, a citywide, non-clinical service acting as the single point of access for dementia information, advice and guidance. The service will support people living with dementia, their families, unpaid carers and supporters through information, signposting, navigation and referral into community-based dementia support. The provider will also offer advice, guidance and training to professionals and volunteers t",Sheffield City Council,,502000.0,GBP,2026-08-28,2026-09-30,tender,active,,https://www.find-tender.service.gov.uk/Notice/082374-2026,2026-08-29T12:56:47.847524+00:00
FTS,ocds-h6vhtk-0696c9_082373-2026,Provision of a deep geothermal solution,"The Countess of Chester Hospital is working to meet its statutory net zero requirements in a number of ways. A partner has already been secured to address energy generation and usage on the site using the Carbon and Energy Fund framework. That partner is addressing energy infrastructure on the site, and included in that requirement is to provide an interface with the successful tenderer from this procurement (Deep Geothermal Solution Reference G1065).  The Trust has also won a Public Sector Deca",COUNTESS OF CHESTER HOSPITAL NHS FOUNDATION TRUST,,30000000.0,GBP,2026-08-28,2026-12-09,tender,active,,https://www.find-tender.service.gov.uk/Notice/082373-2026,2026-08-29T12:56:47.847528+00:00
FTS,ocds-h6vhtk-06eefb_082372-2026,UKRI-6261 Self-Steam Generating Autoclave,"UKRI wishes to establish a Contract for the provision of a Self-Steam Generating Autoclave to include design, manufacture, supply, delivery, installation, commissioning and a one year warranty.",UK Research & Innovation (UKRI),,375000.0,GBP,2026-08-28,2026-09-28,tender,active,,https://www.find-tender.service.gov.uk/Notice/082372-2026,2026-08-29T12:56:47.847533+00:00
FTS,ocds-h6vhtk-06eefa_082371-2026,Phase 1 Junior Play Area Equipment Installation - Hawley Green,"Below-threshold open competition
Blackwater & Hawley Town Council invites tenders for the design, supply, installation and commissioning of a new junior play area at:
Hawley Green, Fernhill Road, GU17 9BW
The works comprise the design, supply and installation of a Phase 1 junior play area primarily intended for children aged 7-12 years.
The project is expected to include, subject to tender proposals and available budget:
central multi-play unit;
climbing and traversing activities;
balancing acti",Blackwater and Hawley Town Council,,75000.0,GBP,2026-08-28,2026-09-28,tender,active,,https://www.find-tender.service.gov.uk/Notice/082371-2026,2026-08-29T12:56:47.847537+00:00
FTS,ocds-h6vhtk-06a20d_082370-2026,GMCA 1981 - Restricted Eligibility Support Service,"The Greater Manchester Combined Authority (GMCA) is procuring the next phase of the Restricted Eligibility Support Service (RESS), supporting migrants experiencing or at risk of homelessness across Greater Manchester. The service supports delivery of the Greater Manchester Homelessness Prevention Strategy 2021-2026 and aims to improve outcomes for people with restricted eligibility for public funds, including those with No Recourse to Public Funds (NRPF) and unresolved immigration status who are",Greater Manchester Combined Authority,,,GBP,2026-08-28,,award,complete,,https://www.find-tender.service.gov.uk/Notice/082370-2026,2026-08-29T12:56:47.847542+00:00
FTS,ocds-h6vhtk-06eef9_082369-2026,Client Transport Services 2026 - 2034 - SEND,"Client Transport Services 2026 - 2034 - SEND : DV8 Sussex (BN1 3WB)
X1 Pupil (Dorking)
X1 PA - MUST BE TRAINED IN - First Aid, Seizure Awareness, Asthma Awareness
Additional Training Organised by SCC for Administration of Emergency Medication - PLEASE NOTE - For the first time Buccal Midazolam is administered a paramedic MUST be present
X1 Saloon
Dv8 Sussex
125 Queens Road
Brighton
BN1 3WB",Surrey County Council,,,GBP,2026-08-28,,award,complete,,https://www.find-tender.service.gov.uk/Notice/082369-2026,2026-08-29T12:56:47.847546+00:00
FTS,ocds-h6vhtk-06eef8_082368-2026,Client Transport Services 2026 - 2034 - SEND,"Client Transport Services 2026 - 2034 - SEND : Peer Productions
2 x Pupils
1 x PA
1 x Saloon Car
Shepperton
Guildford
PA required with an understanding of gastrostomy feeding tube.
Transport required 3 days a week only - Tuesdays, Thursdays and Fridays",Surrey County Council,,,GBP,2026-08-28,,award,complete,,https://www.find-tender.service.gov.uk/Notice/082368-2026,2026-08-29T12:56:47.847554+00:00
FTS,ocds-h6vhtk-02f16e_082367-2026,701712461 - CSAT Phase 1 MCN,,Ministry of Defence,,,GBP,2026-08-28,,awardUpdate,,34711110,https://www.find-tender.service.gov.uk/Notice/082367-2026,2026-08-29T12:56:47.847558+00:00
FTS,ocds-h6vhtk-06eef7_082366-2026,EV Charging Infrastructure,"The University require a new Contract for the Supply and maintenance of fully funded EV Charger Infrastructure. The current charge points require upgrading, due to their age and they are out of manufactures warranty. This new Contract opportunity will be for - Supply, Installation and Maintenance of Electric Vehicle Charging Equipment and Associated Items.",University of Dundee,,160000.0,GBP,2026-08-28,2026-10-05,tender,active,50230000,https://www.find-tender.service.gov.uk/Notice/082366-2026,2026-08-29T12:56:47.847562+00:00
FTS,ocds-h6vhtk-06eef6_082365-2026,Gas Chromatograph with Mass Spectrometer and Flame Ionisation Detector (GC-MS/FID),"Supply, delivery, installation, calibration, commissioning and user training for a new Gas Chromatograph system with Mass Spectrometer Detector (MSD) and Flame Ionisation Detector (FID), including associated software, accessories and warranty support. The system will be used for the analysis of biomethane, natural gas, refinery gases and high-purity hydrocarbon reference materials, supporting NPL's research, testing and measurement activities.",NPL Management Limited,,,GBP,2026-08-28,,award,complete,,https://www.find-tender.service.gov.uk/Notice/082365-2026,2026-08-29T12:56:47.847566+00:00
FTS,ocds-h6vhtk-06eef1_082364-2026,UK1 - Pipeline Notice -715933488 IBES,"There is an enduring requirement for contracted labour and personnel support across aviation engineering, logistics information systems, airworthiness records, supply and enabling functions at RAF Odiham, RAF Benson and RNAS Yeovilton. The Authority are seeking a Contractor who shall provide suitably qualified and experienced personnel (SQEP) to supplement Service personnel and deliver the defined outputs where military capacity is constrained. This is an output-based personnel support requireme",Ministry of Defence,,37000000.0,GBP,2026-08-28,,planningUpdate,planned,,https://www.find-tender.service.gov.uk/Notice/082364-2026,2026-08-29T12:56:47.847572+00:00
FTS,ocds-h6vhtk-06eef5_082363-2026,DITCH INFILL AND CULVERTING,DITCH INFILL AND CULVERTING AT HAYWOOD RESERVOIR,North Somerset Council,,,GBP,2026-08-28,,award,complete,,https://www.find-tender.service.gov.uk/Notice/082363-2026,2026-08-29T12:56:47.847575+00:00
FTS,ocds-h6vhtk-06eeea_082362-2026,Framework to Provide Supply Agency Staff Services,"This is the reopening of Framework to Provide Supply Agency Staff Services - ocds-h6vhtk-05abb2
HEART Academies Trust, supported by Value Match Services, intends to undertake the first reopening of the Framework to Provide Supply Agency Staff Services.
The open framework was established to provide eligible education-sector contracting authorities with access to suppliers of temporary, fixed-term and permanent teaching and non-teaching staff across the United Kingdom.
The reopening will cover:
Lo",HEART ACADEMIES TRUST,,850000000.0,GBP,2026-08-28,2026-11-27,planning,planned,,https://www.find-tender.service.gov.uk/Notice/082362-2026,2026-08-29T12:56:47.847579+00:00
FTS,ocds-h6vhtk-05a817_082361-2026,Ready-Heat II Emergency Blankets,24 month supply of Ready-Heat ii self heating emergency blankets. Already signed 1/11/25 as per original notice - prior to this edit correction to remove link to another authority,SWANSEA BAY UNIVERSITY HEALTH BOARD,,,GBP,2026-08-28,,awardUpdate,complete,,https://www.find-tender.service.gov.uk/Notice/082361-2026,2026-08-29T12:56:47.847584+00:00
FTS,ocds-h6vhtk-06c9e4_082360-2026,"Prairie Sports Village, Burnley - Construction of Car Park","Tenders are invited from contractors having the resources, sufficient capacity and experience working with Local Authority clients to create a new car park that The Prairie Sports Village, Burnley. All works must be in accordance with the specification and written instructions in the tender documents.
The contractor will also be responsible for the secure and safe segregation from public areas to all occupied units. Post construction cleaning is required also.
The full details of the Council's r",Burnley Borough Council,,,GBP,2026-08-28,,award,complete,,https://www.find-tender.service.gov.uk/Notice/082360-2026,2026-08-29T12:56:47.847589+00:00
FTS,ocds-h6vhtk-06eef4_082359-2026,DHSC: GPH: Mothers Living with HIV Formula Milk Funding Scheme 2027,"The Department of Health and Social Care (DHSC) is undertaking preliminary market engagement to understand supplier interest, capability and capacity to deliver a service that ensures infants born to mothers living with HIV in England have timely access to formula milk and related sterilising equipment for up to 12 months from birth.
This preliminary market engagement (and any resultant procurement) forms part of wider work by DHSC to implement actions in the HIV Action Plan for England, 2025 to",Department of Health & Social Care,,875000.0,GBP,2026-08-28,,planning,planning,,https://www.find-tender.service.gov.uk/Notice/082359-2026,2026-08-29T12:56:47.847594+00:00
FTS,ocds-h6vhtk-059648_082358-2026,Ticket Retailing & Validation Solutions,"Northern Trains Limited has a requirement to replace its existing Ticket Retailing & Validation solution by December 2026 due to the incumbent supplier's withdrawal from the UK rail ticketing market.
Northern are therefore looking to engage the supply market to understand the solutions available.
Northern Trains Limited Invitation to Tender is for the provision of a technology solution that satisfies two main outcomes for Northern:
•Suitable replacement of the on-train and ticket office solution",NORTHERN TRAINS LIMITED,,,GBP,2026-08-28,,award,complete,,https://www.find-tender.service.gov.uk/Notice/082358-2026,2026-08-29T12:56:47.847598+00:00
FTS,ocds-h6vhtk-06eef3_082357-2026,"Portable Multi-Gas Analyser, Maintenance Kit and Delivery","Supply of an ENVEA MIR 9000P portable multi-gas analyser, including a one-year maintenance kit and delivery. The equipment will be used to support gas monitoring, emissions measurement and analytical testing activities, with maintenance support to ensure continued operational performance",NPL Management Limited,,,GBP,2026-08-28,,award,complete,,https://www.find-tender.service.gov.uk/Notice/082357-2026,2026-08-29T12:56:47.847602+00:00
FTS,ocds-h6vhtk-06eef2_082356-2026,Infrastructure Enhancement Works,HAYWOOD RESERVOIR INFRASTRUCTURE ENHANCEMENT WORKS.,North Somerset Council,,,GBP,2026-08-28,,award,complete,,https://www.find-tender.service.gov.uk/Notice/082356-2026,2026-08-29T12:56:47.847605+00:00
FTS,ocds-h6vhtk-0419ff_082355-2026,IA3213 Staffordshire Children and Young People's Flexible Framework Contract Awards 01.03.2026 - 31.05.2026,"For the avoidance of doubt this Notice is for the awards of Call-off Contracts made under the Framework between the appointed Providers(s) and the Authority. Staffordshire County Council has engaged Suppliers who deliver support to Children and Young People in their Education settings and in their communities, throughout the eight districts of Staffordshire: Cannock, East Staffordshire, Tamworth, Lichfield, South Staffordshire, Stafford,
Newcastle-under-Lyme, and Staffordshire Moorlands. Provisi",Staffordshire County Council,,,GBP,2026-08-28,,award,complete,80000000,https://www.find-tender.service.gov.uk/Notice/082355-2026,2026-08-29T12:56:47.847609+00:00
FTS,ocds-h6vhtk-06eef1_082354-2026,UK1 - Pipeline Notice -715933488 IBES,"There is an enduring requirement for contracted labour and personnel support across aviation engineering, logistics information systems, airworthiness records, supply and enabling functions at RAF Odiham, RAF Benson and RNAS Yeovilton. The Authority are seeking a Contractor who shall provide suitably qualified and experienced personnel (SQEP) to supplement Service personnel and deliver the defined outputs where military capacity is constrained. This is an output-based personnel support requireme",Ministry of Defence,,37000000.0,GBP,2026-08-28,,planning,planned,,https://www.find-tender.service.gov.uk/Notice/082354-2026,2026-08-29T12:56:47.847615+00:00
FTS,ocds-h6vhtk-06eef0_082353-2026,Consultancy services to design Technology Operating Model and Roadmap,Consultancy services for a new Joint Technology Service between South Wales and Gwent Police.,Police and Crime Commissioner for South Wales,,,GBP,2026-08-28,,award,complete,,https://www.find-tender.service.gov.uk/Notice/082353-2026,2026-08-29T12:56:47.847618+00:00
FTS,ocds-h6vhtk-0506cd_082352-2026,WDC - Responsive repairs and Void maintenance,,,,,GBP,2026-08-28,,tenderCancellation,,,https://www.find-tender.service.gov.uk/Notice/082352-2026,2026-08-29T12:56:47.847622+00:00
FTS,ocds-h6vhtk-065685_082351-2026,Framework for the provision of Diving Services,"This award covers the provision of General Diving Services for United Utilities, for inland / inshore projects undertaking commercial diving operations in accordance with the Diving at Work Regulations 1997, the Approved Code of Practice for Commercial Diving Projects Inland/Inshore and any other applicable legislation.",United Utilities Water Limited,,,GBP,2026-08-28,,award,complete,,https://www.find-tender.service.gov.uk/Notice/082351-2026,2026-08-29T12:56:47.847626+00:00
FTS,ocds-h6vhtk-06eeef_082350-2026,SolarWinds Subscription and Loop1 Renewal,"The purchase of SolarWinds subscription which offers a observability solution designed to integrate data from across the IT ecosystem. In addition, the renewal of Loop1 training to assist users in utilising the SolarWinds solution.",Police and Crime Commissioner for Gwent,,,GBP,2026-08-28,,award,complete,,https://www.find-tender.service.gov.uk/Notice/082350-2026,2026-08-29T12:56:47.847630+00:00
FTS,ocds-h6vhtk-06eeee_082349-2026,Ventilation Verification,"Provision of specialist ventilation verification services for The Hillingdon Hospitals NHS Foundation Trust, including inspection, testing, verification and reporting of ventilation systems to support statutory and HTM compliance requirements.",The Hillingdon Hospitals NHS Foundation Trust,,,GBP,2026-08-28,,award,complete,71315410,https://www.find-tender.service.gov.uk/Notice/082349-2026,2026-08-29T12:56:47.847633+00:00
FTS,ocds-h6vhtk-06eeed_082348-2026,Smoking Cessation Service in SMEs,"This Procurement is being conducted in accordance with the Health Care Services (Provider Selection Regime) Regulations 2023 using the competitive process (regulations 6(7) & 11).
Smoking remains a leading cause of preventable illness and premature death. Employees in routine and manual occupations in Wolverhampton have a significantly higher smoking prevalence, compared to the general population.
The aim of this service is to support employees within SMEs in Wolverhampton to successfully quit s",Wolverhampton City Council,,,GBP,2026-08-28,2026-09-30,tender,active,,https://www.find-tender.service.gov.uk/Notice/082348-2026,2026-08-29T12:56:47.847638+00:00
FTS,ocds-h6vhtk-06eeec_082347-2026,SBSA CS  Integrated Transport Digital Twin bid  Preliminary Market Engagement (SBSA001 2026006),"Sussex & Brighton Strategic Authority (SBSA) has been pre-selected by Department for Transport (DfT) to apply for the Integrated Transport Digital Twin (ITDT) opportunity. 
SBSA was pre-selected for this opportunity through a national assessment process by DfT that identified authorities with the potential to generate transferable learning for the transport sector. DfT recognised SBSA’s strategic transport leadership role and its anticipated contribution to developing an integrated and connected",Sussex and Brighton Strategic Authority,,,GBP,2026-08-28,,planning,planning,,https://www.find-tender.service.gov.uk/Notice/082347-2026,2026-08-29T12:56:47.847642+00:00
FTS,ocds-h6vhtk-06eeeb_082346-2026,Client Transport Services 2026 - 2034 - SEND,"Client Transport Services 2026 - 2034 - SEND : BRIT School, Croydon
x 1 pupil
x saloon vehicle
Pupil lives in KT8 postcode area",Surrey County Council,,,GBP,2026-08-28,,award,complete,,https://www.find-tender.service.gov.uk/Notice/082346-2026,2026-08-29T12:56:47.847645+00:00
FTS,ocds-h6vhtk-06eeea_082345-2026,Framework to Provide Supply Agency Staff Services.,"HEART Academies Trust, supported by Value Match Services, intends to undertake preliminary market engagement in connection with the first reopening of the Framework to Provide Supply Agency Staff Services - ocds-h6vhtk-05abb2
The framework provides eligible education-sector contracting authorities with access to temporary, fixed-term and permanent teaching and non-teaching staff. It comprises the following lots:
Lot 1 - Direct Provision
Lot 2 - Master Vendor
Lot 3 - Neutral Vendor
The engagement",HEART ACADEMIES TRUST,,850000000.0,GBP,2026-08-28,,planningUpdate,planning,,https://www.find-tender.service.gov.uk/Notice/082345-2026,2026-08-29T12:56:47.847650+00:00
FTS,ocds-h6vhtk-051b40_082344-2026,LSL/DC/0202 - The Supply of Berets,"Team Leidos are proud to be delivering the logistics commodities and services transformation (LCS(T)) Delivery partner contracts (LCS (T)/0001 dated 16.4.2015) on behalf of the UK Ministry of Defence (the ‘Prime Contract’). Delivery of other parts of the LCS(T) contract are delivered by Leidos Europe Ltd (LEL) and other partners (together ‘Team Leidos’). This requirement is subject to the Public Procurement Regulations and respective advertising action.
In April 2015, the MOD signed a thirteen y","LEIDOS SUPPLY, LIMITED",,,GBP,2026-08-28,,award,complete,,https://www.find-tender.service.gov.uk/Notice/082344-2026,2026-08-29T12:56:47.847656+00:00
FTS,ocds-h6vhtk-05f4fb_082343-2026,Independent Travel Training,"Suffolk County Council has awarded a contract for an Independent Travel Training service.
Independent Travel Training is provided to members of the public who reside in Suffolk, to teach them how to use public transport safely and independently. The service is for clients with disabilities, mental health and learning needs. The clients gain a valuable life skill, which in turns aims to reduce the future demand on council transport services.
The advertised value here is £3,032,400 inclusive of VA",Suffolk County Council,,,GBP,2026-08-28,,award,complete,,https://www.find-tender.service.gov.uk/Notice/082343-2026,2026-08-29T12:56:47.847661+00:00
FTS,ocds-h6vhtk-06eeea_082342-2026,Framework to Provide Supply Agency Staff Services.,"HEART Academies Trust, supported by Value Match Services, intends to undertake preliminary market engagement in connection with the first reopening of the Framework to Provide Supply Agency Staff Services.
The framework provides eligible education-sector contracting authorities with access to temporary, fixed-term and permanent teaching and non-teaching staff. It comprises the following lots:
Lot 1 - Direct Provision
Lot 2 - Master Vendor
Lot 3 - Neutral Vendor
The engagement will provide suppli",HEART ACADEMIES TRUST,,850000000.0,GBP,2026-08-28,,planning,planning,,https://www.find-tender.service.gov.uk/Notice/082342-2026,2026-08-29T12:56:47.847665+00:00
FTS,ocds-h6vhtk-06eee9_082341-2026,Refurbishment of Maxwell 819,"The University of Salford is seeking to appoint a Contractor to deliver the refurbishment of room 819 in the Maxwell Building. The space has been designed to showcase accessibility options and will incorporate a range of technologies and access solutions.
For full tender information and to express an interest please visit our InTend portal via https://in-tendhost.co.uk/salford/aspx/Home.",University of Salford,,75000.0,GBP,2026-08-28,2026-09-18,tender,active,,https://www.find-tender.service.gov.uk/Notice/082341-2026,2026-08-29T12:56:47.847669+00:00
FTS,ocds-h6vhtk-06eee8_082340-2026,HCC - 08/26 - The Provision of Get Enterprising - The Hertfordshire Start Up Programme,"Hertfordshire County Council is currently out to procurement for the Provision of Get Enterprising - The Hertfordshire Start Up Programme.
Hertfordshire Futures is looking to commission a provider and delivery partner to deliver the Get Enterprising programme in Hertfordshire. 
Get Enterprising is a business support programme stimulating enterprise in the County, by providing assistance to entrepreneurs looking to start a business and providing ongoing support to early-stage businesses up to 5-y",Hertfordshire County Council,,1369500.0,GBP,2026-08-28,2026-10-02,tender,active,,https://www.find-tender.service.gov.uk/Notice/082340-2026,2026-08-29T12:56:47.847673+00:00
FTS,ocds-h6vhtk-06eee7_082339-2026,GEIC Tier 2 Membership Extension and Innovation Support Services,"Extension of Tier 2 Membership with the Graphene Engineering Innovation Centre (GEIC), University of Manchester.",NPL Management Limited,,,GBP,2026-08-28,,award,complete,,https://www.find-tender.service.gov.uk/Notice/082339-2026,2026-08-29T12:56:47.847678+00:00
FTS,ocds-h6vhtk-06eee6_082338-2026,Client Transport Services 2026 - 2034 - SEND,"Client Transport Services 2026 - 2034 - SEND : Strodes College (Egham)
X1 Pupil (Ashford) (May have collapsible W/Chair)
NO PA
X1 Saloon (Must have a boot big enough for collapsable wheelchair if required)",Surrey County Council,,,GBP,2026-08-28,,award,complete,,https://www.find-tender.service.gov.uk/Notice/082338-2026,2026-08-29T12:56:47.847682+00:00
FTS,ocds-h6vhtk-06e66b_082337-2026,Devon Pension Fund Independent Person,"Devon County Council needs to appoint an Independent Person for the Devon Pension Fund. The Devon Pension Fund is £6.8 billion fund, with over 270 employers paying into the fund and over 100,000 members of the Pension Scheme (contributors, pensioners and deferred pensioners). The fund is managed by Devon County Council, who act as the administering authority, in accordance with regulations approved by Parliament. The Independent Person will provide independent advice and support to the Investmen",Devon County Council,,,GBP,2026-08-28,,award,complete,,https://www.find-tender.service.gov.uk/Notice/082337-2026,2026-08-29T12:56:47.847687+00:00
FTS,ocds-h6vhtk-06eee5_082336-2026,Recruitment Campaign,Recruitment campaign and media advertising.,North Somerset Council,,,GBP,2026-08-28,,award,complete,,https://www.find-tender.service.gov.uk/Notice/082336-2026,2026-08-29T12:56:47.847690+00:00
FTS,ocds-h6vhtk-06eee4_082335-2026,NGH - Children's Garden,"Scope: Refurbish existing outdoor courtyard to create a new Children's Outdoor
Play Area & Garden as described on the project drawings.
Access: As shown on latest revision of drawing H7539-EXI-XX-00-DR-A-0101.
Relevant factors affecting the work: Access to the site is through a live hospital
environment. All access for movement of materials (including but not limited to
deliveries and removal of debris/spoil) shall take place before 08:00 or after 16:30
and shall be coordinated with the Trust in",Northampton General Hospital NHS Trust,,400000.0,GBP,2026-08-28,2026-09-25,tender,active,,https://www.find-tender.service.gov.uk/Notice/082335-2026,2026-08-29T12:56:47.847694+00:00
FTS,ocds-h6vhtk-06eee3_082334-2026,Nuffield Hospital - MTW ISP Sub-contract 2026-2027,"Maidstone & Tunbridge Wells NHS Trust continues to act as the Prime Provider as contracted by the Integrated Care Board, Kent and Medway (""ICBKM"").  In order to deliver Patient Choice as defined in the NHS Choice Framework and care within the 18 week RTT pathway the Head Provider will partner with the Independent Healthcare Sector.",MAIDSTONE AND TUNBRIDGE WELLS NHS TRUST,,,GBP,2026-08-28,,award,complete,85111100,https://www.find-tender.service.gov.uk/Notice/082334-2026,2026-08-29T12:56:47.847699+00:00
FTS,ocds-h6vhtk-06eee1_082333-2026,"Design, Supply and Delivery of Membrane Aerated Biofilm Reactor (MABR) systems","Severn Trent Water (STW) is undertaking a market engagement exercise to inform a future procurement for the design, assembly, supply, delivery and co-commissioning of Membrane Aerated Biofilm Reactor (MABR) systems across approximately 13 wastewater treatment sites. This exercise will inform procurement strategy, scope development and market understanding.
Core scope includes design support, manufacture, supply, delivery and co-commissioning of MABR systems. STW is also exploring whether supplie",SEVERN TRENT WATER LIMITED,,,GBP,2026-08-28,,planningUpdate,planning,,https://www.find-tender.service.gov.uk/Notice/082333-2026,2026-08-29T12:56:47.847703+00:00
FTS,ocds-h6vhtk-06eee2_082332-2026,Veeam Data Platform Subscription Licence,The purchase of a subscription licence for Veeam Data Platform which enables the protection and recovery of data across various environments.,Police and Crime Commissioner for Gwent,,,GBP,2026-08-28,,award,complete,,https://www.find-tender.service.gov.uk/Notice/082332-2026,2026-08-29T12:56:47.847707+00:00
FTS,ocds-h6vhtk-06eee1_082330-2026,"Design, Supply and Delivery of Membrane Aerated Biofilm Reactor (MABR) systems","Severn Trent Water (STW) is undertaking a market engagement exercise to inform a future procurement for the design, assembly, supply, delivery and co-commissioning of Membrane Aerated Biofilm Reactor (MABR) systems across approximately 13 wastewater treatment sites. This exercise will inform procurement strategy, scope development and market understanding.
Core scope includes design support, manufacture, supply, delivery and co-commissioning of MABR systems. STW is also exploring whether supplie",SEVERN TRENT WATER LIMITED,,,GBP,2026-08-28,,planning,planning,,https://www.find-tender.service.gov.uk/Notice/082330-2026,2026-08-29T12:56:47.847711+00:00
FTS,ocds-h6vhtk-06eee0_082329-2026,CPU 8465 - Property Auction Services,"The Authority is seeking to procure a panel of auctioneers to support the disposal of a diverse portfolio of surplus property assets over the 2026/27 and 2027/28 financial years, and possibly beyond.
The objective is to secure a flexible, multi supplier arrangement that maximises market exposure, supports achievement of best consideration in accordance with statutory requirements, and ensures value for money through competitive and appropriately targeted marketing strategies.",Nottingham City Council,,300000.0,GBP,2026-08-28,2026-09-28,tender,active,,https://www.find-tender.service.gov.uk/Notice/082329-2026,2026-08-29T12:56:47.847715+00:00
FTS,ocds-h6vhtk-06eedf_082328-2026,Develop an Inland Rock and Scree GIS layer,"Natural England is seeking a contractor with expertise in GIS, Earth Observation, habitat mapping and biodiversity analysis to create England-wide inland rock and scree habitat maps, using existing aerial imagery, geological, topographical and botanical datasets. The work is entirely desk-based, with no fieldwork required, and must be completed by February 2027. Deliverables include GIS datasets, metadata, technical reporting and supporting code where applicable, with outputs suitable for public",Natural England,,41667.0,GBP,2026-08-28,2026-09-14,tenderUpdate,active,,https://www.find-tender.service.gov.uk/Notice/082328-2026,2026-08-29T12:56:47.847718+00:00
FTS,ocds-h6vhtk-06eedf_082327-2026,chris.brough@naturalengland.org.uk,"Natural England is seeking a contractor with expertise in GIS, Earth Observation, habitat mapping and biodiversity analysis to create England-wide inland rock and scree habitat maps, using existing aerial imagery, geological, topographical and botanical datasets. The work is entirely desk-based, with no fieldwork required, and must be completed by February 2027. Deliverables include GIS datasets, metadata, technical reporting and supporting code where applicable, with outputs suitable for public",Natural England,,41667.0,GBP,2026-08-28,2026-09-14,tender,active,,https://www.find-tender.service.gov.uk/Notice/082327-2026,2026-08-29T12:56:47.847722+00:00
FTS,ocds-h6vhtk-06ee08_082326-2026,prj_16438 - Legal Publications Framework Agreement 2027,"The Ministry of Justice (MoJ), on behalf of the Judicial Office and the Judicial Library and Information Service (jLIS), is currently exploring the future provision of legal publications, and invites the market to participate in preliminary market engagement prior to any procurement process.
The services being considered include those currently provided under the current Legal Publications Framework Agreement, including the supply of printed legal books, journals, subscriptions, and eBooks to su",Ministry of Justice,,26000000.0,GBP,2026-08-28,,planning,planned,,https://www.find-tender.service.gov.uk/Notice/082326-2026,2026-08-29T12:56:47.847726+00:00
FTS,ocds-h6vhtk-06eede_082325-2026,LEG T212 Quarry Hill UPS Replacement,"The requirement is for a complete replacement UPS solution at Quarry Hill, Leeds LS2 7BS, including the safe disconnection and removal of the current failed UPS platform and its associated batteries, followed by supply, delivery, positioning, installation, commissioning and testing of the replacement system.",Luminate Education Group,,36500.0,GBP,2026-08-28,2026-09-25,tender,active,,https://www.find-tender.service.gov.uk/Notice/082325-2026,2026-08-29T12:56:47.847730+00:00
FTS,ocds-h6vhtk-06eedd_082324-2026,INVITATION TO QUOTE FOR Exclusive rights to publish College Endorsed Manuals for the National Police Promotions Framework Step Two Legal Examinations (Sergeant and Inspector) and the National Investigators' Examination,"Description You are invited by the College of Policing to quote for the provision of exclusive rights to publish College Endorsed Manuals for the National Police Promotions Framework Step Two Legal Examinations (Sergeant and Inspector) and the National Investigators' Examination detailed in the attached brief documentation. Your quotation must be received by Monday 21st September 2026, 16:00hrs. It is the responsibility of all suppliers to ensure that their quotation response is received no late",COLLEGE OF POLICING LIMITED,,0.0,GBP,2026-08-28,2026-09-21,tender,active,,https://www.find-tender.service.gov.uk/Notice/082324-2026,2026-08-29T12:56:47.847733+00:00
FTS,ocds-h6vhtk-06eedc_082323-2026,Funding Proposal Support and Review Services Framework (LSHW.008.2026),"Life Sciences Hub Wales seeks to procure and implement a Framework Agreement for the provision of Funding Proposal Support and Review Services.
The intention is to procure a multi-supplier framework to provide ad-hoc bid writing and funding review and support services to Life Sciences Hub Wales as and when may be required.
The successful suppliers will act as an extension to the internal Life Sciences Hub Wales Funding Support team, providing additional support, capacity, resilience and expertis",Life Sciences Hub Wales Limited,,150000.0,GBP,2026-08-28,2026-09-25,tender,active,,https://www.find-tender.service.gov.uk/Notice/082323-2026,2026-08-29T12:56:47.847738+00:00
FTS,ocds-h6vhtk-06eedb_082322-2026,Tailored Learning Contract 2026-2027,Provide delivery of Adult Skills fund Community Learning courses - DWP funding,Somerset Council,,,GBP,2026-08-28,,award,complete,,https://www.find-tender.service.gov.uk/Notice/082322-2026,2026-08-29T12:56:47.847742+00:00
FTS,ocds-h6vhtk-06eed9_082321-2026,PAS 2038 Commercial Retrofit Assessments,"Milton Keynes City Council are currently out to tender for the provision of PAS 2038 Commercial Retrofit Assessments on 10 Council Owned Buildings. 
Suppliers that would like to take part in this tender process are invited to ""Express Interest"" upon which they will be given access to the full tender documentation through this e-tendering system. 
Suppliers will be notified by email, and the tender documents can be accessed from the “My Tenders” area of this website by selecting the “View Details",Milton Keynes City Council,,40000.0,GBP,2026-08-28,2026-09-18,tenderUpdate,active,,https://www.find-tender.service.gov.uk/Notice/082321-2026,2026-08-29T12:56:47.847746+00:00
FTS,ocds-h6vhtk-06eec3_082320-2026,Future Cash Systems - Cash Processing & CViT Transport (Track & Trace),"O V E R V I E W 
Post Office Limited (POL) is preparing for the replacement and improvement of its Cash Processing & CViT Transport (Track & Trace) System. This is the system that manages and facilitates the logistics of physical cash across its 11,500+ branches and other customers across the UK.
S E R V I C E   S U M M A R Y
A highly specialised, business-critical cash management system used in POL's cash centres and Cash & Valuables in Transit (CViT) depots (as opposed to POL branches) support",Post Office Limited,,,GBP,2026-08-28,,planning,planned,,https://www.find-tender.service.gov.uk/Notice/082320-2026,2026-08-29T12:56:47.847749+00:00
FTS,ocds-h6vhtk-0597a6_082319-2026,Provision of Insourced and Outsourced Clinical Services Framework (Framework Reopening),"The aim of this Framework is to provide Relevant Authorities with fully compliant solutions which supplement the delivery of patient care by Relevant Authorities in line with the NHS' core Key Performance Indicators and standards.
The Framework has two Lots.
Lot 1 Insourced Clinical Services
Lot 2 Outsourced Clinical Services
Insourced Services are clinical services which are delivered on the premises of the contracting Relevant Authority and may use that organisation's equipment.
Outsourced Ser",COUNTESS OF CHESTER HOSPITAL NHS FOUNDATION TRUST,,,GBP,2026-08-28,,tenderUpdate,,85111000,https://www.find-tender.service.gov.uk/Notice/082319-2026,2026-08-29T12:56:47.847753+00:00
FTS,ocds-h6vhtk-06eeda_082318-2026,SWL Acute St Georges University Hospitals NHS Foundation Trust 24/27,,NHS SOUTH WEST LONDON INTEGRATED CARE BOARD,,,GBP,2026-08-28,,awardUpdate,,85110000,https://www.find-tender.service.gov.uk/Notice/082318-2026,2026-08-29T12:56:47.847756+00:00
FTS,ocds-h6vhtk-06eed9_082317-2026,PAS 2038 Commercial Retrofit Assessments,"Milton Keynes City Council are currently out to tender for the provision of PAS 2038 Commercial Retrofit Assessments on 10 Council Owned Buildings. 
Suppliers that would like to take part in this tender process are invited to ""Express Interest"" upon which they will be given access to the full tender documentation through this e-tendering system. 
Suppliers will be notified by email, and the tender documents can be accessed from the “My Tenders” area of this website by selecting the “View Details",Milton Keynes City Council,,40000.0,GBP,2026-08-28,2026-09-18,tender,active,,https://www.find-tender.service.gov.uk/Notice/082317-2026,2026-08-29T12:56:47.847760+00:00
FTS,ocds-h6vhtk-06eed8_082316-2026,Acute SWL Epsom & St Helier University Hospital NHS Trust 24/27,,NHS SOUTH WEST LONDON INTEGRATED CARE BOARD,,,GBP,2026-08-28,,awardUpdate,,85110000,https://www.find-tender.service.gov.uk/Notice/082316-2026,2026-08-29T12:56:47.847764+00:00
FTS,ocds-h6vhtk-06c6d8_082315-2026,SWL Acute Croydon Health Services NHS Trust 24/27,,NHS SOUTH WEST LONDON INTEGRATED CARE BOARD,,,GBP,2026-08-28,,awardUpdate,,85110000,https://www.find-tender.service.gov.uk/Notice/082315-2026,2026-08-29T12:56:47.847768+00:00
FTS,ocds-h6vhtk-06eed7_082314-2026,AI and automation apprenticeship,AI and automation practitioner level 4 apprenticeship x2,North Somerset Council,,,GBP,2026-08-28,,award,complete,,https://www.find-tender.service.gov.uk/Notice/082314-2026,2026-08-29T12:56:47.847772+00:00
FTS,ocds-h6vhtk-06eed6_082313-2026,SWL Acute Kingston & Richmond NHS Foundation Trust 24/27,,NHS SOUTH WEST LONDON INTEGRATED CARE BOARD,,,GBP,2026-08-28,,awardUpdate,,85110000,https://www.find-tender.service.gov.uk/Notice/082313-2026,2026-08-29T12:56:47.847776+00:00
FTS,ocds-h6vhtk-06a93c_082312-2026,Anchorage A-Frames Replacement Scheme,The Humber Bridge Board is conducting this procurement to appoint a suitable Contractor to undertake the design and construction of the replacement for the existing A-frames rocker bearings on the Hessle and Barton Anchorages of the Humber Bridge.The Scheme will involve developing the conceptual design provided for the scheme into a detailed design to replace the existing Barton and Hessle anchorage A-Frames with a pair of vertically orientated pendels and a wind shoe that facilitates all curren,Humber Bridge Board,,,GBP,2026-08-28,,award,complete,,https://www.find-tender.service.gov.uk/Notice/082312-2026,2026-08-29T12:56:47.847780+00:00
FTS,ocds-h6vhtk-02fa00_082311-2026,HD010-25 Burgess Street Car Park,"Works included full construction of the Burgess Street car park, which include the pavement, drainage, kerbing and road signing and lining.",North East Lincolnshire Borough Council,,,GBP,2026-08-28,,award,complete,45000000,https://www.find-tender.service.gov.uk/Notice/082311-2026,2026-08-29T12:56:47.847783+00:00
FTS,ocds-h6vhtk-06eed5_082310-2026,Laundry Equipment Repair and Maintenance 26/27,Industrial Laundry Equipment Repair and Maintenance Services,University Hospitals Sussex NHS Foundation Trust,,1500000.0,GBP,2026-08-28,2026-11-09,planning,planned,,https://www.find-tender.service.gov.uk/Notice/082310-2026,2026-08-29T12:56:47.847788+00:00
FTS,ocds-h6vhtk-06eed4_082309-2026,Highways and Footpaths Surface Dressing,"Wakefield Council is preparing to establish an Open Framework for Surface Dressing of highways and footpaths. The Services will consist of the provision of labour, plant, materials and traffic management to carry out Surface Dressing of Footways and Carriageways within the administrative areas of the members of the Yorkshire Highway Alliance plus any other Local Authority (as defined in the Local Government Act 1972) within the Yorkshire and Humber Region and wholly owned and controlled subsidia",The Council of the City of Wakefield,,200000000.0,GBP,2026-08-28,,planning,planning,,https://www.find-tender.service.gov.uk/Notice/082309-2026,2026-08-29T12:56:47.847792+00:00
FTS,ocds-h6vhtk-06eed3_082308-2026,Grounds Maintenance,Telscombe Town Council is seeking a contractor to provide grounds maintenance at Chatsworth Park and other sites in Telscombe Cliffs and East Saltdean for a 3 year term commencing on 1st April 2027.,Telscombe Town Council,,18000.0,GBP,2026-08-28,2026-10-16,tender,active,,https://www.find-tender.service.gov.uk/Notice/082308-2026,2026-08-29T12:56:47.847796+00:00
FTS,ocds-h6vhtk-06eed2_082307-2026,Generic Drugs - Injections/Infusions,This is a contract for the provision of Generic Injections/Infusions Drugs ,NHS Wales Shared Services Partnership-Procurement Services (hosted by Velindre University NHS Trust),,39600000.0,GBP,2026-08-28,,planning,planning,,https://www.find-tender.service.gov.uk/Notice/082307-2026,2026-08-29T12:56:47.847799+00:00
FTS,ocds-h6vhtk-058b0c_082306-2026,Conway Gardens,"The council wish to invite tenders for the provision of Refurbishment of existing independent living residential facility and associated external improvements at Conway Gardens, Retford, Nottinghamshire, DN22 7YY",Bassetlaw District Council,,,GBP,2026-08-28,,award,complete,,https://www.find-tender.service.gov.uk/Notice/082306-2026,2026-08-29T12:56:47.847804+00:00
FTS,ocds-h6vhtk-06eed1_082305-2026,Consultancy services to design Technology Operating Model and Roadmap,Consultancy services for a new Joint Technology Service between South Wales and Gwent Police.,Police and Crime Commissioner for Gwent,,,GBP,2026-08-28,,award,complete,,https://www.find-tender.service.gov.uk/Notice/082305-2026,2026-08-29T12:56:47.847807+00:00
FTS,ocds-h6vhtk-06eed0_082304-2026,KIMS Hospital - MTW ISP Sub-contract 2026-2027,"Maidstone & Tunbridge Wells NHS Trust continues to act as the Prime Provider as contracted by the Integrated Care Board, Kent and Medway (""ICBKM"").  In order to deliver Patient Choice as defined in the NHS Choice Framework and care within the 18 week RTT pathway the Head Provider will partner with the Independent Healthcare Sector.",MAIDSTONE AND TUNBRIDGE WELLS NHS TRUST,,,GBP,2026-08-28,,award,complete,85111100,https://www.find-tender.service.gov.uk/Notice/082304-2026,2026-08-29T12:56:47.847811+00:00
FTS,ocds-h6vhtk-06a349_082303-2026,Market Engagement Event Homecare Services for Adult Social Care and Children and Young People with Disabilities,"The Council requires the provision of Homecare Services for Adult Social Care and Children and Young People with Disabilities. 
A procurement will be undertaken to establish both a new Lead Provider contract and a Framework contract of providers. The Lead Provider contracts will be let on a neighbourhood basis to mirror the five integrated neighbourhood areas. 
The neighbourhoods are as follows: 
Harlesden
Kilburn 
Kingsbury and Kenton 
Wembley 
Willesden 
It is envisaged there will be 4 or 5 le",London Borough of Brent,,90000000.0,GBP,2026-08-28,,planning,planned,,https://www.find-tender.service.gov.uk/Notice/082303-2026,2026-08-29T12:56:47.847815+00:00
FTS,ocds-h6vhtk-06eecf_082302-2026,Installation of Festoon Lighting along Southend Pier,"To install 1900m of festoon lighting and catenary wire with controls along Southend Pier
£39,346.03",Southend-on-Sea City Council,,,GBP,2026-08-28,,award,complete,,https://www.find-tender.service.gov.uk/Notice/082302-2026,2026-08-29T12:56:47.847819+00:00
FTS,ocds-h6vhtk-06ac7c_082301-2026,Legionella and Water Monitoring Services 2026,A service contract for legionella monitoring services on the WMFRA estate.,West Midlands Fire and Rescue Authority,,,GBP,2026-08-28,,award,complete,,https://www.find-tender.service.gov.uk/Notice/082301-2026,2026-08-29T12:56:47.847823+00:00
FTS,ocds-h6vhtk-06eece_082300-2026,Tailored Learning Contract 2026-2027,Provide delivery of Adult Skills fund Community Learning courses - DWP funding,Somerset Council,,,GBP,2026-08-28,,award,complete,,https://www.find-tender.service.gov.uk/Notice/082300-2026,2026-08-29T12:56:47.847826+00:00
FTS,ocds-h6vhtk-06ecc9_082299-2026,Reagents for Immunohistochemistry,Provision of  reagents for the Immunohistochemistry service within Cellular Pathology.,Swansea Bay University Health Board,,,GBP,2026-08-28,,awardUpdate,complete,,https://www.find-tender.service.gov.uk/Notice/082299-2026,2026-08-29T12:56:47.847830+00:00
FTS,ocds-h6vhtk-0597a6_082298-2026,Provision of Insourced and Outsourced Clinical Services Framework (Framework Reopening),"The aim of this Framework is to provide Relevant Authorities with fully compliant solutions which supplement the delivery of patient care by Relevant Authorities in line with the NHS' core Key Performance Indicators and standards.
The Framework has two Lots.
Lot 1 Insourced Clinical Services
Lot 2 Outsourced Clinical Services
Insourced Services are clinical services which are delivered on the premises of the contracting Relevant Authority and may use that organisation's equipment.
Outsourced Ser",COUNTESS OF CHESTER HOSPITAL NHS FOUNDATION TRUST,,,GBP,2026-08-28,,tenderUpdate,,85111000,https://www.find-tender.service.gov.uk/Notice/082298-2026,2026-08-29T12:56:47.847833+00:00
FTS,ocds-h6vhtk-06eecd_082297-2026,Pre-engagement for MRI Scanning Services for Herefordshire and Worcestershire Health and Care NHS Trust (HWHCT) Worcestershire Patients,"Herefordshire & Worcestershire Health and Care NHS Trust (""the Trust"") is undertaking a preliminary market engagement exercise in accordance with the Health Care Services (Provider Selection Regime) Regulations 2023.
The Trust is considering future arrangements for the provision of a Direct Access MRI Service for patients referred primarily from the Herefordshire and Worcestershire Musculoskeletal (MSK) Service.
A draft service specification is enclosed for review.
The purpose of this questionna",Herefordshire and Worcestershire Health & Care NHS Trust,,2580000.0,GBP,2026-08-28,,planning,planning,,https://www.find-tender.service.gov.uk/Notice/082297-2026,2026-08-29T12:56:47.847837+00:00
FTS,ocds-h6vhtk-06eecc_082296-2026,Central Park (Boston) Footpath Resurfacing Works 2026,"Boston Borough Council is seeking tenders from suitably qualified contractors for the repair and resurfacing of footpaths throughout Central Park & Skatepark, 8 Thorold Street, Boston. PE21 6PH.Lincolnshire. 
The successful contractor will be required to deliver high-quality works that provide a durable, safe and aesthetically appropriate finish, ensuring the continued enjoyment of the park by residents and visitors. 
Works must be undertaken with due consideration to public safety and with mini",Boston Borough Council,,200000.0,GBP,2026-08-28,2026-09-18,tender,active,,https://www.find-tender.service.gov.uk/Notice/082296-2026,2026-08-29T12:56:47.847841+00:00
FTS,ocds-h6vhtk-0597a6_082295-2026,Provision of Insourced and Outsourced Clinical Services Framework (Framework Reopening),"The aim of this Framework is to provide Relevant Authorities with fully compliant solutions which supplement the delivery of patient care by Relevant Authorities in line with the NHS' core Key Performance Indicators and standards.
The Framework has two Lots.
Lot 1 Insourced Clinical Services
Lot 2 Outsourced Clinical Services
Insourced Services are clinical services which are delivered on the premises of the contracting Relevant Authority and may use that organisation's equipment.
Outsourced Ser",COUNTESS OF CHESTER HOSPITAL NHS FOUNDATION TRUST,,,GBP,2026-08-28,,tenderUpdate,,85111000,https://www.find-tender.service.gov.uk/Notice/082295-2026,2026-08-29T12:56:47.847845+00:00
FTS,ocds-h6vhtk-06eecb_082294-2026,T.2026.35_Solar Panels at Pathfinder House,"Huntingdonshire District Council (HDC) is letting a contract for the provision of Roof mounted solar to be installed at HDC's head office, Pathfinder House. This will include the supply and installation of the solar panels as well as the connectivity and ability to view energy production on either Solar Edge or SolisCloud.",Huntingdonshire District Council,,70000.0,GBP,2026-08-28,2026-09-29,tender,active,,https://www.find-tender.service.gov.uk/Notice/082294-2026,2026-08-29T12:56:47.847848+00:00
FTS,ocds-h6vhtk-06eeca_082293-2026,PRE00406_Internal Audit Services,"Pool Re is seeking to appoint a single (1) Tenderer for the provision of Internal Audit Services.
For more information about this opportunity, please visit the eSourcing portal at: 
https://poolre.delta-esourcing.com/tenders/UK-UK-London:-Internal-audit-services./SND65TRWNX
To respond to this opportunity, please click here: 
https://poolre.delta-esourcing.com/respond/SND65TRWNX",Pool Re Services Limited,,1.0,GBP,2026-08-28,,tender,active,,https://www.find-tender.service.gov.uk/Notice/082293-2026,2026-08-29T12:56:47.847852+00:00
FTS,ocds-h6vhtk-06ec56_082292-2026,School Mentoring for resettled refugee families,"The programme seeks to address these challenges through a structured and holistic model of support centred around a dedicated one-to-one mentoring offer. This approach enables families to build confidence, develop their understanding of the education system, and engage more actively in their children’s learning. Delivery will be guided by trauma-informed principles, ensuring that support is sensitive to past experiences and promotes stability, trust and wellbeing for both parents and children.",Oxford City Council,,,GBP,2026-08-28,,awardUpdate,complete,,https://www.find-tender.service.gov.uk/Notice/082292-2026,2026-08-29T12:56:47.847856+00:00
FTS,ocds-h6vhtk-06eddd_082291-2026,Data Science Consultancy Services,Provision of Data Science Consultancy Services,Financial Conduct Authority,,,GBP,2026-08-28,,award,complete,,https://www.find-tender.service.gov.uk/Notice/082291-2026,2026-08-29T12:56:47.847859+00:00
Contracts Finder,ocds-b5fd17-d2435ff5-f177-48b2-a030-685e87285f36_ba35e935-d074-488b-8764-cb8071c51a98-912516,CA18374 - Kirklees College - Vending Machines,"Kirklees College - Vending Machines across all 7 sites. 

To access this competition: 

Registered:
Login to https://suppliers.multiquote.com and view the opportunity CA18374.

Not registered:
Visit https://suppliers.multiquote.com then register and quote CA18374 as the reason for registration. 

 Any queries please contact MultiQuote on 020 3920 8054.",Kirklees College,,10000.0,GBP,2026-08-28,2026-10-05,tender,active,15894500,https://www.contractsfinder.service.gov.uk/Notice/ba35e935-d074-488b-8764-cb8071c51a98,2026-08-29T12:56:51.201592+00:00
Contracts Finder,ocds-b5fd17-7ca10681-12f2-476e-93c5-018597ad2650_05ffae35-3b52-4b2b-b96c-c6e01badd087-912515,"QOC937 2026-08-25 (0900) Beccles - Bure Park Specialist Academy, Great Yarmouth (4 seats) - AWARD","Suffolk County Council is seeking a mini competition against the following Dynamic Purchasing System: `The supply of Passenger Transport Services`, OJEU Notice Id: 2018/S 031-067685.
      
      QOC937 2026-08-25 (0900) Beccles - Bure Park Specialist Academy, Great Yarmouth (4 seats)
      
      Further details can be found in the 'Tenders / My Tenders' area of this website, by selecting the 'View Details' button for this project.
      
      The deadline for returned submissions is 090",Suffolk County Council Passenger Transport,,,GBP,2026-08-28,2026-08-25,award,complete,60000000,https://www.contractsfinder.service.gov.uk/Notice/05ffae35-3b52-4b2b-b96c-c6e01badd087-912515,2026-08-29T12:56:51.201821+00:00
Contracts Finder,ocds-b5fd17-6176f4a6-96f7-4055-b1c2-7d2528a56e7b_3206e73e-e099-4fca-a52f-8b50ca935551-912514,EPR Delivery Partner - Benefits Realisation Services,"The Contracting Authority has a new requirement for Benefits Realisation Service to support the
implementation delivery of an Electronic Patient Record (EPR). The contact duration is 2 months with no options to extend. The contract value on this notice is for the full duration. This is a call-off contract awarded via the Government Commercial Agency G-Cloud-14 Framework Lot 3 Cloud Support.",United Lincolnshire Teaching Hospitals NHS Trust,,31240.0,GBP,2026-08-28,2026-07-01,award,complete,72000000,https://www.contractsfinder.service.gov.uk/Notice/3206e73e-e099-4fca-a52f-8b50ca935551-912514,2026-08-29T12:56:51.202004+00:00
Contracts Finder,ocds-b5fd17-5242b8de-ea34-40dc-930f-8c593a05e574_cd0fd146-5bae-48cf-becd-ae43a0644b47-912513,EPR Delivery Partner - Testing Delivery and Assurance Services,"The Contracting Authority has a continuing requirement for Testing Delivery and Assurance
services to support the implementation delivery of an Electronic Patient Record (EPR).
The contract duration is 16 months with no options to extend. The contract value on this notice is for the full duration. This is a call-off contract via the Government Commercial Agency G-Cloud Framework Lot 3 - Cloud Support",United Lincolnshire Teaching Hospitals NHS Trust,,326502.3,GBP,2026-08-28,2026-07-01,award,complete,72000000,https://www.contractsfinder.service.gov.uk/Notice/cd0fd146-5bae-48cf-becd-ae43a0644b47-912513,2026-08-29T12:56:51.202187+00:00
Contracts Finder,ocds-b5fd17-7d8cc0ec-773a-4e69-a697-4d8957e2d4b4_425ab302-3f52-4da5-b0a0-e4a763a7839f-912512,E20017 - Nags Heag Hill - Air Balloon Road Drainage Correction Work,"Resurfacing of the footway and areas of the carriageway, and relaying of kerbs and tactile paving to alter levels for improved drainage. In the case of Nags Head Hill, there is also an introduction of a channel in the footway, and a temporary relocation of the existing traffic signals will be required. In the case of Air Balloon Road, there is the introduction of two new gulleys, a new manhole, and a new catchpit to tie into existing drainage.

Direct award via Lot 5 Highways Civil Engineering",Bristol City Council,,35251.88,GBP,2026-08-28,2026-05-29,award,complete,45220000,https://www.contractsfinder.service.gov.uk/Notice/425ab302-3f52-4da5-b0a0-e4a763a7839f-912512,2026-08-29T12:56:51.202363+00:00
Contracts Finder,ocds-b5fd17-7e173943-0209-4866-93ea-c3e611f1b8eb_6a5a8511-0ba1-4fdb-b616-58ed6c723265-912511,"QBH179 2026-08-25 (0900) Winston to Castle East School, Bungay (4 seats) - AWARD","Suffolk County Council is seeking a mini competition against the following Dynamic Purchasing System: `The supply of Passenger Transport Services`, OJEU Notice Id: 2018/S 031-067685.
      
      QBH179 2026-08-25 (0900) Winston to Castle East School, Bungay (4 seats)
      
      Further details can be found in the 'Tenders / My Tenders' area of this website, by selecting the 'View Details' button for this project.
      
      The deadline for returned submissions is 0900 on 25/08/2026. ",Suffolk County Council Passenger Transport,,,GBP,2026-08-28,2026-08-25,awardUpdate,complete,60000000,https://www.contractsfinder.service.gov.uk/Notice/6a5a8511-0ba1-4fdb-b616-58ed6c723265-912511,2026-08-29T12:56:51.202542+00:00
Contracts Finder,ocds-b5fd17-c8b011dd-bfaf-4a3b-8cef-51a5e5dc1190_b903492a-f0a7-4eed-8caf-b67eecf22a74-912509,RA360101 - CONSTRUCTION OF NEW OFFICE SPACE,Bidders are required to read in full the specification document. Bidders are required to upload a proposal/quote covering the requirement as outlined in the specification. Quotes that fail to satisfy the Trust that the requirement can be carried out sufficiently may be rejected. All proposals must include a proposed start date and completion date based on an anticipated award date of 14th September. This exercise is issued under NHS Ts&Cs - https://nwssp.nhs.wales/ourservices/procurement-service,Betsi Cadwaladr University Health Board,,,GBP,2026-08-28,2026-09-11,tender,active,45300000,https://www.contractsfinder.service.gov.uk/Notice/b903492a-f0a7-4eed-8caf-b67eecf22a74,2026-08-29T12:56:51.202720+00:00
Contracts Finder,ocds-b5fd17-6083ef6d-0a21-4407-a444-1bfdf9360140_3bf29b93-2324-427c-bffe-c8c2810dea04-912508,ORT0173 CCTV RIS 3 Telent,"Supply of CCTV cameras, for specification SE2625, to support the RIS 3 renewals programme",National Highways Limited,,10019219.77,GBP,2026-08-28,2025-02-17,awardUpdate,complete,32234000,https://www.contractsfinder.service.gov.uk/Notice/3bf29b93-2324-427c-bffe-c8c2810dea04-912508,2026-08-29T12:56:51.202914+00:00
Contracts Finder,ocds-b5fd17-16130349-afd8-4a0a-bc2c-dcd28ebd81ac_72ac38b0-fc85-4b6a-b214-efd6e53b9321-912506,Hillingdon PS HQ - M&E Works,"The works comprise of two works packages: replacement of the boiler plant and replacement of the mains LV switchboard. The boiler works are to strip out
the existing boilers, flues, pipework and redundant oil tank and replace with four new gas boilers complete with new gas and LTHW pipework, a plate heat
exchanger, pressurisation units, air and dirt separators flues, and a temporary boiler to maintain heating during the works, along with all associated electrical,
controls/BMS, and builders w",METROPOLITAN POLICE SERVICE,,710527.65,GBP,2026-08-28,2026-07-27,award,complete,45000000,https://www.contractsfinder.service.gov.uk/Notice/72ac38b0-fc85-4b6a-b214-efd6e53b9321-912506,2026-08-29T12:56:51.203088+00:00
Contracts Finder,ocds-b5fd17-b121134c-1e16-4a21-acd2-2746f4a6e2f7_3daf36b8-0728-4f81-97b7-f41c9771f32b-912507,ORT0173 CCTV RIS 3 SWARCO,"CCTV camera procurement, of the SE2625 camera specification to support the RIS 3 renewals programme",National Highways Limited,,8279998.9,GBP,2026-08-28,2025-02-17,awardUpdate,complete,32234000,https://www.contractsfinder.service.gov.uk/Notice/3daf36b8-0728-4f81-97b7-f41c9771f32b-912507,2026-08-29T12:56:51.203257+00:00
Contracts Finder,ocds-b5fd17-5edb3b34-46d6-472d-a2ad-5ff332b6a605_4605d92b-2dd7-4468-a64d-f1129d24cf52-912503,IA3213 Staffordshire Children and Young People's Flexible Framework Contract Awards,"Staffordshire County Council has engaged Suppliers who deliver support to Children and Young People in their Education Settings and in their communities, throughout the eight districts of Staffordshire: Cannock, East Staffordshire, Tamworth, Lichfield, South Staffordshire, Stafford, Newcastle-under-Lyme, and Staffordshire Moorlands. Provision will be aligned to the Council's priority outcomes and commissioning priorities and the Framework includes 3 Lots;
Lot 1. Targeted Intervention Programmes",Staffordshire County Council,,67316.94,GBP,2026-08-28,2024-03-11,award,complete,80000000,https://www.contractsfinder.service.gov.uk/Notice/4605d92b-2dd7-4468-a64d-f1129d24cf52-912503,2026-08-29T12:56:51.203428+00:00
Contracts Finder,ocds-b5fd17-5cf6b5bb-63d4-4984-b046-81114d0ac2fa_4f0e4b30-570f-4e71-b4eb-6ef671dcfa95-912505,RA360100 - PHW WINTER GRITTING,"Bidders are required to read, in full, the specification document. Bidders are required to upload a proposal covering how they will deliver the service as outlined in the specification document. A total cost should be inputted into Multiquote where indicated and confirmation of  cost for year one and the optional year two should be clearly outlined in their uploaded proposal. Bids that do not include sufficient information to assured the Trust that the requirement can be carried out successfully",Betsi Cadwaladr University Health Board,,,GBP,2026-08-28,2026-09-07,tender,active,50000000,https://www.contractsfinder.service.gov.uk/Notice/4f0e4b30-570f-4e71-b4eb-6ef671dcfa95,2026-08-29T12:56:51.203618+00:00
Contracts Finder,ocds-b5fd17-373366e5-2dbf-42f9-a6ef-ade0c52450a3_104d14f5-63a1-4789-a9fb-9d6cbdc5e42f-912504,RA360097 - Floor Power & Data Cabling,Bidders are required to read in full the specification document. This contains all details regarding the works and response format. Bids that to not include the information requested in the specification document will be rejected. This exercise is issued under NHS Ts&Cs - https://nwssp.nhs.wales/ourservices/procurement-services/procurement-services-documents/terms-and-conditions/nhs-wales-standard-terms-and-conditions-for-supply-of-goods-and-services-v4-2023/  - To access this competition: login,Betsi Cadwaladr University Health Board,,,GBP,2026-08-28,2026-09-03,tender,active,45000000,https://www.contractsfinder.service.gov.uk/Notice/104d14f5-63a1-4789-a9fb-9d6cbdc5e42f,2026-08-29T12:56:51.203787+00:00
Contracts Finder,ocds-b5fd17-0cbd0bd1-1348-4607-bc7a-06f7a1066b4d_b46b7d69-0923-4ad1-971c-192a4c3bbc82-912502,Taxi and MPV (1-8 seats) Passenger Assistant - Taxi and MPV (1-8 seats) Passenger Assistant,"Vehicle type: MPV required
Passenger Assistant Required: Yes, PA required.

Proposed Taxi Route: BN10 8RG, BN10 7NE, BN10 7SD, BN10 7SU and BN10 8GB

To:  Northease Manor School, BN7 3EY
Frequency: Monday to Friday
Daily School Time: Mon-Thurs 08:30-16:00 and Fri 08:30-15:00

Comments for Operator: 
PA Required. BN10 7SU is the afternoon pick up only.
 This opportunity has been distributed on SProc.net",East Sussex County Council,,,GBP,2026-08-28,2026-08-28,award,complete,60000000,https://www.contractsfinder.service.gov.uk/Notice/b46b7d69-0923-4ad1-971c-192a4c3bbc82-912502,2026-08-29T12:56:51.203948+00:00
Contracts Finder,ocds-b5fd17-ae486983-a222-47c9-ae20-a51b834ddcfe_4a7c691f-0c60-48b6-89a1-2b689dbd7f29-912501,UKRI-6097 MRC HQ Fellowships Evaluation Services,The Provision of Fellowships Evaluation Services at UKRI-MRC,UK Research and Innovation,89850.0,90000.0,GBP,2026-08-28,2026-07-27,award,complete,79311410,https://www.contractsfinder.service.gov.uk/Notice/4a7c691f-0c60-48b6-89a1-2b689dbd7f29-912501,2026-08-29T12:56:51.204119+00:00
Contracts Finder,ocds-b5fd17-04265182-ab5a-4a4a-9133-07a53f538aee_a80a0e44-a188-46ac-999c-03e7154401ef-912500,Photography Services - AWARD,"To provide a wide range of photography services for LFB. This includes photography for LFB events, portraits of staff, images to record new PPE, equipment, and vehicles for LFB communications.",London Fire Commission,,,GBP,2026-08-28,2026-06-15,award,complete,22315000,https://www.contractsfinder.service.gov.uk/Notice/a80a0e44-a188-46ac-999c-03e7154401ef-912500,2026-08-29T12:56:51.204280+00:00
Contracts Finder,ocds-b5fd17-564692f4-ed89-4ed5-89d2-984d1232b80b_9a790cd0-08fa-4ccc-bf64-5ed678d8533f-912499,PLACE846H Supply of Illuminated Traffic and Safety Equipment (YPO1259 CFC0744),"Supply of illuminated traffic and safety equipment to support ongoing maintenance programmes, asset replacement cycles, and safety critical interventions across Derbyshire's road network. Typical equipment includes:
Illuminated traffic sign lanterns
Illuminated bollards
Belisha beacons
Refuge beacons
Flashing amber warning lights (FAWLs)
Surge protection devices (SPD) associated with highway electrical equipment
Accessories such as transformers, wiring, etc.",Derbyshire County Council,,250000.0,GBP,2026-08-28,2026-08-27,award,complete,31500000,https://www.contractsfinder.service.gov.uk/Notice/9a790cd0-08fa-4ccc-bf64-5ed678d8533f-912499,2026-08-29T12:56:51.204464+00:00
Contracts Finder,ocds-b5fd17-5ed16856-f704-494a-9e76-466ae9d4a170_ea3c094c-0fe1-4161-8933-3a5f18df9d1a-912498,Annual maintenance of SolarWinds Orion,Annual maintenance of SolarWinds Orion via NOE CPC NOE.0552 - Total Technology Solutions framework,North West Anglia NHS Foundation Trust,,36948.27,GBP,2026-08-28,2026-07-30,award,complete,72267000,https://www.contractsfinder.service.gov.uk/Notice/ea3c094c-0fe1-4161-8933-3a5f18df9d1a-912498,2026-08-29T12:56:51.204638+00:00
Contracts Finder,ocds-b5fd17-98ae30d4-ada7-46c7-8132-5ccbe7b7a24b_6a8fb575-8bfd-45a6-8962-60e4a2b2d9ff-912497,UKRI-5114 MRC Harwell Lab Refurbishment,The provision of  Lab Refurbishment works at MRC Harwell,UK Research and Innovation,,250000.0,GBP,2026-08-28,2026-07-13,award,complete,45453100,https://www.contractsfinder.service.gov.uk/Notice/6a8fb575-8bfd-45a6-8962-60e4a2b2d9ff-912497,2026-08-29T12:56:51.204805+00:00
Contracts Finder,ocds-b5fd17-01dd9454-1426-42ed-bf82-a76f4765dd7d_18e8b80a-ce20-4d19-ba05-bc06ab7b3739-912496,Support for the Netcall Liberty Contact Portal at PCH & the Contact Portal/Opera,Support for the Netcall Liberty Contact Portal at PCH & the Contact Portal/Opera via NHS CS Framework - Patient Healthcare Communications and Related IT Services Lot 1. Standard cover: Solution Care,North West Anglia NHS Foundation Trust,,120159.0,GBP,2026-08-28,2026-08-06,award,complete,48000000,https://www.contractsfinder.service.gov.uk/Notice/18e8b80a-ce20-4d19-ba05-bc06ab7b3739-912496,2026-08-29T12:56:51.204971+00:00
Contracts Finder,ocds-b5fd17-91071321-a94e-4b7a-8efa-830aec550510_314a2648-34e8-42da-acfb-91f2c74103e9-912495,"QEE018 2026-08-25 (0900) Pulham Market to Hartismere School, Eye (4 seats) - AWARD","Suffolk County Council is seeking a mini competition against the following Dynamic Purchasing System: `The supply of Passenger Transport Services`, OJEU Notice Id: 2018/S 031-067685.
      
      QEE018 2026-08-25 (0900) Pulham Market to Hartismere School, Eye (4 seats)
      
      Further details can be found in the 'Tenders / My Tenders' area of this website, by selecting the 'View Details' button for this project.
      
      The deadline for returned submissions is 0900 on 25/08/2026",Suffolk County Council Passenger Transport,,,GBP,2026-08-28,2026-08-25,award,complete,60000000,https://www.contractsfinder.service.gov.uk/Notice/314a2648-34e8-42da-acfb-91f2c74103e9-912495,2026-08-29T12:56:51.205131+00:00
Contracts Finder,ocds-b5fd17-8a2fc748-54eb-4967-b5da-77b1386ef8d8_e9d1b7a4-13dd-492b-8653-e687b5943a28-912494,Supply of OMNISSA WORKSPACE ONE ADVANCED - SAAS,Supply of OMNISSA WORKSPACE ONE ADVANCED - SAAS via NHS SBS Digital Workplace Solutions 2 framework,North West Anglia NHS Foundation Trust,,172590.0,GBP,2026-08-28,2026-07-29,award,complete,72416000,https://www.contractsfinder.service.gov.uk/Notice/e9d1b7a4-13dd-492b-8653-e687b5943a28-912494,2026-08-29T12:56:51.205293+00:00
Contracts Finder,ocds-b5fd17-fcee3dea-f45c-44b7-b985-944c6a960668_e16e69ac-b62e-4e43-ae7d-906fb4f60149-911752,"SEND Alternative Provision (Call-Off Stage Two) for Tutoring, Inclusion Support & Therapies","Hampshire County Council conducted a call off exercise off the SEND Alternative Provision Register, referenced CS25116A, B & C, for the provision of Tutoring, Inclusion Support and Therapy services for pupils with Education, Health and Care Plans (EHCPs). These plans cater to children, young people, and adults with special educational needs requiring support beyond what educational settings can offer. The services awarded under the register aim to meet statutory obligations under the Children & ",HAMPSHIRE COUNTY COUNCIL,,100000000.0,GBP,2026-08-28,2025-07-07,awardUpdate,complete,80100000,https://www.contractsfinder.service.gov.uk/Notice/e16e69ac-b62e-4e43-ae7d-906fb4f60149-911752,2026-08-29T12:56:51.205462+00:00
Contracts Finder,ocds-b5fd17-687d393f-098a-40c5-a5ad-17a5de6262a6_e22d7e44-5d3d-4479-85ad-4028d8f954c5-912492,Provision of Jira and Confluence cloud hosted software 2026,Jira and Confluence cloud hosted software 2026,Government Commercial Agency,,232204.08,GBP,2026-08-28,2026-04-01,awardUpdate,complete,48000000,https://www.contractsfinder.service.gov.uk/Notice/e22d7e44-5d3d-4479-85ad-4028d8f954c5-912492,2026-08-29T12:56:51.205630+00:00
Contracts Finder,ocds-b5fd17-73e3d858-a3eb-4fdc-9a41-07c5635bb2ab_e5a856a0-ceee-484a-a233-4b485d3d9e26-912493,Redgate Monitor Standard Subscription to cover 12 servers,Redgate Monitor Standard Subscription to cover 12 servers awarded under NOE.0552 Total Technology Solutions Framework,North West Anglia NHS Foundation Trust,,28152.6,GBP,2026-08-28,2026-07-24,award,complete,48612000,https://www.contractsfinder.service.gov.uk/Notice/e5a856a0-ceee-484a-a233-4b485d3d9e26-912493,2026-08-29T12:56:51.205794+00:00
Contracts Finder,ocds-b5fd17-ca486b5c-bf77-4e28-981b-ef2e64c040e7_04b7a6b7-0b1f-4819-85d2-52a5a2dc3507-912491,Supply of CLWRota Software user licenses,"Supply of CLWRota Software user licenses
awarded under GCA gCloud 14 RM1557.14 Framework",North West Anglia NHS Foundation Trust,,118500.0,GBP,2026-08-28,2026-06-11,award,complete,48180000,https://www.contractsfinder.service.gov.uk/Notice/04b7a6b7-0b1f-4819-85d2-52a5a2dc3507-912491,2026-08-29T12:56:51.205960+00:00
Contracts Finder,ocds-b5fd17-7394a6ac-c687-4b99-8757-9451af78472c_414041c2-49c2-4b07-85fe-90a22896c379-912490,PR2344- Turbo360 License,No extension option.,Parliamentary and Health Service Ombudsman,,38599.04,GBP,2026-08-28,2026-07-01,award,complete,48000000,https://www.contractsfinder.service.gov.uk/Notice/414041c2-49c2-4b07-85fe-90a22896c379-912490,2026-08-29T12:56:51.206128+00:00
Contracts Finder,ocds-b5fd17-c8b4e353-af60-49b0-9552-0b3bba5d59b6_f9d28a87-1fdb-4758-a951-5d10e5af1de2-912489,QBE096 09:00 2026-08-06 Gt Cornard & Sudbury to West Suffolk College (Minden House) Bury St Edmunds - 8-seater with a PA required - AWARD,"Suffolk County Council is seeking a mini competition against the following Dynamic Purchasing System: `The supply of Passenger Transport Services`, OJEU Notice Id: 2018/S 031-067685.
      
      QBE096 09:00 2026-08-06 Gt Cornard & Sudbury to West Suffolk College (Minden House) Bury St Edmunds - 8-seater with a PA required
      
      Further details can be found in the 'Tenders / My Tenders' area of this website, by selecting the 'View Details' button for this project.
      
      The ",Suffolk County Council Passenger Transport,,,GBP,2026-08-28,2026-08-06,awardUpdate,complete,60000000,https://www.contractsfinder.service.gov.uk/Notice/f9d28a87-1fdb-4758-a951-5d10e5af1de2-912489,2026-08-29T12:56:51.206289+00:00
Contracts Finder,ocds-b5fd17-1990cbe8-3492-4991-9285-a735b80f9033_edb224df-a26f-4c60-8aca-ec2c6a3e2f3b-912488,PLACE1277H Gritting Salt 2026/2027,"ESPO call off from 220_24 De-icing Salt & Associated Products/Services for 2026/2027 gritting salt.\r
Executive Director report dated 24/06/2025 is to cover a two year period. This call off (PLACE1277H) is for 2026/2027.",Derbyshire County Council,,1000000.0,GBP,2026-08-28,2026-07-01,award,complete,34927100,https://www.contractsfinder.service.gov.uk/Notice/edb224df-a26f-4c60-8aca-ec2c6a3e2f3b-912488,2026-08-29T12:56:51.206464+00:00
Contracts Finder,ocds-b5fd17-31e7d54f-19c6-43c2-bcc0-abe50ba3711a_bc06df4b-3b5d-43c5-a178-fecbf7fd59fd-912482,Dangerous goods safety advisor,"Provision of Dangerous Goods Safety Adviser (DGSA) services to HMRC to support compliance with dangerous goods legislation, including specialist advice relating to the handling, storage and transportation of seized hydrocarbon oils. Like-for-like 3-year contract renewal.",H M REVENUE & CUSTOMS,,12000.0,GBP,2026-08-28,2026-08-28,award,complete,71317210,https://www.contractsfinder.service.gov.uk/Notice/bc06df4b-3b5d-43c5-a178-fecbf7fd59fd-912482,2026-08-29T12:56:51.206632+00:00
Contracts Finder,ocds-b5fd17-c4253ffa-96db-4c25-a342-d966ae9bd979_7ca2caf1-e503-4e8a-9370-ec886c5c80be-912487,"QIP475 0900 2026-08-28  Stradbroke - Apex education, Ipswich (4-seated vehicle required) - AWARD","Suffolk County Council is seeking a mini competition against the following Dynamic Purchasing System: `The supply of Passenger Transport Services`, OJEU Notice Id: 2018/S 031-067685.
      
      QIP475 0900 2026-08-28  Stradbroke - Apex education, Ipswich (4-seated vehicle required)
      
      Further details can be found in the 'Tenders / My Tenders' area of this website, by selecting the 'View Details' button for this project.
      
      The deadline for returned submissions is 0900",Suffolk County Council Passenger Transport,,,GBP,2026-08-28,2026-08-28,award,complete,60000000,https://www.contractsfinder.service.gov.uk/Notice/7ca2caf1-e503-4e8a-9370-ec886c5c80be-912487,2026-08-29T12:56:51.206793+00:00
Contracts Finder,ocds-b5fd17-64aed323-0711-4e27-8793-9d4bc5131ef2_4c8a6f7a-ea75-4463-b05a-a56c140a7582-912485,Cyber Security Services 3,"Crown Commercial Service (CCS) set up a dynamic purchasing system for a period of 60 months and has invited bidders to request to participate for the Cyber Security Services 3 DPS.
This DPS provides central government departments and the wider public sector with the opportunity to procure cyber services from a range of suppliers.
The DPS filters are for certification, services, standards and experience. Appointed suppliers will be invited by customers (buyers) to submit tenders for relevant se",Government Commercial Agency,,800000000.0,GBP,2026-08-28,2029-02-11,tenderAmendment,active,72500000,https://www.contractsfinder.service.gov.uk/Notice/4c8a6f7a-ea75-4463-b05a-a56c140a7582,2026-08-29T12:56:51.206962+00:00
Contracts Finder,ocds-b5fd17-d74762f2-1d96-4eae-851f-bdd5378ca7b8_5dfefc72-bb4e-42ce-8180-4754a2da6b16-912483,PRO1003 Former Tenant Arrears Outbound Calling Software 2026-2030,"YHG requires software that uses internal data sources from multiple systems to call former tenants using a local call number and control the calling hours, speed and routing. This is to enable the Income Team to persue former tenant rent arrears and aid debt recovery. YHG have completed a call off from G Cloud 14 RM1557.14 to award this contract to Voicescape Limited.",Your Housing Group Ltd,,305958.63,GBP,2026-08-28,2026-06-10,award,complete,48000000,https://www.contractsfinder.service.gov.uk/Notice/5dfefc72-bb4e-42ce-8180-4754a2da6b16-912483,2026-08-29T12:56:51.207127+00:00
Contracts Finder,ocds-b5fd17-a1afdea4-23e3-4eb4-95b9-85765d5bd814_cbeaf5bd-1ded-4d82-a11d-92bd654fcf17-912486,"2026-08-24 0900 QBH207 North Cove, Beccles to Bramfield House School, Halesworth (4 seats and a passenger assistant required) - AWARD","Suffolk County Council is seeking a mini competition against the following Dynamic Purchasing System: `The supply of Passenger Transport Services`, OJEU Notice Id: 2018/S 031-067685.
      
      QBH207 North Cove, Beccles to Bramfield House School, Halesworth (4 seats and a passenger assistant required).
      
      Further details can be found in the 'Tenders / My Tenders' area of this website, by selecting the 'View Details' button for this project.
      
      The deadline for return",Suffolk County Council Passenger Transport,,,GBP,2026-08-28,2026-08-24,award,complete,60000000,https://www.contractsfinder.service.gov.uk/Notice/cbeaf5bd-1ded-4d82-a11d-92bd654fcf17-912486,2026-08-29T12:56:51.207288+00:00
Contracts Finder,ocds-b5fd17-e8761b32-e731-47e1-9c15-2623c11c796e_9acb0dbf-c320-497a-9d41-e3fefc57b653-912484,16-19 Study programme - Motor vehicles,Hull City Council (The Authority) has awarded a contract to North Humberside Motor Trades Group Training Association to provide training for an appropriate Motor Vehicle Study Programmes. The tender was a further competition consisting of a one stage process through the councils Learning & Training DPS. The contract is anticipated to commence 1st August 2026 ending by 31st July 2027.,Hull City Council,,115527.0,GBP,2026-08-28,2026-06-25,award,complete,80000000,https://www.contractsfinder.service.gov.uk/Notice/9acb0dbf-c320-497a-9d41-e3fefc57b653-912484,2026-08-29T12:56:51.207463+00:00
Contracts Finder,ocds-b5fd17-309b98f4-e354-4ef6-921e-4fcf61ba6bb1_bb05fea1-ba19-4e02-a702-c3ce098ee01f-912467,Replacement Bio-Mass Boiler & Associated Works,"Supply and Installation of Replacement Bio-Mass Boiler, Silo, Vacuum Feed & Subsequent Support and Servicing

Works will be at the National Coal Mining Museum for England, Wakefield, Yorkshire

All enquiries and requests for the tender pack of documents should be made to john.tanner@ncm.org.uk

This work is supported by the UK governments Public Bodies Infrastructure Fund

A site visit is considered essential for tendering contractors - please contact ian.cawthorne@ncm.org.uk to make the",ALIGN PROPERTY SERVICES LIMITED,,72000.0,GBP,2026-08-28,2026-09-09,tender,active,44621200,https://www.contractsfinder.service.gov.uk/Notice/bb05fea1-ba19-4e02-a702-c3ce098ee01f,2026-08-29T12:56:51.207635+00:00
Contracts Finder,ocds-b5fd17-b3a550ad-4d4e-4ad3-b7ee-402259b0b9bf_76d8667c-7ef3-4ec9-a108-420944b86e95-912431,PRO1001 Planning Consultancy Services - Ten Acres,"NUVU Development require the services of Deloitte for consultancy services in relation to: 

Services relating to the discharging and pre-commencement conditions attached to planning permission for the Ten Acres site at Jackson Brickworks Manchester.

This is a direct award call-off contract, awarded under the CCS Framework Contract  reference number RM6309.",Your Housing Group Ltd,,29846.0,GBP,2026-08-28,2026-06-23,award,complete,73220000,https://www.contractsfinder.service.gov.uk/Notice/76d8667c-7ef3-4ec9-a108-420944b86e95-912431,2026-08-29T12:56:51.207799+00:00
Contracts Finder,ocds-b5fd17-bd4e8cc0-8b43-4d61-8b61-43b20b921a4b_d40f0ce1-fab9-4b87-a4c8-a6b91fcc2bd8-912481,UKRI-4801 R131 Enabling Works,"The project comprises Stage 2 Tender of the R131 enabling works at the Rutherford Appleton Laboratory. It includes alterations, service diversions, preparatory works and the relocation or replacement of equipment around Building R113 and the R24 yard to facilitate future development and support STFC's wider campus resilience strategy.",UK Research and Innovation,,2412117.03,GBP,2026-08-28,2026-08-03,award,complete,71500000,https://www.contractsfinder.service.gov.uk/Notice/d40f0ce1-fab9-4b87-a4c8-a6b91fcc2bd8-912481,2026-08-29T12:56:51.207964+00:00
Contracts Finder,ocds-b5fd17-5c1ec934-d64a-4249-ba77-55ac2da91a0f_6f3ea62f-5102-4cee-b433-75a0ecc52aa8-912480,UKRI-4801 R131 Enabling Works,"STFC is seeking to appoint a contractor to undertake stage one pre-construction activities under a PCSA for the R131 enabling works. The services will include validating and developing the design, buildability reviews, cost and programme planning, risk management, value engineering and open-book supply-chain procurement in preparation for the construction phase.",UK Research and Innovation,,148863.26,GBP,2026-08-28,2025-07-15,award,complete,71500000,https://www.contractsfinder.service.gov.uk/Notice/6f3ea62f-5102-4cee-b433-75a0ecc52aa8-912480,2026-08-29T12:56:51.208128+00:00
Contracts Finder,ocds-b5fd17-b4a89f08-adde-47e1-b7ce-83f6d80b8b69_6945b98d-b46f-4053-9089-276eb16970a1-912477,"QIP474 0900 2026-08-28 Bawdsey - Apex education, Ipswich (4-seated vehicle required) - AWARD","Suffolk County Council is seeking a mini competition against the following Dynamic Purchasing System: `The supply of Passenger Transport Services`, OJEU Notice Id: 2018/S 031-067685.
      
      QIP474 0900 2026-08-28 Bawdsey - Apex education, Ipswich (4-seated vehicle required)
      
      Further details can be found in the 'Tenders / My Tenders' area of this website, by selecting the 'View Details' button for this project.
      
      The deadline for returned submissions is 0900 202",Suffolk County Council Passenger Transport,,,GBP,2026-08-28,2026-08-28,award,complete,60000000,https://www.contractsfinder.service.gov.uk/Notice/6945b98d-b46f-4053-9089-276eb16970a1-912477,2026-08-29T12:56:51.208288+00:00
Contracts Finder,ocds-b5fd17-a434831c-f670-4a60-8afd-3d376049e060_6a0d300e-de67-4c9f-bbb2-abf84d71375d-912473,Hounslow Heath School  Refurbishment of classroom block to form new dining hall,Refurbishment of classroom block to form new dining hall.,London Borough of Hounslow,,669846.23,GBP,2026-08-28,2026-03-10,award,complete,45214200,https://www.contractsfinder.service.gov.uk/Notice/6a0d300e-de67-4c9f-bbb2-abf84d71375d-912473,2026-08-29T12:56:51.208467+00:00
Contracts Finder,ocds-b5fd17-095533ea-8f86-4e19-b90b-3af7a4582a3d_26e7c7be-b71b-4601-a383-92dc71701e6e-912470,PR2339  Saas-based ITSM Solution,This contract has a one year extension option.,Parliamentary and Health Service Ombudsman,,219101.76,GBP,2026-08-28,2026-06-08,award,complete,48000000,https://www.contractsfinder.service.gov.uk/Notice/26e7c7be-b71b-4601-a383-92dc71701e6e-912470,2026-08-29T12:56:51.208637+00:00
Contracts Finder,ocds-b5fd17-99627a40-2826-49d3-b485-10c1f6cb508f_6921538f-f6d5-450e-a382-a00388393002-912466,715895474_Google Cloud Platform - Official,"This notice is for the procurment to stand up Google Cloud Platform capability at up to Official Senstive classification to join its existing suite of cloud offerings available to Defence Customers. The requirement will follow previous cloud procurements, where it will offer compute power, database storage, content delivery and other functionality generally available for Defence needs.",Ministry of Defence,,,GBP,2026-08-28,2026-07-10,award,complete,72000000,https://www.contractsfinder.service.gov.uk/Notice/6921538f-f6d5-450e-a382-a00388393002-912466,2026-08-29T12:56:51.208797+00:00
Contracts Finder,ocds-b5fd17-d2b5fe49-5711-4770-8b8f-ec960e3008db_ce143282-7b23-4ec9-9785-7e338acd7a25-912464,AT1499 Supply of Education & Skills MIS for Adult Learning,Supply of Education & Skills MIS for Adult Learning,Luton Council,,372000.0,GBP,2026-08-28,2026-06-30,award,complete,48190000,https://www.contractsfinder.service.gov.uk/Notice/ce143282-7b23-4ec9-9785-7e338acd7a25-912464,2026-08-29T12:56:51.208962+00:00
Contracts Finder,ocds-b5fd17-ee5a0f48-80e9-460a-8d61-aade10c827b1_29f8b257-0fdc-44f8-b52f-87c6aaff5d7a-912463,Purchase of Mercedes-Benz Vehicles,"Awarded Call Off Contract from Framework Ref: CCS RM6244
BLC-FLEET-0020c for 4 x Mercedes-Benz Vehicles",West Yorkshire Combined Authority,,369248.0,GBP,2026-08-28,2026-07-26,award,complete,34100000,https://www.contractsfinder.service.gov.uk/Notice/29f8b257-0fdc-44f8-b52f-87c6aaff5d7a-912463,2026-08-29T12:56:51.209125+00:00
Contracts Finder,ocds-b5fd17-0329382e-f09f-40cc-ab52-fbed16285482_bda3cada-b1bf-4adb-8e8c-4fe4833116bc-912423,Refuse collection vehicles up to 44t,"Procurement completed via NEPO224 Framework.
Supplier to provide 5x 7.5t & 1x 11t food waste collection vehicles.

7.5 TONNE FOOD WASTE COLLECTION VEHICLE OVERVIEW
7.5 tonne GVW food waste collection vehicle ideally on an Isuzu Chassis namely the Isuzu N75.150E Euro VI. Designed for domestic and commercial food waste collection 4x2 rigid chassis suitable for urban stop-start routes.

11 TONNE FOOD WASTE COLLECTION VEHICLE OVERVIEW
11 tonne GVW food waste collection vehicle ideally on an I",GEDLING BOROUGH COUNCIL,,1100000.0,GBP,2026-08-28,2026-08-03,award,complete,34144511,https://www.contractsfinder.service.gov.uk/Notice/bda3cada-b1bf-4adb-8e8c-4fe4833116bc-912423,2026-08-29T12:56:51.209289+00:00
Contracts Finder,ocds-b5fd17-34046ff0-bdc0-49a7-aecf-4a41ea13ef1b_1d928bdb-9cf3-452c-a64b-58bc0f105f6f-912443,Contract for the provision of media and digital  communication platform,"Contract awarded via G-Cloud 14 Framework (RM1557.14)
The Services to be provided by the Supplier are: 
• Cloud digital communication platform (Lot 2: Cloud software): 
omnichannel email, SMS and WhatsApp campaigns, single
send, split-test, date-driven and recurrent campaigns, drag
and-drop Smart Editor with template/module library and 
Email Forensics preview. 
• Forms, preference centres, landing pages, microsites and 
articles; marketing automation (autoresponders automated 
series, ",GEDLING BOROUGH COUNCIL,,31350.0,GBP,2026-08-28,2026-08-17,award,complete,48510000,https://www.contractsfinder.service.gov.uk/Notice/1d928bdb-9cf3-452c-a64b-58bc0f105f6f-912443,2026-08-29T12:56:51.209465+00:00
Contracts Finder,ocds-b5fd17-fc5d907d-74c7-4fcb-8072-5d4211d75c46_f8bbaace-e61e-4d79-aa00-c9e7809fd912-912460,Locksbrook road main building electrical installation,Electrical works associated with Locksbrook fashion/Graphics relocation,BATH SPA UNIVERSITY,,100966.49,GBP,2026-08-28,2024-07-17,award,complete,50700000,https://www.contractsfinder.service.gov.uk/Notice/f8bbaace-e61e-4d79-aa00-c9e7809fd912-912460,2026-08-29T12:56:51.209633+00:00
Contracts Finder,ocds-b5fd17-0ede6853-5b58-486d-860e-abc1b0df4741_729f6476-fb9d-47db-b3de-a5342313a28d-912461,"FRAILTY ASSESSMENT UNIT - GALLERY WING, SDEC, GRH","Architectural services in relation to the FRAILTY ASSESSMENT WARD, GALLERY WING, SDEC, GRH",Gloucestershire Hospitals NHS Foundation Trust,,17325.0,GBP,2026-08-28,2026-08-11,award,complete,71000000,https://www.contractsfinder.service.gov.uk/Notice/729f6476-fb9d-47db-b3de-a5342313a28d-912461,2026-08-29T12:56:51.209798+00:00
Contracts Finder,ocds-b5fd17-8ad67598-d7d1-4b02-87b8-3fd6553b654c_deffee71-9132-430a-be96-370570b7f15a-912458,Commons chiller pipework,Chilled water pipework replacement.,BATH SPA UNIVERSITY,,115974.72,GBP,2026-08-28,2024-07-10,award,complete,42500000,https://www.contractsfinder.service.gov.uk/Notice/deffee71-9132-430a-be96-370570b7f15a-912458,2026-08-29T12:56:51.209962+00:00
Contracts Finder,ocds-b5fd17-01ff9e53-670e-4676-9afd-4ada9bc0f0e2_76ca2771-d70b-4b79-ba65-c80529337aa2-912459,Tide Gauge Network - Options Appraisal,"The provision of consultancy services to assess and define the optimum future configuration of the UK Tide Gauge Network
through a structured, evidence-based options appraisal including an initial assessment and gap analysis on the existing network",Environment Agency,,418199.0,GBP,2026-08-28,2026-02-06,award,complete,71530000,https://www.contractsfinder.service.gov.uk/Notice/76ca2771-d70b-4b79-ba65-c80529337aa2-912459,2026-08-29T12:56:51.210127+00:00
Contracts Finder,ocds-b5fd17-590b51a0-adc3-4a83-b63c-448eeebaf8c9_9a409d65-6519-4e03-863b-b486b6017380-912455,Contract for the Provision of Floral Arrangements,"CONTRACT FOR THE PROVISION AND MAINTENANCE OF FLORAL ARRANGEMENTS WITHIN NESTON, CHESHIRE

Neston Town Council invites any companies interested in being considered for this contract as detailed in the specification, to submit a quotation by the closing date of 30 September 2026. 

Contract specification: the contract specification can be downloaded from www.nestontowncouncil.gov.uk.

Please send quotations either by post or email to:

Audrey Duncan, Community & Environment Manager, Nesto",Neston Town Council,,25000.0,GBP,2026-08-28,2026-09-30,tender,active,77000000,https://www.contractsfinder.service.gov.uk/Notice/9a409d65-6519-4e03-863b-b486b6017380,2026-08-29T12:56:51.210296+00:00
Contracts Finder,ocds-b5fd17-fa4ac213-a670-4260-b9ed-73a2170c0b82_0809fb14-4132-4a1a-aced-de75a3fb4202-912456,Commons heat pump chillers,To supply and deliver 3 air cooled chillers,BATH SPA UNIVERSITY,,74680.8,GBP,2026-08-28,2024-06-29,award,complete,42500000,https://www.contractsfinder.service.gov.uk/Notice/0809fb14-4132-4a1a-aced-de75a3fb4202-912456,2026-08-29T12:56:51.210474+00:00
Contracts Finder,ocds-b5fd17-3276028f-ef34-4f1d-ba2e-9db7b546b9c7_434a7e34-7845-4cc1-ac29-122a8de279a3-912457,"QOC691 09:00 2026-08-24 Stanningfield & Wickhambrook to College of West Anglia (Cambridge Campus), Milton, Cambs - 4-seater vehicle - AWARD","Suffolk County Council is seeking a mini competition against the following Dynamic Purchasing System: `The supply of Passenger Transport Services`, OJEU Notice Id: 2018/S 031-067685.
      
      QOC691 09:00 2026-08-24 Stanningfield & Wickhambrook to College of West Anglia (Cambridge Campus), Milton, Cambs - 4-seater vehicle
      
      
      Further details can be found in the 'Tenders / My Tenders' area of this website, by selecting the 'View Details' button for this project.
      
",Suffolk County Council Passenger Transport,,,GBP,2026-08-28,2026-08-24,award,complete,60000000,https://www.contractsfinder.service.gov.uk/Notice/434a7e34-7845-4cc1-ac29-122a8de279a3-912457,2026-08-29T12:56:51.210639+00:00
Contracts Finder,ocds-b5fd17-998f263b-8c69-4363-8020-80539940e3e0_9d68f74c-6c0a-46c7-a97b-8658f17625b3-912452,Sion Hill boiler replacement,To replace the gas boilers with new and install hot water storage.,BATH SPA UNIVERSITY,,143332.1,GBP,2026-08-28,2024-02-20,award,complete,42160000,https://www.contractsfinder.service.gov.uk/Notice/9d68f74c-6c0a-46c7-a97b-8658f17625b3-912452,2026-08-29T12:56:51.210803+00:00
Contracts Finder,ocds-b5fd17-3ce8acde-5519-4826-bbd1-2d8941b8a175_8bef120b-d686-4eaf-964c-e97c3596490b-912453,NHS Login Run and Maintain 2,"NHS login is a live service with 120+ 'partners' using its capability. It provides registration, authentication, and ID verification capability at different levels of transaction need, allowing citizens to gain access to digital healthcare applications, including NHS App, eRedbook and eConsult.
This requirement is to ensure that the Buyer, through its Run and Maintain DevOps team, can deliver an effective and efficient operation of its NHS login live service. This includes both day-to-day opera",NHS England,18000000.0,30000000.0,GBP,2026-08-28,2026-01-19,award,complete,72000000,https://www.contractsfinder.service.gov.uk/Notice/8bef120b-d686-4eaf-964c-e97c3596490b-912453,2026-08-29T12:56:51.210970+00:00
Contracts Finder,ocds-b5fd17-e1c10bbe-2acb-4767-b1e6-cd40889917d3_98d16546-763d-4740-bd37-992a2b6c5ae9-912454,Security Risk Assessments,"Security Risk Assessments in preparation for Martyn's Law across a defined group of higher risk areas within the Group. 

The scope will focus on key clinical and operational environments where the risk profile is elevated. This includes our maternity units, mortuaries, pharmacy and aseptic facilities, emergency departments and urgent treatment centres, and medical gas storage locations, labourites. The work will examine protective security measures with particular attention to CCTV coverage a",United Lincolnshire Teaching Hospitals NHS Trust,,21600.0,GBP,2026-08-28,2026-07-31,award,complete,79710000,https://www.contractsfinder.service.gov.uk/Notice/98d16546-763d-4740-bd37-992a2b6c5ae9-912454,2026-08-29T12:56:51.211134+00:00
Contracts Finder,ocds-b5fd17-a59eb237-eaf0-408a-8b32-45ce74b5557e_48cbff7e-9ceb-4b55-ac57-f598809bb59d-912450,Installation of Commons PHE,"Replacement of the Helvar lighting system in the commons and garden residents 
Direct Award due to Suppliers Equipment",BATH SPA UNIVERSITY,,78451.2,GBP,2026-08-28,2023-07-27,award,complete,50700000,https://www.contractsfinder.service.gov.uk/Notice/48cbff7e-9ceb-4b55-ac57-f598809bb59d-912450,2026-08-29T12:56:51.211297+00:00
Contracts Finder,ocds-b5fd17-7c1cffaa-9017-4776-9634-896f8aa7c5e8_ffc28de9-f80f-4705-9983-a0c2b75143da-912449,Project Engineer (Monica Jayaprakash) - Sports Quarter,The Project Engineer is an essential consultancy role to support the successful delivery of Transport for West Midlands' (TfWM) Sports Quarter Metro extension programme by providing technical leadership of the Preliminary Design phase and support for the Transport and Works Act Order (TWAO) submission.,West Midlands Combined Authority,89080.0,198240.0,GBP,2026-08-28,2026-07-10,award,complete,72224000,https://www.contractsfinder.service.gov.uk/Notice/ffc28de9-f80f-4705-9983-a0c2b75143da-912449,2026-08-29T12:56:51.211471+00:00
Contracts Finder,ocds-b5fd17-4dd5ef9d-5294-4618-ad5b-cf16dea5c4bf_3e62833e-f420-4dbe-a77a-0683c7ff9791-912446,Archive Storage Platform Refresh,Provision of archive storage platform equipment.,York and North Yorkshire Combined Authority acting on behalf of itself and the Chief Constable of North Yorkshire Police,724644.23,869573.68,GBP,2026-08-28,2026-08-19,award,complete,72000000,https://www.contractsfinder.service.gov.uk/Notice/3e62833e-f420-4dbe-a77a-0683c7ff9791-912446,2026-08-29T12:56:51.211639+00:00
Contracts Finder,ocds-b5fd17-60a44ca8-2269-4498-91dc-77af95c60e08_f9c1ce4d-2cb0-49a3-8ebb-45fc31ad021a-912447,Transport Planner (Keith Homer) for the Technical Services Unit,The Technical Services Unit (TSU) has identified a need for support on number of targeted outputs. This role requires a skilled and experienced transport planner to work within the existing project teams to produce the required outputs.,West Midlands Combined Authority,89080.0,37440.0,GBP,2026-08-28,2026-08-03,award,complete,72224000,https://www.contractsfinder.service.gov.uk/Notice/f9c1ce4d-2cb0-49a3-8ebb-45fc31ad021a-912447,2026-08-29T12:56:51.211804+00:00
Contracts Finder,ocds-b5fd17-a773fe63-c7a3-4c13-bfd9-cfe5028f4775_5c7c8d34-f2ec-43fd-9327-d2f43adf3840-912444,CP2848-26 Pre-Paid Cards,"Devon County Council (DCC) requires a pre-paid card contract to enable Direct Payments to be paid into individual client accounts set up by the contractor. As well as the provision of client accounts, this contract will also enable client access to an online portal to view their accounts and make online payments. A separate portal is required for relevant DCC staff to view client accounts to amend details such as the amount of a Direct Payment, or a change of personal details and to view managem",Devon County Council,,240000.0,GBP,2026-08-28,2026-08-07,award,complete,66000000,https://www.contractsfinder.service.gov.uk/Notice/5c7c8d34-f2ec-43fd-9327-d2f43adf3840-912444,2026-08-29T12:56:51.211969+00:00
Contracts Finder,ocds-b5fd17-0e2ede35-2937-4cc1-8558-86573604e784_bdf80927-444c-4e28-9eca-fa6de664dd5f-912442,37223 - KEYHAM LODGE,"This contract is for the provision of transport services - journey stated in the title of this notice. It has been awarded following a Mini Competition under Council's Dynamic Purchasing System (DPS) PAN3059 - Passenger Transport Services.

To find out more about this DPS and how to provide taxi services to the Council, please see Taxi firms tendering for contracts (leicester.gov.uk)",Leicester City Council,,14040.0,GBP,2026-08-28,2026-08-28,award,complete,60120000,https://www.contractsfinder.service.gov.uk/Notice/bdf80927-444c-4e28-9eca-fa6de664dd5f-912442,2026-08-29T12:56:51.212133+00:00
Contracts Finder,ocds-b5fd17-1846dddc-d0b6-4cb7-8033-458eef8166ed_9c828a94-e611-4945-bfd9-0651e213f9db-912441,"QIP068 0900 2026-08-27 Claydon, Ipswich - New skill centre, Ipswich (Individual transport and Female Driver required) - AWARD","Suffolk County Council is seeking a mini competition against the following Dynamic Purchasing System: `The supply of Passenger Transport Services`, OJEU Notice Id: 2018/S 031-067685.
      
      QIP068 0900 2026-08-27 Claydon, Ipswich - New skill centre, Ipswich (Individual transport and Female Driver required)
      
      Further details can be found in the 'Tenders / My Tenders' area of this website, by selecting the 'View Details' button for this project.
      
      The deadline for",Suffolk County Council Passenger Transport,,,GBP,2026-08-28,2026-08-27,award,complete,60000000,https://www.contractsfinder.service.gov.uk/Notice/9c828a94-e611-4945-bfd9-0651e213f9db-912441,2026-08-29T12:56:51.212294+00:00
Contracts Finder,ocds-b5fd17-773cf41c-35f4-41d3-ac72-9a089ac373af_12c99eaf-27d1-4604-8d96-4b83f71a893d-912440,Lot 4 - Tameside Metropolitan Borough Council,"Tameside Council have carried out a number of mini competitions for their Home to School requirements via the Home To School Transport Dynamic Purchasing System. Routes awarded and contract values below: 

SEN 911 - £38,000
SEN 912 - £33,060
SEN 913 - £53,200",Tameside Metropolitan Borough Council,,33060.0,GBP,2026-08-28,2026-08-24,award,complete,60130000,https://www.contractsfinder.service.gov.uk/Notice/12c99eaf-27d1-4604-8d96-4b83f71a893d-912440,2026-08-29T12:56:51.212473+00:00
Contracts Finder,ocds-b5fd17-d49bf496-2eb0-4176-bfdd-987c21d26db9_62afcb16-f0bd-490d-9b24-91afa242386d-912436,Life Chances Fund Data Platform Maintenance Service,"The Department for Culture, Media and Sport (DCMS) requires a supplier to provide platform maintenance and data archive services.","Department for Culture, Media and Sport",,12000.0,GBP,2026-08-28,2026-07-28,award,complete,72000000,https://www.contractsfinder.service.gov.uk/Notice/62afcb16-f0bd-490d-9b24-91afa242386d-912436,2026-08-29T12:56:51.212643+00:00
Contracts Finder,ocds-b5fd17-d247a3a0-7132-4bc2-9466-6672c4d0da26_a7aacfb0-08b9-4208-96ea-2156a586585c-912438,Kitchen & Bathroom Replacements,Call off from framework.,Ashford Borough Council,,3100000.0,GBP,2026-08-28,2026-07-28,award,complete,45210000,https://www.contractsfinder.service.gov.uk/Notice/a7aacfb0-08b9-4208-96ea-2156a586585c-912438,2026-08-29T12:56:51.212807+00:00
Contracts Finder,ocds-b5fd17-a911d295-7c48-479e-8130-25c60b437a43_54de8e29-5ca4-439b-bd75-f3dc80f540b1-912439,MetroWest Phase 1B Highways and Bridges Design and Construction Contract - Award of Stage 2 Package 2 Bridges Contract 3 (Royal Portbury Dock Road),"North Somerset Council procured a contractor to deliver the design and construction works to upgrade highways and bridges as part of the MetroWest Phase 1B project.

The overall objective of MetroWest Phase 1B is to re-open the Portishead rail line and provide an hourly service between Portishead and Bristol Temple Meads, with new stations at Portishead and Pill. The Project will connect 50,000 residents to the rail network and forms part of a wider MetroWest programme to deliver strategic enh",North Somerset Council,,1170226.0,GBP,2026-08-28,2023-12-13,award,complete,45233100,https://www.contractsfinder.service.gov.uk/Notice/54de8e29-5ca4-439b-bd75-f3dc80f540b1-912439,2026-08-29T12:56:51.212972+00:00
Contracts Finder,ocds-b5fd17-09d3f8dd-6c8a-4dc1-8189-af6956ab3c2d_a342635b-4129-4553-b688-97ab24c302dc-912437,"QBR086 2026-08-26 (0900) Bungay / Beccles - The Woodview Project, Worlingham (6 seats and a female PA) - AWARD","Suffolk County Council is seeking a mini competition against the following Dynamic Purchasing System: `The supply of Passenger Transport Services`, OJEU Notice Id: 2018/S 031-067685.
      
      QBR086 2026-08-26 (0900) Bungay / Beccles - The Woodview Project, Worlingham (6 seats and a female PA)
      
      Further details can be found in the 'Tenders / My Tenders' area of this website, by selecting the 'View Details' button for this project.
      
      The deadline for returned submi",Suffolk County Council Passenger Transport,,,GBP,2026-08-28,2026-08-26,award,complete,60000000,https://www.contractsfinder.service.gov.uk/Notice/a342635b-4129-4553-b688-97ab24c302dc-912437,2026-08-29T12:56:51.213135+00:00
Contracts Finder,ocds-b5fd17-9474a415-4b35-4c13-8b6c-37892743300b_abfdbadb-37a7-487a-8774-8e6c2690afe9-912435,GB-Liverpool: Azure Cloud Co-Managed Service,"Plus Dane Housing Limited intends to award a contract to ANS Group Limited for the provision of Azure Cloud Co-Managed Services via Government Commercial Agency (GCA) G-Cloud 14 Framework in accordance with the framework call-off procedures.

Additional information: Plus Dane Housing Limited intends to enter into a call-off contract with ANS Group Limited following a voluntary standstill period of 10 calendar days from the date of publication of this notice. Plus Dane Housing Limited does not ",Plus Dane Housing Limited,,700000.0,GBP,2026-08-28,2026-08-28,award,complete,72510000,https://www.contractsfinder.service.gov.uk/Notice/abfdbadb-37a7-487a-8774-8e6c2690afe9-912435,2026-08-29T12:56:51.213301+00:00
Contracts Finder,ocds-b5fd17-aaa4be76-c654-4722-b603-b2bfe528af3e_dfe4061c-d0c8-4fb5-905d-2d2b2140ef46-912434,NW AOMR Lot 1 26/27 Direct Award Program - ESE support- Fielding Park Brook,NW AOMR Lot 1 26/27 Direct Award Program - ESE support- Fielding Park Brook,Environment Agency,,8894.96,GBP,2026-08-28,2026-07-01,award,complete,45246410,https://www.contractsfinder.service.gov.uk/Notice/dfe4061c-d0c8-4fb5-905d-2d2b2140ef46-912434,2026-08-29T12:56:51.213483+00:00
Contracts Finder,ocds-b5fd17-ef4b87ab-2117-48b2-8481-1b800c85bf93_8d847569-f7d0-47fe-9547-6557e7e9ff37-912429,Progress Kemp Licence Renewal 2026,Direct Award for the renewal of the Progress Kemp Licence with a continuation of the existing provisions on a multiyear agreement via the West Yorkshire Combined Authority Framework (Lot 4).,York and North Yorkshire Combined Authority acting on behalf of itself and the Chief Constable of North Yorkshire Police,,38924.06,GBP,2026-08-28,2026-07-28,award,complete,48000000,https://www.contractsfinder.service.gov.uk/Notice/8d847569-f7d0-47fe-9547-6557e7e9ff37-912429,2026-08-29T12:56:51.213652+00:00
Contracts Finder,ocds-b5fd17-fb712369-96c4-4623-bb39-93fbca81b26d_aad047ae-ebb6-456d-b6fe-062f1f1ece42-912433,CA18241 - CPC/KB/02/2023: Student Transport Services Dynamic Purchasing System (DPS),"A ""Student Transport Service"" is any form of transport relating to student in an educational environment, and will constitute of organised coach trips to points of interest and education visits.

Any resulting DPS agreement resulting from this exercise will be available to Further Education Institutions, Universities, Sixth Forms, Academies, Schools, Museums and other similar organisations who are CPC Members (https://www.thecpc.ac.uk/members/regions.php) and all CPC future members (https://ww",NCG Corporation,,10000.0,GBP,2026-08-28,2026-08-17,award,complete,60000000,https://www.contractsfinder.service.gov.uk/Notice/aad047ae-ebb6-456d-b6fe-062f1f1ece42-912433,2026-08-29T12:56:51.213816+00:00
Contracts Finder,ocds-b5fd17-6fc09fa4-8e19-4d58-afc2-13a1d749b26f_291fcdcf-f299-4451-8fa2-52da0ddfe763-912432,Taxi and MPV (1-8 seats) Passenger Assistant - Taxi and MPV (1-8 seats) Passenger Assistant,"Vehicle type: 6 seater
Passenger Assistant Required: PA required

Proposed Taxi Route: 
From: TN22 3SP, BN8 5FP and BN8 5PD
To: Wallands School, BN7 1PU

Frequency: Monday to Friday
Daily School Time: Mon - Fri 08:55-15:20

Comments for Operator: 
PA required

 This opportunity has been distributed on SProc.net",East Sussex County Council,,,GBP,2026-08-28,2026-08-28,award,complete,60000000,https://www.contractsfinder.service.gov.uk/Notice/291fcdcf-f299-4451-8fa2-52da0ddfe763-912432,2026-08-29T12:56:51.213976+00:00
Contracts Finder,ocds-b5fd17-b39b658b-f310-43b4-bb44-036b55682529_3da07e63-bc2c-4577-900e-a4adffa2b4ee-912430,Business Analyst,Interim Business Analyst resource,POLICE DIGITAL SERVICE,,117306.0,GBP,2026-08-28,2026-08-21,award,complete,72000000,https://www.contractsfinder.service.gov.uk/Notice/3da07e63-bc2c-4577-900e-a4adffa2b4ee-912430,2026-08-29T12:56:51.214139+00:00
Contracts Finder,ocds-b5fd17-62d84c3f-0d34-4df7-a986-e047a79b61d2_288cc8a5-5d4d-45d2-a76a-25e40a4b88a4-912428,Business Analyst,Interim Business Analyst Resource,POLICE DIGITAL SERVICE,,117306.0,GBP,2026-08-28,2026-08-21,award,complete,72000000,https://www.contractsfinder.service.gov.uk/Notice/288cc8a5-5d4d-45d2-a76a-25e40a4b88a4-912428,2026-08-29T12:56:51.214303+00:00
Contracts Finder,ocds-b5fd17-e6924947-cd23-40d7-b5a2-8870c61937db_81084c78-67a0-425f-aac9-6c5efe394680-912427,DN782229 External Fire Safety Remedial Works Specialist Consultant,"External Fire Safety Remedial Works Specialist Consultant contract through Direct Award using the Pretium Framework ""The Hyde Building & Fire Safety"". The framework reference number is ECH 1131. The Contract Notice for the framework is available here: 2022/S 000-025442.\\r\r",DUE NORTH LIMITED,,9000000.0,GBP,2026-08-28,2026-05-01,awardUpdate,complete,45000000,https://www.contractsfinder.service.gov.uk/Notice/81084c78-67a0-425f-aac9-6c5efe394680-912427,2026-08-29T12:56:51.214477+00:00
Contracts Finder,ocds-b5fd17-036e9971-93ee-4160-9007-523e917d74a0_63fc8e6d-28e0-4f7a-8bd4-97b8261f7a7c-912425,Dev Ops Engineer,Interim Dev Ops Engineer resource,POLICE DIGITAL SERVICE,,46800.0,GBP,2026-08-28,2026-08-21,award,complete,72000000,https://www.contractsfinder.service.gov.uk/Notice/63fc8e6d-28e0-4f7a-8bd4-97b8261f7a7c-912425,2026-08-29T12:56:51.214643+00:00
Contracts Finder,ocds-b5fd17-8eb6fe32-ce47-4439-b497-48fc72440a40_b02332b0-a0b5-40cb-9a8b-0c3238f57986-912280,W4160 The Provision of Apprenticeship Framework 2026,"Teacher Apprenticeship (Post Graduate Level 6) for an employee based at Cooper & Jordan CEVA Primary School, a maintained school that contributes to the Council's apprenticeship levy. The apprenticeship is required to support workforce development, statutory compliance with Initial Teacher Training requirements, and progression pathways for employees undertaking teaching roles. Delivery will be provided by the University of Derby through a blended learning model.",Walsall Metro Borough Council,,10800.0,GBP,2026-08-28,2026-08-18,award,complete,80570000,https://www.contractsfinder.service.gov.uk/Notice/b02332b0-a0b5-40cb-9a8b-0c3238f57986-912280,2026-08-29T12:56:51.214807+00:00
Contracts Finder,ocds-b5fd17-307a909d-fc7f-42e8-b890-3f817fc82ce1_1daae19d-4f3a-48f1-9ce3-5e8967d2b1e7-912424,Demand Manager,Interim Demand Manager resource,POLICE DIGITAL SERVICE,,132240.0,GBP,2026-08-28,2026-08-14,award,complete,72000000,https://www.contractsfinder.service.gov.uk/Notice/1daae19d-4f3a-48f1-9ce3-5e8967d2b1e7-912424,2026-08-29T12:56:51.214970+00:00
Contracts Finder,ocds-b5fd17-ca7363f8-2c92-4cf5-9f44-53bb2452e3b1_7d1eefea-896a-41fc-9dea-31e745f13467-912422,Engagement Manager,Interim Engagement Manager resource,POLICE DIGITAL SERVICE,,132240.0,GBP,2026-08-28,2026-08-14,award,complete,72000000,https://www.contractsfinder.service.gov.uk/Notice/7d1eefea-896a-41fc-9dea-31e745f13467-912422,2026-08-29T12:56:51.215133+00:00
Contracts Finder,ocds-b5fd17-6a54b4bd-e3f2-4194-983a-d0f0056e2f17_eedd9ab7-8cd3-4666-af4f-6e7843c1537c-912421,Migration Architect,Interim Migration Architect resource,POLICE DIGITAL SERVICE,,177214.0,GBP,2026-08-28,2026-08-14,award,complete,72000000,https://www.contractsfinder.service.gov.uk/Notice/eedd9ab7-8cd3-4666-af4f-6e7843c1537c-912421,2026-08-29T12:56:51.215298+00:00
Contracts Finder,ocds-b5fd17-fa3bec86-7523-48a6-9df6-da5c76117584_0d42a9f8-c7c4-463d-a90f-3f119591e671-912418,Team Leader L3 Apprenticeship,Team Leader L3 Apprenticeship course,POLICE DIGITAL SERVICE,,6000.0,GBP,2026-08-28,2026-06-29,award,complete,79632000,https://www.contractsfinder.service.gov.uk/Notice/0d42a9f8-c7c4-463d-a90f-3f119591e671-912418,2026-08-29T12:56:51.215471+00:00
Contracts Finder,ocds-b5fd17-5f957491-581d-478b-8374-44ff48f064bc_7dc9c8e3-ccf8-4828-a0b3-3a86d7d45a85-912420,Intelligent Automation,"Intelligent Automation Consultancy

Additional information: 
LLP Transforming Organisations, Partnerships & Systems 2024/S 000-013975",Surrey and Borders Partnership NHS Foundation Trust,,201650.0,GBP,2026-08-28,2026-07-20,award,complete,72000000,https://www.contractsfinder.service.gov.uk/Notice/7dc9c8e3-ccf8-4828-a0b3-3a86d7d45a85-912420,2026-08-29T12:56:51.215639+00:00
Contracts Finder,ocds-b5fd17-f00ae289-5f47-4712-aa1b-bac78b76e77d_23b682b2-9bbc-475c-8dca-cf994de2fc8f-912419,PSU Helmets,New PSU helmets needed for N&S and Essex,Norfolk Constabulary,,187000.0,GBP,2026-08-28,2026-08-24,award,complete,35813000,https://www.contractsfinder.service.gov.uk/Notice/23b682b2-9bbc-475c-8dca-cf994de2fc8f-912419,2026-08-29T12:56:51.215806+00:00
Contracts Finder,ocds-b5fd17-09c27976-6c7c-46c8-81c6-27b6ba013967_f890efff-d994-4608-bbb6-dcb5b2aae8cf-912417,Request for information - Liquid Handling Robots,"The key dates for this RFI are as follows:

RFI Published: 28 August 2026
RFI Response: 11 September 2026

Should you have any questions or queries relating to this RFI, please use the Atamis portal's messaging centre to direct your questions to us for a response.

If a response is not received by the RFI response deadline this will have no impact on your ability to tender for the opportunity in the future. UKHSA will not enter into contracts on the basis of replies to this RFI.  

Desc",UK Health Security Agency,,,GBP,2026-08-28,,planning,planning,38000000,https://www.contractsfinder.service.gov.uk/Notice/f890efff-d994-4608-bbb6-dcb5b2aae8cf-912417,2026-08-29T12:56:51.215959+00:00
Contracts Finder,ocds-b5fd17-d6a182a0-c717-48ad-93f5-2faae399b157_c8145dfb-d254-4fb5-b293-77bd1614d291-912415,Homecare Service Placement - ID5022705 - Lot 2,Homecare Service Placement - ID5022705 - Lot 2,Darlington Borough Council,,33429.76,GBP,2026-08-28,2026-08-27,award,complete,85000000,https://www.contractsfinder.service.gov.uk/Notice/c8145dfb-d254-4fb5-b293-77bd1614d291-912415,2026-08-29T12:56:51.216124+00:00
Contracts Finder,ocds-b5fd17-b7397b8b-5844-4c85-820a-08dca70ed2ff_929b59b1-4c9d-4b2b-b3c4-433c16df84b2-912413,Homecare Service Placement - ID5006783 - Lot 2,Homecare Service Placement - ID5006783 - Lot 2,Darlington Borough Council,,50377.6,GBP,2026-08-28,2026-08-23,award,complete,85000000,https://www.contractsfinder.service.gov.uk/Notice/929b59b1-4c9d-4b2b-b3c4-433c16df84b2-912413,2026-08-29T12:56:51.216362+00:00
Contracts Finder,ocds-b5fd17-7418a15f-cf6a-40e4-baf4-f8c3d8ee455d_7a044c00-86bb-457d-9010-cf11752f9b1b-912412,SIP Connections Renewal,Renewal of our SIP connections.,Cambridgeshire County Council,,60000.0,GBP,2026-08-28,2026-08-27,award,complete,48000000,https://www.contractsfinder.service.gov.uk/Notice/7a044c00-86bb-457d-9010-cf11752f9b1b-912412,2026-08-29T12:56:51.216549+00:00
Contracts Finder,ocds-b5fd17-4dbf03ea-1b5b-46c1-86d4-88bbb71aa8e8_21a5e498-5e73-4e1e-9f36-8891d840a688-912411,Homecare Service Placement - ID194858 - Lot 2,Homecare Service Placement - ID194858 - Lot 2,Darlington Borough Council,,38205.44,GBP,2026-08-28,2026-08-23,award,complete,85000000,https://www.contractsfinder.service.gov.uk/Notice/21a5e498-5e73-4e1e-9f36-8891d840a688-912411,2026-08-29T12:56:51.216719+00:00
Contracts Finder,ocds-b5fd17-66764268-b66c-4286-acba-c485ca9e85d5_f6557f98-17f5-4a8d-99d0-9e3c01e66885-912410,QOC939 2026-08-25 (0900) Beccles/Worlingham - Sense Centre Aldeby (6 seats and a PA) - AWARD,"Suffolk County Council is seeking a mini competition against the following Dynamic Purchasing System: `The supply of Passenger Transport Services`, OJEU Notice Id: 2018/S 031-067685.
      
      QOC939 2026-08-25 (0900) Beccles/Worlingham - Sense Centre Aldeby (6 seats and a PA)
      
      Further details can be found in the 'Tenders / My Tenders' area of this website, by selecting the 'View Details' button for this project.
      
      The deadline for returned submissions is 0900 on ",Suffolk County Council Passenger Transport,,,GBP,2026-08-28,2026-08-25,award,complete,60000000,https://www.contractsfinder.service.gov.uk/Notice/f6557f98-17f5-4a8d-99d0-9e3c01e66885-912410,2026-08-29T12:56:51.216882+00:00
Contracts Finder,ocds-b5fd17-fc5b8017-a09f-42a9-9fe1-4bd6feac5bfa_e3980984-544a-4273-9b14-0697ede37c92-912409,Provision of Miro Collaboration Tool Licenses - PS6560,Award of contract has been completed via CCS Framework. Award published for transparency. Contract is for the Provision of Miro Collaboration Tool Licenses.,DVLA - Driver & Vehicle Licensing Agency,,18988.6,GBP,2026-08-28,2026-07-20,award,complete,48000000,https://www.contractsfinder.service.gov.uk/Notice/e3980984-544a-4273-9b14-0697ede37c92-912409,2026-08-29T12:56:51.217048+00:00
Contracts Finder,ocds-b5fd17-bd9fe49f-2787-4a26-854a-358f13ae74b5_e17b38cd-578e-4eb8-9eba-8a28b58aa035-912408,Homecare Service Placement - ID5006847 - Lot 2,Homecare Service Placement - ID5006847 - Lot 2,Darlington Borough Council,,78798.72,GBP,2026-08-28,2026-08-23,award,complete,85000000,https://www.contractsfinder.service.gov.uk/Notice/e17b38cd-578e-4eb8-9eba-8a28b58aa035-912408,2026-08-29T12:56:51.217212+00:00
Contracts Finder,ocds-b5fd17-9ae616fd-58a9-4bfa-ab99-56957df40d4a_b12f6fc2-a503-42df-92ab-08771b6e1464-912407,YAS 52 2026_27 G4S Security System PPM Contract,"Continuation of Planned Preventative Maintenance agreement (PPM) for security systems - trustwide

Additional information: 
Continuation of PPM, rolling contract until re tendered - extended until December 2026.",Yorkshire Ambulance Service NHS Trust,34331.79,102995.37,GBP,2026-08-28,2026-03-31,award,complete,50610000,https://www.contractsfinder.service.gov.uk/Notice/b12f6fc2-a503-42df-92ab-08771b6e1464-912407,2026-08-29T12:56:51.217381+00:00
Contracts Finder,ocds-b5fd17-043645c9-c50a-48bd-983d-b497867485dd_0b1c9cf6-8b54-4edb-ad31-6ed7c5c7fff7-912406,Provision of a Portal Based Encryption for Email Service PS6698,Award of Contract has been completed via GCA framework. Award published for transparency.,DVLA - Driver & Vehicle Licensing Agency,,127198.41,GBP,2026-08-28,2026-07-23,award,complete,48000000,https://www.contractsfinder.service.gov.uk/Notice/0b1c9cf6-8b54-4edb-ad31-6ed7c5c7fff7-912406,2026-08-29T12:56:51.217558+00:00
Contracts Finder,ocds-b5fd17-5dea97a7-9633-454a-927b-57263a54fdde_03d77b61-de42-4a5c-aba0-f732576eb9a3-912405,Taxi and MPV (1-8 seats) Passenger Assistant - Taxi and MPV (1-8 seats) Passenger Assistant,"Tender details:

Vehicle type: Saloon 
Passenger Assistant Required: Yes - epilepsy trained

Proposed Taxi Route:
From:  TN39 4HZ
TN38 8DJ
To:  East Sussex College Hastings Station Plaza, TN34 1BA 
Frequency: Monday-Friday 
Daily School Time: 09:30-15:00

Comments for Operator:  
Pupil at TN38 8DJ travels Monday and Tuesday. Epilepsy trained PA required. 
Pupil at TN39 4HZ traveld Monday - Friday 12:30-16:15. Does not require a PA. 
Part-tine timetable to be confirmed This opportu",East Sussex County Council,,,GBP,2026-08-28,2026-09-02,tender,active,60000000,https://www.contractsfinder.service.gov.uk/Notice/03d77b61-de42-4a5c-aba0-f732576eb9a3,2026-08-29T12:56:51.217727+00:00
Contracts Finder,ocds-b5fd17-7fa5def5-5699-4c2c-9200-c1265c24cb5e_c7b394a8-7ecc-49ca-8c29-f71cbdb42f1b-912404,Homecare Service Placement - ID5011756 - Lot 1,Homecare Service Placement - ID5011756 - Lot 1,Darlington Borough Council,,71635.2,GBP,2026-08-28,2026-08-27,award,complete,85000000,https://www.contractsfinder.service.gov.uk/Notice/c7b394a8-7ecc-49ca-8c29-f71cbdb42f1b-912404,2026-08-29T12:56:51.217892+00:00
Contracts Finder,ocds-b5fd17-a318314e-edf8-4790-8897-cefab2fe8b4f_4defa9f0-729a-4dbc-8151-3bd8445cde37-912403,C468225 - Topographical and Tree Survey,"MHRA requires a topographical survey, tree survey and tree constraints plan for the site",Medicines and Healthcare Products Regulatory Agency,,28000.0,GBP,2026-08-28,2026-08-24,award,complete,71351810,https://www.contractsfinder.service.gov.uk/Notice/4defa9f0-729a-4dbc-8151-3bd8445cde37-912403,2026-08-29T12:56:51.218057+00:00
Contracts Finder,ocds-b5fd17-96a7e5df-0d4a-4de0-b076-83e49a7d1f3d_36af3d9e-a877-46fb-aec8-9f9f80fc51f9-912402,Homecare Service Placement - ID404144 - Lot 1,Homecare Service Placement - ID404144 - Lot 1,Darlington Borough Council,,33429.76,GBP,2026-08-28,2026-08-26,award,complete,85000000,https://www.contractsfinder.service.gov.uk/Notice/36af3d9e-a877-46fb-aec8-9f9f80fc51f9-912402,2026-08-29T12:56:51.218225+00:00
Contracts Finder,ocds-b5fd17-e0e1f572-6404-4bd2-be82-83457bbb16f7_433ceadc-7242-42b3-9726-33e25f3c84aa-912401,Procurement of London Borough of Hounslow - Phase II Development - Beaconsfield Close,"Design and Build of the following sites:
The works locations: 

•	Tivoli
•	Cedar
•	Becketts
•	Constable
•	Beaconsfield

This procurement is being run as a Further Competition under Lot 4 of SEC Construction and Development DPS .

This award notice is for Beaconsfield Close only.",HABINTEG HOUSING ASSOCIATION LIMITED,,2443324.39,GBP,2026-08-28,2025-12-19,award,complete,70111000,https://www.contractsfinder.service.gov.uk/Notice/433ceadc-7242-42b3-9726-33e25f3c84aa-912401,2026-08-29T12:56:51.218392+00:00
Contracts Finder,ocds-b5fd17-cb5f5809-84e9-4ec5-bfcf-9c2e724d629b_12786382-b887-46dd-b2c6-738c7fa0ef34-912399,Procurement of London Borough of Hounslow - Phase II Development  -  Tivoli Road,"Design and Build of the following sites:
The works locations: 

•	Tivoli
•	Cedar
•	Becketts
•	Constable
•	Beaconsfield
This procurement is being run as a Further Competition under Lot 4 of SEC Construction and Development DPS 

This award notice is for Tivoli Road only",HABINTEG HOUSING ASSOCIATION LIMITED,,2179047.64,GBP,2026-08-28,2025-12-19,award,complete,70111000,https://www.contractsfinder.service.gov.uk/Notice/12786382-b887-46dd-b2c6-738c7fa0ef34-912399,2026-08-29T12:56:51.218565+00:00
Contracts Finder,ocds-b5fd17-87f65130-008a-4855-9525-55c2d5b437e0_ee97bd23-0d51-4737-b5d5-bb47070eff54-912338,CSP26483 - Administrator,"***Please note this is an award notice, not a call for competition***

UK Research and Innovation have a requirement to bring in an administrator. This has been sourced via direct award against CCS RM6277 Non Clinical Staffing.",UK SHARED BUSINESS SERVICES LIMITED,,52054.38,GBP,2026-08-28,2026-04-28,awardUpdate,complete,79620000,https://www.contractsfinder.service.gov.uk/Notice/ee97bd23-0d51-4737-b5d5-bb47070eff54-912338,2026-08-29T12:56:51.218732+00:00
Contracts Finder,ocds-b5fd17-2d6ed686-c222-40a7-8c05-fc50e120f283_4adde6e6-5b42-451c-9c52-ee8e357a992b-912398,"2026-08-05 09:00 - QOC911 Haverhill to Compass Community School - Pembroke Park, Colchester, Essex - AWARD","Suffolk County Council is seeking a mini competition against the following Dynamic Purchasing System: `The supply of Passenger Transport Services`, OJEU Notice Id: 2018/S 031-067685.
      
      Haverhill to Compass Community School - Pembroke Park, Colchester, Essex. 
      
      Further details can be found in the 'Tenders / My Tenders' area of this website, by selecting the 'View Details' button for this project.
      
      The deadline for returned submissions is 09:00 Wednesday 5t",Suffolk County Council Passenger Transport,,,GBP,2026-08-28,2026-08-05,award,complete,60000000,https://www.contractsfinder.service.gov.uk/Notice/4adde6e6-5b42-451c-9c52-ee8e357a992b-912398,2026-08-29T12:56:51.218894+00:00
Contracts Finder,ocds-b5fd17-6c6a22e0-073f-491e-9073-1b5a8b9446f8_db796b1b-0bc8-4ffa-bc12-4a11db9b41b0-912339,CSP25451 - Administrator,"***Please note this is an award notice, not a call for competition***

UK Shared Business Services have a requirement to bring in an Administrator on a temporary basis. This has been sourced via direct award against CCS RM6277 Non Clinical Temporary and Fixed Term Staff Framework.

Original Contract Date - 12/09/2025 - 31/12/2025
Variation 001 - 01/01/2026 - 30/06/2026
Variation 002 - 01/07/26 - 31/12/2026",UK SHARED BUSINESS SERVICES LIMITED,,58779.6,GBP,2026-08-28,2025-10-08,awardUpdate,complete,79620000,https://www.contractsfinder.service.gov.uk/Notice/db796b1b-0bc8-4ffa-bc12-4a11db9b41b0-912339,2026-08-29T12:56:51.219123+00:00
Contracts Finder,ocds-b5fd17-7b1374ff-8d93-4bc4-84ef-0cfd68b0061d_1bceff45-7ac2-4ce8-baa5-9fcfe4c2909a-912393,Procurement of London Borough of Hounslow - Phase II Development - Constable Gardens,"Design and Build of the following sites:
The works locations: 

•	Tivoli
•	Cedar
•	Becketts
•	Constable
•	Beaconsfield

This procurement is being run as a Further Competition under Lot 4 of SEC Construction and Development DPS .

This award notice is for Constable Gardens only",HABINTEG HOUSING ASSOCIATION LIMITED,,2736708.89,GBP,2026-08-28,2025-12-19,award,complete,70111000,https://www.contractsfinder.service.gov.uk/Notice/1bceff45-7ac2-4ce8-baa5-9fcfe4c2909a-912393,2026-08-29T12:56:51.219293+00:00
Contracts Finder,ocds-b5fd17-bb798d6a-b267-4fea-b0c8-d512fc90f6cf_2dbd8348-0816-4823-9978-2cb398013c61-912395,UKRI-4944 Security Maintenance for STFC,"Security CCTV Monitoring Maintenance and Access Control Maintenance, Call Off Reactive, Remedial and Project Works.",UK Research and Innovation,,1800000.0,GBP,2026-08-28,2026-06-15,award,complete,50610000,https://www.contractsfinder.service.gov.uk/Notice/2dbd8348-0816-4823-9978-2cb398013c61-912395,2026-08-29T12:56:51.219470+00:00
Contracts Finder,ocds-b5fd17-bff80559-03b2-4c5b-ad93-c13bbfdb8c98_779df645-4bc5-4813-b8fe-a7da345e1a9a-912392,"QBR088 2026-08-26 (0900) Lowestoft - Warren Lodge, Beccles (4 seats and a PA) - AWARD","Suffolk County Council is seeking a mini competition against the following Dynamic Purchasing System: `The supply of Passenger Transport Services`, OJEU Notice Id: 2018/S 031-067685.
      
      QBR088 2026-08-26 (0900) Lowestoft - Warren Lodge, Beccles (4 seats and a PA)
      
      Further details can be found in the 'Tenders / My Tenders' area of this website, by selecting the 'View Details' button for this project.
      
      The deadline for returned submissions is 0900 on 26/08/2",Suffolk County Council Passenger Transport,,,GBP,2026-08-28,2026-08-26,award,complete,60000000,https://www.contractsfinder.service.gov.uk/Notice/779df645-4bc5-4813-b8fe-a7da345e1a9a-912392,2026-08-29T12:56:51.219634+00:00
Contracts Finder,ocds-b5fd17-c901239e-bfc9-4aad-b30a-d0fe5cc5209b_e5aaa8d6-6bec-40ec-9c43-eeeb9f623011-912387,Telephony services,"Norfolk County Council was seeking a telephony provider to deliver Microsoft Teams Direct Routing (or equivalent) connectivity across two tenants, including SIP trunking, DDI number porting and management, and support for non-geographic numbers and number delivery into our existing contact centre platform.

This will include advanced call management and routing via a secure customer portal, including management of non-geographic and DDI ranges, along with Teams analytics and compliance recordi",NORFOLK COUNTY COUNCIL,,255603.92,GBP,2026-08-28,2026-07-08,award,complete,64200000,https://www.contractsfinder.service.gov.uk/Notice/e5aaa8d6-6bec-40ec-9c43-eeeb9f623011-912387,2026-08-29T12:56:51.219802+00:00
Contracts Finder,ocds-b5fd17-77ef77c7-e47e-4d5a-8d83-0b8870db4052_7f5b8eac-8074-4365-b9ac-bd0f45e5f342-912386,"QSB191 0900 2026-08-27 Bury St Edmunds - Mendlesham primary school, Mendlesham (4-seated vehicle and a PA required) - AWARD","Suffolk County Council is seeking a mini competition against the following Dynamic Purchasing System: `The supply of Passenger Transport Services`, OJEU Notice Id: 2018/S 031-067685.
      
      QSB191 0900 2026-08-27 Bury St Edmunds - Mendlesham primary school, Mendlesham (4-seated vehicle and a PA required)
      
      Further details can be found in the 'Tenders / My Tenders' area of this website, by selecting the 'View Details' button for this project.
      
      The deadline for r",Suffolk County Council Passenger Transport,,,GBP,2026-08-28,2026-08-27,award,complete,60000000,https://www.contractsfinder.service.gov.uk/Notice/7f5b8eac-8074-4365-b9ac-bd0f45e5f342-912386,2026-08-29T12:56:51.219968+00:00
Contracts Finder,ocds-b5fd17-d914e4bd-c140-4471-98e8-f7f86b16efef_26dc00b7-7888-48a9-8ef8-f20a1304f170-912385,Taxi and MPV (1-8 seats) Passenger Assistant - Taxi and MPV (1-8 seats) Passenger Assistant,"Vehicle type: 4 seater
Passenger Assistant Required: PA required

Proposed Taxi Route: 
From: BN27 3QG
To: All Saints Primary School, TN39 5HA
Frequency: Monday to Friday
Daily School Time: Mon - Fri 08:45-15:00

Comments for Operator: 
PA required. Asthma - Blue inhaler. Never had an asthma attack as of March 2026 so has never been used in an emergency to date
 This opportunity has been distributed on SProc.net",East Sussex County Council,,,GBP,2026-08-28,2026-08-27,award,complete,60000000,https://www.contractsfinder.service.gov.uk/Notice/26dc00b7-7888-48a9-8ef8-f20a1304f170-912385,2026-08-29T12:56:51.220128+00:00
