source,notice_id,title,description,organisation,value_low,value_high,currency,published_date,deadline,notice_type,status,cpv_codes,url,scraped_at
FTS,ocds-h6vhtk-0781d6_094338-2026,Southern Water Customer Services RFI,Services and technology to support customer services ,Southern Water Services Limited,,0.0,GBP,2026-10-06,,planning,planning,,https://www.find-tender.service.gov.uk/Notice/094338-2026,2026-10-06T13:53:32.037706+00:00
FTS,ocds-h6vhtk-0781d5_094337-2026,HPFT- GP Support LPH,HPFT- GP Support LPH,Hertfordshire Partnership University NHS Foundation Trust,,,GBP,2026-10-06,,award,complete,85121100,https://www.find-tender.service.gov.uk/Notice/094337-2026,2026-10-06T13:53:32.037746+00:00
FTS,ocds-h6vhtk-0781d4_094336-2026,CINAHL Ultimate,CINAHL Ultimate -UoB,University of Bedfordshire,,,GBP,2026-10-06,,award,complete,,https://www.find-tender.service.gov.uk/Notice/094336-2026,2026-10-06T13:53:32.037753+00:00
FTS,ocds-h6vhtk-06fab8_094335-2026,"Supply, Delivery, Installation, Removal and Re-siting of Bus Shelters","This opportunity is for the appointment to a Framework Agreement with a Single Party for the Supply, Delivery, Installation, Removal and Re-siting of Bus Shelters throughout the Falkirk area.",Falkirk Council,,,GBP,2026-10-06,,tenderUpdate,,44212321,https://www.find-tender.service.gov.uk/Notice/094335-2026,2026-10-06T13:53:32.037759+00:00
FTS,ocds-h6vhtk-06725e_094334-2026,Armoured Vehicle Inspections and Repairs Services Framework,"The Authority intends to establish a four-year Framework Agreement comprising two Lots for the provision of inspection, maintenance, and repair services for the overseas Civilian Armoured Vehicle (CAV) fleet managed by FCDO Services.
Services will be delivered within defined geographic regions:
Lot 1: Ukraine, Middle East and Africa.
Lot 2: Americas, Europe and Asia-Pacific.
Each operational CAV within the global fleet is required to undergo an independent inspection and service at intervals of ",FCDO Services,,,GBP,2026-10-06,,award,complete,,https://www.find-tender.service.gov.uk/Notice/094334-2026,2026-10-06T13:53:32.037764+00:00
FTS,ocds-h6vhtk-077a41_094333-2026,Multi Use Games Areas and Outdoor Gyms,To procure a contractor for Fisherton Outdoor Community Gym and Playground Refurbishment.,Westminster City Council,,,GBP,2026-10-06,2026-10-29,tenderUpdate,active,,https://www.find-tender.service.gov.uk/Notice/094333-2026,2026-10-06T13:53:32.037769+00:00
FTS,ocds-h6vhtk-05195f_094332-2026,Total Facilities Management,"Essex County Council (""the Authority"") sought to procure a strategic supplier to deliver Total Facilities Management (TFM) services across its sites within the Greater Essex area. The successful supplier will be responsible for the integrated delivery of both Hard and Soft FM services, Business Services, as well as Programme Office & Works, supporting the Authority's ambition to modernise, improve service quality, and drive value across its estate.
Scope of Services including but not limited to:",Essex County Council,,,GBP,2026-10-06,,award,complete,,https://www.find-tender.service.gov.uk/Notice/094332-2026,2026-10-06T13:53:32.037774+00:00
FTS,ocds-h6vhtk-0781c1_094331-2026,COP31 UK Pavilion and Delegation Offices,"The COP 31 event is being held in Antalya, Turkey from 9th to 20th November 2026. The exclusive COP 31 host country, Republic of Turkey (“Turkey”) has appointed YRD Istanbul Advertising and Consulting Inc. (“YRD”) as the official sub-contractor for operating the Blue and Green Zones at COP 31.  
DESNZ is organising the UK's presence at COP 31 and needs to procure certain services in respect of its pavilion in the Blue Zone such as heating, design and build, construction, fit-out, furniture renta",Department for Energy Security & Net Zero,,,GBP,2026-10-06,,award,complete,,https://www.find-tender.service.gov.uk/Notice/094331-2026,2026-10-06T13:53:32.037788+00:00
FTS,ocds-h6vhtk-06fab8_094330-2026,"Supply, Delivery, Installation, Removal and Re-siting of Bus Shelters","This opportunity is for the appointment to a Framework Agreement with a Single Party for the Supply, Delivery, Installation, Removal and Re-siting of Bus Shelters throughout the Falkirk area.",Falkirk Council,,,GBP,2026-10-06,,tenderUpdate,,44212321,https://www.find-tender.service.gov.uk/Notice/094330-2026,2026-10-06T13:53:32.037794+00:00
FTS,ocds-h6vhtk-0781b6_094329-2026,"COP31 Istanbul Blue Zone Pavilion, Delegation Offices and Booths Booking","Signing the Blue Zone Pavilions and Delegations Offices Booking Form (“Booking Form”) with the Republic of Türkiye's Ministry of Environment, Urbanization & Climate Change for booking COP31 Blue Zone space for the Department for Energy Security and Net Zero (“DESNZ”) at COP 31 event.  
The event will be held at the Antalya EXPO Expo Centre, Türkiye, from 9th to 20th November 2026.",Department for Energy Security & Net Zero,,,GBP,2026-10-06,,award,complete,,https://www.find-tender.service.gov.uk/Notice/094329-2026,2026-10-06T13:53:32.037800+00:00
FTS,ocds-h6vhtk-04f981_094328-2026,"Care and Support Services, Carlton Dene Extra Care Housing","Westminster City Council requires a high-quality personalised Care and Support Service at Carlton Dene Extra Care Housing; Carlton Dene is a new development, which will be ready for handover in March 2026 so that the new service can be delivered from April 2026.
The Carlton Dene building supports a variety of care and wellbeing services, including:
•	65 Extra Care Housing Units
•	Resident Lounge 
•	Staff Areas
•	Cafe Space (on-site but not part of the Contract)
•	Hairdressers and Therapy Space (",Westminster City Council,,,GBP,2026-10-06,,award,complete,,https://www.find-tender.service.gov.uk/Notice/094328-2026,2026-10-06T13:53:32.037805+00:00
FTS,ocds-h6vhtk-0781ca_094327-2026,LUF Bulwell Town Centre Scheme,"Nottingham City Council is seeking to appoint a contractor to deliver the design, pre-construction and construction services associated with Bulwell Town Centre Improvements.
The works comprises all associated building works, mechanical and electrical installations, external works, commissioning and handover requirements.
The Authority intends to procure the works through the SCAPE National Construction Framework in accordance with the Public Contracts Regulations 2015.",Nottingham City Council,,,GBP,2026-10-06,,tenderUpdate,,45000000,https://www.find-tender.service.gov.uk/Notice/094327-2026,2026-10-06T13:53:32.037812+00:00
FTS,ocds-h6vhtk-05a8d1_094326-2026,Care & Repair Open Framework,"Open Framework procured for Peterborough City Council in accordance with the Procurement Act 2023, for the provision of adaptations including extensions, internal alterations, level access showering facilities and associated works in domestic properties; The installation of minor aids and adaptations in domestic properties.
The overall aim of the works specified within the Care and Repair Open Framework Agreement is to assist and support elderly, vulnerable and disabled local residents (adults a",Peterborough City Council,,,GBP,2026-10-06,,award,complete,,https://www.find-tender.service.gov.uk/Notice/094326-2026,2026-10-06T13:53:32.037819+00:00
FTS,ocds-h6vhtk-068952_094325-2026,Provision of a fully supported Student Management System,SRUC is seeking to implement a fully supported Software as a Service (SaaS) solution that will replace our existing Student Management System and deliver strategic and operational benefits across our undergraduate and post-graduate Teaching activities.,SRUC,,,GBP,2026-10-06,,award,complete,48000000,https://www.find-tender.service.gov.uk/Notice/094325-2026,2026-10-06T13:53:32.037824+00:00
FTS,ocds-h6vhtk-0781d3_094324-2026,EDUCATIONAL SUPPORT SUPERVISORS,"Health Education and Improvement Wales (HEIW) is a Special Health Authority within NHS Wales which has a leading role in the education, training, development, and shaping of the healthcare workforce in Wales, whilst supporting high-quality care for the people of Wales.
HEIW requires the onboarding of Educational Supervisors via the Bloom NEPRO3 framework to facilitate delivery of post-registration programmes and credentialing models of approach for pharmacist registrants to achieve RCPharm enhan",Health Education and Improvement Wales (HEIW),,,GBP,2026-10-06,,award,complete,80000000,https://www.find-tender.service.gov.uk/Notice/094324-2026,2026-10-06T13:53:32.037830+00:00
FTS,ocds-h6vhtk-0781d2_094323-2026,*Pre-Market Engagement* - PEACEPLUS ASPIRE - Facilitation of Educator Professional Learning Modules,The scope of this tender is to appoint a range of training providers that will work in partnership with the PEACEPLUS ASPIRE Shared Education Project to deliver a suite of training modules over the period on a basis determined by the PEACEPLUS ASPIRE Team. The timeframe for delivery of these modules will be a period of 24 months from 1st January 2027 to 31st December 2028. There may exist a future possibility of extension beyond this timeframe subject to funder resource and approval. Lots The fr,The Education Authority,,500000.0,GBP,2026-10-06,,planning,planning,,https://www.find-tender.service.gov.uk/Notice/094323-2026,2026-10-06T13:53:32.037835+00:00
FTS,ocds-h6vhtk-0781d1_094322-2026,M53 Clatterbridge N&S - Deck Replacement - BT Openreach,Service diversion allows the replacement of the central deck. Thereby increasing the lifespan of the structure (instead of full bridge replacement).,National Highways Limited,,,GBP,2026-10-06,,award,complete,,https://www.find-tender.service.gov.uk/Notice/094322-2026,2026-10-06T13:53:32.037839+00:00
FTS,ocds-h6vhtk-0781d0_094321-2026,First Aid Unit Chipping Norton,"NHS Thames Valley ICB (""the Commissioner"") is commissioning a First Aid Unit in Chipping Norton
The service will provide medical or non-medical practitioner led assessment, triage, and treatment to patients at premises in Chipping Norton who require immediate treatment of minor illness and injuries. 
Thames Valley ICB has followed PSR Direct Award C for the contract to which this notice relates.",NHS THAMES VALLEY INTEGRATED CARE BOARD,,,GBP,2026-10-06,,award,complete,85100000,https://www.find-tender.service.gov.uk/Notice/094321-2026,2026-10-06T13:53:32.037845+00:00
FTS,ocds-h6vhtk-0781cf_094320-2026,Community Ophthalmology Triage Service,"NHS Thames Valley ICB (""the Commissioner"") is commissioning a Community Ophthalmology Triage Service Community Ophthalmology service currently covering the East Berkshire geography but potentially expanding across the Thames Valley ICB footprint- Ophthalmology triage service diagnosing and prioritising specific ophthalmic conditions, which do not require treatment in secondary care, but beyond the core Primary Care Contract. Thames Valley ICB has followed PSR Direct Award C for the contract to w",NHS THAMES VALLEY INTEGRATED CARE BOARD,,,GBP,2026-10-06,,award,complete,85121281,https://www.find-tender.service.gov.uk/Notice/094320-2026,2026-10-06T13:53:32.037849+00:00
FTS,ocds-h6vhtk-0781ce_094319-2026,Community Ophthalmology Eye Casualty Service,"NHS Thames Valley ICB (""the Commissioner"") is commissioning a Community Ophthalmology Eye Casualty Service.
A Community Ophthalmology service covering the East Berkshire geography and specifically an Eye Care Casualty Clinic based within the King Edward VII Hospital treating ophthalmic conditions post-triage, which do not require treatment in secondary care, but beyond the core Primary Care Contract.
Thames Valley ICB has followed PSR Direct Award C for the contract to which this notice relates.",NHS THAMES VALLEY INTEGRATED CARE BOARD,,,GBP,2026-10-06,,award,complete,85121281,https://www.find-tender.service.gov.uk/Notice/094319-2026,2026-10-06T13:53:32.037853+00:00
FTS,ocds-h6vhtk-0781cd_094318-2026,"Oxfordshire Fire & Rescue Service, Fire Station Broadway, Didcot",Connection upgrade at title. Quote accepted from regional electrical infrastructure provider.,Oxfordshire County Council,,,GBP,2026-10-06,,award,complete,,https://www.find-tender.service.gov.uk/Notice/094318-2026,2026-10-06T13:53:32.037857+00:00
FTS,ocds-h6vhtk-0781cc_094317-2026,Grass Cutting Contract,"Provision of rural grass cutting in the Parish of Kemble and Ewen. The contract is for 3 years, from March 2027 until the end of October 2029. Areas to be cut are highlighted on the map and consist of various grass roadside verges in Kemble and Ewen, West Hay Green, Churchyard, Cemetery, Windmill Park playing field/playground in Kemble along with Pear Tree Cottage to Parkers Bridge and Windmill Park permissive paths
To accurately assess the areas to be cut, the Parish Council strongly suggest po",Kemble & Ewen Parish Council,,30000.0,GBP,2026-10-06,2026-11-03,tender,active,,https://www.find-tender.service.gov.uk/Notice/094317-2026,2026-10-06T13:53:32.037864+00:00
FTS,ocds-h6vhtk-0781cb_094316-2026,MW2515 Harrowden Court Fire Works Phase 1,"Firestopping of redundant access hatches, fire stopping to the perimeter of the existing flat entrance door frames and the installation of internal FD30S door sets to the kitchen area of a block of flats at Harrowden Court, Harrowden Road, Luton, Bedfordshire, LU2 0SR.
For more information about this opportunity, please visit the eSourcing portal at: 
https://www.delta-esourcing.com/tenders/UK-UK-Dorchester:-Fire-doors./67H57J3E39
To respond to this opportunity, please click here: 
https://www.d",Hastoe Housing Association,,50000.0,GBP,2026-10-06,2026-11-06,tender,active,,https://www.find-tender.service.gov.uk/Notice/094316-2026,2026-10-06T13:53:32.037868+00:00
FTS,ocds-h6vhtk-0781ca_094315-2026,LUF Bulwell Town Centre Scheme,"Nottingham City Council is seeking to appoint a contractor to deliver the design, pre-construction and construction services associated with Bulwell Town Centre Improvements.
The works comprises all associated building works, mechanical and electrical installations, external works, commissioning and handover requirements.
The Authority intends to procure the works through the SCAPE National Construction Framework in accordance with the Public Contracts Regulations 2015.",Nottingham City Council,,,GBP,2026-10-06,2026-10-07,tender,active,45000000,https://www.find-tender.service.gov.uk/Notice/094315-2026,2026-10-06T13:53:32.037873+00:00
FTS,ocds-h6vhtk-0777c3_094314-2026,ID 6617419 Department of Finance Departmental Solicitors Office DSO Legal Case Management System,"The Department of Finance, Department Solicitors Office (DSO) is currently preparing to initiate a procurement process to establish a contract with a Supplier to provide a Case Management System.  The potential scale and scope of this service is such that it offers a significant opportunity to bidders. Prior to initiating the procurement DSO wishes to establish the level of market interest in participating in the procurement process.",Department of Finance,,1.0,GBP,2026-10-06,,planningUpdate,planning,,https://www.find-tender.service.gov.uk/Notice/094314-2026,2026-10-06T13:53:32.037877+00:00
FTS,ocds-h6vhtk-0781c9_094313-2026,Design Supply and install Junior Play Area - Kynaston Rd,"Tenders are invited for the refurbishment of the existing play at Kynaston Road, Shrewsbury SY1 3JR
Background
A list of essential equipment is stated in this document and includes inclusive play equipment for all abilities from the ages of 6 through to 12, (see individual site specifications).
The main objectives of the project are to:
(i)	Improve the variety of play equipment on site 
(ii)	Increase playing space on the site 
(iii)	Provide residents with a safe place to play
Budget
An estimated",Shrewsbury Town Council,,85000.0,GBP,2026-10-06,2026-11-20,tender,active,,https://www.find-tender.service.gov.uk/Notice/094313-2026,2026-10-06T13:53:32.037882+00:00
FTS,ocds-h6vhtk-06f5d0_094312-2026,Hartpury University & Hartpury College of Further Education - Total Waste Management Services,"Hartpury wishes:
•	To pursue sustainable waste management solutions by promoting best practice and applying the waste hierarchy
•	To manage waste costs where possible through: generating an income from its waste materials, utilising segregated waste management systems to ensure long term sustainability of its waste management practices and innovation where possible.
•	To ensure waste management collection systems are flexible and easy to communicate to allow for changes in the waste industry and",Hartpury College,,600000.0,GBP,2026-10-06,2026-10-22,tenderUpdate,active,,https://www.find-tender.service.gov.uk/Notice/094312-2026,2026-10-06T13:53:32.037886+00:00
FTS,ocds-h6vhtk-06f666_094311-2026,Pope Paul Catholic Primary School,"Important Notice:
This Contract Award relates to a two-stage public works contract and confirms that a Pre-Construction Services Agreement (PCSA) has been awarded under Construction Framework CF25 [2025/S 000-080063] for the design and build/refurbishment of Pope Paul Catholic Primary School. The contract price and expiry date stated herein are provisional and subject to confirmation following completion of design development and final agreement of the Works under a JCT Design and Build contract",Department for Education,,,GBP,2026-10-06,,award,complete,,https://www.find-tender.service.gov.uk/Notice/094311-2026,2026-10-06T13:53:32.037891+00:00
FTS,ocds-h6vhtk-0781c8_094310-2026,Business Source Ultimate,Business Source Ultimate-UoB,University of Bedfordshire,,,GBP,2026-10-06,,award,complete,,https://www.find-tender.service.gov.uk/Notice/094310-2026,2026-10-06T13:53:32.037895+00:00
FTS,ocds-h6vhtk-0781b5_094309-2026,Identifying and Mapping Priority Freshwater Habitats,"Natural England is commissioning the Freshwater Habitats Trust (FHT) to deliver a programme of work to identify, map and verify priority freshwater habitats, with a particular focus on ponds and headwater streams that are currently underrepresented within existing habitat inventories. The project will utilise a combination of habitat modelling, remote sensing, field survey techniques, citizen science and specialist ecological expertise to improve the quality, coverage and accessibility of freshw",NATURAL ENGLAND,,,GBP,2026-10-06,,award,complete,,https://www.find-tender.service.gov.uk/Notice/094309-2026,2026-10-06T13:53:32.037899+00:00
FTS,ocds-h6vhtk-0781c7_094308-2026,FDI- Assessment of FED doors on Barbican,FDI- Assessment of FED doors on Barbican - Direct Award,The Mayor and Commonalty and Citizens of the City of London,,,GBP,2026-10-06,,award,complete,,https://www.find-tender.service.gov.uk/Notice/094308-2026,2026-10-06T13:53:32.037903+00:00
FTS,ocds-h6vhtk-0781c6_094307-2026,Board Development Programme,2026/27 Board Development programme to include whole Board and Exec only development across the full year (up to March 2027),The Christie NHS Foundation Trust,,,GBP,2026-10-06,,award,complete,,https://www.find-tender.service.gov.uk/Notice/094307-2026,2026-10-06T13:53:32.037909+00:00
FTS,ocds-h6vhtk-0781c5_094306-2026,Upgrade of the Flask loading door,Upgrade of the Flask loading door to compliant interlocked internal sliding door of the milling machine that is a crucial machine to support the maintenance of Nuclear fuel flasks.,Sellafield Limited,,,GBP,2026-10-06,,award,complete,,https://www.find-tender.service.gov.uk/Notice/094306-2026,2026-10-06T13:53:32.037915+00:00
FTS,ocds-h6vhtk-0781c4_094305-2026,Land-Based Operational Training and Assessment Services,"To provide training to Parks + Countryside and Wirral Evolutions Staff in safe use of horticultural equipment such as chainsaws, strimmers, sprayers, stump grinders, and driving tractors.",Wirral Council,,150000.0,GBP,2026-10-06,2026-10-30,tender,active,,https://www.find-tender.service.gov.uk/Notice/094305-2026,2026-10-06T13:53:32.037919+00:00
FTS,ocds-h6vhtk-05cee8_094304-2026,Provision of Insurance and Related Services to Havebury Housing Partnership,"Havebury Housing Partnership are looking to appoint one or more providers to deliver their Insurance and related services for Property, legal liability and other general (non-life) insurable risks.  
The programme will require Insurance and related services for risks that may include but not be limited to: property damage and business interruption, employers, public, products and property owners liability, business combined/office, money, all risks, computer, contract works, group personal accid",Havebury Housing Partnership,,,GBP,2026-10-06,,award,complete,,https://www.find-tender.service.gov.uk/Notice/094304-2026,2026-10-06T13:53:32.037924+00:00
FTS,ocds-h6vhtk-06a1f3_094303-2026,Asbestos Consultancy,"Provision of Asbestos Consultancy Services, including but not limited to surveying, analytical work, data collection (eg air monitoring and clearance testing), and provision of reports to customers.
A separate Asbestos Removal framework exists, and customers must have the right/license to use any data and/or reports produced to inform and instruct asbestos removal contractors.
It is intended the framework will be available to members of the following Participating Consortia -
NEUPC (PPON - PVTM-",NEUPC LTD,,10000000.0,GBP,2026-10-06,,planning,planned,,https://www.find-tender.service.gov.uk/Notice/094303-2026,2026-10-06T13:53:32.037928+00:00
FTS,ocds-h6vhtk-0781c3_094302-2026,BACS Bureau Support for NWL Trusts,"North West London Procurement Services (NWLPS) is undertaking a major transformation programme that will see multiple NHS organisations transition to a common Oracle Fusion Cloud Enterprise Resource Planning (ERP) platform and shared services operating model over a two-year implementation period. As part of this programme, NWLPS aims to standardise supplier and payroll payment processing across participating organisations.",Central London Community Healthcare NHS Trust,,500000.0,GBP,2026-10-06,,planning,planning,,https://www.find-tender.service.gov.uk/Notice/094302-2026,2026-10-06T13:53:32.037932+00:00
FTS,ocds-h6vhtk-0781b7_094301-2026,Wyre Council Asset Valuation and Financial Reporting,"The Council's property portfolio comprises approximately:
62 Operational Land and Building assets.
67 Investment Property assets.
The Council requires property valuation services in accordance with all relevant accounting, financial reporting and valuation standards to support the preparation of its annual Statement of Accounts.
The successful provider shall deliver a consistent, proportionate and robust valuation service throughout the contract term, ensuring continuity of methodology, reportin",Wyre Borough Council,,,GBP,2026-10-06,,award,complete,,https://www.find-tender.service.gov.uk/Notice/094301-2026,2026-10-06T13:53:32.037936+00:00
FTS,ocds-h6vhtk-077948_094300-2026,"Statutory Servicing, Reactive and Remedial Works Framework","Framework for statutory servicing, reactive and remedial works comprising 22 Lots.",Gloucestershire County Council-,,9000000.0,GBP,2026-10-06,2026-10-28,tenderUpdate,active,,https://www.find-tender.service.gov.uk/Notice/094300-2026,2026-10-06T13:53:32.037940+00:00
FTS,ocds-h6vhtk-0781c2_094299-2026,Vertical Ballscrew replacement,Vertical Ballscrew replacement to support maintenance of nuclear fuel flasks.,Sellafield Limited,,,GBP,2026-10-06,,award,complete,,https://www.find-tender.service.gov.uk/Notice/094299-2026,2026-10-06T13:53:32.037943+00:00
FTS,ocds-h6vhtk-0781c1_094298-2026,COP31 UK Pavilion and Delegation Offices,"The COP 31 event is being held in Antalya, Turkey from 9th to 20th November 2026. The exclusive COP 31 host country, Republic of Turkey (“Turkey”) has appointed YRD Istanbul Advertising and Consulting Inc. (“YRD”) as the official sub-contractor for operating the Blue and Green Zones at COP 31.  
DESNZ is organising the UK's presence at COP 31 and needs to procure certain services in respect of its pavilion in the Blue Zone such as heating, design and build, construction, fit-out, furniture renta",Department for Energy Security & Net Zero,,,GBP,2026-10-06,,award,complete,,https://www.find-tender.service.gov.uk/Notice/094298-2026,2026-10-06T13:53:32.037948+00:00
FTS,ocds-h6vhtk-0604de_094297-2026,TENDER FOR HEADSTONE SAFETY STABILISATION,Repairs of Headstone Memorials within numerous cemeteries throughout the City of Dundee.,Dundee City Council,,,GBP,2026-10-06,,award,complete,98371111,https://www.find-tender.service.gov.uk/Notice/094297-2026,2026-10-06T13:53:32.037954+00:00
FTS,ocds-h6vhtk-06881f_094296-2026,ITT 03/2026 - Biannual Service of oil-fired Boilers and Emergency Breakdown Cover,"Newry, Mourne and Down District Council (the Council) has 42 buildings which rely in part or in whole on the efficient running of an oil-fired boiler system for the provision of the facilities hot water requirements.  To ensure the effective and efficient running of these systems the Council engages with a competent contractor to undertake biannual inspection/servicing of each of the oil boiler systems (boiler, pump, pipelines and storage tank).  The Council also engages the same contractor to p","Newry, Mourne and Down District Council (NMD)",,,GBP,2026-10-06,,award,complete,,https://www.find-tender.service.gov.uk/Notice/094296-2026,2026-10-06T13:53:32.037958+00:00
FTS,ocds-h6vhtk-0781a8_094295-2026,Kings Langley Cleaning Tender,"Kings Langley School is a co-educational Secondary School in Kings Langley, Hertfordshire WD4 9HN. It has 1,126 students between the ages of 11 and 18 on roll and there are 125 teaching and support staff. The administrative offices, currently delivered as part of a standalone cleaning contract.
The School is undertaking this procurement to appoint an experienced cleaning partner to deliver a consistently high standard of cleaning from 1st April 2027. The Contract will be for an initial three-yea",KINGS LANGLEY SCHOOL,,1015000.0,GBP,2026-10-06,,tenderUpdate,active,,https://www.find-tender.service.gov.uk/Notice/094295-2026,2026-10-06T13:53:32.037962+00:00
FTS,ocds-h6vhtk-0781c0_094294-2026,Homeswapper software,provision of home swapper software services,mhs homes group,,,GBP,2026-10-06,,award,complete,,https://www.find-tender.service.gov.uk/Notice/094294-2026,2026-10-06T13:53:32.037965+00:00
FTS,ocds-h6vhtk-0781bf_094293-2026,Food and Green Waste Treatment,"Oxfordshire County Council (OCC) is undertaking preliminary market engagement to inform its future procurement strategy for the treatment and recycling of food waste and green (garden) waste arising within Oxfordshire.
The Council currently utilises a combination of anaerobic digestion (AD), windrow composting and in-vessel composting (IVC) facilities under existing contractual arrangements. Current arrangements expire in November 2029 and the Council is considering options for future service de",Oxfordshire County Council,,,GBP,2026-10-06,,planning,planning,,https://www.find-tender.service.gov.uk/Notice/094293-2026,2026-10-06T13:53:32.037971+00:00
FTS,ocds-h6vhtk-0781be_094292-2026,Microsoft 365 Copilot EDU Add-on,Microsoft 365 Copilot EDU Add-on - direct award,The Mayor and Commonalty and Citizens of the City of London,,,GBP,2026-10-06,,award,complete,,https://www.find-tender.service.gov.uk/Notice/094292-2026,2026-10-06T13:53:32.037975+00:00
FTS,ocds-h6vhtk-0781bd_094291-2026,Delivery of a Greater Manchester-wide Young Onset Dementia Admiral Nurse,"This proposal forms part of a Greater Manchester wide funding arrangement to support delivery of a Young Onset Dementia Admiral Nurse service. Each participating local authority will contribute £7,000 per year over a three year period. The total annual cost of the service is £70,000. Where fewer than ten Greater Manchester local authorities participate, any shortfall in the annual funding requirement will be met by Dementia UK through its charitable reserves, ensuring continuity of service deliv",Rochdale Borough Council,,,GBP,2026-10-06,,award,complete,,https://www.find-tender.service.gov.uk/Notice/094291-2026,2026-10-06T13:53:32.037979+00:00
FTS,ocds-h6vhtk-06eea0_094290-2026,WINDOWS & DOORS PROGRAMME 2026/27,Mae Grŵp Cynefin wrthi’n gwahodd tendrau ar gyfer ailosod ffenestri a drysau ar draws ei stoc tai | Grŵp Cynefin is currently inviting tenders for the replacement of windows and doors across its housing stock,Grwp Cynefin,,,GBP,2026-10-06,,award,complete,,https://www.find-tender.service.gov.uk/Notice/094290-2026,2026-10-06T13:53:32.037982+00:00
FTS,ocds-h6vhtk-0781bc_094289-2026,AI Powered Skills Training Software,Software system using VR technology for University students to engage in role plays via an immersive platform providing real world scenarios.,CANTERBURY CHRIST CHURCH UNIVERSITY,,,GBP,2026-10-06,,award,complete,,https://www.find-tender.service.gov.uk/Notice/094289-2026,2026-10-06T13:53:32.037986+00:00
FTS,ocds-h6vhtk-0781bb_094288-2026,"TENDER FOR DESIGN, AND DELIVERY OF YOUTH DRAMA PROGRAMME","The Youth Drama Programme is a cross-border, cross-community peace-building initiative for 90 young people aged 16–21 years, delivered in three tranches of 30 participants between 1 December 2026 and 31 March 2028. The programme is designed to bring together young people from communities across the border region to develop meaningful relationships, increase understanding of different backgrounds and identities, and build confidence through shared creative experiences. Participants will take part",Fermanagh and Omagh District Council,,87600.0,GBP,2026-10-06,2026-10-28,tender,active,,https://www.find-tender.service.gov.uk/Notice/094288-2026,2026-10-06T13:53:32.037990+00:00
FTS,ocds-h6vhtk-0781ba_094287-2026,LCRCA Authority Chamber Audio Visual and Webcasting Refresh,"Liverpool City Region Combined Authority is embarking on a refresh of the Authority Chamber Audio-Visual Equipment.
The current solution was installed initially in 2018 and then further refreshed in 2022. We require a complete review and overhaul of the existing suite of equipment to provide a more modern and flexible solution, that will meet the organisation's requirements going forwards. 
Consideration should be given to making the solution user friendly and robust, whilst consolidating / inte",Liverpool City Region Combined Authority,,220000.0,GBP,2026-10-06,2026-11-06,tender,active,,https://www.find-tender.service.gov.uk/Notice/094287-2026,2026-10-06T13:53:32.037996+00:00
FTS,ocds-h6vhtk-0781b9_094286-2026,C120/2026/2027 - Process evaluation of the Disabled People’s Rights Plan ,"The Welsh Government launched its Disabled People's Rights Plan on the 15th of December 2025. The Disabled People’s Rights Plan sets out a 10-year cross-government framework to advance the rights and opportunities of disabled people in Wales, removing societal barriers, and challenging the prejudice and discrimination they face. In line with the Public Sector Equality Duty to address the inequalities experienced by those with protected characteristics, the Disabled People’s Rights Plan directly ",Llywodraeth Cymru / Welsh Government,,200000.0,GBP,2026-10-06,2026-11-14,tender,active,,https://www.find-tender.service.gov.uk/Notice/094286-2026,2026-10-06T13:53:32.038001+00:00
FTS,ocds-h6vhtk-0781b8_094285-2026,Trauma and Orthopaedic Insourcing,Insourcing contract awarded under NHS Workforce Alliance framework,Norfolk and Norwich University Hospitals NHS Foundation Trust,,,GBP,2026-10-06,,award,complete,85121283,https://www.find-tender.service.gov.uk/Notice/094285-2026,2026-10-06T13:53:32.038009+00:00
FTS,ocds-h6vhtk-06c885_094284-2026,Parents As First Teachers,"Cornwall Council is commissioning a Parents as First Teachers (PAFT) service, an evidence-based, trauma-responsive home learning programme that supports families to improve children’s early development, strengthen parent-child attachment, and enhance the home learning environment. As part of Cornwall’s Early Help and Family Hubs offer, the service will provide targeted home-based support to families most at risk of poorer outcomes, with a focus on improving school readiness and reducing inequali",Cornwall Council,,,GBP,2026-10-06,,award,complete,,https://www.find-tender.service.gov.uk/Notice/094284-2026,2026-10-06T13:53:32.038013+00:00
FTS,ocds-h6vhtk-0781b7_094283-2026,Wyre Council Asset Valuation and Financial Reporting,"The Council's property portfolio comprises approximately:
62 Operational Land and Building assets.
67 Investment Property assets.
The Council requires property valuation services in accordance with all relevant accounting, financial reporting and valuation standards to support the preparation of its annual Statement of Accounts.
The successful provider shall deliver a consistent, proportionate and robust valuation service throughout the contract term, ensuring continuity of methodology, reportin",Wyre Borough Council,,,GBP,2026-10-06,,award,complete,,https://www.find-tender.service.gov.uk/Notice/094283-2026,2026-10-06T13:53:32.038017+00:00
FTS,ocds-h6vhtk-0781b6_094282-2026,"COP31 Istanbul Blue Zone Pavilion, Delegation Offices and Booths Booking","Signing the Blue Zone Pavilions and Delegations Offices Booking Form (“Booking Form”) with the Republic of Türkiye's Ministry of Environment, Urbanization & Climate Change for booking COP31 Blue Zone space for the Department for Energy Security and Net Zero (“DESNZ”) at COP 31 event.  
The event will be held at the Antalya EXPO Expo Centre, Türkiye, from 9th to 20th November 2026.",Department for Energy Security & Net Zero,,,GBP,2026-10-06,,award,complete,,https://www.find-tender.service.gov.uk/Notice/094282-2026,2026-10-06T13:53:32.038021+00:00
FTS,ocds-h6vhtk-0781b5_094281-2026,Identifying and Mapping Priority Freshwater Habitats,"Natural England is commissioning the Freshwater Habitats Trust (FHT) to deliver a programme of work to identify, map and verify priority freshwater habitats, with a particular focus on ponds and headwater streams that are currently underrepresented within existing habitat inventories. The project will utilise a combination of habitat modelling, remote sensing, field survey techniques, citizen science and specialist ecological expertise to improve the quality, coverage and accessibility of freshw",NATURAL ENGLAND,,,GBP,2026-10-06,,award,complete,,https://www.find-tender.service.gov.uk/Notice/094281-2026,2026-10-06T13:53:32.038027+00:00
FTS,ocds-h6vhtk-0781b4_094280-2026,Principle bridge inspection STR_6975 Ratcliffe on Soar,"Provision of an independent Principal Inspection and condition assessment of the A453 bridge over Network Rail land, including reporting and maintenance recommendations.",National Highways Limited,,,GBP,2026-10-06,,award,complete,,https://www.find-tender.service.gov.uk/Notice/094280-2026,2026-10-06T13:53:32.038030+00:00
FTS,ocds-h6vhtk-0781b3_094279-2026,Seafood Expo Global 2027 Stand Design and Build,"The purpose of this Invitation to Tender (ITT) is to appoint a single supplier to deliver stand design, build (construction) and dismantling at
Seafood Expo Global 2027 as set out in the ITT, to Scottish Enterprise.",Scottish Enterprise,,242000.0,GBP,2026-10-06,2026-11-05,tender,active,79952000,https://www.find-tender.service.gov.uk/Notice/094279-2026,2026-10-06T13:53:32.038034+00:00
FTS,ocds-h6vhtk-0781b2_094278-2026,Heat-transfer additives associated with decarbonisation technologies,"Fife Council intends to award a contract for the supply of EndoTherm, a proprietary heat-transfer additive for use within closed wet heating systems across the Council's non-domestic estate. The product is being procured as part of an energy-efficiency programme designed to improve heating system performance, reduce energy consumption, reduce carbon emissions and deliver long-term operational cost savings.",Fife Council,,,GBP,2026-10-06,,award,complete,24957000,https://www.find-tender.service.gov.uk/Notice/094278-2026,2026-10-06T13:53:32.038037+00:00
FTS,ocds-h6vhtk-0781b1_094277-2026,2026 ATS & HRIS,"Oak National Academy is exploring the replacement of BeApplied, its current Applicant Tracking System (ATS), which is expected to become unavailable at the end of March 2027. Oak is also considering whether to procure a linked HR information system (HRIS) at the same time, procure the systems as separate lots, or address its HRIS needs through a later procurement.
The immediate priority is an ATS that can be implemented in time to maintain recruitment services. Oak is undertaking this engagement",OAK NATIONAL ACADEMY LIMITED,,,GBP,2026-10-06,,planning,planning,,https://www.find-tender.service.gov.uk/Notice/094277-2026,2026-10-06T13:53:32.038043+00:00
FTS,ocds-h6vhtk-06aaf3_094276-2026,Framework for the Provision of Tutoring to Children and Young People,"Norfolk County Council will be seeking providers that wish to apply for a placement on a framework which will deliver high-quality online and face to face personalised tuition for children and young people across Norfolk. The service will deliver education outside of, or in addition to, a school setting.
The service defines the standards, expectations and responsibilities that providers must meet to support children and young people with a range of educational, social, emotional, medical, some b",Norfolk County Council,,128000000.0,GBP,2026-10-06,,planning,planned,,https://www.find-tender.service.gov.uk/Notice/094276-2026,2026-10-06T13:53:32.038047+00:00
FTS,ocds-h6vhtk-0781b0_094275-2026,Bromley North Regeneration - Clerk of Works,"The Clerk of Works (Technical Inspector) shall in providing the services and in acting as Clerk of Works exercise the reasonable skill, care, and diligence to be expected of an appropriately qualified professional experienced in acting as Clerk of Works. 
Provide such assistance as the Employer may reasonably require under the contract in pursuing each and every minor remedy which it may have against the Contractor or his consultants (under their agreement) and/or in defending any minor claim ma",London Borough of Bromley,,,GBP,2026-10-06,,award,complete,,https://www.find-tender.service.gov.uk/Notice/094275-2026,2026-10-06T13:53:32.038051+00:00
FTS,ocds-h6vhtk-05a442_094274-2026,BHCC - RS - Royal Pavilion Gardens Landscape and Amenities works,"The Royal Pavilion Estate is the city of Brighton & Hove's cultural heart and the Royal
Pavilion is an internationally recognised emblem. Uniquely combining an historic Royal
Palace and Regency Garden, a museum & art gallery, and three performing arts spaces,
the two custodians of the Estate Brighton & Hove Museums (B&HM) and Brighton Dome
& Brighton Festival (BD&BF) are coming together with BHCC in a cross-cultural
partnership to reinvigorate and reconnect this historic Estate through the imple",Brighton and Hove City Council,,,GBP,2026-10-06,,award,complete,,https://www.find-tender.service.gov.uk/Notice/094274-2026,2026-10-06T13:53:32.038055+00:00
FTS,ocds-h6vhtk-06ad8a_094273-2026,Milton Keynes College Lift Maintenance Services,The College is seeking to contract for the provision of a Fully Comprehensive Maintenance and Service Contract for Lifts.  The Contract is for 3 years with the possibility of an extension or extensions up to a total of 24 months.,Milton Keynes College,,,GBP,2026-10-06,,award,complete,,https://www.find-tender.service.gov.uk/Notice/094273-2026,2026-10-06T13:53:32.038059+00:00
FTS,ocds-h6vhtk-0781a9_094272-2026,Pro Suite Renewal 2026,"Sole Supplier Justification 
CPC Framework Agreement : CPC/JE/01/2021 - PCR2015 - Lot 5
F03 Notice Unavailable",Hull College,,,GBP,2026-10-06,,award,complete,,https://www.find-tender.service.gov.uk/Notice/094272-2026,2026-10-06T13:53:32.038063+00:00
FTS,ocds-h6vhtk-0781af_094271-2026,West Midlands Violence Reduction Strategy 2027-2030,"The West Midlands Violence Reduction Strategy is due to be reviewed and updated during October 2026- March 2027.  We are seeking to commission an experienced individual or organisation to review progress and learning from the 2023-2026 Strategy and co-produce a new strategy for 2027-2030.  The new strategy must be evidence-led, responsive to current and emerging patterns of violence, and informed by regional and local data research, evaluation evidence and stakeholder insight.  It must align wit",Police and Crime Commissioner for West Midlands,,25000.0,GBP,2026-10-06,2026-11-02,tender,active,,https://www.find-tender.service.gov.uk/Notice/094271-2026,2026-10-06T13:53:32.038066+00:00
FTS,ocds-h6vhtk-0781ae_094270-2026,Drug and Alcohol Treatment and Recovery Service,"Wokingham Borough Council intends to recommission an integrated, all-age community drug and alcohol treatment and recovery service for people who live in Wokingham Borough, including support for anyone affected by substance use. The service will provide accessible, trauma-informed and person-centred prevention, early intervention, harm reduction, evidence-based treatment and recovery support for alcohol and drug use. The intended aims are to improve access, engagement, treatment outcomes and con",Wokingham Borough Council,,,GBP,2026-10-06,,planning,planning,,https://www.find-tender.service.gov.uk/Notice/094270-2026,2026-10-06T13:53:32.038070+00:00
FTS,ocds-h6vhtk-0781ad_094269-2026,Cavendish Street Kerbs and Paving Materials,"The Council is seeking to appoint a supplier for the supply, storage and delivery of natural stone kerbs and paving materials for the Cavendish Street Public Realm Improvement Scheme. Suppliers wishing to participate must register on the Atamis e-tendering portal and access the procurement opportunity through the portal. All tender submissions must be made electronically via Atamis by the stated deadline. Submissions made by any other means will be deemed non-compliant and will not be accepted.",Yorkshire Purchasing Organisation,,270000.0,GBP,2026-10-06,2026-11-02,tender,active,,https://www.find-tender.service.gov.uk/Notice/094269-2026,2026-10-06T13:53:32.038074+00:00
FTS,ocds-h6vhtk-05febf_094268-2026,"Repair of Electrical and Refrigeration Catering Equipment, Planned Maintenance and PAT testing of Electrical Catering Equipment","Repair of Electrical and Refrigeration Catering Equipment, Planned
Maintenance and PAT testing of Electrical Catering Equipment
Four year closed framework. Repair of Electrical
and Refrigeration Catering Equipment, Planned
Maintenance and PAT testing of Electrical Catering
Equipment",Sunderland City Council,,,GBP,2026-10-06,,award,complete,,https://www.find-tender.service.gov.uk/Notice/094268-2026,2026-10-06T13:53:32.038077+00:00
FTS,ocds-h6vhtk-0781ac_094267-2026,UKRI-6347 - Trusted AI Adoption,"UKRI’s Financial, Professional and Business Services (FPBS) Industrial Strategy programme offers an opportunity to position the UK as a global leader in trusted AI adoption across financial and professional services, unlocking productivity gains and creating scalable models for wider AI diffusion across the economy.",UK Research & Innovation (UKRI),,800000.0,GBP,2026-10-06,2026-11-05,tender,active,,https://www.find-tender.service.gov.uk/Notice/094267-2026,2026-10-06T13:53:32.038083+00:00
FTS,ocds-h6vhtk-077f7a_094266-2026,Trafford Waters - Architect,"L&Q are undertaking this preliminary market engagement (PME) to inform the design of a future procurement exercise for an Architect for our Trafford Water site.  
About L&Q
L&Q is one of the UK's largest charitable housing associations, owning and managing over 105,000 homes across Greater London and Greater Manchester. Alongside its core role as a housing provider, L&Q is an active developer and regeneration partner, delivering new homes across a range of tenures, including affordable housing a",LONDON & QUADRANT HOUSING TRUST,,800000.0,GBP,2026-10-06,,planningUpdate,planning,,https://www.find-tender.service.gov.uk/Notice/094266-2026,2026-10-06T13:53:32.038089+00:00
FTS,ocds-h6vhtk-0781ab_094265-2026,LSL/MED/0253 The Supply of Nalaxone and Atropine,"In April 2015 the MOD signed a thirteen year contract with Leidos Europe Ltd to provide the procurement and inventory management of commodity items (as well as the storage and distribution services) historically provided in-house by the Logistic Commodities and Services Operating Centre. Leidos, working with the MOD, will transform the way these services are delivered to ensure requirements continue to be met whilst providing best value for money for the department. The organisation delivering t","LEIDOS SUPPLY, LIMITED",,400000.0,GBP,2026-10-06,,planning,planning,,https://www.find-tender.service.gov.uk/Notice/094265-2026,2026-10-06T13:53:32.038093+00:00
FTS,ocds-h6vhtk-06b08c_094264-2026,TFTS3046 - 2027 VED Roadside Survey Fieldwork,"The DfT are seeking a supplier to conduct a survey to measure the number of vehicles on the road which do not have valid Vehicle Excise Duty (VED). This is to be achieved by surveying vehicles at selected sites to record information on vehicle registration marks with accompanying images of the vehicles being observed in traffic, which are then referenced against relevant official vehicle record databases. The Supplier will need to organise and carry out a camera based roadside survey at sites th",Department for Transport,,,GBP,2026-10-06,,award,complete,,https://www.find-tender.service.gov.uk/Notice/094264-2026,2026-10-06T13:53:32.038097+00:00
FTS,ocds-h6vhtk-0781aa_094263-2026,Regulation 14 (Urgent Award): Inpatient CAMHS Specialised Services: Winter Pressures,Toucan have identified non-recurrent funding to support CYP Mental Health Winter Pressures. The funding is specifically related to strengthening the support and management of CYP.                                                                                                                                                                                                                                                                                                                                 ,BIRMINGHAM WOMEN'S AND CHILDREN'S NHS FOUNDATION TRUST,,,GBP,2026-10-06,,award,complete,85111500,https://www.find-tender.service.gov.uk/Notice/094263-2026,2026-10-06T13:53:32.038101+00:00
FTS,ocds-h6vhtk-068c11_094262-2026,"Salvation Army Homes Door Entry, Gates, Security and CCTV Systems Services Contracts","Salvation Army Homes has procured Contractors for the delivery of their Door Entry, Gates, Security and CCTV Systems Services Contracts. The opportunity is split into three geographic Lots. Full details of the required services were included within the procurement documents.
The estimated annual contract value does not take into account annual indexation considerations or VAT.
It is intended that the contracts will run for a period of three years with the option for renewal, as decided by Salvat",Salvation Army Housing Association,,,GBP,2026-10-06,,award,complete,,https://www.find-tender.service.gov.uk/Notice/094262-2026,2026-10-06T13:53:32.038105+00:00
FTS,ocds-h6vhtk-0781a9_094261-2026,Pro Suite Renewal 2026,"Direct Award 
CPC Framework Agreement : CPC/JE/01/2021 - PCR2015 - Lot 5
F03 Unavailable",Hull College,,,GBP,2026-10-06,,award,complete,,https://www.find-tender.service.gov.uk/Notice/094261-2026,2026-10-06T13:53:32.038109+00:00
FTS,ocds-h6vhtk-077f7a_094260-2026,Trafford Waters - Architect,"L&Q are undertaking this preliminary market engagement (PME) to inform the design of a future procurement exercise for an Architect for our Trafford Water site.  
About L&Q
L&Q is one of the UK's largest charitable housing associations, owning and managing over 105,000 homes across Greater London and Greater Manchester. Alongside its core role as a housing provider, L&Q is an active developer and regeneration partner, delivering new homes across a range of tenures, including affordable housing a",LONDON & QUADRANT HOUSING TRUST,,800000.0,GBP,2026-10-06,,planningUpdate,planning,,https://www.find-tender.service.gov.uk/Notice/094260-2026,2026-10-06T13:53:32.038113+00:00
FTS,ocds-h6vhtk-06657a_094259-2026,Fire Safety Products and Associated Services,"The Framework Agreement will cover, but not be limited to, the following Goods/Services:
•Active Fire Protection: Fire Alarm and detection systems, Suppression Systems (including sprinklers), Emergency Lighting. Monitoring and servicing.
•Fire Risk Assessment & Consultancy, training.
•Passive Fire Protection: Fire stopping, Fire door inspection, Passive Fire upgrades/remediation works.
•The Supply, Installation and Maintenance of Fire Safety Products including Fire Extinguishers.
•Wildfire/ Outd",Kent County Council trading as Procurement Services,,120000000.0,GBP,2026-10-06,2026-11-05,tender,active,,https://www.find-tender.service.gov.uk/Notice/094259-2026,2026-10-06T13:53:32.038117+00:00
FTS,ocds-h6vhtk-0781a8_094258-2026,Kings Langley Cleaning Tender,"Kings Langley School is a co-educational Secondary School in Kings Langley, Hertfordshire WD4 9HN. It has 1,126 students between the ages of 11 and 18 on roll and there are 125 teaching and support staff. The administrative offices, currently delivered as part of a standalone cleaning contract.
The School is undertaking this procurement to appoint an experienced cleaning partner to deliver a consistently high standard of cleaning from 1st April 2027. The Contract will be for an initial three-yea",KINGS LANGLEY SCHOOL,,1015000.0,GBP,2026-10-06,,tender,active,,https://www.find-tender.service.gov.uk/Notice/094258-2026,2026-10-06T13:53:32.038121+00:00
FTS,ocds-h6vhtk-0544c0_094257-2026,The provision of Traffic Speed Data Analysis Solutions,"Leicester City Council seeks a cloud-based, commercially off-the-shelf solution to analyse DfT-provided GPS vehicle speed data. The system will support data-driven decision-making to improve road safety, reduce congestion, plan sustainable transport, and enhance air quality. The solution must provide insights on historic speeds and journey times, identify congestion pinch points, and highlight areas of excessive speeding. It should be reliable, secure, and capable of mitigating risks such as dat",Leicester City Council,,,GBP,2026-10-06,,award,complete,,https://www.find-tender.service.gov.uk/Notice/094257-2026,2026-10-06T13:53:32.038128+00:00
FTS,ocds-h6vhtk-077974_094256-2026,“Pop-Up” Management Agent Service,"Provision of a retail unit management service to market, let and manage short-term retail unit occupancies across railway stations, including marketing, occupier sourcing, lease and licence administration, compliance management, financial administration, operational support, and performance management to maximise occupancy levels and commercial income.",Network Rail Infrastructure Ltd,,,GBP,2026-10-06,,tenderUpdate,,70220000,https://www.find-tender.service.gov.uk/Notice/094256-2026,2026-10-06T13:53:32.038131+00:00
FTS,ocds-h6vhtk-0781a5_094255-2026,Bus Tickets - Stagecoach 2026,Direct Award - Sole Supplier of Bus Tickets,Hull College,,,GBP,2026-10-06,,award,complete,,https://www.find-tender.service.gov.uk/Notice/094255-2026,2026-10-06T13:53:32.038135+00:00
FTS,ocds-h6vhtk-068c10_094254-2026,Salvation Army Homes Domestic and Commercial Electrical Services Contracts,"Salvation Army Homes has procured Contractors for the delivery of their Domestic and Commercial Electrical Services Contracts. The opportunity is split into three geographic Lots. Full details of the required services was included within the procurement documents.
The estimated annual contract values do not take into account annual indexation considerations or VAT.
It is intended that the contracts will run for a period of three years with the option for renewal, as decided by Salvation Army Hom",Salvation Army Housing Association,,,GBP,2026-10-06,,award,complete,,https://www.find-tender.service.gov.uk/Notice/094254-2026,2026-10-06T13:53:32.038139+00:00
FTS,ocds-h6vhtk-0781a7_094253-2026,Graffiti removal,"The contract includes cyclical and reactive removal services, rapid response for offensive graffiti and structured performance management arrangements including SLAs and KPIs.",London Borough of Merton,,,GBP,2026-10-06,,tender,active,,https://www.find-tender.service.gov.uk/Notice/094253-2026,2026-10-06T13:53:32.038142+00:00
FTS,ocds-h6vhtk-052a4b_094252-2026,VOLUNTARY SATELLITE TAGGING DEVICE / SYSTEM,"A competitive flexible procurement was undertaken to award a contract for Voluntary Satellite Tagging System/Device.
The Supplier will provide a voluntary satellite tagging devices along with a system in which the tracking devices and associated equipment can be fitted to wearers safely, comfortably, and durably. ""Associated equipment"" refers to on body chargers and any other equipment related to the monitoring device.
Although there are no minimum requirements the expected annual usage per forc",West Yorkshire Combined Authority,,,GBP,2026-10-06,,award,complete,,https://www.find-tender.service.gov.uk/Notice/094252-2026,2026-10-06T13:53:32.038146+00:00
FTS,ocds-h6vhtk-0781a6_094251-2026,Contract for the Execution of Fire Safety Works ,"Swansea Council intends to Carry out Fire Safety Works to various properties around Swansea.
Clyne Court Blocks 1, 2 & 3. Swansea. SA2 8JD.
Griffith John Street Blocks 1 & 2. Swansea. SA1 2BS.
Matthew Street. Swansea. SA1 1PY.
Rheidol Court. Swansea. SA6 7LH.
Jeffreys Court. Swansea. SA5 7EP.
Gloucester House. Swansea. SA1 1RW.
Conway Court Blocks 1, 2 & 3. Swansea. SA5 7BB.
Maes Y Efail. Swansea. SA4 4AE.
Cartersford Place. Swansea. SA3 5LH.
Heol Y Wern Blocks 1 & 2. Swansea. SA4 6JE.
Llanllien",City & County of Swansea,,1400000.0,GBP,2026-10-06,2026-11-17,tender,active,,https://www.find-tender.service.gov.uk/Notice/094251-2026,2026-10-06T13:53:32.038150+00:00
FTS,ocds-h6vhtk-060400_094250-2026,"Uniforms, Workwear, PPE, Clothing and Associated Services","Procurement Services are looking to create a local and national framework for the provision of Uniforms, Workwear including accessories, footwear and bags, PPE and Associated services such as but not limited to decontamination, repairs, stock management.
For more information about this opportunity, please visit the eSourcing portal at: 
https://www.delta-esourcing.com/tenders/UK-UK-Maidstone:-Garments./775V5K2842
To respond to this opportunity, please click here: 
https://www.delta-esourcing.com",Kent County Council (t/a Procurement Services),,100000000.0,GBP,2026-10-06,2026-11-05,tender,active,,https://www.find-tender.service.gov.uk/Notice/094250-2026,2026-10-06T13:53:32.038153+00:00
FTS,ocds-h6vhtk-0781a5_094249-2026,Stagecoach Bus Tickets 2026,Direct Award Justification - Stagecoach are the only bus provider within the boundary of Kingston Upon Hull,Hull College,,,GBP,2026-10-06,,award,complete,,https://www.find-tender.service.gov.uk/Notice/094249-2026,2026-10-06T13:53:32.038159+00:00
FTS,ocds-h6vhtk-0781a4_094248-2026,GMCA 1626 - Lived experience involvement in GM gambling harms action plan delivery.,Facilitating GaMHive as a structured network of individuals in Greater Manchester who have personal experience with gambling addiction or gambling-related harms. It aims to ensure their voices are central to shaping the region's gambling harm reduction programme.,Greater Manchester Combined Authority,,,GBP,2026-10-06,,award,complete,,https://www.find-tender.service.gov.uk/Notice/094248-2026,2026-10-06T13:53:32.038163+00:00
FTS,ocds-h6vhtk-0781a3_094247-2026,Taxi Driver Knowledge Tests,"The provision of a secure, web-based test delivery service to support the Council’s Hackney Carriage and Private Hire Drivers Licence process. The service will be used to administer online knowledge tests to applicants in a controlled and auditable way, producing consistent results and supporting fair assessments. The Council is going to market to identify a supplier that can provide a robust platform, appropriate support and maintenance, and assurance of test integrity. Test will be taken by ap",Sheffield City Council,,20000.0,GBP,2026-10-06,2026-11-03,tender,active,,https://www.find-tender.service.gov.uk/Notice/094247-2026,2026-10-06T13:53:32.038169+00:00
FTS,ocds-h6vhtk-0780c4_094246-2026,WorkWell 2027,"South Yorkshire Mayoral Combined Authority (SYMCA) is inviting service providers and wider stakeholders to participate in a market engagement event ahead of the recommissioning of the WorkWell service across South Yorkshire.
The current WorkWell provision is due to end on 31 March 2027, with the recommissioned service expected to go live from 1 April 2027.",South Yorkshire Mayoral Combined Authority,,6000000.0,GBP,2026-10-06,,planningUpdate,planning,,https://www.find-tender.service.gov.uk/Notice/094246-2026,2026-10-06T13:53:32.038175+00:00
FTS,ocds-h6vhtk-0781a2_094245-2026,Pathology Managed Service Contract for Microbiology,Due to the impending implementation of the Lot 5 Molecular within the Southern Counties Pathology Molecular Diagnostics Service for Microbiology Services. There is the urgent requirement for the continuation of service whilst this transition takes place.,University Hospitals Dorset NHS Foundation Trust,,,GBP,2026-10-06,,award,complete,,https://www.find-tender.service.gov.uk/Notice/094245-2026,2026-10-06T13:53:32.038179+00:00
FTS,ocds-h6vhtk-056921_094244-2026,Provision of Biofiltration Woodchip Media,"The Authority (formally Global Renewables Lancashire Operations Ltd) was established for the operation and management of two central waste treatment facilities. The Authority's key objectives are to receive, treat and transport contract waste in accordance with the targets and service requirements set out in the Service Level Agreement between the company and its majority shareholder, Lancashire County Council.
The Goods are an integral part of the waste processing activities at the Authority Th",LANCASHIRE RENEWABLES LIMITED,,,GBP,2026-10-06,,award,complete,,https://www.find-tender.service.gov.uk/Notice/094244-2026,2026-10-06T13:53:32.038182+00:00
FTS,ocds-h6vhtk-050448_094243-2026,Local Electric Vehicle Infrastructure Concession Contract,"Local Electric Vehicle Infrastructure Concession Contract - supply, install, operate and maintain charge points",Bracknell Forest Borough Council,,,GBP,2026-10-06,,award,complete,,https://www.find-tender.service.gov.uk/Notice/094243-2026,2026-10-06T13:53:32.038186+00:00
FTS,ocds-h6vhtk-05ef34_094242-2026,Bradford College Hard services FM Tender,"Bradford College intends to procure Hard FM maintenance services and Portering Services to support teaching delivery and student experience. The scope includes: 
Planned and reactive maintenance of Infrastructure and Installed Equipment including but not limited to Electrical, HVAC, Gas, Refrigeration, Fire and Security Systems, Water and Plumbing, Lifts and Hoists, Building Fabric 
Portering Service 
Compliance with relevant statutory and regulatory legislation and College policies 
Demonstrate",Bradford College,,,GBP,2026-10-06,,award,complete,,https://www.find-tender.service.gov.uk/Notice/094242-2026,2026-10-06T13:53:32.038189+00:00
FTS,ocds-h6vhtk-0781a1_094241-2026,Metal Works & Mechanical Roller Shutters Framework,"Framework Award for the provision of Metal Works & Mechanical Roller Shutters
Contract Period: 01/05/2026 - 30/04/2028 plus the option of 2 x 12 month optional extension period.
Total award value includes optional extensions periods, however these are subject to further approval.",Redcar and Cleveland Borough Council,,,GBP,2026-10-06,,award,complete,,https://www.find-tender.service.gov.uk/Notice/094241-2026,2026-10-06T13:53:32.038193+00:00
FTS,ocds-h6vhtk-0781a0_094240-2026,PPM of Humidifiers at CDC site Gateshead,"PPM of x4 Humidifiers at CDC site Gateshead, 4 visits pa.
Cost £13,440.00
Period 01.09.2026 - 31.08.2029",QE Facilities Ltd,,,GBP,2026-10-06,,award,complete,,https://www.find-tender.service.gov.uk/Notice/094240-2026,2026-10-06T13:53:32.038197+00:00
FTS,ocds-h6vhtk-07819f_094239-2026,Academic Search Complete,Academic Search Complete-UoB,University of Bedfordshire,,,GBP,2026-10-06,,award,complete,,https://www.find-tender.service.gov.uk/Notice/094239-2026,2026-10-06T13:53:32.038202+00:00
Contracts Finder,ocds-b5fd17-06f088cc-6279-4604-b063-e18b1feeb185_5be83a4d-88a3-484d-ab01-6f91e0c05a1b-916576,Virachip system (RIPL Lab 01/150),This requirement is for the replacement of the existing Virachip system used by RIPL to carry out Lyme disease immunoblot testing for which RIPL acts as the frontline reference laboratory in England for this diagnostic service. The ViraChip platform uses a multiplex protein microarray containing the VlsE antigen together with multiple Borrelia-specific antigens. This enables simultaneous assessment of a broad antibody response rather than reliance on a single marker. The assay detects both IgM a,UK Health Security Agency,,51480.37,GBP,2026-10-05,2026-09-29,award,complete,38430000,https://www.contractsfinder.service.gov.uk/Notice/5be83a4d-88a3-484d-ab01-6f91e0c05a1b-916576,2026-10-06T13:53:34.875024+00:00
Contracts Finder,ocds-b5fd17-22b507fb-c54c-4586-a918-d822e965d70f_8ad38ae6-646d-4318-ab37-28644a26540c-916575,Tourism Campaign - Research and Evaluation,"This contract is to provide North York Moors National Park with rearch and evaluatiion for our Tourism Campaign running through 2027 and 2028
The contract will commence in Ocotber 2026 and complete in March 2029.",North York Moors National Park,,,GBP,2026-10-05,2026-10-22,tender,active,79342100,https://www.contractsfinder.service.gov.uk/Notice/8ad38ae6-646d-4318-ab37-28644a26540c,2026-10-06T13:53:34.875269+00:00
Contracts Finder,ocds-b5fd17-aa1ee419-95a9-48a5-ac7d-51b80990cb2d_a3d947b4-9c2b-4358-b66f-c9b675d3f22c-916573,Legal Services Panel - NHB Guarantees - Lot 4,NHB seeking the support of a legal secondee for NHB Guarantee Programme(s).,Homes England (the name adopted by the Homes and Communities Agency),,50000.0,GBP,2026-10-05,2026-02-20,award,complete,79000000,https://www.contractsfinder.service.gov.uk/Notice/a3d947b4-9c2b-4358-b66f-c9b675d3f22c-916573,2026-10-06T13:53:34.875476+00:00
Contracts Finder,ocds-b5fd17-208741ff-ae26-4674-9f45-b3f57e6f5357_722041c0-0cca-4887-91d2-c29541796824-916570,Market Engagement Opportunity - STI Self-Test Kits,"University Hospitals Birmingham NHS Foundation Trust (UHB) is seeking market engagement with suppliers capable of providing the assembling, supply, and distribution of postal self-test kits for the detection of Chlamydia trachomatis, Neisseria gonorrhoeae, HIV, Syphilis, and Hepatitis B.

The requirement includes the assembly, and supply of six self-sampling kit variants (three vaginal and three penile), incorporating urine, vaginal, rectal, oral, and blood sampling options. Suppliers will be ",BSOL Procurement Collaborate,,,GBP,2026-10-05,,planning,planning,33141625,https://www.contractsfinder.service.gov.uk/Notice/722041c0-0cca-4887-91d2-c29541796824-916570,2026-10-06T13:53:34.875682+00:00
Contracts Finder,ocds-b5fd17-053070d3-8d76-4ffc-b627-b3a239ce19df_86399061-99f4-4968-9f44-01467632f9a8-916562,D&B Licences 2026 - 2029,"Subscription to D&B Finance Analytics for company data, risk and credit ratings and directorships.",The Pensions Regulator,,45044.44,GBP,2026-10-05,2026-09-25,award,complete,66000000,https://www.contractsfinder.service.gov.uk/Notice/86399061-99f4-4968-9f44-01467632f9a8-916562,2026-10-06T13:53:34.875888+00:00
Contracts Finder,ocds-b5fd17-df47962a-54f5-4d1d-b1b3-9dba650e2a74_82dc8e43-3693-4898-a2a0-1400be330d6b-916558,"Kingston Small Sites 2 - RIBA Stages 0-2, Stage 3: Design Services","Kingston Small Sites 2 - RIBA Stages 0-2, Stage 3: Design Services for Sobraon House",The Royal Borough of Kingston upon Thames,,400000.0,GBP,2026-10-05,2026-03-25,award,complete,71200000,https://www.contractsfinder.service.gov.uk/Notice/82dc8e43-3693-4898-a2a0-1400be330d6b-916558,2026-10-06T13:53:34.876080+00:00
Contracts Finder,ocds-b5fd17-a98eac83-dcea-4b4d-9049-5c85bf5329a8_59b71e2e-6872-4698-af31-e5c6ee608314-916560,DPS1 1428 - Tree Work,"DPS1 1428 - Tree Work

Additional information: 
https://londonconstructionprogramme.co.uk/services/dynamic-purchasing-systems/",London Borough of Haringey,,90000.0,GBP,2026-10-05,2026-11-01,tender,active,71000000,https://www.contractsfinder.service.gov.uk/Notice/59b71e2e-6872-4698-af31-e5c6ee608314,2026-10-06T13:53:34.876274+00:00
Contracts Finder,ocds-b5fd17-a1741112-1f79-4e15-9a81-8685804e2c11_96cd0e76-9529-45e8-904f-38f5965f059c-916559,DPS1 1427 - Highway Tree Works,"DPS1 1427 - Highway Tree Works

Additional information: 
https://londonconstructionprogramme.co.uk/services/dynamic-purchasing-systems/",London Borough of Haringey,,90000.0,GBP,2026-10-05,2026-10-24,tender,active,71000000,https://www.contractsfinder.service.gov.uk/Notice/96cd0e76-9529-45e8-904f-38f5965f059c,2026-10-06T13:53:34.876485+00:00
Contracts Finder,ocds-b5fd17-1adca65f-23af-4891-aea5-14cea85f5e6d_b6c47b97-32e5-4e5d-84de-efa34f1a2f7b-916555,Idox Contract,Contract award via call off from the GCA VAS framework to IDOX for the Uniform System for 5 Years,Leeds City Council,,925147.95,GBP,2026-10-05,2026-09-30,award,complete,72000000,https://www.contractsfinder.service.gov.uk/Notice/b6c47b97-32e5-4e5d-84de-efa34f1a2f7b-916555,2026-10-06T13:53:34.876710+00:00
Contracts Finder,ocds-b5fd17-3ed11369-b640-4047-9945-be5770a0de8c_0203c8f3-4d05-44ff-ae83-8531d5e7f267-916524,ITT for Project 10193105,ITT for Project 10193105,UK RESEARCH & INNOVATION,,8750.0,GBP,2026-10-05,2026-09-21,award,complete,79421100,https://www.contractsfinder.service.gov.uk/Notice/0203c8f3-4d05-44ff-ae83-8531d5e7f267-916524,2026-10-06T13:53:34.876918+00:00
Contracts Finder,ocds-b5fd17-8502a7ef-63ab-401c-ad6a-e8a4ad6f4a85_4266a925-fa45-4568-83f4-ce4ab338d3d0-916549,ITT for project  10185582,ITT for project  10185582,UK RESEARCH & INNOVATION,,6700.0,GBP,2026-10-05,2026-09-14,award,complete,79421100,https://www.contractsfinder.service.gov.uk/Notice/4266a925-fa45-4568-83f4-ce4ab338d3d0-916549,2026-10-06T13:53:34.877102+00:00
Contracts Finder,ocds-b5fd17-beb90c40-2ebf-4982-9914-0e148f7af788_7bfcf80b-3ad4-4676-a528-b12b9af5160d-916553,DPS1 1426 - Highway Tree Work,"DPS1 1426 - Highway Tree Work

Additional information: 
https://londonconstructionprogramme.co.uk/services/dynamic-purchasing-systems/",London Borough of Haringey,,90000.0,GBP,2026-10-05,2026-10-24,tender,active,71000000,https://www.contractsfinder.service.gov.uk/Notice/7bfcf80b-3ad4-4676-a528-b12b9af5160d,2026-10-06T13:53:34.877286+00:00
Contracts Finder,ocds-b5fd17-ad2aa9a1-e9fd-4109-a88d-457080163247_17676d14-de36-4300-83e1-ff6dc955b546-916552,Taxi and MPV (1-8 seats) Passenger Assistant - Taxi and MPV (1-8 seats) Passenger Assistant,"Vehicle type: 6 seater
Passenger Assistant Required: Shared PA.

Proposed Taxi Route: 
From: BN27 2LX and BN27 1GU
To: Flagship School, TN34 2AE 

Frequency: Monday to Friday
Daily School Time: Mon- Fri 08:50-114:30

Comments for Operator: Shared PA for both children.
 This opportunity has been distributed on SProc.net",East Sussex County Council,,,GBP,2026-10-05,2026-10-05,award,complete,60000000,https://www.contractsfinder.service.gov.uk/Notice/17676d14-de36-4300-83e1-ff6dc955b546-916552,2026-10-06T13:53:34.877460+00:00
Contracts Finder,ocds-b5fd17-d98b696f-1927-4682-958f-60775064683b_ceeffc1b-c5e1-4f8b-8d79-af280905daf4-916454,TD2095- Social Care Systems,"Social Care Systems

Additional information: Option to extend 2 x 12 months
Framework (Direct Call Off)
CCS Framework",DERBY CITY COUNCIL,1550000.0,2316995.75,GBP,2026-10-05,2024-03-31,awardUpdate,complete,48000000,https://www.contractsfinder.service.gov.uk/Notice/ceeffc1b-c5e1-4f8b-8d79-af280905daf4-916454,2026-10-06T13:53:34.877639+00:00
Contracts Finder,ocds-b5fd17-7d209cd1-17b9-4aef-88d1-fec36e414957_99359214-6b08-42c7-899b-85c25aee597b-916547,PDF Framework - PDF Framework - A47 EWch-WBil light&rdmk+WBil-A1122 rsv rsf Pk2.02,PDF Framework - PDF Framework - A47 EWch-WBil light&rdmk+WBil-A1122 rsv rsf Pk2.02,National Highways Limited,,1118893.85,GBP,2026-10-05,2026-09-10,award,complete,45233210,https://www.contractsfinder.service.gov.uk/Notice/99359214-6b08-42c7-899b-85c25aee597b-916547,2026-10-06T13:53:34.877847+00:00
Contracts Finder,ocds-b5fd17-a1dc716a-01bb-43ba-9aea-2e6ef51bd217_c34aa5ee-9432-462f-b467-90ff849ff2e8-916544,Omni-Channel Customer Contact Platform,"Omni-Channel Customer Contact Platform contract to be awarded via Direct Award using NHS SBS10521 Lot 1
Product Liberty Converse CXI
Supplier Netcall",Bracknell Forest Borough Council,,383290.0,GBP,2026-10-05,2026-09-28,award,complete,48000000,https://www.contractsfinder.service.gov.uk/Notice/c34aa5ee-9432-462f-b467-90ff849ff2e8-916544,2026-10-06T13:53:34.878030+00:00
Contracts Finder,ocds-b5fd17-602835bc-eca1-43e7-ba67-c01e1f7183e0_2ab2eaad-0885-469a-a749-36eaff6f01bd-916543,"AIP001 0900 2026-10-05  New South West Community Hub, 12 Great Whip Street, Ipswich, Suffolk, IP2 8EZ to Purdis Farm IP3 8RB (6-seater wheelchair accessibility vehicle required) - AWARD","Suffolk County Council is seeking a mini competition against the following Dynamic Purchasing System: `The supply of Passenger Transport Services`, OJEU Notice Id: 2018/S 031-067685.
      
      AIP001 0900 2026-10-05  New South West Community Hub, 12 Great Whip Street, Ipswich, Suffolk, IP2 8EZ to Purdis Farm IP3 8RB (6-seater wheelchair accessibility vehicle required)
      
      Further details can be found in the 'Tenders / My Tenders' area of this website, by selecting the 'View Detai",Suffolk County Council Passenger Transport,,,GBP,2026-10-05,2026-10-05,awardUpdate,complete,60000000,https://www.contractsfinder.service.gov.uk/Notice/2ab2eaad-0885-469a-a749-36eaff6f01bd-916543,2026-10-06T13:53:34.878206+00:00
Contracts Finder,ocds-b5fd17-bfe263dc-1679-4ef3-bbf6-2442887cbbdf_ffaea22e-64d7-48b5-a332-246e17a178db-916541,D&B Data Blocks & SME & VCSE,Contract Award Notice,DfTc - Department for Transport,,,GBP,2026-10-05,2026-08-24,award,complete,72000000,https://www.contractsfinder.service.gov.uk/Notice/ffaea22e-64d7-48b5-a332-246e17a178db-916541,2026-10-06T13:53:34.878378+00:00
Contracts Finder,ocds-b5fd17-d9d8a78c-eb42-4216-8899-68dcaf2d5ac6_48495b05-9676-4453-914d-b587803b13e1-916542,M2627-17 - FLAT CONVERSION,"Conversion of a flat to two flats

Additional information: 
Available https://procontract.due-north.com/",Southend City Council,150000.0,200000.0,GBP,2026-10-05,2026-11-05,tender,active,45000000,https://www.contractsfinder.service.gov.uk/Notice/48495b05-9676-4453-914d-b587803b13e1,2026-10-06T13:53:34.878562+00:00
Contracts Finder,ocds-b5fd17-42aa68e2-41b2-4984-bbaf-7cb23ff3c32a_ecdd4b01-1501-4716-9988-437a7d73fa4d-916536,"QIP418 0900 2026-10-05 Ipswich - Include, Ipswich (4-seated vehicle and a PA required) - AWARD","Suffolk County Council is seeking a mini competition against the following Dynamic Purchasing System: `The supply of Passenger Transport Services`, OJEU Notice Id: 2018/S 031-067685.
      
      QIP418 0900 2026-10-05 Ipswich - Include, Ipswich (4-seated vehicle and a PA required)
      
      Further details can be found in the 'Tenders / My Tenders' area of this website, by selecting the 'View Details' button for this project.
      
      The deadline for returned submissions is  0900 ",Suffolk County Council Passenger Transport,,,GBP,2026-10-05,2026-10-05,award,complete,60000000,https://www.contractsfinder.service.gov.uk/Notice/ecdd4b01-1501-4716-9988-437a7d73fa4d-916536,2026-10-06T13:53:34.878756+00:00
Contracts Finder,ocds-b5fd17-2961c41a-d44f-49c7-a79d-f405ae2e5583_17f54304-4783-4278-a0b6-6a3f050c5b36-916512,Construction Professional Services DPS,"The RM6242 DPS will be organised into distinct categories so:
Suppliers can indicate all elements relevant to their service offering, and Customers can filter the elements to produce a shortlist of appointed suppliers to invite to a competition.

The four (4) distinct categories comprise of:

Technical & Professional Services
Industry Sector
Geographical Regions
Additional Capability 

Within these filters are further sub-filters that agencies can select to demonstrate the level of ser",Government Commercial Agency,,800000000.0,GBP,2026-10-05,2029-02-23,tenderAmendment,active,50200000,https://www.contractsfinder.service.gov.uk/Notice/17f54304-4783-4278-a0b6-6a3f050c5b36,2026-10-06T13:53:34.878937+00:00
Contracts Finder,ocds-b5fd17-8da2bac5-a90b-44b7-97c6-3f72602c3e0b_a1997647-0cd1-409c-bda1-2ebdc648855b-916533,GB-Glasgow: Workday AMS Support & SMART Tooling,Provision of Application Management Services for the Workday system within SLC,Student Loans Company,,865284.0,GBP,2026-10-05,2026-09-30,award,complete,72000000,https://www.contractsfinder.service.gov.uk/Notice/a1997647-0cd1-409c-bda1-2ebdc648855b-916533,2026-10-06T13:53:34.879113+00:00
Contracts Finder,ocds-b5fd17-1074e819-6b24-484c-995c-0440a8f3ac55_83a1c112-cabf-4394-b4a5-befb59ad053c-916530,Articulate 360 Licences,Contract Award Notice,DfTc - Department for Transport,,,GBP,2026-10-05,2026-08-05,award,complete,72000000,https://www.contractsfinder.service.gov.uk/Notice/83a1c112-cabf-4394-b4a5-befb59ad053c-916530,2026-10-06T13:53:34.879283+00:00
Contracts Finder,ocds-b5fd17-82b38914-c513-48ef-9524-b5e9ac8f525a_e0d516ac-f136-413a-9b25-4c98cddf0643-916529,Corporate Clothing,"Procurement for the provision of a corporate clothing provider for UKAEA branded clothing. This contract has an initial term of 3 years, with the option to extend by two individual 12-month periods. There is no guaranteed spend under the contract. Estimated spend is to be £35k a year.",UK Atomic Energy Authority,,,GBP,2026-10-05,2026-07-29,award,complete,18222000,https://www.contractsfinder.service.gov.uk/Notice/e0d516ac-f136-413a-9b25-4c98cddf0643-916529,2026-10-06T13:53:34.879454+00:00
Contracts Finder,ocds-b5fd17-a6d08b1c-58ea-47b5-920b-4b4c85abd988_c9a66b2b-e870-4603-9edb-78438dd41fd4-916528,East Region Potassium Acetate Order 2,East Region Potassium Acetate Order 2 - 34 tonnes,National Highways Limited,,34551.82,GBP,2026-10-05,2026-10-04,award,complete,34927100,https://www.contractsfinder.service.gov.uk/Notice/c9a66b2b-e870-4603-9edb-78438dd41fd4-916528,2026-10-06T13:53:34.879628+00:00
Contracts Finder,ocds-b5fd17-7d72ffa6-fcbd-457d-b951-c0dfdaf4a56f_6bdc5cbe-07ac-408b-99ce-a3c92d6c0fdf-916526,National Housing Bank Ltd - Monitoring Surveyor - RIRI Developments (R3G) - Dover Gardens (30979),"MS services to be provided to NHB by McBains on a small residential development in Dover, Kent, where NHDF loan funding is being provided. The development is being delivered by RIRI Developments (R3G). The MS will provide initial due diligence and ongoing monitoring of the development works.",Homes England (the name adopted by the Homes and Communities Agency),,42348.0,GBP,2026-10-05,2026-09-08,award,complete,70000000,https://www.contractsfinder.service.gov.uk/Notice/6bdc5cbe-07ac-408b-99ce-a3c92d6c0fdf-916526,2026-10-06T13:53:34.879821+00:00
Contracts Finder,ocds-b5fd17-8541c4c5-b4aa-4a1a-9879-2fcbc350c7a1_4926f325-0b5b-4937-b818-7c79e2f6ff95-916523,Thirteen Housing Group - WHSHF Works 2026-2028,"Thirteen Housing Group seeks to appoint a suitably qualified Contractor to provide roofing and decarbonisation works to its stock from 2026 - 2028.

Prosper Procurement Ltd (PROSPER) is managing this procurement on behalf of the Contracting Body. 

PLEASE NOTE: This is an award notice following a Direct Award and this contract has been let.

Additional information: 
This is an award notice following a Direct Award under Framework Ref. DN762948 - Decarbonisation & Investment Works Framewor",PROSPER,,,GBP,2026-10-05,2026-07-29,award,complete,45300000,https://www.contractsfinder.service.gov.uk/Notice/4926f325-0b5b-4937-b818-7c79e2f6ff95-916523,2026-10-06T13:53:34.879993+00:00
Contracts Finder,ocds-b5fd17-0b3b4f42-0c09-4174-a062-0790bd32fee5_379956c8-852a-4489-9dfa-3b3e05001d5c-916522,Legal Services,"Legal services: Procurement, Contract and Commercial Governance (Complex and BAU) and Misconduct.",Civil Nuclear Police Authority (CNPA)  / Civil Nuclear Constabulary (CNC),200000.0,810000.0,GBP,2026-10-05,2026-10-05,award,complete,79100000,https://www.contractsfinder.service.gov.uk/Notice/379956c8-852a-4489-9dfa-3b3e05001d5c-916522,2026-10-06T13:53:34.880169+00:00
Contracts Finder,ocds-b5fd17-4fbbe950-0878-4b90-ba4d-76d11b288f0d_2944634c-2a1f-4610-afe1-91c9dbb26f72-916520,Taxi and MPV (1-8 seats) Passenger Assistant - Taxi and MPV (1-8 seats) Passenger Assistant,"Vehicle type: 8 seater
Passenger Assistant Required: Shared PA.

Proposed Taxi Route: 
From: TN38 9UD, TN38 0DD and TN37 6EH
To: Flagship School, TN34 2AE 

Frequency: Monday to Friday
Daily School Time: Mon- Fri 08:50-114:30

Comments for Operator: Shared PA for all children with space around.
 This opportunity has been distributed on SProc.net",East Sussex County Council,,,GBP,2026-10-05,2026-10-05,award,complete,60000000,https://www.contractsfinder.service.gov.uk/Notice/2944634c-2a1f-4610-afe1-91c9dbb26f72-916520,2026-10-06T13:53:34.880338+00:00
Contracts Finder,ocds-b5fd17-a69bfbcd-4233-4c6a-9ceb-9252551470a2_a70836c9-6182-4d43-93a5-568b40bfbee5-916519,Homes England - Integrated Change Programme (G-Cloud14 Lot 3: Cloud support),"Delivery of the ICP Integration Layer pilot implementation and validation under Phase 2 of the Integrated Change Programme. Services include translating approved high-level designs into low-level designs, building and configuring selected pilot integrations in the agreed Azure environment, developing reusable integration patterns and Infrastructure as Code, undertaking quality assurance, security and non-functional testing, supporting governance and technical assurance, producing user research a",Homes England (the name adopted by the Homes and Communities Agency),,496000.0,GBP,2026-10-05,2026-09-19,award,complete,72222000,https://www.contractsfinder.service.gov.uk/Notice/a70836c9-6182-4d43-93a5-568b40bfbee5-916519,2026-10-06T13:53:34.880517+00:00
Contracts Finder,ocds-b5fd17-307e0188-2d62-4fcf-b1e6-0c3cf55cfe8f_054906c5-8861-4901-9cad-21925272d340-916518,DPS1 1422 - Springfield Community Park N11,"DPS1 1422 - Springfield Community Park N11

Additional information: 
https://londonconstructionprogramme.co.uk/services/dynamic-purchasing-systems/",London Borough of Haringey,,90000.0,GBP,2026-10-05,2026-10-18,tender,active,71000000,https://www.contractsfinder.service.gov.uk/Notice/054906c5-8861-4901-9cad-21925272d340,2026-10-06T13:53:34.880739+00:00
Contracts Finder,ocds-b5fd17-175dfee5-fb69-4bf4-bec7-1dba170fe9c6_a4fa2eee-a32c-4eab-9712-8d406440b770-916428,"A66 Northern Trans Pennine Project(NTP) - Schemes 1, 2 Traffic Signals Package","Kier Infrastructure are looking to engage experienced and qualified contractors to carry out works pertaining to the Traffic Signals package on the A66 Northern Trans-Pennine scheme (Schemes 1 & 2). 

The A66 upgrade will see single-lane sections of the 80km stretch between the M6 and the A1 made into dual carriageway, while key junctions will be improved. The A66 project is to be delivered in collaboration by three Tier 1 contractors, Balfour Beatty, Kier and Keltbray. The A66 project is to b",KIER TRANSPORTATION LIMITED,,400000.0,GBP,2026-10-05,2026-10-23,tender,active,45316210,https://www.contractsfinder.service.gov.uk/Notice/a4fa2eee-a32c-4eab-9712-8d406440b770,2026-10-06T13:53:34.880951+00:00
Contracts Finder,ocds-b5fd17-ed662b0e-1099-4d00-aa79-d53da4e0f9f9_95808ecc-e3b7-4a4a-8cdf-78a54a13f55f-916517,Procurement of 3x Dataminr Watchfloor Accounts,Contract Award Notice,DfTc - Department for Transport,,,GBP,2026-10-05,2026-08-03,award,complete,72000000,https://www.contractsfinder.service.gov.uk/Notice/95808ecc-e3b7-4a4a-8cdf-78a54a13f55f-916517,2026-10-06T13:53:34.881130+00:00
Contracts Finder,ocds-b5fd17-ee5e9007-5598-4478-b2cf-aeb990667869_e3b963db-6268-4736-993c-510b04d72f50-916515,Taxi and MPV (1-8 seats) - Taxi and MPV (1-8 seats),"Vehicle type: Saloon
Passenger Assistant Required: No

Proposed Taxi Route: 
From: TN37 7TH
To: Mount Camphill, TN5 6PT 

Frequency: Monday to Friday
Daily School Time: Mon- Fri 09:00-16:30

Comments for Operator: 
Large boot space required to transport walker daily or folding wheelchair if needed.
 This opportunity has been distributed on SProc.net",East Sussex County Council,,,GBP,2026-10-05,2026-10-08,tender,active,60000000,https://www.contractsfinder.service.gov.uk/Notice/e3b963db-6268-4736-993c-510b04d72f50,2026-10-06T13:53:34.881311+00:00
Contracts Finder,ocds-b5fd17-516cade0-2da8-4911-8e91-5c88587ebfd6_fce6dc51-f06a-4267-8a77-f80dbe9ed501-916514,Expression of Interest for  National Curriculum - Oracy Framework  Expert Sector Panel,"The Department for Education (DfE) is seeking to appoint, via an expression of interest (EOI), expert panel members to support the development of the Primary Oracy Framework. Although this is a primary framework, this document will include secondary content and may require secondary expertise. The panel members will work with the lead drafter and DfE to produce a document that provides non-statutory guidance to support the effective teaching of oracy in schools.

Panel members will have strong",Department for Education,,,GBP,2026-10-05,2026-10-23,tender,active,80000000,https://www.contractsfinder.service.gov.uk/Notice/fce6dc51-f06a-4267-8a77-f80dbe9ed501,2026-10-06T13:53:34.881487+00:00
Contracts Finder,ocds-b5fd17-5cec2add-c193-480e-9608-4b622f2371a1_312a8841-816c-40b0-bfeb-af6928ab636f-916505,Coastline Housing Limited Metered Gas and Electricity Supply Contract,"Provision of gas and electricity supply services to Coastline Housing Limited's metered corporate, office and communal landlord supplies, comprising 115 electricity supply points and 20 gas supply points. The contract was awarded following a call-off under the Procurement for Housing (PfH) Energy Supply and Services DPS and will run until 30 September 2028.",COASTLINE HOUSING LIMITED,,863186.0,GBP,2026-10-05,2026-09-17,award,complete,09123000,https://www.contractsfinder.service.gov.uk/Notice/312a8841-816c-40b0-bfeb-af6928ab636f-916505,2026-10-06T13:53:34.881689+00:00
Contracts Finder,ocds-b5fd17-b841a19e-4e4a-4718-90a6-70266d180c45_b81cd696-13aa-42ce-89f8-0644b5a623d3-916510,Stock Replenish,"The National Audit Office awarded a contract to the Bechtle Direct Limited who will be providing stock replenishment. The contract will commence on Tuesday 1st September 2026 for 9 months until Monday 31st May 2027. The contract value is £18,000 inclusive of VAT over the 9 months contract duration.",National Audit Office,,18000.0,GBP,2026-10-05,2026-08-01,award,complete,72222300,https://www.contractsfinder.service.gov.uk/Notice/b81cd696-13aa-42ce-89f8-0644b5a623d3-916510,2026-10-06T13:53:34.881876+00:00
Contracts Finder,ocds-b5fd17-14588b1d-8424-4836-b667-decb6be107c6_2221a0f1-4b88-49a1-ac28-0e413787b9c0-916502,Council Tax Call Handlers,"The Council Tax and Benefits Service has experienced increased demand across its revenues, recovery and customer contact functions. To support service delivery and maintain performance standards, the service requires additional telephony resources to manage customer enquiries, recovery activity and associated administration. The supply of extra call handlers will support Council Tax in relation to customer needs and help to maximise Council Tax revenue and recovery.		
								
Award via VAS RM",LONDON BOROUGH OF NEWHAM,,325022.8,GBP,2026-10-05,2026-08-05,award,complete,79500000,https://www.contractsfinder.service.gov.uk/Notice/2221a0f1-4b88-49a1-ac28-0e413787b9c0-916502,2026-10-06T13:53:34.882054+00:00
Contracts Finder,ocds-b5fd17-04a08c37-3b52-4ffe-8545-b71c4bd9dd18_4aecaffe-3c42-4e2e-bf7b-2dd89b21f6c9-916495,IT Testing Solution,"The National Audit Office (NAO) has awarded an IT Testing Solution contract to Phoenix Software Limited through the HealthTrust Europe ICT Solutions Framework. The solution will provide automated testing capabilities across the NAO's digital estate, supporting improved test coverage, accessibility testing, quality assurance and continuous testing.

The contract will commence on Wednesday 30th September 2026 running for an initial period of 3 years to Saturday 29th September 2029 with the optio",National Audit Office,,480000.0,GBP,2026-10-05,2026-07-01,award,complete,72222300,https://www.contractsfinder.service.gov.uk/Notice/4aecaffe-3c42-4e2e-bf7b-2dd89b21f6c9-916495,2026-10-06T13:53:34.882228+00:00
Contracts Finder,ocds-b5fd17-aea5577f-e178-45a5-afd5-0b99a9e3bec8_cb9df090-8398-4e38-b4ad-f029259142f3-916508,GB-Edinburgh: Microsoft Office Licence Renewal,"NLB are looking to renew their Microsoft licensing which includes M365 (Teams, Outlook Online, SharePoint, OneDrive), Server operating systems, SQL Server and various other associated pieces of Microsoft software under a new Microsoft Enter-prise Subscription Agreement
      As part of the renewal, NLB wishes to move from M365 E3 licenses to M365 E5 licenses for all users utilizing the Rapid Modernization Plan (RAMP) from Microsoft.

Additional information: This was a tender process run under",Northern Lighthouse Board,,413700.0,GBP,2026-10-05,2026-09-02,award,complete,72260000,https://www.contractsfinder.service.gov.uk/Notice/cb9df090-8398-4e38-b4ad-f029259142f3-916508,2026-10-06T13:53:34.882402+00:00
Contracts Finder,ocds-b5fd17-c8a33c61-28f4-4670-8735-aca306eef595_6645508b-d652-4c7d-8d46-a728c765edff-916498,ServiceNow Professional Services P2,"Requirement for ServiceNow professional services for creation and implementation of a new customer portal, phase two - workshops and further scoping.",MET OFFICE,,146404.0,GBP,2026-10-05,2026-10-05,award,complete,72266000,https://www.contractsfinder.service.gov.uk/Notice/6645508b-d652-4c7d-8d46-a728c765edff-916498,2026-10-06T13:53:34.882575+00:00
Contracts Finder,ocds-b5fd17-7eb3a971-4a7e-40b1-a0c2-cbb1e9065abe_b94c2d9e-e8ea-486a-b25e-167471635410-916507,Press Office Contact Management Solution,Contract Award Notice,DfTc - Department for Transport,,,GBP,2026-10-05,2022-10-03,award,complete,72000000,https://www.contractsfinder.service.gov.uk/Notice/b94c2d9e-e8ea-486a-b25e-167471635410-916507,2026-10-06T13:53:34.882760+00:00
Contracts Finder,ocds-b5fd17-3da2f32c-5609-48fa-93b6-980f0da0b3de_e8443cc8-5c5f-4be6-80c6-8bd0e63053c9-916499,ITT for Project  10183640,ITT for Project  10183640,UK RESEARCH & INNOVATION,,5180.0,GBP,2026-10-05,2026-09-14,award,complete,79421100,https://www.contractsfinder.service.gov.uk/Notice/e8443cc8-5c5f-4be6-80c6-8bd0e63053c9-916499,2026-10-06T13:53:34.882939+00:00
Contracts Finder,ocds-b5fd17-09a2dbdd-6061-4237-90af-fbb3cac0bd8c_c9824bf3-e7ce-4022-8044-93b0378739df-916503,Kitts Green Bus Depot Design - RIBA Stage 4 - CAN,"Contract Award Notice to publish the award of a contract for design work relating to the proposed Kitts Green Bus Depot.
This is a Call-Off Contract awarded under the Procure Partnerships Professional Services Framework for a period of 7 months.",West Midlands Combined Authority,,428317.84,GBP,2026-10-05,2026-06-30,award,complete,71242000,https://www.contractsfinder.service.gov.uk/Notice/c9824bf3-e7ce-4022-8044-93b0378739df-916503,2026-10-06T13:53:34.883111+00:00
Contracts Finder,ocds-b5fd17-b6227e45-911d-4620-9008-a16dfe05c0b2_14fd30dc-dc57-4de6-b1d7-6c8a373264c5-916497,Cumberland Network - Branch Site Switches and Access Points (ex-Cumbria CC),Cumberland Network - Branch Site Connectivity for Cumberland Council (ex-Cumbria CC),Cumberland Council,,279285.52,GBP,2026-10-05,2026-09-09,award,complete,32420000,https://www.contractsfinder.service.gov.uk/Notice/14fd30dc-dc57-4de6-b1d7-6c8a373264c5-916497,2026-10-06T13:53:34.883284+00:00
Contracts Finder,ocds-b5fd17-256dbdf6-ab69-44f7-aebe-bd0ea595b806_645e9edc-073c-4b06-9ea5-d178a3486d87-916493,GB-London: GIS Products and Services,"The Royal Borough of Kensington & Chelsea (RBKC) has awarded a service contract to ESRI UK Limited  for the provision of GIS Products and Services. The contract was procured via direct award using the GCA Vertical and Application Solutions Framework RM6259, Lot 3: Housing, Environmental and Planning. The contract was  established for 36 months with the commencement date of 1 October 2026.",The Royal Borough of Kensington and Chelsea,,209341.0,GBP,2026-10-05,2026-08-27,award,complete,48326100,https://www.contractsfinder.service.gov.uk/Notice/645e9edc-073c-4b06-9ea5-d178a3486d87-916493,2026-10-06T13:53:34.883466+00:00
Contracts Finder,ocds-b5fd17-2e476d9d-62de-4080-aab7-d91da75578d1_0d978c3b-19b3-4bb0-afbd-aaeabb1d8f89-916491,Farrington Gurney Works NEC4 ECC Option A,Approval of works for Farrington Gurney with M Group,Bath and North East Somerset Council,,1300000.0,GBP,2026-10-05,2026-10-05,award,complete,45200000,https://www.contractsfinder.service.gov.uk/Notice/0d978c3b-19b3-4bb0-afbd-aaeabb1d8f89-916491,2026-10-06T13:53:34.883646+00:00
Contracts Finder,ocds-b5fd17-bb52a004-96d4-400c-a122-425f9638608a_5c128046-ddb1-4add-9d56-08d46247a687-916489,Window to 1913: Activity Plan Delivery Lead,"The Authority is now seeking a consultant to deliver the contents of the Activity and Interpretation Plans, to enable us to achieve the aims and objectives of the Window to 1913 project, our ambitions as a Heritage Place and our contribution to the investment principles in The National Lottery Heritage Fund's Heritage 2033 strategy. The Authority expects to receive a decision on the delivery phase grant application during October 2026, with permission to start expected in November 2026. Speciali",North East Lincolnshire Borough Council,,168350.0,GBP,2026-10-05,2026-11-02,tender,active,71000000,https://www.contractsfinder.service.gov.uk/Notice/5c128046-ddb1-4add-9d56-08d46247a687,2026-10-06T13:53:34.883843+00:00
Contracts Finder,ocds-b5fd17-73992810-f950-4595-a73f-fc67104aa7b1_9a69a773-7d04-4072-b533-36646183859c-916486,ITT  for  Projects  10195828   10195187   10190898,ITT  for  Projects  10195828   10195187   10190898,UK RESEARCH & INNOVATION,,9288.0,GBP,2026-10-05,2026-08-13,award,complete,79421100,https://www.contractsfinder.service.gov.uk/Notice/9a69a773-7d04-4072-b533-36646183859c-916486,2026-10-06T13:53:34.884016+00:00
Contracts Finder,ocds-b5fd17-ad6bc6e2-380d-4aba-86ca-f63f5568f572_cf2a6c1b-6a6d-4f77-8c71-99ebddf40934-916487,ID: 37361 - HOMEFIELD COLLEGE,"This contract is for the provision of transport services - journey stated in the title of this notice. It has been awarded following a Mini Competition under Council's Dynamic Purchasing System (DPS) PAN3059 - Passenger Transport Services.

To find out more about this DPS and how to provide taxi services to the Council, please see Taxi firms tendering for contracts (leicester.gov.uk)",Leicester City Council,,60840.0,GBP,2026-10-05,2026-10-05,award,complete,60120000,https://www.contractsfinder.service.gov.uk/Notice/cf2a6c1b-6a6d-4f77-8c71-99ebddf40934-916487,2026-10-06T13:53:34.884191+00:00
Contracts Finder,ocds-b5fd17-c55dce80-9c59-4e34-899a-d7c67ad0b05f_d36bb70c-6797-4c44-9b32-6bb7ffc7826b-916484,"CR_5542 - Research into Work Stress, Burnout and Employment Outcomes","In the response to the House of Lords Home-Based Working Select Committee report, the Government recognised the risks associated with blurred boundaries between work and home, while also recognising that employers should retain appropriate autonomy and be able to contact employees where there is a legitimate need to do so. The Government stated that policies supporting work-life balance should be proportionate, workable across different sectors and forms of employment, and support both worker we",Department for Business and Trade,140400.0,200160.0,GBP,2026-10-05,2026-08-24,award,complete,73110000,https://www.contractsfinder.service.gov.uk/Notice/d36bb70c-6797-4c44-9b32-6bb7ffc7826b-916484,2026-10-06T13:53:34.884368+00:00
Contracts Finder,ocds-b5fd17-6c4e0d6d-d47f-4475-83fb-33ec5ea12b1a_135424b4-ee68-491c-bed3-d98a3547aa88-916481,C1185 - Specialist Accounting Services,"Provision of  Specialist Accounting Services.  This is a zero-spend commitment contract up to a maximum potential value of £200,000 over the whole term.",NATIONAL WEALTH FUND LIMITED,,,GBP,2026-10-05,2025-12-03,awardUpdate,complete,79211000,https://www.contractsfinder.service.gov.uk/Notice/135424b4-ee68-491c-bed3-d98a3547aa88-916481,2026-10-06T13:53:34.884538+00:00
Contracts Finder,ocds-b5fd17-faccda39-f966-4381-abc5-98ed47a8e24b_e89ea28e-d32d-4ef6-8443-0c3546f3f2da-916480,ITT  for  Project  10195690,ITT  for  Project  10195690,UK RESEARCH & INNOVATION,,6017.0,GBP,2026-10-05,2026-09-15,award,complete,79421100,https://www.contractsfinder.service.gov.uk/Notice/e89ea28e-d32d-4ef6-8443-0c3546f3f2da-916480,2026-10-06T13:53:34.884725+00:00
Contracts Finder,ocds-b5fd17-ecba727d-0534-4c87-8162-e51446d49013_f48ab456-a55d-4bdc-bbe6-15188c67b1c1-916470,Cloud based access to newest Version Nvivo 15,"Provision of NVivo software licences, maintenance, and support services for the Office for National Statistics.",Office for National Statistics,,13827.26,GBP,2026-10-05,2026-09-03,award,complete,30237300,https://www.contractsfinder.service.gov.uk/Notice/f48ab456-a55d-4bdc-bbe6-15188c67b1c1-916470,2026-10-06T13:53:34.884906+00:00
Contracts Finder,ocds-b5fd17-4312057c-f9ff-46f1-bee4-537f66fcb8b7_8eac808b-d015-4dbe-8672-875519027121-916479,Contract Award of Implementing and Evaluating Emerging Technology in Immigration Enforcement,Contract award of Implementing and Evaluating Emerging Technology in Immigration Enforcement,Home Office,,148445.0,GBP,2026-10-05,2026-09-01,award,complete,73110000,https://www.contractsfinder.service.gov.uk/Notice/8eac808b-d015-4dbe-8672-875519027121-916479,2026-10-06T13:53:34.885081+00:00
Contracts Finder,ocds-b5fd17-fb909988-b6f7-483a-8008-6d4904c2fa48_d0233846-46ac-4e40-b4a6-a931c3de954e-916475,ITT  for  Projects  10201862  10201722,ITT  for  Projects  10201862  10201722,UK RESEARCH & INNOVATION,,16692.0,GBP,2026-10-05,2026-09-15,award,complete,79421100,https://www.contractsfinder.service.gov.uk/Notice/d0233846-46ac-4e40-b4a6-a931c3de954e-916475,2026-10-06T13:53:34.885252+00:00
Contracts Finder,ocds-b5fd17-12c3910c-8990-4f30-ad6f-e0a0e6d878df_fc1f0ddb-03db-4adb-94cb-fd77825b1370-916477,"Provision of Ai Delivery, Development and Evaluation Services",Contract Award notice.,DfTc - Department for Transport,,,GBP,2026-10-05,2026-08-11,award,complete,72000000,https://www.contractsfinder.service.gov.uk/Notice/fc1f0ddb-03db-4adb-94cb-fd77825b1370-916477,2026-10-06T13:53:34.885424+00:00
Contracts Finder,ocds-b5fd17-1f822b97-ef0b-49bf-b8f5-54e204b0cc07_73a5fa32-0275-43d6-9338-a6e013f8cc71-916476,37354 - ELMBROOK SCHOOL,"This contract is for the provision of transport services - journey stated in the title of this notice. It has been awarded following a Mini Competition under Council's Dynamic Purchasing System (DPS) PAN3059 - Passenger Transport Services.

 

To find out more about this DPS and how to provide taxi services to the Council, please see Taxi firms tendering for contracts (leicester.gov.uk)

Additional information: 
At the point of award, we are no longer seeking tenders.",Leicester City Council,,39897.0,GBP,2026-10-05,2026-10-05,award,complete,60120000,https://www.contractsfinder.service.gov.uk/Notice/73a5fa32-0275-43d6-9338-a6e013f8cc71-916476,2026-10-06T13:53:34.885595+00:00
Contracts Finder,ocds-b5fd17-5084d4e3-f504-4acd-9f7a-22e50ac35bd5_04047bb6-bb02-498f-b333-64fde5a0f372-916465,GB-Sheffield: Platform to provide consulting services,"Provider with a database of specialist experts and provides a platform to provide consulting services.

Additional information: British Business Bank Plc, registered in England and Wales, registration number 08616013, registered office Steel City House, West Street, Sheffield, S1 2GQ, a development bank wholly owned by the HM Government. It and its subsidiaries are not banking institutions and do not operate as such. With the exception of BBB Investment Services Limited they are not authorised",BIP SOLUTIONS LIMITED,,37000.0,GBP,2026-10-05,2026-03-31,awardUpdate,complete,48482000,https://www.contractsfinder.service.gov.uk/Notice/04047bb6-bb02-498f-b333-64fde5a0f372-916465,2026-10-06T13:53:34.885783+00:00
Contracts Finder,ocds-b5fd17-352e2604-c313-4227-8b18-ae79348b78b4_b992a345-4cf2-46ff-8c70-a5054401de1d-916474,ITT  for  Project  10199229,ITT  for  Project  10199229,UK RESEARCH & INNOVATION,,5672.0,GBP,2026-10-05,2026-09-15,award,complete,79421100,https://www.contractsfinder.service.gov.uk/Notice/b992a345-4cf2-46ff-8c70-a5054401de1d-916474,2026-10-06T13:53:34.885959+00:00
Contracts Finder,ocds-b5fd17-635dbbb9-2e91-4dda-b3ce-6b34114b6c99_18ec1fd2-b21a-40e5-9f6d-3ca72441c6b7-916464,GB-Sheffield: Biotech intelligence platform,"Niche biotech intelligence platform, providing deal financials/metrics of key M&A in the space and also editorial thought pieces of ongoing industry trends.

Additional information: British Business Bank Plc, registered in England and Wales, registration number 08616013, registered office Steel City House, West Street, Sheffield, S1 2GQ, a development bank wholly owned by the HM Government. It and its subsidiaries are not banking institutions and do not operate as such. With the exception of B",BIP SOLUTIONS LIMITED,,37500.0,GBP,2026-10-05,2026-04-29,award,complete,48482000,https://www.contractsfinder.service.gov.uk/Notice/18ec1fd2-b21a-40e5-9f6d-3ca72441c6b7-916464,2026-10-06T13:53:34.886136+00:00
Contracts Finder,ocds-b5fd17-050ef776-af79-40cd-bb79-b733a0ef6a25_2a7d5332-586b-426d-a9ea-4a645b6d8806-916468,Patting Close Play Area,Further competition through the Salford Technical And Highways Works Framework Lot 6 - Landscaping And Associated Services,Salford City Council,,132288.92,GBP,2026-10-05,2026-08-07,award,complete,45112700,https://www.contractsfinder.service.gov.uk/Notice/2a7d5332-586b-426d-a9ea-4a645b6d8806-916468,2026-10-06T13:53:34.886310+00:00
Contracts Finder,ocds-b5fd17-de068fea-27e6-47af-b022-ce824540abf0_b0cb8dfc-1d8a-4ce9-a240-4011ee999d3a-916469,ITT  for  Projects  10197211,ITT  for  Projects  10197211,UK RESEARCH & INNOVATION,,5350.0,GBP,2026-10-05,2026-09-15,award,complete,79421100,https://www.contractsfinder.service.gov.uk/Notice/b0cb8dfc-1d8a-4ce9-a240-4011ee999d3a-916469,2026-10-06T13:53:34.886496+00:00
Contracts Finder,ocds-b5fd17-28fc8c6c-cbb1-434a-a759-8c98b206b6a0_07897458-f0ab-489c-b850-49e8b3922840-916473,LCC - Coroners Case Management Software,"The Supplier shall provide a Case Management System for the Coroners service, including all aspects of hosting, support and training etc.",Lincolnshire County Council,,,GBP,2026-10-05,2026-06-26,award,complete,48180000,https://www.contractsfinder.service.gov.uk/Notice/07897458-f0ab-489c-b850-49e8b3922840-916473,2026-10-06T13:53:34.886687+00:00
Contracts Finder,ocds-b5fd17-436f2ea3-6b79-4db9-9b33-aa1d0954544a_dd107125-a259-4706-ae54-f80e0780255a-916471,Security of Work and Dismissal Employee & Employer Surveys,"The requirement is for the establishment of the Security of Work and Dismissal Employee & Employer Surveys Call-Off Contract, to provide research services supporting the monitoring and evaluation of the Employment Rights Act 2025 and the wider Make Work Pay programme. The successful supplier will design and deliver two externally commissioned surveys - one covering employers and one covering workers in Great Britain - to provide programme-level and policy-specific monitoring evidence, support fu",Department for Business and Trade,,1440000.0,GBP,2026-10-05,2026-08-24,award,complete,73110000,https://www.contractsfinder.service.gov.uk/Notice/dd107125-a259-4706-ae54-f80e0780255a-916471,2026-10-06T13:53:34.886871+00:00
Contracts Finder,ocds-b5fd17-4814d020-1381-4d20-afa2-fb9434958d74_7f28f1db-b662-4dbe-9d3a-9a23f84563ef-916467,ITT  for  Project  10202424,ITT  for  Project  10202424,UK RESEARCH & INNOVATION,,8495.0,GBP,2026-10-05,2026-09-15,award,complete,79421100,https://www.contractsfinder.service.gov.uk/Notice/7f28f1db-b662-4dbe-9d3a-9a23f84563ef-916467,2026-10-06T13:53:34.887047+00:00
Contracts Finder,ocds-b5fd17-801b1fe1-a850-46b2-b302-338191db61ca_0799a12d-9a74-478c-aad6-005e661e1479-916463,GB-Sheffield: Market Intelligence platform,"Market Intelligence platform giving access to broker research, market intelligence and expert insights across industries.

Additional information: British Business Bank Plc, registered in England and Wales, registration number 08616013, registered office Steel City House, West Street, Sheffield, S1 2GQ, a development bank wholly owned by the HM Government. It and its subsidiaries are not banking institutions and do not operate as such. With the exception of BBB Investment Services Limited they",BIP SOLUTIONS LIMITED,,120000.0,GBP,2026-10-05,2026-03-25,award,complete,48482000,https://www.contractsfinder.service.gov.uk/Notice/0799a12d-9a74-478c-aad6-005e661e1479-916463,2026-10-06T13:53:34.887227+00:00
Contracts Finder,ocds-b5fd17-abd206ad-6daa-4659-9719-64f305d85d72_4ca9cc89-cf56-47d8-b198-d5dea84c89c5-916456,Site Search & Analytics,"Procured via G-Cloud 14 Framework Agreement (RM1557.14), Lot 2: Cloud Software.  This Call-Off Contract is valid for a term of 36-months plus an optional 12-month extension to 11/09/2030.",Rotherham Metropolitan Borough Council,,34000.0,GBP,2026-10-05,2026-09-09,award,complete,48000000,https://www.contractsfinder.service.gov.uk/Notice/4ca9cc89-cf56-47d8-b198-d5dea84c89c5-916456,2026-10-06T13:53:34.887400+00:00
Contracts Finder,ocds-b5fd17-91a36d82-09fe-437f-9b35-8941ff2da22c_60f07d74-c142-4d5a-882e-2ab77e09277b-916466,ITT  for  Projects  10202438  10198635,ITT  for  Projects  10202438  10198635,UK RESEARCH & INNOVATION,,15751.0,GBP,2026-10-05,2026-09-15,award,complete,79421100,https://www.contractsfinder.service.gov.uk/Notice/60f07d74-c142-4d5a-882e-2ab77e09277b-916466,2026-10-06T13:53:34.887574+00:00
Contracts Finder,ocds-b5fd17-7e159b15-924f-4aca-9f77-0f6ff9480824_9a0eaaf3-cebf-4536-b057-b6619e04e100-916462,GB-Neath Abbey: TPPL Neath Port Talbot County Borough Council HCC Lot 4 - 5 x Compact Sweepers (33471),5 x Compact Sweepers,Neath Port Talbot County Borough Council,,514187.1,GBP,2026-10-05,2026-08-19,award,complete,34921100,https://www.contractsfinder.service.gov.uk/Notice/9a0eaaf3-cebf-4536-b057-b6619e04e100-916462,2026-10-06T13:53:34.887761+00:00
Contracts Finder,ocds-b5fd17-626e8380-3dfb-4fc5-9f5c-6b1b55d0e1f6_e9228934-40ab-4709-97af-4cdd0798c2bd-916461,GB-Conwy: TPPL Conwy County Borough Council HCC Lot 2 - 1 x 3.5t LWB Panel Van (33943),1 x 3.5t LWB Panel Van,Conwy County Borough Council,,35166.05,GBP,2026-10-05,2026-09-22,award,complete,34136000,https://www.contractsfinder.service.gov.uk/Notice/e9228934-40ab-4709-97af-4cdd0798c2bd-916461,2026-10-06T13:53:34.887938+00:00
Contracts Finder,ocds-b5fd17-4d91f65d-58a7-47ad-b57a-b52221ee181f_a8e43f30-f4a8-47de-872d-d8a6a7d9b318-916460,GB-Tyne: TPPL Newcastle City Council HCC Lot 2 - 1 x Peugeot E Expert (33517),1 x Peugeot E Expert (33517),Newcastle City Council,,21491.18,GBP,2026-10-05,2026-08-24,award,complete,34136000,https://www.contractsfinder.service.gov.uk/Notice/a8e43f30-f4a8-47de-872d-d8a6a7d9b318-916460,2026-10-06T13:53:34.888109+00:00
Contracts Finder,ocds-b5fd17-fee5dae3-b667-4060-bce8-fa945c164880_0af6ef08-6b80-4290-9ee5-310bfcf1718d-916459,Cumberland Network - SD-WAN Switches and Access Points,"Cumberland Network - SD-WAN Connectivity for Cumberland Council

Additional information: 
Further Competition - CCS RM6116 Lot 1a  (itt_98915)
Further Competition - CCS RM6116 Lot 1a  (itt_98915)",Cumberland Council,,146251.42,GBP,2026-10-05,2026-09-09,award,complete,32400000,https://www.contractsfinder.service.gov.uk/Notice/0af6ef08-6b80-4290-9ee5-310bfcf1718d-916459,2026-10-06T13:53:34.888280+00:00
Contracts Finder,ocds-b5fd17-7ff1262d-9273-41e2-ae25-93ee5165dea6_1044e7de-b282-4ddd-84c0-588bc403f583-916457,ITT  for  Projects  10199752  10200946  10201063,ITT  for  Projects  10199752  10200946  10201063,UK RESEARCH & INNOVATION,,11700.0,GBP,2026-10-05,2026-09-15,award,complete,79421100,https://www.contractsfinder.service.gov.uk/Notice/1044e7de-b282-4ddd-84c0-588bc403f583-916457,2026-10-06T13:53:34.888450+00:00
Contracts Finder,ocds-b5fd17-33d54db8-6257-4286-89c6-cf4189758c5f_b830d236-e05f-442c-9cde-946f5def9815-916458,Highway Monitoring Services_26,"Further Competition under YPO Road Marking, Surfacing And Traffic Management DPS 772 / Category 2: Supply and installation providers for road marking, surfacing, removal products and equipment, for a supplier to provide highway monitoring services.",Leicestershire County Council,,,GBP,2026-10-05,2026-09-11,award,complete,71630000,https://www.contractsfinder.service.gov.uk/Notice/b830d236-e05f-442c-9cde-946f5def9815-916458,2026-10-06T13:53:34.888620+00:00
Contracts Finder,ocds-b5fd17-6943059e-4b32-4c74-bccc-fa9fc443ab9d_c39d66c5-67a9-4643-96c3-698e3a8818f5-916455,"QIP490 0900 2026-10-05 Hitcham - Phoenix progress, Claydon (4-seated vehicle required) - AWARD","Suffolk County Council is seeking a mini competition against the following Dynamic Purchasing System: `The supply of Passenger Transport Services`, OJEU Notice Id: 2018/S 031-067685.
      
      QIP490 0900 2026-10-05 Hitcham - Phoenix progress, Claydon (4-seated vehicle required)
      
      Further details can be found in the 'Tenders / My Tenders' area of this website, by selecting the 'View Details' button for this project.
      
      The deadline for returned submissions is  0900 ",Suffolk County Council Passenger Transport,,,GBP,2026-10-05,2026-10-05,award,complete,60000000,https://www.contractsfinder.service.gov.uk/Notice/c39d66c5-67a9-4643-96c3-698e3a8818f5-916455,2026-10-06T13:53:34.888808+00:00
Contracts Finder,ocds-b5fd17-a1044280-e46d-48ad-8cd9-c53437187da2_afda3d46-dae1-426a-9ffc-bbb836e934f8-916453,ITT  for  Projects  10202431   10202332,ITT  for  Projects  10202431   10202332,UK RESEARCH & INNOVATION,,12160.0,GBP,2026-10-05,2026-09-15,award,complete,79421100,https://www.contractsfinder.service.gov.uk/Notice/afda3d46-dae1-426a-9ffc-bbb836e934f8-916453,2026-10-06T13:53:34.888991+00:00
Contracts Finder,ocds-b5fd17-92df765c-67a2-4def-a8ef-8ad8d7b522ab_ad6f6fb9-f4fd-422a-97a6-a46ba2d5d6e7-916452,P4104113 Provision of Legal Advisers for Project Gordon,"The call-off contract shall commence on the 4th November 2024 and the expiry date will be 3rd November 2025 for a period of 12 months, including an option to extend by 12 months (3rd November 2026) and an option to extend by a further five months (3rd April 2027).
The total contract value will be up to £800,000 excluding VAT. The contract value is subject to further internal approvals by the DfT and will be reviewed as part of the DfT's contract management procedures.
This Direct Award is bein",DfTc - Department for Transport,,800000.0,GBP,2026-10-05,2024-10-31,awardUpdate,complete,79100000,https://www.contractsfinder.service.gov.uk/Notice/ad6f6fb9-f4fd-422a-97a6-a46ba2d5d6e7-916452,2026-10-06T13:53:34.889169+00:00
Contracts Finder,ocds-b5fd17-e68ec389-30c2-4236-ac01-8d7f9e8350b6_5d31a86d-72cc-4e72-9bad-ea0be8c82f66-916451,YAS 144 2026_27 RM6277 - Support Infrastructure Manager temp,Temporary post,Yorkshire Ambulance Service NHS Trust,47788.0,57000.0,GBP,2026-10-05,2026-08-27,award,complete,79600000,https://www.contractsfinder.service.gov.uk/Notice/5d31a86d-72cc-4e72-9bad-ea0be8c82f66-916451,2026-10-06T13:53:34.889346+00:00
Contracts Finder,ocds-b5fd17-ed0ceea5-b003-405b-92a7-ed1dfc85e470_a3762bd9-efc6-4509-b998-21bbbeb5d6da-916450,Workforce Solutions,For the provision of recruitment related services from Alexander Mann Solutions.,CPS,,12530675.0,GBP,2026-10-05,2026-09-01,awardUpdate,complete,79600000,https://www.contractsfinder.service.gov.uk/Notice/a3762bd9-efc6-4509-b998-21bbbeb5d6da-916450,2026-10-06T13:53:34.889519+00:00
Contracts Finder,ocds-b5fd17-3d3d8d46-c2e4-416e-8142-f290def0e56c_473cb62e-0c17-4fd4-b0f4-070be5172104-916427,Supply of Panther instrument system,Supply of 1 No Panther instrument system for HPV testing,NORFOLK AND NORWICH UNIVERSITY HOSPITALS NHS FOUNDATION TRUST,,169950.0,GBP,2026-10-05,2026-09-20,award,complete,33100000,https://www.contractsfinder.service.gov.uk/Notice/473cb62e-0c17-4fd4-b0f4-070be5172104-916427,2026-10-06T13:53:34.889704+00:00
Contracts Finder,ocds-b5fd17-26190b24-b099-4ad2-bbcb-50a283023eef_4af11919-be70-46b5-8f62-b4fbe7d61c71-916447,ITT  for  Project  10203381,ITT  for  Project  10203381,UK RESEARCH & INNOVATION,,1850.0,GBP,2026-10-05,2026-09-04,award,complete,79421100,https://www.contractsfinder.service.gov.uk/Notice/4af11919-be70-46b5-8f62-b4fbe7d61c71-916447,2026-10-06T13:53:34.889881+00:00
Contracts Finder,ocds-b5fd17-0e77f78e-b998-43a8-833c-17a8bfdea2aa_825f525e-011e-44ed-8cf0-67a4d6af8d6a-916448,Capital Projects Support_ Insight Consulting Services,Capital Project Support (Fire),Gloucestershire Hospitals NHS Foundation Trust,,155000.0,GBP,2026-10-05,2026-05-17,award,complete,75251110,https://www.contractsfinder.service.gov.uk/Notice/825f525e-011e-44ed-8cf0-67a4d6af8d6a-916448,2026-10-06T13:53:34.890052+00:00
Contracts Finder,ocds-b5fd17-46547a6d-0b35-46ec-a8f8-e8a7e06c9cda_6af9b5e7-ad40-4c2d-9e67-71e9ade38e7d-916438,Framework Agreement  For Residential Care and Nursing Care of Older People,To support early adoption of National Living Wage increase and uplift in fees to address recruitment and retention issues facing care providers during the coming winter period.,MERCELL UK LTD,,,GBP,2026-10-05,2023-07-12,awardUpdate,complete,85000000,https://www.contractsfinder.service.gov.uk/Notice/6af9b5e7-ad40-4c2d-9e67-71e9ade38e7d-916438,2026-10-06T13:53:34.890208+00:00
Contracts Finder,ocds-b5fd17-f013b76c-8038-43fb-a7d2-344430f2cb7a_f5cb3991-8f05-46cb-8266-88da80bd47e8-916446,"QIP491 0900 2026-10-05 Ipswich - Phoenix progress, Claydon (4-seated vehicle required) - AWARD","Suffolk County Council is seeking a mini competition against the following Dynamic Purchasing System: `The supply of Passenger Transport Services`, OJEU Notice Id: 2018/S 031-067685.
      
      QIP491 0900 2026-10-05 Ipswich - Phoenix progress, Claydon (4-seated vehicle required)
      
      Further details can be found in the 'Tenders / My Tenders' area of this website, by selecting the 'View Details' button for this project.
      
      The deadline for returned submissions is  0900 ",Suffolk County Council Passenger Transport,,,GBP,2026-10-05,2026-10-05,award,complete,60000000,https://www.contractsfinder.service.gov.uk/Notice/f5cb3991-8f05-46cb-8266-88da80bd47e8-916446,2026-10-06T13:53:34.890375+00:00
Contracts Finder,ocds-b5fd17-1c3d871c-f1bf-49f1-84b0-0e223f9b6b0e_b7aab757-168b-44f1-8547-42966d1f6d98-916439,Procurement of Velociti Electronic Ticketing Machine (ETM) Data Analysis System (DAS) Contract Management Software - CAN,"Notice to publish information regarding the award of a contract for Velociti Electronic Ticketing Machine (ETM) Data Analysis System (DAS) Contract Management Software.
The Contract is a call-off from the GCA G-Cloud 14 Framework for an initial period of 2 years, plus a 1-year option to extend and the inclusion of optional add-on modules.",West Midlands Combined Authority,187257.0,437964.0,GBP,2026-10-05,2026-09-17,award,complete,48000000,https://www.contractsfinder.service.gov.uk/Notice/b7aab757-168b-44f1-8547-42966d1f6d98-916439,2026-10-06T13:53:34.890550+00:00
Contracts Finder,ocds-b5fd17-9160b15d-8c79-4f87-b5f1-9a3595a9e452_0c490418-b0e5-4762-aeed-262a31123ea2-916440,Click Travel Renewal (2),"Click Travel Renewal

 NEPO507 - Travel Management Framework",NHS PROPERTY SERVICES LIMITED,,3334032.0,GBP,2026-10-05,2023-09-01,award,complete,79997000,https://www.contractsfinder.service.gov.uk/Notice/0c490418-b0e5-4762-aeed-262a31123ea2-916440,2026-10-06T13:53:34.890741+00:00
Contracts Finder,ocds-b5fd17-0709f27d-5bb0-4264-aeff-c7121dea6063_8f00222a-5df2-43d7-9225-cb159773b1d0-916441,ITT  for  Project  10202122,ITT  for  Project  10202122,UK RESEARCH & INNOVATION,,2625.0,GBP,2026-10-05,2026-09-15,award,complete,79421100,https://www.contractsfinder.service.gov.uk/Notice/8f00222a-5df2-43d7-9225-cb159773b1d0-916441,2026-10-06T13:53:34.890920+00:00
Contracts Finder,ocds-b5fd17-5aab61ea-7106-4354-a5f6-51f8e7ef25cb_5491cff5-6dc5-4f67-b997-b7d2c821b9bb-916443,37314 - contact,"This contract is for the provision of transport services - journey stated in the title of this notice. It has been awarded following a Mini Competition under Council's Dynamic Purchasing System (DPS) PAN3059 - Passenger Transport Services.

 

To find out more about this DPS and how to provide taxi services to the Council, please see Taxi firms tendering for contracts (leicester.gov.uk)

Additional information: 
At the point of award, we are no longer seeking tenders.",Leicester City Council,,76.0,GBP,2026-10-05,2026-10-05,award,complete,60120000,https://www.contractsfinder.service.gov.uk/Notice/5491cff5-6dc5-4f67-b997-b7d2c821b9bb-916443,2026-10-06T13:53:34.891097+00:00
Contracts Finder,ocds-b5fd17-ab8cd0a0-f4c5-4a83-a9e7-512a919f4c7c_efdf2e72-8b7e-4cec-bec5-897e23879171-916442,PAHT - John Snow internal rooms and bays rooms refurbishments,John Snow internal rooms and bays rooms refurbishments at Princess Alexandra Hospital NHS Trust. Procured Via Low Value Purchasing System (LVPS) RM6237,Princess Alexandra Hospital NHS Trust,26000.0,28691.25,GBP,2026-10-05,2026-09-18,award,complete,45453100,https://www.contractsfinder.service.gov.uk/Notice/efdf2e72-8b7e-4cec-bec5-897e23879171-916442,2026-10-06T13:53:34.891272+00:00
Contracts Finder,ocds-b5fd17-d812c4e5-20f4-4186-944b-4260e9443221_b291e092-ce8f-49fe-8c07-f3299c5652ae-916432,Civica W360 Support and Maintenance,Provisions of Civica W360 Support and Maintenance,mhs homes group,,89742.0,GBP,2026-10-05,2026-09-28,award,complete,48000000,https://www.contractsfinder.service.gov.uk/Notice/b291e092-ce8f-49fe-8c07-f3299c5652ae-916432,2026-10-06T13:53:34.891443+00:00
Contracts Finder,ocds-b5fd17-136f6270-3c91-469b-a8bb-9ad8a95d4304_bbd752e6-5120-4553-8607-446ce73183fc-916437,ITT for Project  10202806,ITT for Project  10202806,UK RESEARCH & INNOVATION,,3231.0,GBP,2026-10-05,2026-09-15,award,complete,79421100,https://www.contractsfinder.service.gov.uk/Notice/bbd752e6-5120-4553-8607-446ce73183fc-916437,2026-10-06T13:53:34.891613+00:00
Contracts Finder,ocds-b5fd17-a7bc8eec-1061-40e2-b829-50558d5cc7dc_bcae8893-d426-4888-bb24-36139d351fd3-916436,DFG 39353 JAB,Disabled Facilities Grant,North East Lincolnshire Council,,45612.0,GBP,2026-10-05,2026-09-22,award,complete,45000000,https://www.contractsfinder.service.gov.uk/Notice/bcae8893-d426-4888-bb24-36139d351fd3-916436,2026-10-06T13:53:34.891799+00:00
Contracts Finder,ocds-b5fd17-9f1834bd-03ce-4d62-a9a7-c84b60a5b009_8c25c911-b02f-446f-875a-c16e0a124ed2-916350,Digital Switchover Broadband lines 15 schemes,Provisions of Digital Switchover Broadband lines 15 schemes,mhs homes group,,40608.0,GBP,2026-10-05,2026-08-23,award,complete,64210000,https://www.contractsfinder.service.gov.uk/Notice/8c25c911-b02f-446f-875a-c16e0a124ed2-916350,2026-10-06T13:53:34.891974+00:00
Contracts Finder,ocds-b5fd17-c4932255-a007-4e73-b405-8e5917446e59_276f4ff9-08f0-4904-b061-01697d1d1c29-916433,ITT for Project  10202444,ITT for Project  10202444,UK RESEARCH & INNOVATION,,5100.0,GBP,2026-10-05,2026-09-15,award,complete,79421100,https://www.contractsfinder.service.gov.uk/Notice/276f4ff9-08f0-4904-b061-01697d1d1c29-916433,2026-10-06T13:53:34.892146+00:00
Contracts Finder,ocds-b5fd17-2b708f59-af48-41b2-ac33-11ef8ad8280a_f1452f50-5f9b-46b9-b7a0-5c723e27bc57-916435,Homogeniser x 2 (Pre-Clinical),Purchases of Homogeniser x 2 (Pre-Clinical),UK Health Security Agency,,18986.08,GBP,2026-10-05,2026-09-25,award,complete,38436600,https://www.contractsfinder.service.gov.uk/Notice/f1452f50-5f9b-46b9-b7a0-5c723e27bc57-916435,2026-10-06T13:53:34.892319+00:00
Contracts Finder,ocds-b5fd17-2324f9f0-d9e1-4e65-8465-ebf31bdce0ea_131cd668-4bd1-4d4e-b668-49eedd648df5-916434,Non-Emergency and High Dependency Patient Transport Services,Patient transport services.,University Hospitals of Leicester NHS Trust,8888229.92,11850973.23,GBP,2026-10-05,2025-11-30,award,complete,85143000,https://www.contractsfinder.service.gov.uk/Notice/131cd668-4bd1-4d4e-b668-49eedd648df5-916434,2026-10-06T13:53:34.892498+00:00
Contracts Finder,ocds-b5fd17-ecf8fbd0-65a1-4cbc-b507-03df83b26f5e_4894374e-0ca4-420f-9954-6d68b6ec5102-916430,ITT for Projects  10201830   10201742,ITT for Projects  10201830   10201742,UK RESEARCH & INNOVATION,,13320.0,GBP,2026-10-05,2026-09-15,award,complete,79421100,https://www.contractsfinder.service.gov.uk/Notice/4894374e-0ca4-420f-9954-6d68b6ec5102-916430,2026-10-06T13:53:34.892686+00:00
Contracts Finder,ocds-b5fd17-31d894a3-e229-42bb-8a3e-63982a301fcb_84ee3680-2962-4dd2-ae05-cd571a90fbf5-916431,Leicester Fertility Centre Website and Communications,Leicester fertility centre website and communications.,University Hospitals of Leicester NHS Trust,32093.76,48140.64,GBP,2026-10-05,2025-08-30,award,complete,72400000,https://www.contractsfinder.service.gov.uk/Notice/84ee3680-2962-4dd2-ae05-cd571a90fbf5-916431,2026-10-06T13:53:34.892864+00:00
Contracts Finder,ocds-b5fd17-e60c5ed4-bd9c-4db9-9554-6228220bbe6f_6ef9d59d-3fa8-4073-8ae2-48e0e9461950-916429,"Communication Enterprise Solutions, Electronic Rostering","Communication Enterprise Solutions, Electronic Rostering.",University Hospitals of Leicester NHS Trust,,3157025.0,GBP,2026-10-05,2026-05-30,award,complete,48000000,https://www.contractsfinder.service.gov.uk/Notice/6ef9d59d-3fa8-4073-8ae2-48e0e9461950-916429,2026-10-06T13:53:34.893036+00:00
Contracts Finder,ocds-b5fd17-c6e61834-d3a4-4e35-af0d-45dd4393e9d2_7134ac34-fb91-493d-b4e4-d004ecd9cb40-916426,Patient Advice and Liaison Service (PALS) Module,Patient Advice and Liaison Service.,University Hospitals of Leicester NHS Trust,,226916.0,GBP,2026-10-05,2023-07-30,award,complete,48000000,https://www.contractsfinder.service.gov.uk/Notice/7134ac34-fb91-493d-b4e4-d004ecd9cb40-916426,2026-10-06T13:53:34.893206+00:00
Contracts Finder,ocds-b5fd17-53b809ca-2c89-4f69-b956-972a289b92ad_304d4c2d-aac9-4a46-b017-a1f7173f1e42-916425,Chest and Brain Radiology Cloud Software,Chest and Brain Radiology Cloud Software,University Hospitals of Leicester NHS Trust,,289705.63,GBP,2026-10-05,2026-06-30,award,complete,48000000,https://www.contractsfinder.service.gov.uk/Notice/304d4c2d-aac9-4a46-b017-a1f7173f1e42-916425,2026-10-06T13:53:34.893376+00:00
Contracts Finder,ocds-b5fd17-00eca5e6-bee7-4416-bc85-7577eb561bd3_c6dcdfa7-f46f-40ed-8408-129d71a76001-916423,Whittle Street Play Area,This was a further competition through The Technical And Highways Works Framework Lot 6 - Landscaping And Associated Services.  It was advertised and managed via the chest.,Salford City Council,,142860.0,GBP,2026-10-05,2026-08-14,award,complete,37535200,https://www.contractsfinder.service.gov.uk/Notice/c6dcdfa7-f46f-40ed-8408-129d71a76001-916423,2026-10-06T13:53:34.893557+00:00
Contracts Finder,ocds-b5fd17-d8e92016-565a-4783-bebd-e36253804bf2_77e722d6-b58b-4cd3-87eb-ddc065d507b4-916424,DHSC: Analytical Support for Priority Programmes (Extension),4 week extension to DHSC: Analytical Support for Priority Programmes,Department of Health and Social Care,,300000.0,GBP,2026-10-05,2026-09-06,award,complete,79620000,https://www.contractsfinder.service.gov.uk/Notice/77e722d6-b58b-4cd3-87eb-ddc065d507b4-916424,2026-10-06T13:53:34.893746+00:00
Contracts Finder,ocds-b5fd17-0ceb0306-7550-48b9-aaa0-ccea18afdb95_f9220594-dfb2-44f7-a0f1-8f65d3b7621e-916422,ITT For Project 10192755,ITT For Project 10192755,Innovate UK,,3150.0,GBP,2026-10-05,2026-04-01,award,complete,79421100,https://www.contractsfinder.service.gov.uk/Notice/f9220594-dfb2-44f7-a0f1-8f65d3b7621e-916422,2026-10-06T13:53:34.893927+00:00
Contracts Finder,ocds-b5fd17-b6577505-69dc-4787-b385-5cd3eb2fe354_6bf8bd1d-4cd6-4b6b-883a-56b5f2e8e0e6-916421,Computer-Aided Facility Management (CAFM) System,Computer-Aided Facility Management (CAFM) System,University Hospitals of Leicester NHS Trust,,882113.54,GBP,2026-10-05,2023-05-30,award,complete,48000000,https://www.contractsfinder.service.gov.uk/Notice/6bf8bd1d-4cd6-4b6b-883a-56b5f2e8e0e6-916421,2026-10-06T13:53:34.894103+00:00
Contracts Finder,ocds-b5fd17-58a316b0-9c99-49e7-b0ef-a874425f32be_52d1b0a7-9e56-472a-bb1f-4236578eba11-916420,Geomapping Data Visualisation 2026 - 2027,Geomapping data visualisation capability for NHS England to enhance Education Training Activity Planning (ETAP),NHS England,48060.0,144180.0,GBP,2026-10-05,2026-09-14,award,complete,72000000,https://www.contractsfinder.service.gov.uk/Notice/52d1b0a7-9e56-472a-bb1f-4236578eba11-916420,2026-10-06T13:53:34.894287+00:00
Contracts Finder,ocds-b5fd17-b518b8af-a815-469b-a3f7-f5dca54c6c49_62c770b6-1cac-4ab0-8171-4f159fa5163b-916323,CS22260 RM6160 Administrator,"***Please note this is an award notice, not a call for competition*** UK Research and Innovation have a requirement to bring in an Administrator. This has been sourced via direct award against CCS RM6160 Non Clinical Temporary and Fixed Term Staff Framework.",UK SHARED BUSINESS SERVICES LIMITED,,205552.1,GBP,2026-10-05,2022-05-02,award,complete,79620000,https://www.contractsfinder.service.gov.uk/Notice/62c770b6-1cac-4ab0-8171-4f159fa5163b-916323,2026-10-06T13:53:34.894461+00:00
Contracts Finder,ocds-b5fd17-c73a9fe1-fdf7-4fba-969f-7ba0244bfcfc_bb447527-a5fd-464a-b833-9a6c1818fc3d-916417,ITT For Project 10190782,ITT For Project 10190782,Innovate UK,,3722.0,GBP,2026-10-05,2026-04-01,award,complete,79421100,https://www.contractsfinder.service.gov.uk/Notice/bb447527-a5fd-464a-b833-9a6c1818fc3d-916417,2026-10-06T13:53:34.894636+00:00
Contracts Finder,ocds-b5fd17-8ff57519-d264-497a-b5d0-d8d55466dc2f_5bd25dd4-9949-4761-ae1a-bb25401bbe8a-916419,Accelerate Scheme - The Winning Edge Experience for Leaders,Delivery of Accelerate Scheme - The Winning Edge Experience for Leaders training course via Civil Service Learning,UK Health Security Agency,,21528.5,GBP,2026-10-05,2026-09-28,award,complete,80400000,https://www.contractsfinder.service.gov.uk/Notice/5bd25dd4-9949-4761-ae1a-bb25401bbe8a-916419,2026-10-06T13:53:34.894826+00:00
Contracts Finder,ocds-b5fd17-8a28a9a2-d316-449a-a902-3cacbd20141d_094ea9bb-d4b5-4080-8b24-edc6ee87f271-916416,Authorising Engineer (AE) Working at Height,"To appoint Authorising Engineer for Working at Height across Lincolnshire Community Health service NHS Trust sites.

Additional information: 
notice includes all extension dates and options values, there is no guarantee of the take up of full values or extensions.",United Lincolnshire Hospital NHS Trust,8481.0,50000.0,GBP,2026-10-05,2026-08-21,award,complete,71318000,https://www.contractsfinder.service.gov.uk/Notice/094ea9bb-d4b5-4080-8b24-edc6ee87f271-916416,2026-10-06T13:53:34.895001+00:00
Contracts Finder,ocds-b5fd17-4ab9b447-e2aa-41de-879c-a6717979b891_3f33c9bf-7410-4888-8c7e-4150e25c75a7-916410,W5148 Public Sector Market Insight Services,"To continue to deliver savings and better value from its third party spend there is a requirement for Walsall Council to improve and increase its knowledge of public sector spend.  
The requirement is to more fully understand how other Councils are spending their money with regards to categories & suppliers and in addition information to identify other commissioners with whom we can collaborate, to jointly manage a supplier more effectively than we can in isolation.",Walsall Metro Borough Council,,60000.0,GBP,2026-10-05,2026-07-21,award,complete,48000000,https://www.contractsfinder.service.gov.uk/Notice/3f33c9bf-7410-4888-8c7e-4150e25c75a7-916410,2026-10-06T13:53:34.895173+00:00
Contracts Finder,ocds-b5fd17-718393f4-65d2-46ce-949f-17950a2aace3_bf7643c9-a58f-4e96-a4d8-44518cf8269d-916413,ITT For Project 10192387,ITT For Project 10192387,Innovate UK,,2076.0,GBP,2026-10-05,2026-04-01,award,complete,79421100,https://www.contractsfinder.service.gov.uk/Notice/bf7643c9-a58f-4e96-a4d8-44518cf8269d-916413,2026-10-06T13:53:34.895348+00:00
Contracts Finder,ocds-b5fd17-5117866a-d13c-4f02-94f6-b611bf3d0b5a_71719ba3-466f-4a4f-a196-4a9ff011cacc-916415,C471246 - Office 365 Licenses,"Bradford Teaching Hospitals NHS Foundation Trust (BTHFT) requires a contract to ensure provision of Enterprise licenses for Microsoft Office 365. Office 365 is a suite of Microsoft products widely used across the Trust, including Outlook, Teams, Excel, and Word. It hosts the Trust's email system (Exchange Online), Intune (Mobile Device Management), and OneDrive (file storage). This software is integral to the IT infrastructure and supports the Trust's digital workplace agenda.",Bradford Teaching Hospitals NHS Foundation Trust,,3159445.77,GBP,2026-10-05,2026-09-30,award,complete,48000000,https://www.contractsfinder.service.gov.uk/Notice/71719ba3-466f-4a4f-a196-4a9ff011cacc-916415,2026-10-06T13:53:34.895521+00:00
Contracts Finder,ocds-b5fd17-8e2dfed8-0f51-4dc1-b0a0-e063a19bd7ba_fb73f560-59af-4747-b2c4-63844071919e-916414,Soft Market Engagement - Christmas Market,"Sheffield City Council is conducting a Soft Market Engagement activity to understand whether there are any suppliers of a Christmas Market interested in working with the Council.

This soft market test exercise therefore does not constitute a formal tender and will not result in the letting of a contract.  This process is solely to test the market to gather information and ascertain the level of interest in this Service.",Sheffield City Council,,,GBP,2026-10-05,2026-10-16,tender,active,79952000,https://www.contractsfinder.service.gov.uk/Notice/fb73f560-59af-4747-b2c4-63844071919e,2026-10-06T13:53:34.895706+00:00
Contracts Finder,ocds-b5fd17-e3a2def8-0ffc-4e80-87ef-31de83fec270_5f8f0cea-1090-4390-a327-c3b2120b1912-916412,SOW - Culture Transformation support,"Provide specialist culture transformation support to help deliver Transformation 2030 and the future operating model. The engagement will translate existing cultural-change initiatives into a prioritised programme of work and includes advisory, coaching, facilitation and capability development services between October 2026 to March 2027.",Nuclear Restoration Services,,85000.0,GBP,2026-10-05,2026-10-04,award,complete,79620000,https://www.contractsfinder.service.gov.uk/Notice/5f8f0cea-1090-4390-a327-c3b2120b1912-916412,2026-10-06T13:53:34.895889+00:00
Contracts Finder,ocds-b5fd17-3ee24cd9-82d3-46c3-a47b-7a23a9507fe9_1bd73e90-359e-4ef2-ab12-a7cb4359ef3d-916411,C468835 - Multi-Retailer E-Voucher Provision,The Research Department at Bradford Teaching Hospitals NHS Foundation Trust (BTHFT) requires a provision to ensure the availability of E-Vouchers. These are used to recognize research participants' ongoing commitment and compensate them for their involvement.,Bradford Teaching Hospitals NHS Foundation Trust,,44400.0,GBP,2026-10-05,2026-09-30,award,complete,55900000,https://www.contractsfinder.service.gov.uk/Notice/1bd73e90-359e-4ef2-ab12-a7cb4359ef3d-916411,2026-10-06T13:53:34.896072+00:00
Contracts Finder,ocds-b5fd17-bbf60ace-41ed-402f-9584-66c82685a92c_043db69d-0799-45f7-8874-ff293a981246-916406,"Director, Serious Fraud Office",Exec Search and Select Services,Cabinet Office,,40000.0,GBP,2026-10-05,2026-08-25,award,complete,79600000,https://www.contractsfinder.service.gov.uk/Notice/043db69d-0799-45f7-8874-ff293a981246-916406,2026-10-06T13:53:34.896250+00:00
Contracts Finder,ocds-b5fd17-6790635b-f4e9-4a12-925f-f867bc611c3d_663202c4-a800-4b7f-9b12-d648b285dd4a-916409,ITT For Project 10180821,ITT For Project 10180821,Innovate UK,,5235.0,GBP,2026-10-05,2026-04-07,award,complete,79421100,https://www.contractsfinder.service.gov.uk/Notice/663202c4-a800-4b7f-9b12-d648b285dd4a-916409,2026-10-06T13:53:34.896426+00:00
Contracts Finder,ocds-b5fd17-89726f62-6bcc-412f-9f67-d3b036305bcb_df632b17-50f6-4e68-b5ed-b7c489126066-916316,GSS24973 - Administrator,"***This is an award notice, not a call for competition***

This requirement was sourced via Crown Commercial Services Framework RM6277 Non Clinical Staffing to provide UK Research and Innovation the temporary provision of an administrator.

Variation (003) - To extend the end date of the temporary worker contract from 31/01/2025 to 30/09/2026.
Variation (004) - To extend the end date of the temporary worker contract from 30/09/2026 to 31/03/2027.",UK SHARED BUSINESS SERVICES LIMITED,,99089.8,GBP,2026-10-05,2024-12-20,award,complete,79620000,https://www.contractsfinder.service.gov.uk/Notice/df632b17-50f6-4e68-b5ed-b7c489126066-916316,2026-10-06T13:53:34.896598+00:00
Contracts Finder,ocds-b5fd17-12f471b2-e943-4e5c-9954-f514aefaf487_1c6a2037-8dc1-452d-b432-1198480f72aa-916408,Microsoft 365 enterprise agreement,Provision of Microsoft 365 licenses.,University Hospitals of Leicester NHS Trust,,9050000.0,GBP,2026-10-05,2023-03-31,award,complete,48000000,https://www.contractsfinder.service.gov.uk/Notice/1c6a2037-8dc1-452d-b432-1198480f72aa-916408,2026-10-06T13:53:34.896785+00:00
Contracts Finder,ocds-b5fd17-e54c0847-2dfd-4dc0-a629-6a49d4519065_6b18dc78-153e-41d3-9a1a-2cb49ba99d75-916407,Chester Town Hall Square  Feasibility Study - ESPO 664_25,Feasibility Study for Chester Town Hall Square - ESPO 664_25 call off,Cheshire west and Chester Borough Council,,250000.0,GBP,2026-10-05,2026-10-01,award,complete,71000000,https://www.contractsfinder.service.gov.uk/Notice/6b18dc78-153e-41d3-9a1a-2cb49ba99d75-916407,2026-10-06T13:53:34.896961+00:00
Contracts Finder,ocds-b5fd17-b459a5db-24cc-48de-ba44-7c39846e05c9_b3e60ceb-facc-4b4c-8c7d-aa025c2eae7e-916405,ITT For Project 10181309,ITT For Project 10181309,Innovate UK,,3560.0,GBP,2026-10-05,2026-04-07,award,complete,79421100,https://www.contractsfinder.service.gov.uk/Notice/b3e60ceb-facc-4b4c-8c7d-aa025c2eae7e-916405,2026-10-06T13:53:34.897133+00:00
Contracts Finder,ocds-b5fd17-98355ee2-48f8-407d-ab14-766e4009dcef_910b0fc1-9e6d-4c7f-91a2-789a922f2758-916404,ITT For Projects 10183177 and 10180467,ITT For Projects 10183177 and 10180467,Innovate UK,,13580.0,GBP,2026-10-05,2026-04-07,award,complete,79421100,https://www.contractsfinder.service.gov.uk/Notice/910b0fc1-9e6d-4c7f-91a2-789a922f2758-916404,2026-10-06T13:53:34.897305+00:00
Contracts Finder,ocds-b5fd17-70a4a0a5-906c-419b-87b7-abe9840b0241_438e32f3-1769-4fd0-86a9-7735dbede949-916403,ITT For Project 10184645,ITT For Project 10184645,Innovate UK,,6545.0,GBP,2026-10-05,2026-04-07,award,complete,79421100,https://www.contractsfinder.service.gov.uk/Notice/438e32f3-1769-4fd0-86a9-7735dbede949-916403,2026-10-06T13:53:34.897478+00:00
Contracts Finder,ocds-b5fd17-8c0624d4-deb7-444b-a587-d0a727794ba1_ba42d1be-b482-4cce-b282-72ee625367ba-916402,ITT For Project 10182210,ITT For Project 10182210,Innovate UK,,7830.0,GBP,2026-10-05,2026-04-07,award,complete,79421100,https://www.contractsfinder.service.gov.uk/Notice/ba42d1be-b482-4cce-b282-72ee625367ba-916402,2026-10-06T13:53:34.897652+00:00
Contracts Finder,ocds-b5fd17-15ae4b56-0ac1-4178-9ecd-5760219aefc5_480c24a7-2c7b-4334-9ec3-0c24536cb282-916386,ITT For Project 10185108,ITT For Project 10185108,Innovate UK,,6050.0,GBP,2026-10-05,2026-04-07,award,complete,79421100,https://www.contractsfinder.service.gov.uk/Notice/480c24a7-2c7b-4334-9ec3-0c24536cb282-916386,2026-10-06T13:53:34.897850+00:00
Contracts Finder,ocds-b5fd17-91fdf013-ceb4-487a-8a4c-c13736c0d0ea_3d4e6f98-388e-4d52-9137-4dfde802bb0d-916401,Library Services - Van Contract Hire,"Direct award via CCS Framework Agreement Ref: RM6265 Lot 1: Hire of Vehicles up to 3.5T. Peugeot e-Partner.

The closing date stated in this notice is the closing date of the CCS Framework Agreement, which was 19th December 2022.

Additional information: Direct award via CCS Framework Agreement Ref: RM6265 Lot 1: Hire of Vehicles up to 3.5T. Peugeot e-Partner.

The closing date stated in this notice is the closing date of the CCS Framework Agreement, which was 19th December 2022.",NOTTINGHAM TRENT UNIVERSITY,,11849.23,GBP,2026-10-05,2022-12-19,award,complete,34100000,https://www.contractsfinder.service.gov.uk/Notice/3d4e6f98-388e-4d52-9137-4dfde802bb0d-916401,2026-10-06T13:53:34.898028+00:00
Contracts Finder,ocds-b5fd17-d7757e3f-e5c5-47ee-aa08-ff29c28e29c6_8430879f-2c27-480d-b222-08e82ab9a911-916400,SW - AOMR Lot 3 Wessex RMP 26-27 - Glendale Upper Avon,SW - AOMR Lot 3 Wessex RMP 26-27 - Glendale Upper Avon,Environment Agency,,199430.5,GBP,2026-10-05,2026-06-30,award,complete,45246400,https://www.contractsfinder.service.gov.uk/Notice/8430879f-2c27-480d-b222-08e82ab9a911-916400,2026-10-06T13:53:34.898202+00:00
