source,notice_id,title,description,organisation,value_low,value_high,currency,published_date,deadline,notice_type,status,cpv_codes,url,scraped_at
FTS,ocds-h6vhtk-0683e0_087294-2026,Wastewater Testing,"The Ministry of Justice recognises the potential of prison wastewater testing in offering insight into the health of the prison population.  The intended procurement is for the provision of wastewater sampling, laboratory analysis, reporting and associated monitoring technology.",Ministry of Justice,,4850000.0,GBP,2026-09-15,,planningUpdate,planned,,https://www.find-tender.service.gov.uk/Notice/087294-2026,2026-09-15T12:26:20.758953+00:00
FTS,ocds-h6vhtk-06fa1a_087293-2026,GMCA 1958 Technical Support for Delivery (Energy/Design),"Scope of Service:
•	Planning Application Support:
Provide technical advice to Local Planning Authorities (LPAs) on energy statements and planning applications to improve consistency, robustness, and decision-making speed while reducing challenge risk.
•	Industry Engagement & Capacity Building:
Deliver briefings, training, and engagement for developers, planning consultants, and energy specialists to clarify net zero expectations, improve submissions, and reduce planning friction.
•	Market Readin",Greater Manchester Combined Authority,,,GBP,2026-09-15,,award,complete,,https://www.find-tender.service.gov.uk/Notice/087293-2026,2026-09-15T12:26:20.758976+00:00
FTS,ocds-h6vhtk-06fa19_087292-2026,CPT_26_32 Audit and Accounting Information,"The National Audit Office (NAO) intends to procure an online subscription service that provides authoritative, current audit, accounting and financial-reporting information to support technical research, professional judgement and consistent audit delivery. The service is expected to support approximately 600 users across the Financial Audit Service Line.
The required service is expected to include:
• comprehensive access to relevant audit, accounting and financial-reporting standards, guidance,",National Audit Office,,500000.0,GBP,2026-09-15,,planning,planning,,https://www.find-tender.service.gov.uk/Notice/087292-2026,2026-09-15T12:26:20.758983+00:00
FTS,ocds-h6vhtk-06f4d9_087291-2026,Education Learning Trust - Dynamic Market for the Supply of Energy,"Establishment of a Dynamic Market pursuant to section 34 of the Procurement Act 2023 for the physical supply of electricity to all Authority sites along with associated invoicing and query management services. A Dynamic Market is a procurement mechanism that:
•remains open to new suppliers throughout its duration;
•allows suppliers to apply for admission at any time;
•enables the Authority to conduct competitive selection processes among admitted suppliers",Education Learning Trust,,,GBP,2026-09-15,,award,,,https://www.find-tender.service.gov.uk/Notice/087291-2026,2026-09-15T12:26:20.758988+00:00
FTS,ocds-h6vhtk-06fa18_087290-2026,Cost Management Consultancy Services,Cost management services for a new build.,"Leicester, Leicestershire and Rutland Combined Fire Authority",,,GBP,2026-09-15,,award,complete,,https://www.find-tender.service.gov.uk/Notice/087290-2026,2026-09-15T12:26:20.758992+00:00
FTS,ocds-h6vhtk-02dc24_087289-2026,Purchase of 9 x Ford Double Crewed  National Specification Ambulances (DCA) Electric Vehicle Base Chassis,"**CONTRACT AWARD NOTICE**<br/><br/>Purchase of 9 x Ford Electric Vehicle Base Chassis as part of the National Double Crewed Ambulance Specification<br/><br/>Due to the recent expiry of Lot 3 (Electric Ambulances) of the National Ambulance Procurement for Ambulance Purchases, the Trust has procured as part of GCA RM6244 Purchase of Standard and Specialist Vehicles framework under Lot 5. <br/><br/>This contract award is for Base Chassis only. Conversions will be undertaken via a suitable provider ",East Midlands Ambulance Service NHS Trust,,,GBP,2026-09-15,,award,complete,34211200,https://www.find-tender.service.gov.uk/Notice/087289-2026,2026-09-15T12:26:20.758997+00:00
FTS,ocds-h6vhtk-06fa17_087288-2026,UOEUE2810442026,"Overleaf Commons is a subscription service designed for universities, to provide Overleaf Professional accounts to all their students, faculty, and staff. This service offers streamlined enrolment, a dedicated resource portal with templates and training, and administrative tools for tracking usage and analytic data",University of Exeter,,,GBP,2026-09-15,,award,complete,,https://www.find-tender.service.gov.uk/Notice/087288-2026,2026-09-15T12:26:20.759001+00:00
FTS,ocds-h6vhtk-06fa16_087287-2026,SAP S/4HANA Implementation Partner,"MAG is replacing SAP ECC with SAP S/4HANA, MAG sought an  experienced and competent systems integration partner to guide the implementation of the new SAP product by migrating the  finance functions to a new SAP platform, which is a core element of the Finance Transformation Programme. To support the delivery of the group's transformation strategy, fundamentally transforming the finance function, and to mitigate the risk of SAP ECC becoming 'end of life'. This is to be delivered through phases -",MAG AIRPORT LIMITED,,,GBP,2026-09-15,,award,complete,,https://www.find-tender.service.gov.uk/Notice/087287-2026,2026-09-15T12:26:20.759014+00:00
FTS,ocds-h6vhtk-069777_087286-2026,London and Quadrant Housing Trust - Vinyl Sheet Flooring Supply Only 2026 - 2030,"This procurement relates to the supply of Vinyl Sheet Flooring for L&Q's Affordable Housing portfolio, covering both New Build and Major Works programmes.
The estimated total value of the Framework Agreement over the four-year term is £2,571,159, comprising Lot 1 (New Build) and Lot 2 (Major Works).
The Framework Agreement is for the supply of goods only. Products must be supplied directly to L&Q by manufacturers, and submissions from distributors, wholesalers, resellers or other intermediary or",LONDON & QUADRANT HOUSING TRUST,,,GBP,2026-09-15,2026-10-10,tender,active,,https://www.find-tender.service.gov.uk/Notice/087286-2026,2026-09-15T12:26:20.759023+00:00
FTS,ocds-h6vhtk-06fa15_087285-2026,Medical Revalidation,Revalidation software for medics,St George's University Hospitals NHS Foundation Trust,,,GBP,2026-09-15,,award,complete,,https://www.find-tender.service.gov.uk/Notice/087285-2026,2026-09-15T12:26:20.759028+00:00
FTS,ocds-h6vhtk-06fa14_087284-2026,Heat Pump Installation at Abingdon Children and Family Centre,JCT 2024 Minor works contract for Heat Pump Installation at Abingdon Children and Family Centre,Oxfordshire County Council,,,GBP,2026-09-15,,award,complete,,https://www.find-tender.service.gov.uk/Notice/087284-2026,2026-09-15T12:26:20.759032+00:00
FTS,ocds-h6vhtk-06fa13_087283-2026,"Supply of dental equipment, dental chairs, phantom heads",Contract for dental chairs and phantom heads used for training students in the new dental hub.,UNIVERSITY OF GLOUCESTERSHIRE,,,GBP,2026-09-15,,award,complete,33192410,https://www.find-tender.service.gov.uk/Notice/087283-2026,2026-09-15T12:26:20.759037+00:00
FTS,ocds-h6vhtk-066b85_087282-2026,Carers Support Service,"Cornwall Council undertook a procurement for Carers Support Services across five lots to provide support to unpaid carers of all ages across Cornwall.
The services provide information, advice, guidance and practical support to carers, helping them to maintain their caring role while supporting their health, wellbeing and access to services.
This includes access to assessment, ongoing support, short breaks and community-based provision.
The procurement was structured into the following five lots:",Cornwall Council,,,GBP,2026-09-15,,awardUpdate,complete,,https://www.find-tender.service.gov.uk/Notice/087282-2026,2026-09-15T12:26:20.759041+00:00
FTS,ocds-h6vhtk-06fa12_087281-2026,Provision of Packaging Material and Ancillary products,"FCDO Services requires a single supplier to provide generic and bespoke packaging materials for its Hanslope Park operation in Milton Keynes. The scope includes standard packaging products, customised packaging solutions, and associated packaging requirements to support the Authority's operational activities. The contract may extend beyond the current core product range detailed in the procurement documents.",FCDO Services,,680000.0,GBP,2026-09-15,2026-10-15,tender,active,,https://www.find-tender.service.gov.uk/Notice/087281-2026,2026-09-15T12:26:20.759045+00:00
FTS,ocds-h6vhtk-06f10d_087280-2026,Average Speed Camera Maintenance 2026-7,"Maintenance of Bedford Borough Council's estate of average speed cameras in 2026 and 2027, with an option to extend 2027-28",Bedford Borough Council,,,GBP,2026-09-15,,award,complete,,https://www.find-tender.service.gov.uk/Notice/087280-2026,2026-09-15T12:26:20.759049+00:00
FTS,ocds-h6vhtk-05f47c_087279-2026,Financial Assurance Framework,"NHS Business Services Authority is seeking to procure a framework for the provision of Financial Assurance to support, both in the delivery of major Transformation programmes and projects and the on-going development of the Commercial and Finance business functions. This requirement is to provide specialist advice, assurance and support to the strategic delivery of large-scale and complex procurement and sourcing programmes which are aligned to critical national infrastructure and to the on-goin",Department of Health & Social Care,,,GBP,2026-09-15,,award,complete,,https://www.find-tender.service.gov.uk/Notice/087279-2026,2026-09-15T12:26:20.759053+00:00
FTS,ocds-h6vhtk-06fa11_087278-2026,Haslemere Playgrounds - Lion Green,"The Council invites tenders for the design, supply and installation of playground equipment and associated groundworks at Lion Green. The works will include design, site set-up, surfacing, foundations, making good, and any ancillary works required to deliver a safe, durable and compliant play area. The estimated contract value for this tender is £250,000.
Tenderers may also wish to note that separate but related playground tenders are being issued for two other sites, and bids may be submitted f",Haslemere Town Council,,250000.0,GBP,2026-09-15,2026-10-23,tender,active,,https://www.find-tender.service.gov.uk/Notice/087278-2026,2026-09-15T12:26:20.759057+00:00
FTS,ocds-h6vhtk-06fa10_087277-2026,Haslemere Playground - High Lane,"The Council invites tenders for the design, supply and installation of playground equipment and associated groundworks at Lion Green. The works will include design, site set-up, surfacing, foundations, making good, and any ancillary works required to deliver a safe, durable and compliant play area. The estimated contract value for this tender is £130,000.
Tenderers may also wish to note that separate but related playground tenders are being issued for two other sites, and bids may be submitted f",Haslemere Town Council,,130000.0,GBP,2026-09-15,2026-10-23,tender,active,,https://www.find-tender.service.gov.uk/Notice/087277-2026,2026-09-15T12:26:20.759064+00:00
FTS,ocds-h6vhtk-06fa0f_087276-2026,Haslemere Playgrounds - Haslemere WMR Ground,"The Council invites tenders for the design, supply and installation of playground equipment and associated groundworks at Lion Green. The works will include design, site set-up, surfacing, foundations, making good, and any ancillary works required to deliver a safe, durable and compliant play area. The estimated contract value for this tender is £130,000.
Tenderers may also wish to note that separate but related playground tenders are being issued for two other sites, and bids may be submitted f",Haslemere Town Council,,130000.0,GBP,2026-09-15,2026-10-23,tender,active,,https://www.find-tender.service.gov.uk/Notice/087276-2026,2026-09-15T12:26:20.759068+00:00
FTS,ocds-h6vhtk-06fa0e_087275-2026,JCT Contract Oakley School Roof Ceiling and Lighting Project,"JCT Contract Oakley School Roof Ceiling and Lighting Project   - £330,249.53",Kent County Council,,,GBP,2026-09-15,,award,complete,,https://www.find-tender.service.gov.uk/Notice/087275-2026,2026-09-15T12:26:20.759072+00:00
FTS,ocds-h6vhtk-06fa0d_087274-2026,Southborough Primary School Roof and Window Replacement,Roof and Window Replacement at Southborough Primary School,Kent County Council,,,GBP,2026-09-15,,award,complete,,https://www.find-tender.service.gov.uk/Notice/087274-2026,2026-09-15T12:26:20.759076+00:00
FTS,ocds-h6vhtk-06fa0c_087273-2026,Gambling Harms - Peer support,"A service to provide a weekly group to provide a safe, accessible, and non-judgemental space for individuals experiencing gambling-related harm to access early support, reduce isolation, and begin or sustain recovery",Warrington Borough Council,,,GBP,2026-09-15,,award,complete,,https://www.find-tender.service.gov.uk/Notice/087273-2026,2026-09-15T12:26:20.759080+00:00
FTS,ocds-h6vhtk-06fa0b_087272-2026,TVCA-PROC-0907 - Interim Legal Support - ESPO 3S_26 Strategic HR Recruitment Services,Tees Valley Combined Authority (TVCA) (the 'Contracting Authority') have awarded a contract for a qualified Solicitor to support the Legal team via .ESPO 3S_26 Strategic HR Recruitment Services for 3 months with the option to extend for a further 3 Months if a suitable candidate is not recruited. This notice is being provided retrospectively due to internal delays. Contract started 29/07/2026,Tees Valley Combined Authority,,,GBP,2026-09-15,,award,complete,,https://www.find-tender.service.gov.uk/Notice/087272-2026,2026-09-15T12:26:20.759083+00:00
FTS,ocds-h6vhtk-06fa0a_087271-2026,UEOCS0562232026,"Strategic Valves Installation Project-provision of services including COW, Contractors Liaison, RO/NRO Authorisation, Site Supervision, QA Pack, Providing as-fitted information to Network Designer for updating of gas drawings.",University of Exeter,,,GBP,2026-09-15,,award,complete,,https://www.find-tender.service.gov.uk/Notice/087271-2026,2026-09-15T12:26:20.759087+00:00
FTS,ocds-h6vhtk-06985b_087270-2026,Parking Management,"Sheffield City Council (SCC) is seeking to commission consultants to support the development of a Parking and Kerbside Strategy for the city. The strategy will establish a clear policy framework for managing parking and kerbside space across Sheffield, recognising that the kerbside is a finite and valuable part of the highway network that must support multiple uses including accessibility, movement, servicing, public realm and environmental objectives.",Sheffield City Council,,,GBP,2026-09-15,,award,complete,,https://www.find-tender.service.gov.uk/Notice/087270-2026,2026-09-15T12:26:20.759092+00:00
FTS,ocds-h6vhtk-06593f_087269-2026,Contract for the Provision of Letterdrop Services,"As part of statutory and community engagement responsibilities, affected residents and businesses must be informed of any closures or road works in advance through timely, accurate, and geographically targeted communication 
Herefordshire Council require a supplier to provide a comprehensive print and mail distribution service to support these communications.",Herefordshire Council,,,GBP,2026-09-15,,award,complete,,https://www.find-tender.service.gov.uk/Notice/087269-2026,2026-09-15T12:26:20.759096+00:00
FTS,ocds-h6vhtk-06fa03_087268-2026,S1586 - Adult Information & Guidance Service and Employer Brokerage,Delivery of Adult Information & Guidance Service and Employer Brokerage services in Salford,Salford City Council,,6000000.0,GBP,2026-09-15,,planning,planned,,https://www.find-tender.service.gov.uk/Notice/087268-2026,2026-09-15T12:26:20.759099+00:00
FTS,ocds-h6vhtk-06fa09_087267-2026,Power Tools,Termination of an existing lease for power tools. Covers outstanding extension charges and transfer of equipment to the Trust that was covered under the lease,SOMERSET NHS FOUNDATION TRUST,,,GBP,2026-09-15,,award,complete,,https://www.find-tender.service.gov.uk/Notice/087267-2026,2026-09-15T12:26:20.759105+00:00
FTS,ocds-h6vhtk-06f967_087266-2026,Video Games Exhibition - New Films and Animations,"SMG is seeking to appoint a production company to create three new films and five animations for the temporary Video Games exhibition at the National Science and Media Museum (NSMM), opening to the public on 26 March 2027.",Science Museum Group,,25000.0,GBP,2026-09-15,2026-10-02,tenderUpdate,active,,https://www.find-tender.service.gov.uk/Notice/087266-2026,2026-09-15T12:26:20.759109+00:00
FTS,ocds-h6vhtk-06fa08_087265-2026,Auditorium Seating Replacement and Installation Works at Chelmsford Theatre,"Chelmsford City Council is seeking to appoint a suitably qualified and experienced contractor to undertake the design, manufacture, supply, delivery, installation, testing and commissioning of new auditorium seating at Chelmsford Theatre, Duke Street, Chelmsford. The project includes the provision of fixed and removable seating, wheelchair and companion seating positions, floor fixing systems, seat numbering, sponsor plaques, storage trolleys, spare parts, warranties and aftercare support. The s",Chelmsford City Council,,250000.0,GBP,2026-09-15,2026-10-20,tender,active,,https://www.find-tender.service.gov.uk/Notice/087265-2026,2026-09-15T12:26:20.759112+00:00
FTS,ocds-h6vhtk-06c8a4_087264-2026,OneLSC Pest Control Services,"The Authorities require the provision of a comprehensive, resilient and integrated pest control service across a diverse healthcare estate comprising acute hospitals, community hospitals, outpatient facilities, administrative locations and specialist healthcare environments operated by East Lancashire Hospitals NHS Trust, Lancashire Teaching Hospitals NHS Foundation Trust and University Hospitals of Morecambe Bay NHS Foundation Trust. The service will support the delivery of safe patient care by",East Lancashire Hospitals NHS Trust,,649500.0,GBP,2026-09-15,2026-09-28,tenderUpdate,active,,https://www.find-tender.service.gov.uk/Notice/087264-2026,2026-09-15T12:26:20.759118+00:00
FTS,ocds-h6vhtk-06fa07_087263-2026,UOECS0574572026,LTM Accessibility project 131270 door access upgrade,University of Exeter,,,GBP,2026-09-15,,award,complete,,https://www.find-tender.service.gov.uk/Notice/087263-2026,2026-09-15T12:26:20.759121+00:00
FTS,ocds-h6vhtk-06fa06_087262-2026,Integrated Wellbeing Service,"St Helens Borough Council is beginning work to recommission its Integrated Wellbeing Service. This is the Council's main public health prevention offer for residents, bringing together six areas of delivery under a single arrangement. The current arrangement ends on 30 June 2027 and a new contract is expected to commence on 1 July 2027.
The service is funded through the Public Health Grant, with some elements supported by additional time limited grant funding. The indicative annual value is in t",St Helens Council,,1914962.0,GBP,2026-09-15,,planning,planned,85100000,https://www.find-tender.service.gov.uk/Notice/087262-2026,2026-09-15T12:26:20.759125+00:00
FTS,ocds-h6vhtk-06fa05_087261-2026,BCU-ITT-63715 - LLGH UPGRADE FIRE DOORS ,"Betsi Cadwaladr University Health Board (BCUHB) has identified a requirement to undertake fire door upgrade works at Llandudno Hospital as part of its ongoing programme of estate safety and statutory compliance improvements. The project is being funded through Estates Discretionary Funding. The proposed works are intended to improve fire compartmentation and enhance the overall fire safety provisions within the hospital estate, ensuring compliance with current fire safety legislation and NHS Wal",Betsi Cadwaladr University Health Board,,150000.0,GBP,2026-09-15,2026-10-05,tender,active,,https://www.find-tender.service.gov.uk/Notice/087261-2026,2026-09-15T12:26:20.759129+00:00
FTS,ocds-h6vhtk-06d402_087260-2026,R/WP – 26/27 – Adult MH - Crisis Alternative (Safe Haven)  Oxfordshire,"1.1 National/local context and evidence base
This service specification sets out the principles and values by which the Oxfordshire Non-Clinical Crisis Alternative will meet the ambitions from NHS England (NHSE) and the NHS Long Term Plan for Mental Health. 
As part of the Urgent Care Pathway, it will meet the ambitions of NHS England as articulated in Fit for the Future: The 10-Year Health Plan for England and the NHS Medium Term Planning Framework 2026/27 to 2028/29. These strategic documents ",Oxford Health NHS Foundation Trust,,5600000.0,GBP,2026-09-15,2026-10-19,tenderUpdate,active,,https://www.find-tender.service.gov.uk/Notice/087260-2026,2026-09-15T12:26:20.759133+00:00
FTS,ocds-h6vhtk-06fa04_087259-2026,Contract for the supply of a Housing Revenue Account Business 30-Year Planning Solution,"The Council is seeking to procure and implement a commercial Housing Revenue Account Business Planning solution to support preparation, maintenance and reporting of its long-term HRA Business Plan. The solution will replace or substantially reduce reliance on locally developed spreadsheet models currently used for HRA business planning and annual rent setting The initial implementation will support production of the Council’s 2027/28 to 2057/58 HRA Business Plan and the 2027/28 HRA Budget and Re",London Borough of Waltham Forest,,10.0,GBP,2026-09-15,2026-09-25,tender,active,,https://www.find-tender.service.gov.uk/Notice/087259-2026,2026-09-15T12:26:20.759137+00:00
FTS,ocds-h6vhtk-06fa03_087258-2026,S1586 - Adult Information & Governance and Employer Brokerage Service,The procurement for Adult Information & Governance and Employer Brokerage Service for Salford City Council,Salford City Council,,6000000.0,GBP,2026-09-15,,planning,planned,,https://www.find-tender.service.gov.uk/Notice/087258-2026,2026-09-15T12:26:20.759166+00:00
FTS,ocds-h6vhtk-06f8e8_087257-2026,Vehicle Conversions,Conversion Tender of 20 marked Peugeot 308 vehicles,The Police & Crime Commissioner for Sussex,,,GBP,2026-09-15,,award,complete,,https://www.find-tender.service.gov.uk/Notice/087257-2026,2026-09-15T12:26:20.759181+00:00
FTS,ocds-h6vhtk-06fa02_087256-2026,National Refit Framework for Workplace & Interior Transformation 2027,"Pagabo Ltd on behalf of Red Kite Learning Trust intend to establish the first version of the National Refit Framework for Workplace & Interior Transformation 2027. This national Framework will cover a more specific scope of Workplace and Interior Transformation within existing estates and will encompass but not limited to, internal refurbishment, fit-out, workplace transformation, adaptive reuse, estate modernisation and occupier-led improvement projects within the UK for the whole of the Public",RED KITE LEARNING TRUST,,,GBP,2026-09-15,,planning,planning,,https://www.find-tender.service.gov.uk/Notice/087256-2026,2026-09-15T12:26:20.759189+00:00
FTS,ocds-h6vhtk-068a59_087255-2026,Provision of CEP (Customer Engagement Platform) and CDP (Customer Data Platform) Software,"The Contracting Authority is seeking to procure a hybrid Customer Engagement Platform (CEP) and Customer Data Platform (CDP) to support customer communications, engagement, and data‐driven insight across digital channels.
These platforms will enable GTR to: 
•Deliver more relevant and personalised customer communications. 
•Run data-driven, targeted campaigns that increase engagement and spend. 
•Gain real-time insight into customer behaviour to improve campaign effectiveness. 
•Simplify plannin",Thameslink Southern Great Northern Limited (TSGN),,,GBP,2026-09-15,,award,complete,,https://www.find-tender.service.gov.uk/Notice/087255-2026,2026-09-15T12:26:20.759197+00:00
FTS,ocds-h6vhtk-06fa01_087254-2026,CRF-Community Microgrants,"The Community Microgrants Programme aims to invest in local VCFSE organisations and community groups to help reduce food insecurity and increase financial resilience at a community and neighbourhood level. The programme will contribute to reducing health inequalities through addressing the wider determinants of health
There are two key components:
• Community food aid - Increasing access to dignified, affordable food offers that help residents stretch budgets, reduce isolation, and connect with ",Warrington Borough Council,,,GBP,2026-09-15,,award,complete,,https://www.find-tender.service.gov.uk/Notice/087254-2026,2026-09-15T12:26:20.759203+00:00
FTS,ocds-h6vhtk-06edc9_087253-2026,UWTSD2627/244. Minor Works Framework 2026,"The University of Wales Trinity Saint David Group and Pembrokeshire College is establishing a multi-supplier Framework Agreement for the provision of property-related minor works, reactive maintenance and specialist trade services across its estate.
The Framework will provide the Client with a structured, compliant and efficient mechanism for procuring a range of planned, reactive and specialist works and services required to support the operation, maintenance and improvement of its estate.
The ",University of Wales Trinity Saint David,,23000000.0,GBP,2026-09-15,2026-10-06,tenderUpdate,active,,https://www.find-tender.service.gov.uk/Notice/087253-2026,2026-09-15T12:26:20.759210+00:00
FTS,ocds-h6vhtk-06fa00_087252-2026,UOECS0571212026,Asbestos Removal Works,University of Exeter,,,GBP,2026-09-15,,award,complete,,https://www.find-tender.service.gov.uk/Notice/087252-2026,2026-09-15T12:26:20.759216+00:00
FTS,ocds-h6vhtk-06bccf_087251-2026,Process Evaluation of BFI FAN and Network Programmes,"The BFI wishes to commission an evaluator to deliver a process evaluation of two key National Lottery programmes: BFI Film Audience Network (FAN) and BFI NETWORK, covering the period 2023 to 2029.
Both programmes operate a UK-wide delivery model, though they differ in their structure and implementation. A key strategic principle underpinning the BFI’s Screen Culture 2033 (SC2033) and National Lottery strategies is UK-wide access and benefit, ensuring that funding and opportunities for screen cul",British Film Institute,,,GBP,2026-09-15,,award,complete,,https://www.find-tender.service.gov.uk/Notice/087251-2026,2026-09-15T12:26:20.759223+00:00
FTS,ocds-h6vhtk-06ed4a_087250-2026,PSR - Cardiac Rehab - NLaG,"PSR Direct Award C for the provision of Cardiac Rehab Services.<br/><br/>Provision of Clinical Nurse Specialists and Exercise Practitioner medical clinicians to support cardiac rehabilitation services within Northern Lincolnshire and Goole NHS Foundation Trust, specifically at Scunthorpe General Hospital and surrounding community",Northern Lincolnshire and Goole NHS Foundation Trust,,,GBP,2026-09-15,,tenderUpdate,,85111400,https://www.find-tender.service.gov.uk/Notice/087250-2026,2026-09-15T12:26:20.759230+00:00
FTS,ocds-h6vhtk-06f9ff_087249-2026,DN Colleges Group - ITT for the Provision of Website Development Services,"DN Colleges Group is seeking to appoint an experienced website development supplier to support the consolidation and redevelopment of its public-facing website estate.
The commission includes discovery and audit, website consolidation planning, information architecture and user journeys, content rationalisation, UX and prototyping, application of the separately commissioned brand, WordPress multisite development, migration, SEO and redirect management, accessibility, testing, launch and handover",DN Colleges Group,,25000.0,GBP,2026-09-15,2026-09-29,tender,active,,https://www.find-tender.service.gov.uk/Notice/087249-2026,2026-09-15T12:26:20.759239+00:00
FTS,ocds-h6vhtk-06f9fe_087248-2026,Short Chain PFAS Treatment Accelerator Programme,"United Utilities is developing the Short Chain PFAS Treatment Accelerator Programme as a proposed Water Innovation Fund Water Breakthrough Challenge 7 bid under the Transform scheme. Through this preliminary market engagement, United Utilities is seeking information from organisations interested in partnering on the project and contributing to its development and delivery through either a monetary contribution or a benefit-in-kind contribution. We are particularly interested in suppliers and tec",UNITED UTILITIES WATER LIMITED,,,GBP,2026-09-15,,planning,planning,,https://www.find-tender.service.gov.uk/Notice/087248-2026,2026-09-15T12:26:20.759245+00:00
FTS,ocds-h6vhtk-06f9fd_087247-2026,DN Colleges Group - ITT for the Provision of Brand Strategy and Rebranding Services,"DN Colleges Group is seeking to appoint a specialist  to deliver a comprehensive brand strategy and rebranding commission across the Group.
The requirement includes research and stakeholder engagement, brand strategy and architecture, visual and verbal identity development, brand guidelines, templates and assets, implementation and rollout planning, student engagement, and training/handover to the Group’s internal teams.
The successful supplier will be expected to work collaboratively with DN Co",DN Colleges Group,,60000.0,GBP,2026-09-15,2026-09-29,tender,active,,https://www.find-tender.service.gov.uk/Notice/087247-2026,2026-09-15T12:26:20.759252+00:00
FTS,ocds-h6vhtk-06985a_087246-2026,Accessible and Sustainable Transport and Placemaking,"Sheffield City Council (SCC) is seeking to commission consultants to support the development of a Parking and Kerbside Strategy for the city. The strategy will establish a clear policy framework for managing parking and kerbside space across Sheffield, recognising that the kerbside is a finite and valuable part of the highway network that must support multiple uses including accessibility, movement, servicing, public realm and environmental objectives.",Sheffield City Council,,,GBP,2026-09-15,,award,complete,,https://www.find-tender.service.gov.uk/Notice/087246-2026,2026-09-15T12:26:20.759255+00:00
FTS,ocds-h6vhtk-054fc7_087245-2026,CPU 5937 Highways Temporary Traffic Management Framework,"Nottingham City Council (the 'Authority' or 'Employer') sought tenders from suitably experienced and qualified entities (the 'Tenderer') to appoint to a framework to provide temporary traffic management services to support Highways works within the boundaries of Nottingham City Council
The Council appointed 3 Contractors to this Framework.
The Framework will have an estimated total value of £2.5 million (VAT exclusive).
The duration of the Framework is expected to be for up to 4 years at the Aut",Nottingham City Council,,,GBP,2026-09-15,,award,complete,,https://www.find-tender.service.gov.uk/Notice/087245-2026,2026-09-15T12:26:20.759261+00:00
FTS,ocds-h6vhtk-05f382_087244-2026,Diversionary Services for children at risk of Criminal Exploitation,The City of Edinburgh Council (The Council) appointed a Provider to deliver a contract for the provision of diversionary services for children and young people at risk of criminal exploitation around Edinburgh and the Lothians.,The City of Edinburgh Council,,,GBP,2026-09-15,,award,complete,85300000,https://www.find-tender.service.gov.uk/Notice/087244-2026,2026-09-15T12:26:20.759266+00:00
FTS,ocds-h6vhtk-06f9fc_087243-2026,Living Logic: Nature-Based Wastewater Treatment and Intelligent Monitoring,"United Utilities is developing Living Logic as a proposed Water Innovation Fund Water Breakthrough Challenge 7 bid under the Catalyst scheme. Through this preliminary market engagement, United Utilities is seeking information from organisations interested in partnering on the project and contributing to its development and delivery through either a monetary contribution or a benefit-in-kind contribution. We are particularly interested in suppliers, technology providers, research organisations an",UNITED UTILITIES WATER LIMITED,,,GBP,2026-09-15,,planning,planning,,https://www.find-tender.service.gov.uk/Notice/087243-2026,2026-09-15T12:26:20.759271+00:00
FTS,ocds-h6vhtk-06f9fb_087242-2026,Riversdale Primary School Modular Classroom Replacement,Demolition of the existing modular buildings and construction of a new 3 classroom building with ancillary services and some landscaping at Riversdale Primary School.,London Borough of Wandsworth,,,GBP,2026-09-15,,award,complete,,https://www.find-tender.service.gov.uk/Notice/087242-2026,2026-09-15T12:26:20.759275+00:00
FTS,ocds-h6vhtk-06f9fa_087241-2026,"DOJ - FSNI - Supply, Delivery and Support of a Benchtop Glass Refractive Index Determination System","Forensic Science Northern Ireland (FSNI) is seeking to establish a contract for the supply, installation and maintenance of a new benchtop Glass Refractive Index Determination System in ERU’s Physical Methods team.",Forensic Science Northern Ireland,,120000.0,GBP,2026-09-15,2026-10-16,tender,active,,https://www.find-tender.service.gov.uk/Notice/087241-2026,2026-09-15T12:26:20.759281+00:00
FTS,ocds-h6vhtk-06f9f9_087240-2026,Professional Heritage Advisors for South England Forest District,This requirement is to undertake work relating to the historic environment and in support of operational activity and other functions of Forestry England within SFD and in line with the relevant sections of the UK Forestry Standard and the National Planning Policy Framework.,Forestry Commission,,133333.33,GBP,2026-09-15,2026-10-12,tender,active,,https://www.find-tender.service.gov.uk/Notice/087240-2026,2026-09-15T12:26:20.759284+00:00
FTS,ocds-h6vhtk-068ac9_087239-2026,Emergency Support Worker Staff,"UK7 - Contract Details Notice - Wrexham County Borough Council (WCBC) has statutory responsibilities to safeguard, support and promote the wellbeing of adults, children, young people and families, in line with relevant legislation and guidance. This includes ensuring the continuity and resilience of frontline services in situations where urgent staffing support is required. WCBC invited tenders from suitably experienced, qualified and regulated agencies for the provision of emergency staff suppo",Wrexham County Borough Council,,,GBP,2026-09-15,,award,complete,,https://www.find-tender.service.gov.uk/Notice/087239-2026,2026-09-15T12:26:20.759288+00:00
FTS,ocds-h6vhtk-055fb7_087238-2026,Young People's Supported Accommodation,"The City of Wolverhampton is committed to supporting and stimulating a diverse market, especially local organisations in Wolverhampton, for care and support by offering a real choice of opportunities that keep children and young people safe and improve their life chances, whilst enabling effective early help and support to vulnerable families at the earliest point to strengthen families where children are at risk, and also support children and young people who are care experienced. With all of t",Wolverhampton City Council,,,GBP,2026-09-15,,award,complete,,https://www.find-tender.service.gov.uk/Notice/087238-2026,2026-09-15T12:26:20.759292+00:00
FTS,ocds-h6vhtk-06b1d2_087237-2026,Fire Door Upgrade Works,"Boston Borough Council (""the Authority"") is seeking a suitably competent and accredited contractor to deliver:
Fire Door Upgrade Works - Phase 1 (High Priority Works) at:
 Municipal Buildings, West Street, Boston PE21 8QR
The contract covers:
•	Supply and installation of FD30S / E30S -rated fire doorsets,
•	Associated ironmongery,
•	Remedial works where required,
•	Certification and compliance documentation.
This procurement is for a single lot.
The contract will be delivered under CDM Regulatio",Boston Borough Council,,,GBP,2026-09-15,,award,complete,,https://www.find-tender.service.gov.uk/Notice/087237-2026,2026-09-15T12:26:20.759297+00:00
FTS,ocds-h6vhtk-06f9f8_087236-2026,Community Outreach,Prevention and Community Outreach to Support the Deaf Community within Sandwell.,Sandwell Metropolitan Borough Council,,,GBP,2026-09-15,,award,complete,,https://www.find-tender.service.gov.uk/Notice/087236-2026,2026-09-15T12:26:20.759301+00:00
FTS,ocds-h6vhtk-06f9f7_087235-2026,Community Outreach,Community Outreach to Unpaid Parent Carers of disabled children.,Sandwell Metropolitan Borough Council,,,GBP,2026-09-15,,award,complete,,https://www.find-tender.service.gov.uk/Notice/087235-2026,2026-09-15T12:26:20.759304+00:00
FTS,ocds-h6vhtk-06d08c_087234-2026,WMFS Counselling Service,West Midlands Fire and Rescue Authority (the Authority) is seeking to award a contract for the provision of a Face-to-Face Counselling Service under Part 6 of the Procurement Act (below-threshold contracts) under the Light Touch Regime.,West Midlands Fire and Rescue Authority,,,GBP,2026-09-15,,award,complete,,https://www.find-tender.service.gov.uk/Notice/087234-2026,2026-09-15T12:26:20.759307+00:00
FTS,ocds-h6vhtk-06f9f6_087233-2026,CAMHS Psychiatric Liaison,CAMHS Psychiatric Liaison provision is provided in A&Es throughout the West Midlands.,BIRMINGHAM WOMEN'S AND CHILDREN'S NHS FOUNDATION TRUST,,,GBP,2026-09-15,,award,complete,85111500,https://www.find-tender.service.gov.uk/Notice/087233-2026,2026-09-15T12:26:20.759311+00:00
FTS,ocds-h6vhtk-06f9f5_087232-2026,C0980 Battery Energy Storage Market Data Services,NWF is looking to expand its exposure to the battery storage (BESS) market and requires more market data.,NATIONAL WEALTH FUND LIMITED,,,GBP,2026-09-15,,award,complete,72300000,https://www.find-tender.service.gov.uk/Notice/087232-2026,2026-09-15T12:26:20.759314+00:00
FTS,ocds-h6vhtk-06c7d3_087231-2026,National Timing Centre (NTC) Delivery Programme 2,"National Timing Centre (NTC) Delivery Programme 2. The programme will build and operate an NTC to provide a resilient, terrestrial, sovereign, sustainable, and high-quality Timing Signal.","Department for Science, Innovation & Technology",,,GBP,2026-09-15,,award,complete,,https://www.find-tender.service.gov.uk/Notice/087231-2026,2026-09-15T12:26:20.759318+00:00
FTS,ocds-h6vhtk-06f9f4_087230-2026,UOECS0561682026,Provision of architectural services associated with Expo Lab Lecture Theatre as per quote dated 10th April 2026,University of Exeter,,,GBP,2026-09-15,,award,complete,,https://www.find-tender.service.gov.uk/Notice/087230-2026,2026-09-15T12:26:20.759322+00:00
FTS,ocds-h6vhtk-06f9f3_087229-2026,Barometer Upgrade for Drifting Buoys Procurement,"A three-quote procurement process was undertaken for the acquisition of barometer upgrades for SIO Iridium-SVP drifting buoys, to support Surface Observations Operations. Of the 3 known suppliers in the market only one supplier was able to provide the requirement due to no supply available. Consequently, only one compliant quotation was received for consideration.",Met Office,,,GBP,2026-09-15,,award,complete,,https://www.find-tender.service.gov.uk/Notice/087229-2026,2026-09-15T12:26:20.759325+00:00
FTS,ocds-h6vhtk-06f9f2_087228-2026,Ensbury Park Gyratory LTP Monitoring,To undertake monitoring activities at Ensbury Park Gyratory to inform potential road safety and general network improvements.,"Bournemouth, Christchurch and Poole Council",,,GBP,2026-09-15,,award,complete,,https://www.find-tender.service.gov.uk/Notice/087228-2026,2026-09-15T12:26:20.759329+00:00
FTS,ocds-h6vhtk-06f9f1_087227-2026,Gateshead Council Employee Seasonal Flu Vaccination Service,Gateshead Council (the Council) is implementing a contract to offer flu vaccinations for Gateshead Council employees within their place of work and via access across the Providers network of community pharmacies across the North East.,Gateshead Borough Council,,,GBP,2026-09-15,,award,complete,85100000,https://www.find-tender.service.gov.uk/Notice/087227-2026,2026-09-15T12:26:20.759334+00:00
FTS,ocds-h6vhtk-06f9f0_087226-2026,Lincoln Anglican Academy Trust - Dynamic Market for Energy,Establishment of a Dynamic Market pursuant to section 34 of the Procurement Act 2023 for the physical supply of electricity and gas to all Authority sites along with associated invoicing and query management services.,Lincoln Anglican Academy Trust,,,GBP,2026-09-15,2026-09-25,tender,active,,https://www.find-tender.service.gov.uk/Notice/087226-2026,2026-09-15T12:26:20.759338+00:00
FTS,ocds-h6vhtk-06f9ef_087225-2026,HPFT -  Repair & Redecoration Works at Aston Ward,Repair & Redecoration Works at Aston Ward at Hertfordshire Partnership Foundation NHS Trust. Procured by three quotation QHERTS reference,Hertfordshire Partnership University NHS Foundation Trust,,,GBP,2026-09-15,,award,complete,,https://www.find-tender.service.gov.uk/Notice/087225-2026,2026-09-15T12:26:20.759343+00:00
FTS,ocds-h6vhtk-06f90e_087224-2026,Growing Mid Wales - Mobile Coverage and Capacity Project / Tyfu Canolbarth Cymru - Prosiect Cwmpas a Chapasiti Symudol,"Ceredigion County Council is developing the Growing Mid Wales Mobile Coverage and Capacity Project, aimed at improving mobile network coverage and capacity across identified areas of Mid Wales.
Previous market engagement has informed the Authority's understanding of potential delivery approaches and procurement considerations. Further information is provided within this notice.
Mae Cyngor Sir Ceredigion yn datblygu Prosiect Cwmpas a Chapasiti Symudol Tyfu Canolbarth Cymru, gyda'r nod o wella cwm",Cyngor Sir Ceredigion County Council,,1.0,GBP,2026-09-15,,planning,planned,,https://www.find-tender.service.gov.uk/Notice/087224-2026,2026-09-15T12:26:20.759347+00:00
FTS,ocds-h6vhtk-06f9ee_087223-2026,Innovative Solids Separation Technologies for Wastewater Treatment,"United Utilities is seeking information from suppliers offering innovative solids separation technologies for wastewater treatment applications. We are particularly interested in solutions that use centrifugal, cyclonic or vortex-based separation principles to remove suspended solids from wastewater streams without reliance on conventional filtration media, membranes, cloth filters or similar physical filtration barriers.",UNITED UTILITIES WATER LIMITED,,,GBP,2026-09-15,,planning,planning,,https://www.find-tender.service.gov.uk/Notice/087223-2026,2026-09-15T12:26:20.759351+00:00
FTS,ocds-h6vhtk-04cede_087222-2026,ID 5315142 - PSNI - Supply and Delivery of Outdoor Clothing,"The Police Service of Northern Ireland (PSNI)
					requires a Supplier for the supply and delivery of Outdoor clothing
					items to ensure a continued supply of specified products.",Police Service of Northern Ireland,,,GBP,2026-09-15,,award,complete,35113400,https://www.find-tender.service.gov.uk/Notice/087222-2026,2026-09-15T12:26:20.759354+00:00
FTS,ocds-h6vhtk-05d71b_087221-2026,Provision of Specialised Concrete Improvement Works,The Contractor aims to establish a contract for improvement of pre-cast concrete surrounds and lintels across the district of Bolsover. The majority of works will be to two storey blocks of flats which are both Council owned and Leasehold with The Council being responsible for the structure of the block.,Bolsover District Council,,,GBP,2026-09-15,,award,complete,,https://www.find-tender.service.gov.uk/Notice/087221-2026,2026-09-15T12:26:20.759358+00:00
FTS,ocds-h6vhtk-06cdb2_087220-2026,Design for Longevity- Electrolyser Prototype Design,"The STEP Fuel Cycle is the subsystem responsible for recovering, purifying and supplying tritium to the STEP fusion reactor. Tritium is present in a variety of forms, phases and compositions, including tritiated water. Vapour-phase electrolysis techniques such as solid-oxide electrolysis have been identified as a suitable technique for processing small quantities of tritiated water. The scope is to deliver the conceptual design of an electrolyser system (electrochemical cell or stack). This incl",UK Fusion Energy Ltd,,,GBP,2026-09-15,,awardUpdate,complete,,https://www.find-tender.service.gov.uk/Notice/087220-2026,2026-09-15T12:26:20.759362+00:00
FTS,ocds-h6vhtk-06c1fb_087219-2026,PS26195 - Futures Procurement Framework,"The final date and time for the submission of bids is Monday 12th October 2026 at 11:00
DO NOT apply directly to the buyer.
All tender information MUST be submitted through the Jaggaer eSourcing Portal.
Brief Description of Requirement
UK Shared Business Services (UKSBS), on behalf of the Department for Science, Innovation and Technology (DSIT), wishes to establish an Open Framework to enable policymakers to identify and procure Futures-related services and capability development opportunities q","Department for Science, Innovation & Technology",,9000000.0,GBP,2026-09-15,2026-10-12,tenderUpdate,active,,https://www.find-tender.service.gov.uk/Notice/087219-2026,2026-09-15T12:26:20.759366+00:00
FTS,ocds-h6vhtk-06f9ed_087218-2026,"Design, Build and Delivery of Invest Liverpool City Region Real Estate Exhibition Stands","Liverpool City Region Combined Authority (LCRCA), through Invest Liverpool City Region (ILCR), is seeking to appoint experienced exhibition design and build partners to design, construct and manage Liverpool City Region's exhibition stands at MIPIM and UKREiiF for 2027 - 2029.",Liverpool City Region Combined Authority,,600000.0,GBP,2026-09-15,2026-10-13,tender,active,,https://www.find-tender.service.gov.uk/Notice/087218-2026,2026-09-15T12:26:20.759372+00:00
FTS,ocds-h6vhtk-054672_087217-2026,Waste Management Services following expiry of the Council’s Public Private Partnership (PPP) Arrangements,"The Council is currently party to a PPP Contract, with services provided by a Special Purpose Vehicle (SPV). The PPP Contract includes infrastructure and requirements associated with mechanical biological treatment (MBT) (which will have been adapted to become WTSs prior to the commencement of this Contract), Waste Transfer Stations (WTS Sites), Recycling Centres (RC Sites), Recycling Deposit Points (RDPs) and management of Landfill Sites. The PPP Contract, which covers Oban and Lorn together wi",Argyll and Bute Council,,,GBP,2026-09-15,,award,complete,90500000,https://www.find-tender.service.gov.uk/Notice/087217-2026,2026-09-15T12:26:20.759378+00:00
FTS,ocds-h6vhtk-06f9ec_087216-2026,IA4031 Sensor Renewals and Purchase,"Renewal of existing VivaCity traffic sensors, addition of speed recording and purchase of one new sensor",Staffordshire County Council,,,GBP,2026-09-15,,award,complete,,https://www.find-tender.service.gov.uk/Notice/087216-2026,2026-09-15T12:26:20.759381+00:00
FTS,ocds-h6vhtk-06f9e1_087215-2026,PA23 UK1 - Syria Education Programme III (SEP III) - Pipeline notice,"The Syria Education Programme III (SEP III) aims to support the Syrian Ministry of Education in realising their reform agenda by providing targeted technical assistance. Through collaboration with Ministry officials, the programme will offer expert advice, capacity building, and support for policy and process improvements. The approach is intended to be responsive and adaptable to the evolving political context, focusing on key priorities identified by the Ministry, such as strengthening data sy","Foreign, Commonwealth and Development Office",,16000000.0,GBP,2026-09-15,,planning,planned,,https://www.find-tender.service.gov.uk/Notice/087215-2026,2026-09-15T12:26:20.759385+00:00
FTS,ocds-h6vhtk-06f9eb_087214-2026,UEOCS0575162026,"LTM façade defects, project 129197, main contract - 25/26",University of Exeter,,,GBP,2026-09-15,,award,complete,,https://www.find-tender.service.gov.uk/Notice/087214-2026,2026-09-15T12:26:20.759388+00:00
FTS,ocds-h6vhtk-06f9ea_087213-2026,Services relating to the Police Education Qualifications Framework PEQF,"Request for Information - Higher Education Institution.
Scoping exercise for Bedfordshire, Cambridgeshire and Hertfordshire Police Forces.",The Police and Crime Commissioner for Bedfordshire,,,GBP,2026-09-15,,planning,planning,,https://www.find-tender.service.gov.uk/Notice/087213-2026,2026-09-15T12:26:20.759392+00:00
FTS,ocds-h6vhtk-06f9d6_087212-2026,Service to Build Brick Graves,"Building of brick graves, preparing & sealing pre-built vaults and general memorial installation requests",Peterborough City Council,,,GBP,2026-09-15,,award,complete,,https://www.find-tender.service.gov.uk/Notice/087212-2026,2026-09-15T12:26:20.759395+00:00
FTS,ocds-h6vhtk-06f9e9_087211-2026,QHM-2025-57749 Post-Op Cataracts,"To provide a high quality community based non-complex post-op cataract service (second eye) for all patients aged 18 years or over. The service will reduce the number of review attendances at hospital eye services, creating capacity at overstretched out-patient clinics.",NHS NORTH EAST AND NORTH CUMBRIA INTEGRATED CARE BOARD,,,GBP,2026-09-15,,award,complete,85000000,https://www.find-tender.service.gov.uk/Notice/087211-2026,2026-09-15T12:26:20.759398+00:00
FTS,ocds-h6vhtk-06f9e8_087210-2026,Contract for the Execution of Environmental Facilities West Cross Phase 3,"Swansea Council  intends to undertake works to Gardens within the curtilage of dwellings including boundaries to properties in West Cross, Swansea. 
The Works include the upgrading of boundary and party wall fencing, gates, clothes lines, paths and hedges in accordance with the Welsh Housing Quality Standard (WHQS).    ",City & County of Swansea,,965388.27,GBP,2026-09-15,2026-10-13,tender,active,,https://www.find-tender.service.gov.uk/Notice/087210-2026,2026-09-15T12:26:20.759402+00:00
FTS,ocds-h6vhtk-051343_087209-2026,Care and Support at Home Framework,"Bournemouth, Christchurch and Poole Council (BCP Council) is seeking providers to join the new Outcomes-Focused Framework for Care and Support at Home, designed to transform the way care is delivered across our communities. 
This updated approach places people, their strengths, and aspirations at the heart of everything we do. 
BCP Council Adult Social Care's (ASC) vision is to support people to live fulfilling lives, in ways they choose, and in environments where they feel safe and connected.
T","Bournemouth, Christchurch and Poole Council",,,GBP,2026-09-15,,award,complete,,https://www.find-tender.service.gov.uk/Notice/087209-2026,2026-09-15T12:26:20.759406+00:00
FTS,ocds-h6vhtk-06f9e7_087208-2026,Target Hardening,"The Target Hardening Service is designed to improve the safety and wellbeing of domestic abuse victims who are living in their own homes, whether as owner‑occupiers or private renters. The service provides home safety assessments, recommends suitable security measures, and installs approved interventions to reduce the risk of repeat incidents and potential homelessness.",Rotherham Borough Council,,,GBP,2026-09-15,,award,complete,,https://www.find-tender.service.gov.uk/Notice/087208-2026,2026-09-15T12:26:20.759409+00:00
FTS,ocds-h6vhtk-06f2de_087207-2026,P12819 - National School of Government and Public Services,"This notice is not an official launch of our procurement(s), it is to alert the market to future opportunities and allow us to begin conversations that will shape plans for multiple future requirements.
The Cabinet Office (Government Skills Group) is transforming the way learning and development (L&D) is designed, procured, and delivered across the Civil Service. Following the announcement by the Chief Secretary to the Prime Minister, the government is establishing the new National School of Gov",Cabinet Office,,,GBP,2026-09-15,,planningUpdate,planned,,https://www.find-tender.service.gov.uk/Notice/087207-2026,2026-09-15T12:26:20.759414+00:00
FTS,ocds-h6vhtk-06f9e6_087206-2026,C1086 Private Market Data Services,Software as a Service platform providing Private Market Data Services.,NATIONAL WEALTH FUND LIMITED,,,GBP,2026-09-15,,award,complete,72300000,https://www.find-tender.service.gov.uk/Notice/087206-2026,2026-09-15T12:26:20.759418+00:00
FTS,ocds-h6vhtk-06f9e5_087205-2026,QHM-2025-3620 Holter Monitoring,Holter Monitoring,NHS NORTH EAST AND NORTH CUMBRIA INTEGRATED CARE BOARD,,,GBP,2026-09-15,,award,complete,85000000,https://www.find-tender.service.gov.uk/Notice/087205-2026,2026-09-15T12:26:20.759423+00:00
FTS,ocds-h6vhtk-06f9e4_087204-2026,A320 North of Woking HIF Project - Construction Stage,Highway improvement works which are now in the construction stage. Arcadis Consulting Ltd previously undertook the design of the scheme and acted as Surrey County Council's Planning Agent. Now we are in the construction stage we require Arcadis continued input to support during the construction stage including responding to design queries from the contractor and statutory undertakers/utility companies. In addition responding to SCC Planning queries as they arise due to either third party enquiri,Surrey County Council,,,GBP,2026-09-15,,award,complete,,https://www.find-tender.service.gov.uk/Notice/087204-2026,2026-09-15T12:26:20.759428+00:00
FTS,ocds-h6vhtk-04f8d4_087203-2026,Management of Leisure Centres Southampton City Council,,,,,GBP,2026-09-15,,implementation,,,https://www.find-tender.service.gov.uk/Notice/087203-2026,2026-09-15T12:26:20.759431+00:00
FTS,ocds-h6vhtk-06f9e3_087202-2026,"Information, Advice and Advocacy service for asylum seekers and Displaced People","The Council invites quotations for the provision of Information, Advice and Advocacy service for asylum seekers and Displaced People
The purpose of this procurement is to commission culturally appropriate, person-centred, and outcome-focused services that support asylum seekers and displaced people to rebuild their lives, improve wellbeing, increase independence, and integrate successfully into their local communities. Providers will work collaboratively and in partnership with statutory service",London Borough of Croydon,,,GBP,2026-09-15,2026-09-25,tender,active,,https://www.find-tender.service.gov.uk/Notice/087202-2026,2026-09-15T12:26:20.759436+00:00
FTS,ocds-h6vhtk-04a3b8_087201-2026,"Fire Engineer Consultancy Service, EN: Procure Construction Consultancy Services Framework Gen-4, Lot 12 Fire Safety Consultant Services, further competition","Kingston upon Hull City Council has appointed Firntec Ltd  for the provision of technical fire safety advice and guidance from a specialist fire engineering contractor on compliance with fire regulations The opportunity was advertised from the EN Procure 4th generation framework for construction consultancy services Lot 12 - Fire Safety Consultant Services via mini-competition process. The Services are to commence 22nd June 2026, end date 21st June 2028 with an option to extend for up to 24 mont",Hull City Council,,,GBP,2026-09-15,,award,complete,75251110,https://www.find-tender.service.gov.uk/Notice/087201-2026,2026-09-15T12:26:20.759440+00:00
FTS,ocds-h6vhtk-06f9e2_087200-2026,Mental Health Support for Asylum Seekers and Displaced People under 35 years,"The Council invites quotations for the provision of Mental Health Support for Asylum Seekers and Displaced People under 35 years 
The purpose of this procurement is to commission culturally appropriate, person-centred, and outcome-focused services that support asylum seekers and displaced people to rebuild their lives, improve wellbeing, increase independence, and integrate successfully into their local communities. Providers will work collaboratively and in partnership with statutory services, ",London Borough of Croydon,,,GBP,2026-09-15,2026-09-30,tender,active,,https://www.find-tender.service.gov.uk/Notice/087200-2026,2026-09-15T12:26:20.759446+00:00
FTS,ocds-h6vhtk-06f9e1_087199-2026,PA23 UK1 - Syria Education Programme III (SEP III) - Pipeline notice,"The Syria Education Programme III (SEP III) aims to support the Syrian Ministry of Education in realising their reform agenda by providing targeted technical assistance. Through collaboration with Ministry officials, the programme will offer expert advice, capacity building, and support for policy and process improvements. The approach is intended to be responsive and adaptable to the evolving political context, focusing on key priorities identified by the Ministry, such as strengthening data sy","Foreign, Commonwealth and Development Office",,16000000.0,GBP,2026-09-15,,planning,planned,,https://www.find-tender.service.gov.uk/Notice/087199-2026,2026-09-15T12:26:20.759450+00:00
FTS,ocds-h6vhtk-06f9e0_087198-2026,Parent and Baby Health and Wellbeing Support service for asylum seekers and Displaced People,"The Council invites quotations for the provision of Parent and Baby Health and Wellbeing Support service for asylum seekers and Displaced People
The purpose of this procurement is to commission culturally appropriate, person-centred, and outcome-focused services that support asylum seekers and displaced people to rebuild their lives, improve wellbeing, increase independence, and integrate successfully into their local communities. Providers will work collaboratively and in partnership with statu",London Borough of Croydon,,,GBP,2026-09-15,2026-09-30,tender,active,,https://www.find-tender.service.gov.uk/Notice/087198-2026,2026-09-15T12:26:20.759459+00:00
FTS,ocds-h6vhtk-06f9df_087197-2026,QHM-2025-1566 Spirometry,Assessment and  reporting service,NHS NORTH EAST AND NORTH CUMBRIA INTEGRATED CARE BOARD,,,GBP,2026-09-15,,award,complete,85000000,https://www.find-tender.service.gov.uk/Notice/087197-2026,2026-09-15T12:26:20.759464+00:00
FTS,ocds-h6vhtk-06f9de_087196-2026,"Education, Employment and Skills Development for Asylum Seekers and Displaced People","The Council invites quotations for the provision of Education, Employment and Skills Development for Asylum Seekers and Displaced People.  
The purpose of this procurement is to commission culturally appropriate, person-centred, and outcome-focused services that support asylum seekers and displaced people to rebuild their lives, improve wellbeing, increase independence, and integrate successfully into their local communities. Providers will work collaboratively and in partnership with statutory ",London Borough of Croydon,,,GBP,2026-09-15,2026-09-30,tender,active,,https://www.find-tender.service.gov.uk/Notice/087196-2026,2026-09-15T12:26:20.759468+00:00
FTS,ocds-h6vhtk-06f9dd_087195-2026,SYP - Vehicle Replacement Programme - Peugeot 3008 Allure electric 73kWh,"Purchase of Peugeot 3008 Allure Electric 73kWh to
maintain required level of Fleet for South Yorkshire Police as part of the 2026/27 vehicle replacement.",South Yorkshire Mayoral Combined Authority,,,GBP,2026-09-15,,award,complete,34114200,https://www.find-tender.service.gov.uk/Notice/087195-2026,2026-09-15T12:26:20.759471+00:00
Contracts Finder,ocds-b5fd17-3cba68f1-7d49-4d80-9cc9-815a406f6346_392859ec-e188-4629-9a79-5e045efdf9bd-914058,Taxi and MPV (1-8 seats) Passenger Assistant - Taxi and MPV (1-8 seats) Passenger Assistant,"MVP Vehicle required
Vehicle type: 6 seat MPV  
Passenger Assistant Required:  yes 

Proposed Taxi Route:
From:  TN39 5AR
To:   Torfield School, TN34 3JT

Frequency: Monday to Friday 
Daily School Time: 09:00-15:15

Comments for Operator:  
ASD
Nonverbal
Hearing Impairment 
Harness Required 
Space Needed 
 This opportunity has been distributed on SProc.net",East Sussex County Council,,,GBP,2026-09-14,2026-09-17,tender,active,60000000,https://www.contractsfinder.service.gov.uk/Notice/392859ec-e188-4629-9a79-5e045efdf9bd,2026-09-15T12:26:22.998458+00:00
Contracts Finder,ocds-b5fd17-ed163f28-074e-4285-b863-14e15a68a835_d940464d-fee9-4132-a24e-cd85c6d04b73-912240,Provision of support for HPC hardware and software,The National Oceanography Centre conducted a call off via the ITS4043 SU / SSSNA for the supply of HPC hardware and software maintenance services for a period of 1 year. The provision of this contract is inclusive of a 4 hour response SLA and the service for breakfix determination and support / parts / engineer visit for fixes.,National Oceanography Centre,,57817.84,GBP,2026-09-14,2026-04-21,award,complete,50312000,https://www.contractsfinder.service.gov.uk/Notice/d940464d-fee9-4132-a24e-cd85c6d04b73-912240,2026-09-15T12:26:22.998689+00:00
Contracts Finder,ocds-b5fd17-38ea4db5-a7f5-4ae5-96c0-5e2b4bb0ed9b_50a8ea22-0e35-4604-b2b6-20b8e1b1f625-912249,"Provision of Network Licenses, Support and Hardware","The National Oceanography Centre has awarded a contract for the provision of maintenance, software licensing support, technical assistance, and vendor support services for its enterprise network infrastructure at Southampton, with the option to buy hardware as requirements arise.

The contract includes support for installed network hardware and associated software components, including switching, routing, wireless networking, network management platforms, operating system updates, software sub",National Oceanography Centre,,120953.5,GBP,2026-09-14,2026-07-01,award,complete,50312310,https://www.contractsfinder.service.gov.uk/Notice/50a8ea22-0e35-4604-b2b6-20b8e1b1f625-912249,2026-09-15T12:26:22.998891+00:00
Contracts Finder,ocds-b5fd17-1753c6a4-5dd3-4b8a-927d-aa21fa83785f_9d33a358-ddd6-4d74-bd14-59f10aefff11-914057,2026-027 Non-Domestic Consumer Research,"Ofgem requires a supplier to conduct the tracking of non-domestic consumers' experiences with the energy market now including heat networks, and to assess results across key sub-groups. The primary aim of the project is to track business experiences in the non-domestic energy market over time and build on the existing four years of data. For businesses on heat networks, this would be the first time their experience is being measured quantitatively.",Ofgem,,657676.57,GBP,2026-09-14,2026-01-01,award,complete,73000000,https://www.contractsfinder.service.gov.uk/Notice/9d33a358-ddd6-4d74-bd14-59f10aefff11-914057,2026-09-15T12:26:22.999086+00:00
Contracts Finder,ocds-b5fd17-d34dd2c4-096b-4e66-a573-f04b831446db_ac0f1e0e-b0a3-4f46-9810-89778c1bcbcf-914056,Award of CCHA Trinity Court Fire Door Replacement Project 2026,"Castles and Coasts Housing Association (CCHA) wishes to procure the services of a competent contractor to undertake the replacement of 58 fire doors at Trinity Court sheltered housing scheme in Whitehaven, Cumbria, as part of their planned compliance programme. As part of the programme, the replacement works include for the renewal of 30 flat entrance doors, as well as 28 stairwell, cross-corridor, and storeroom fire doors. Due to a pre-identified compartmentation issue, works to 16nr. of the fl",Castles and Coasts Housing Association,,241989.96,GBP,2026-09-14,2026-01-01,award,complete,44221220,https://www.contractsfinder.service.gov.uk/Notice/ac0f1e0e-b0a3-4f46-9810-89778c1bcbcf-914056,2026-09-15T12:26:22.999304+00:00
Contracts Finder,ocds-b5fd17-c504e469-2d5f-4c33-8b52-103c9ed9f3fd_2b1b137a-dd17-4ad1-be82-ad7076481bfb-913977,SFO/CS/E-EeDR - RM6336/L2: Case 2.2,"Call of from a framework agreement - RM6336 Lot 2. Continued work on case 2 - extending agreement and increasing funds.

Initial contract was awarded following response from framework suppliers to a quote request. This was following a tender to onboard a number of suppliers that could carry out the disclosure work required.

Figures entered for cost are the maximum spend under this agreement.  There is no commitment to spend this amount in total and final spend may be lower.

Figures enter",SERIOUS FRAUD OFFICE,,1108800.0,GBP,2026-09-14,2026-07-31,awardUpdate,complete,79100000,https://www.contractsfinder.service.gov.uk/Notice/2b1b137a-dd17-4ad1-be82-ad7076481bfb-913977,2026-09-15T12:26:22.999499+00:00
Contracts Finder,ocds-b5fd17-dca55263-097f-47f6-b00a-53579c3b1e3d_018518cf-3974-4d68-a891-023b4f861e98-913694,SFO/CS/E-EeDR - RM6336/L2: Altlaw - Case 2.1,"Call of from a framework agreement - RM6336 Lot 2.  Continued work on case 2 - extending agreement and increasing funds.

Initial contract was awarded following response from framework suppliers to a quote request.  This was following a tender to onboard a number of suppliers that could carry out the disclosure work required.

Due to an administrative error this was not published at the time the contract was signed.

Figures entered for cost are the maximum spend under this agreement.  The",SERIOUS FRAUD OFFICE,,464967.11,GBP,2026-09-14,2026-01-19,award,complete,79100000,https://www.contractsfinder.service.gov.uk/Notice/018518cf-3974-4d68-a891-023b4f861e98-913694,2026-09-15T12:26:22.999691+00:00
Contracts Finder,ocds-b5fd17-e5a041a8-0b08-45b4-b3e6-1f3b69f67605_b0edb394-f476-44a8-b6e8-18372b5f2ef2-913760,SFO/Comms/Onclusive/DF,"Direct award to Onclusive.  This includes 2 services on media monitoring and a press release distribution platform.

Costs included do not include VAT.",SERIOUS FRAUD OFFICE,,31361.94,GBP,2026-09-14,2026-06-30,award,complete,48500000,https://www.contractsfinder.service.gov.uk/Notice/b0edb394-f476-44a8-b6e8-18372b5f2ef2-913760,2026-09-15T12:26:22.999898+00:00
Contracts Finder,ocds-b5fd17-cfafd3f1-a1dd-497b-b6a8-411fbc8e021f_4b19e82d-d294-4820-89eb-65b1af4cdf5f-913969,PS26235 - Marchant v UKRI,"Award notice for the supply of Legal services for UKRI- MRC
***** THIS IS AN AWARD NOTICE, NOT A CALL FOR COMPETITION ***** This procurement is being concluded as a direct award under the Legal Panel for Government - GCA RM6360 framework.",UK SHARED BUSINESS SERVICES LIMITED,,17500.0,GBP,2026-09-14,2026-08-06,award,complete,79100000,https://www.contractsfinder.service.gov.uk/Notice/4b19e82d-d294-4820-89eb-65b1af4cdf5f-913969,2026-09-15T12:26:23.000087+00:00
Contracts Finder,ocds-b5fd17-ba5f0326-91a7-4675-ab9c-b1c3f44b4ef4_d27cadf0-d018-44ed-aaa7-0ac5402d46b4-914055,CA18456 - ESNEFT 3197 Charitable Funds Investment,"East Suffolk and North Essex NHS Foundation Trust (ESNEFT) is inviting qualified Suppliers to express an interest to participate in a tender exercise for; Charitable Funds Investment under the Procurement Act 2023. This expression of interest will require interested parties to: 

- Confirm interest
- Complete and submit capability assessment attachment

The Capability Assessment submitted by interested parties will be reviewed to identify appropriate Suppliers to invite to tender.

Invita",East Suffolk and North Essex NHS FT,,277500.0,GBP,2026-09-14,2026-10-10,tender,active,66140000,https://www.contractsfinder.service.gov.uk/Notice/d27cadf0-d018-44ed-aaa7-0ac5402d46b4,2026-09-15T12:26:23.000302+00:00
Contracts Finder,ocds-b5fd17-9c1809b6-e93f-4507-87e8-1e7df7fd15d4_25cd689c-6110-432e-b178-03de41eab240-914054,Quantity Surveying and Contract Administration Services for Fire Improvements Works at Hillingdon Hospital NHS Foundation Trust.,The Provision of Quantity Surveying and Contract Administration Services for Fire Improvements Works at Hillingdon Hospital NHS Foundation Trust,The Hillingdon Hospitals NHS Foundation Trust,,70268.64,GBP,2026-09-14,2026-08-11,award,complete,45251230,https://www.contractsfinder.service.gov.uk/Notice/25cd689c-6110-432e-b178-03de41eab240-914054,2026-09-15T12:26:23.000492+00:00
Contracts Finder,ocds-b5fd17-f8d772f7-189b-40e3-a363-7fad1748a809_35ebb56b-35e4-44d4-97ec-92c53253c052-914053,R/WP - 26/27 - Adult MH - Crisis Alternative (Safe Haven)  Oxfordshire,"Adult MH - Crisis Alternative (Safe Haven)
a Non-Clinical Healthcare Alternative to Urgent Care Service to support Oxfordshire's urgent and emergency care system.
The service is intended to prevent avoidable emergency department attendance and hospital admissions, improving patient outcomes and system efficiency.
The key objectives are:
-Improve clinical outcomes and patient experience
-Reduce pressure on ED and inpatient services
-Deliver value for money and system efficiency
-Support in",Oxford Health NHS Foundation Trust,,5600000.0,GBP,2026-09-14,2026-10-19,tender,active,85323000,https://www.contractsfinder.service.gov.uk/Notice/35ebb56b-35e4-44d4-97ec-92c53253c052,2026-09-15T12:26:23.000679+00:00
Contracts Finder,ocds-b5fd17-db497fe5-09f3-478c-ab5e-815fde0cd0e3_e00b66c0-29b9-45ab-8564-66ef11a52557-914051,Colville Heat Network - DBOM Contract,"The London Borough of Hackney has awarded a Design, Build, Operate and Maintain
(DBOM) contract for the delivery of the Colville Heat Network. The contract comprises the
detailed design, construction, commissioning, operation and maintenance of a low-carbon
district heat network serving the Colville and Britannia developments. The scheme will
provide low-carbon heat to more than 1,500 homes together with schools, a leisure centre
and other connected buildings, supporting the Council's Clima",London Borough of Hackney,,23500000.0,GBP,2026-09-14,2026-07-13,award,complete,09323000,https://www.contractsfinder.service.gov.uk/Notice/e00b66c0-29b9-45ab-8564-66ef11a52557-914051,2026-09-15T12:26:23.000861+00:00
Contracts Finder,ocds-b5fd17-27b23d99-adce-4780-ae26-31a8634ef4fb_ff7f10b1-7acd-4ad3-8eb6-5f7725d302e2-914050,Taxi and MPV (1-8 seats) - Taxi and MPV (1-8 seats),"Vehicle type: Saloon
Passenger Assistant Required:  No

Proposed Taxi Route:
From:  BN22 8LF
To: East Sussex College Hastings, TN34 1BA  
Frequency: Tuesday - Thursday  
Daily School Time:
Tuesday - 09:30-16:00
Wednesday - 09:30-15:00
Thursday - 09:30-16:00

Comments for Operator:  
Tuesday - 09:30-16:00
Wednesday - 09:30-15:00
Thursday - 09:30-16:00
 This opportunity has been distributed on SProc.net",East Sussex County Council,,,GBP,2026-09-14,2026-09-16,tender,active,60000000,https://www.contractsfinder.service.gov.uk/Notice/ff7f10b1-7acd-4ad3-8eb6-5f7725d302e2,2026-09-15T12:26:23.001041+00:00
Contracts Finder,ocds-b5fd17-dd6f1907-3747-4dff-9e34-e2a1371469b4_77a05123-26dd-482b-a24c-f20d98a55581-914049,ITT For Project 10207636,ITT For Project 10207636,Innovate UK,,3217.5,GBP,2026-09-14,2026-08-11,award,complete,79421100,https://www.contractsfinder.service.gov.uk/Notice/77a05123-26dd-482b-a24c-f20d98a55581-914049,2026-09-15T12:26:23.001244+00:00
Contracts Finder,ocds-b5fd17-a7271aba-2b88-47bf-ae91-dc77c759d0e0_08184f06-864d-4b87-8882-8b92e4dca6a1-914048,UKSAC26_0039 - Unlocking Space for Investment - Growth Pathway,"***** THIS IS AN AWARD NOTICE, NOT A CALL FOR COMPETITION *****

This procurement is being concluded following a mini-competition under Management Consultancy Framework Four (MCF4) RM6309.

Brief Description of Requirement:
The Growth Pathway supports the investment readiness of UK space businesses through subsidised, tailored sell-side advisory services. The Advisory Scheme provides bespoke one-to-one support for growth-stage (Series A+) and high-potential space companies, focused on areas",DSIT,,4800000.0,GBP,2026-09-14,2026-08-05,award,complete,66171000,https://www.contractsfinder.service.gov.uk/Notice/08184f06-864d-4b87-8882-8b92e4dca6a1-914048,2026-09-15T12:26:23.001433+00:00
Contracts Finder,ocds-b5fd17-1c8485d3-c09c-485e-8475-e727c9ff7591_5ab2be2e-181e-42ae-8bbe-4367fd76bb1a-914047,ITT For Project 10207404,ITT For Project 10207404,Innovate UK,,3217.5,GBP,2026-09-14,2026-08-11,award,complete,79421100,https://www.contractsfinder.service.gov.uk/Notice/5ab2be2e-181e-42ae-8bbe-4367fd76bb1a-914047,2026-09-15T12:26:23.001613+00:00
Contracts Finder,ocds-b5fd17-60866df8-2592-4384-a84c-20d1d1d8457c_ee3b40ef-eb96-4479-8d24-7043d9da2d47-914035,Provision of Document Generation Software for Modernisation of the Fitness to Practise Systems,"Direct award via Government Commercial Agency RM1557.14 G-Cloud 14 Framework.
Services to be provided by the supplier are outlined in Framework Schedule 4 including Cloud Software and implementation support.",Nursing And Midwifery Council,,119254.8,GBP,2026-09-14,2026-05-06,award,complete,48310000,https://www.contractsfinder.service.gov.uk/Notice/ee3b40ef-eb96-4479-8d24-7043d9da2d47-914035,2026-09-15T12:26:23.001794+00:00
Contracts Finder,ocds-b5fd17-738bc817-eb32-4f23-b173-f436bc806bd2_05169446-1c8f-4225-931f-ff65fb55dd1a-914046,ITT For Project 10207327,ITT For Project 10207327,Innovate UK,,2600.0,GBP,2026-09-14,2026-08-11,award,complete,79421100,https://www.contractsfinder.service.gov.uk/Notice/05169446-1c8f-4225-931f-ff65fb55dd1a-914046,2026-09-15T12:26:23.001975+00:00
Contracts Finder,ocds-b5fd17-c0e48578-17c7-4540-a683-01cbeebf32fe_a5691ea6-5195-407d-b10e-fca30ad8460d-914042,PL0314 WHLG Contract Administrator and QS Support,"Provision of Contract Administrator and Quantity Surveying support services in connection with the Warm Homes: Local Grant programme. The consultant will administer the JCT Measured Term Contract, including contract management, valuation and payment certification, variation control, cost management, compliance monitoring, record keeping, audit trail management and reporting. Services will support the delivery of domestic energy efficiency retrofit works across residential properties within Worce",Worcestershire County Council,,46000.0,GBP,2026-09-14,2026-04-27,award,complete,71324000,https://www.contractsfinder.service.gov.uk/Notice/a5691ea6-5195-407d-b10e-fca30ad8460d-914042,2026-09-15T12:26:23.002208+00:00
Contracts Finder,ocds-b5fd17-b6f9c533-5dca-43c0-8cd9-0dae5a261546_538da7ae-2f61-4b5a-b171-4e5fce85bde5-914043,ITT For Project 10207428,ITT For Project 10207428,Innovate UK,,2730.0,GBP,2026-09-14,2026-08-11,award,complete,79421100,https://www.contractsfinder.service.gov.uk/Notice/538da7ae-2f61-4b5a-b171-4e5fce85bde5-914043,2026-09-15T12:26:23.002410+00:00
Contracts Finder,ocds-b5fd17-e553c202-45a1-45d3-9232-9f4668e06c8a_385bdbd7-bba6-40ea-a57e-e0fa11af8133-914044,Public Bus Service (Lot 5) EX X Exminster - Exeter City Centre,"This is a mini-competition from Lot 5 of the Devon County Council Passenger Transport Dynamic Purchasing System (CP1185-15)

For the supply and provision of local bus service X operating between Exminster and Exeter Monday to Saturday (Except Public Holidays).

The projected duration of the contract is eight years, however the Devon County Council (DCC) Passenger Transport Standard Conditions of Contract still apply, and therefore either the contractor or DCC can give notice as per the terms",Devon County Council,,141633.82,GBP,2026-09-14,2026-06-17,award,complete,60000000,https://www.contractsfinder.service.gov.uk/Notice/385bdbd7-bba6-40ea-a57e-e0fa11af8133-914044,2026-09-15T12:26:23.002596+00:00
Contracts Finder,ocds-b5fd17-5b3a68d8-e368-475b-ae5a-9fda49b464aa_3c21fdac-80a3-4df3-983b-284aaf1a20da-914039,ITT For Project 10206256,ITT For Project 10206256,Innovate UK,,2775.0,GBP,2026-09-14,2026-08-11,award,complete,79421100,https://www.contractsfinder.service.gov.uk/Notice/3c21fdac-80a3-4df3-983b-284aaf1a20da-914039,2026-09-15T12:26:23.002777+00:00
Contracts Finder,ocds-b5fd17-d56541f2-716d-49c6-a3c7-645cb0a989bc_bb455a26-0797-441c-a0f6-b89c514c37b5-914040,Project/Contract DHSC: Databricks Training Credits,"The provision of bespoke Databricks training and support for analysts, including practical workshops, guidance materials, and hands-on troubleshooting across DHSC and NHSE platforms.

The contract was awarded in US Dollars. The total value of the contract is $153,999. The awarded value in £ was calculated against the HMRC monthly currency exchange rate for September 2026 (1.3554; https://www.trade-tariff.service.gov.uk/exchange_rates/monthly).",DHSC,113619.0,160000.0,GBP,2026-09-14,2026-07-31,award,complete,72000000,https://www.contractsfinder.service.gov.uk/Notice/bb455a26-0797-441c-a0f6-b89c514c37b5-914040,2026-09-15T12:26:23.002981+00:00
Contracts Finder,ocds-b5fd17-50a1dc6c-1207-46aa-98a1-77f12b72ee4e_12995e9a-6e4e-4cbc-af88-43533b018051-914037,ITT For Project 10207358,ITT For Project 10207358,Innovate UK,,2340.0,GBP,2026-09-14,2026-08-11,award,complete,79421100,https://www.contractsfinder.service.gov.uk/Notice/12995e9a-6e4e-4cbc-af88-43533b018051-914037,2026-09-15T12:26:23.003202+00:00
Contracts Finder,ocds-b5fd17-33947f3d-8dda-4a03-99c6-0665226bbf1c_371ec3da-f077-448b-b6bd-4e621aa3b988-914036,ITT For Project 10203178,ITT For Project 10203178,Innovate UK,,2340.0,GBP,2026-09-14,2026-08-11,award,complete,79421100,https://www.contractsfinder.service.gov.uk/Notice/371ec3da-f077-448b-b6bd-4e621aa3b988-914036,2026-09-15T12:26:23.003393+00:00
Contracts Finder,ocds-b5fd17-be8808cf-b7bf-4f6e-a653-77b2cdc0c1e2_01a936b4-0beb-4fcc-94a1-836108244ae6-914034,ITT For Project 10206751,ITT For Project 10206751,Innovate UK,,2600.0,GBP,2026-09-14,2026-08-11,award,complete,79421100,https://www.contractsfinder.service.gov.uk/Notice/01a936b4-0beb-4fcc-94a1-836108244ae6-914034,2026-09-15T12:26:23.003574+00:00
Contracts Finder,ocds-b5fd17-f22dab8d-5a5d-4f7f-be02-d4b6cdaf5557_80597726-497f-4ede-8b97-f9b2c910e3b9-914033,GB-York: Family Fund Technology ITT,"Family Fund is seeking a provider(s) to supply home computing equipment directly to families raising disabled or seriously ill children, living in the UK.",Family Fund,,15000000.0,GBP,2026-09-14,2026-09-14,award,complete,30200000,https://www.contractsfinder.service.gov.uk/Notice/80597726-497f-4ede-8b97-f9b2c910e3b9-914033,2026-09-15T12:26:23.003754+00:00
Contracts Finder,ocds-b5fd17-f58ef3e6-b6ce-468a-b50c-79024ad7e3f8_00242574-4985-4684-81e3-1c1898897760-914032,ITT For Project 10203943,ITT For Project 10203943,Innovate UK,,2600.0,GBP,2026-09-14,2026-08-11,award,complete,79421100,https://www.contractsfinder.service.gov.uk/Notice/00242574-4985-4684-81e3-1c1898897760-914032,2026-09-15T12:26:23.003935+00:00
Contracts Finder,ocds-b5fd17-7ea3f443-695b-4de2-8463-52df44b7d4f3_8b69c76e-dfbb-4f97-aa53-68e8faea9c7a-914030,ITT For Project 10202743,ITT For Project 10202743,Innovate UK,,2210.0,GBP,2026-09-14,2026-08-11,award,complete,79421100,https://www.contractsfinder.service.gov.uk/Notice/8b69c76e-dfbb-4f97-aa53-68e8faea9c7a-914030,2026-09-15T12:26:23.004116+00:00
Contracts Finder,ocds-b5fd17-4acd8294-06ca-41b4-85c2-709f86fd575f_8bdd0699-852c-47e8-be45-513d6d4a0772-914031,"LT212, 0900 2026-09-14, Halesworth - East Point Academy, Lowestoft (4 seats) - AWARD","Suffolk County Council is seeking a mini competition against the following Dynamic Purchasing System: `The supply of Passenger Transport Services`, OJEU Notice Id: 2018/S 031-067685.
      
      LT212, 0900 2026-09-14, Halesworth - East Point Academy, Lowestoft (4 seats)
      
      Further details can be found in the 'Tenders / My Tenders' area of this website, by selecting the 'View Details' button for this project.
      
      The deadline for returned submissions is 0900 2026-09-14.",Suffolk County Council Passenger Transport,,,GBP,2026-09-14,2026-09-14,award,complete,60000000,https://www.contractsfinder.service.gov.uk/Notice/8bdd0699-852c-47e8-be45-513d6d4a0772-914031,2026-09-15T12:26:23.004319+00:00
Contracts Finder,ocds-b5fd17-a3f8f248-370a-416d-9cc8-ae29c1f99626_415599da-ac73-439f-b64d-a473b8edc818-914029,ITT For Project 10204592,ITT For Project 10204592,Innovate UK,,2210.0,GBP,2026-09-14,2026-08-11,award,complete,79421100,https://www.contractsfinder.service.gov.uk/Notice/415599da-ac73-439f-b64d-a473b8edc818-914029,2026-09-15T12:26:23.004501+00:00
Contracts Finder,ocds-b5fd17-1c27cd2e-329a-4501-a397-dd01bb5d4719_23191324-de46-43c9-9f70-955f0e1c1b15-914028,ITT For Project 10205477,ITT For Project 10205477,Innovate UK,,2210.0,GBP,2026-09-14,2026-08-11,award,complete,79421100,https://www.contractsfinder.service.gov.uk/Notice/23191324-de46-43c9-9f70-955f0e1c1b15-914028,2026-09-15T12:26:23.004681+00:00
Contracts Finder,ocds-b5fd17-7a605c2a-c5db-497f-a8ad-48dcc992387f_b3f7a7ff-4220-4251-91cc-79ddea8cd84e-914026,ITT For Project 10208106,ITT For Project 10208106,Innovate UK,,2210.0,GBP,2026-09-14,2026-08-11,award,complete,79421100,https://www.contractsfinder.service.gov.uk/Notice/b3f7a7ff-4220-4251-91cc-79ddea8cd84e-914026,2026-09-15T12:26:23.004863+00:00
Contracts Finder,ocds-b5fd17-696284a6-6ed0-432a-8867-cb2e2d5729b1_cdebbe32-32df-487f-9d61-eddd31065c50-914027,"QIP135 0900 2026-09-14 Ipswich to One Suffolk Sixth Form College, Ipswich (6-seater wheelchair accessible)  - AWARD","Suffolk County Council is seeking a mini competition against the following Dynamic Purchasing System: `The supply of Passenger Transport Services`, OJEU Notice Id: 2018/S 031-067685.
      
      QIP135 0900 2026-09-14 Ipswich to One Suffolk Sixth Form College, Ipswich (6-seater wheelchair accessible) 
      
      Further details can be found in the 'Tenders / My Tenders' area of this website, by selecting the 'View Details' button for this project.
      
      The deadline for returned ",Suffolk County Council Passenger Transport,,,GBP,2026-09-14,2026-09-14,award,complete,60000000,https://www.contractsfinder.service.gov.uk/Notice/cdebbe32-32df-487f-9d61-eddd31065c50-914027,2026-09-15T12:26:23.005039+00:00
Contracts Finder,ocds-b5fd17-8f95cf86-3eaa-4f1c-ab46-48829c94458c_a290077c-be62-4151-9aa8-b089633f2247-914023,ITT For Project 10206846,ITT For Project 10206846,Innovate UK,,2210.0,GBP,2026-09-14,2026-08-11,award,complete,79421100,https://www.contractsfinder.service.gov.uk/Notice/a290077c-be62-4151-9aa8-b089633f2247-914023,2026-09-15T12:26:23.005237+00:00
Contracts Finder,ocds-b5fd17-ad1141d5-0a7b-4987-b1ce-0453c67316d8_46fea016-5436-46b7-a8de-641b6f4bed8f-914025,715904572 (DInfoCom/0332) - The Provision of Fixed Voice Official Site Surveys (UK 07),Contract Award Notice (UK07),Ministry of Defence,,178675.0,GBP,2026-09-14,2026-08-21,award,complete,72000000,https://www.contractsfinder.service.gov.uk/Notice/46fea016-5436-46b7-a8de-641b6f4bed8f-914025,2026-09-15T12:26:23.005422+00:00
Contracts Finder,ocds-b5fd17-ea174094-ce1b-441d-9704-5702001ecdc6_30f2de24-e12f-49e3-ad1c-a792adb32048-914024,DNWP0071/LOT1A/CALDER Ring Fence,DNWP0071/LOT1A/CALDER Ring Fence,Sellafield Ltd,,478696.66,GBP,2026-09-14,2026-08-26,award,complete,98391000,https://www.contractsfinder.service.gov.uk/Notice/30f2de24-e12f-49e3-ad1c-a792adb32048-914024,2026-09-15T12:26:23.005603+00:00
Contracts Finder,ocds-b5fd17-2d12791d-7ab8-4928-af0e-4b10b8f2e8df_f9546eeb-38f9-4e2b-8a88-5d5db40c82ad-914020,ITT For Project 10204501,ITT For Project 10204501,Innovate UK,,2210.0,GBP,2026-09-14,2026-08-11,award,complete,79421100,https://www.contractsfinder.service.gov.uk/Notice/f9546eeb-38f9-4e2b-8a88-5d5db40c82ad-914020,2026-09-15T12:26:23.005783+00:00
Contracts Finder,ocds-b5fd17-12034b8d-8200-4cd3-ae2e-eed19a3877f3_680a3fd4-68d2-4295-b4cf-5c438ce263f6-914022,PDF Framework - Warreners Interchange to Earsdon Resurfacing,PDF Framework - Warreners Interchange to Earsdon Resurfacing,National Highways Limited,,1742670.17,GBP,2026-09-14,2026-08-17,award,complete,45233210,https://www.contractsfinder.service.gov.uk/Notice/680a3fd4-68d2-4295-b4cf-5c438ce263f6-914022,2026-09-15T12:26:23.005962+00:00
Contracts Finder,ocds-b5fd17-343475ed-cd3b-43c5-8f5d-2799ecdf4d13_1dbd6394-6ccb-4ec5-9e7a-ff597c28815f-914021,CST234 External Property Valuation Services,"Provision of independent quarterly property valuation services for Derbyshire Pension Fund's real estate portfolio.
Awarded under Staffordshire County Council's Framework Agreement for the Appointment of an Independent Property Valuer (IA3475)",Derbyshire County Council,,181500.0,GBP,2026-09-14,2026-02-27,award,complete,79000000,https://www.contractsfinder.service.gov.uk/Notice/1dbd6394-6ccb-4ec5-9e7a-ff597c28815f-914021,2026-09-15T12:26:23.006140+00:00
Contracts Finder,ocds-b5fd17-6987d880-7e34-4613-9f15-d057ab96e1b1_9c32d7ef-146c-40e1-86e8-b8f6c64deadd-914019,RHUL-26035 EBSCO Library Library Stock Publications,"Awarded to EBSCO International Inc. for Print publications and other hard materials including maps, music scores, DVD's, CD's; via SUPC Library Books, e-Books and Associated Services LIB4061",Royal Holloway and Bedford New College,,,GBP,2026-09-14,2026-08-18,award,complete,22100000,https://www.contractsfinder.service.gov.uk/Notice/9c32d7ef-146c-40e1-86e8-b8f6c64deadd-914019,2026-09-15T12:26:23.006378+00:00
Contracts Finder,ocds-b5fd17-85a149ba-176b-4e00-82aa-0724e30df59e_8f73f0e5-7f96-411c-80c2-de0efe49d860-914018,GB-Witham: ECFRS00530 - Supply of 2 x Skoda Kodiaq Estate,"Supply of 2 x Skoda Kodiaq Estate. 
      Direct award via GCA Framework: Purchase of Standard and Specialist Vehicles. Lot 4: Bluelight Cars and Motorcycles (Emergency Services)","Essex Police, Fire and Crime Commissioner Fire and Rescue Authority",,60419.66,GBP,2026-09-14,2026-09-10,award,complete,34100000,https://www.contractsfinder.service.gov.uk/Notice/8f73f0e5-7f96-411c-80c2-de0efe49d860-914018,2026-09-15T12:26:23.006566+00:00
Contracts Finder,ocds-b5fd17-efbead20-af27-4200-b345-19ae6cd3d219_eec46c78-f306-4fea-845c-1858efddddb4-914017,"Ceredigion County Council,Aug26,C3.1&3.2-RJ Lifts",DPS is for the provision of servicing and repair of Passenger and goods lifts,Ceredigion County Council,,839700.0,GBP,2026-09-14,2026-06-27,award,complete,50750000,https://www.contractsfinder.service.gov.uk/Notice/eec46c78-f306-4fea-845c-1858efddddb4-914017,2026-09-15T12:26:23.006747+00:00
Contracts Finder,ocds-b5fd17-b247344b-917d-46c4-bc35-d90bf19f4ef5_e8b9a2b0-af12-4f19-9246-158c0a0e7bee-914016,ITT For Project 10208481,ITT For Project 10208481,Innovate UK,,1700.0,GBP,2026-09-14,2026-08-11,award,complete,79421100,https://www.contractsfinder.service.gov.uk/Notice/e8b9a2b0-af12-4f19-9246-158c0a0e7bee-914016,2026-09-15T12:26:23.006927+00:00
Contracts Finder,ocds-b5fd17-ff87f5e3-5313-4dbe-9597-16b6414c4994_d3152e52-ee13-4edb-a1e0-17e68db1d23f-914014,Airwave Batteries,Airwave batteries for devices for SYP via the WYCA IT Hardware framework Lot 1 ref 2821-2022,South Yorkshire Police Headquarters,,200000.0,GBP,2026-09-14,2026-08-17,award,complete,30000000,https://www.contractsfinder.service.gov.uk/Notice/d3152e52-ee13-4edb-a1e0-17e68db1d23f-914014,2026-09-15T12:26:23.007116+00:00
Contracts Finder,ocds-b5fd17-44249065-30ac-47ab-89a4-a79da6fbb637_2e2cac5c-9027-437f-a78f-94757c41f620-914015,ITT For Project 10206308,ITT For Project 10206308,Innovate UK,,2210.0,GBP,2026-09-14,2026-08-11,award,complete,79421100,https://www.contractsfinder.service.gov.uk/Notice/2e2cac5c-9027-437f-a78f-94757c41f620-914015,2026-09-15T12:26:23.007321+00:00
Contracts Finder,ocds-b5fd17-b6215dee-c86f-4f55-9929-9dbf7c3105af_c854ee40-736d-403d-856a-0078b1b39375-914013,HVM Contract Management,Project Management and technical assurance services for upcoming hostile vehicle mitigation project,National Museums Liverpool,,62700.0,GBP,2026-09-14,2026-09-11,award,complete,71541000,https://www.contractsfinder.service.gov.uk/Notice/c854ee40-736d-403d-856a-0078b1b39375-914013,2026-09-15T12:26:23.007505+00:00
Contracts Finder,ocds-b5fd17-d83daa9d-6334-42ef-aa84-a874c57e9910_df372e89-d903-40b3-ac1f-7478bf518fb7-914012,ITT For Project 10205978,ITT For Project 10205978,Innovate UK,,2210.0,GBP,2026-09-14,2026-08-11,award,complete,79421100,https://www.contractsfinder.service.gov.uk/Notice/df372e89-d903-40b3-ac1f-7478bf518fb7-914012,2026-09-15T12:26:23.007687+00:00
Contracts Finder,ocds-b5fd17-974afbec-a433-45e9-90ac-020d34e42281_318eaae3-4e40-4964-aa0b-a63eac0edece-914010,Supply of Babyleo incubators,Supply of 2 No Babyleo TN500 incubators c/w batteries,NNUH,53353.7,10.0,GBP,2026-09-14,2026-09-01,award,complete,33100000,https://www.contractsfinder.service.gov.uk/Notice/318eaae3-4e40-4964-aa0b-a63eac0edece-914010,2026-09-15T12:26:23.007869+00:00
Contracts Finder,ocds-b5fd17-323f2a3c-fbd7-4021-9f23-d108257c052d_7ec86a82-7ad8-4f20-abd2-c860a9f8666b-914009,Public Bus Service (Lot 5) - TR636 Bradworthy to Holsworthy (20th May 2026),"This is a mini-competition from Lot 5 of the Devon County Council Passenger Transport Dynamic Purchasing System (CP1185-15)

For the supply and provision of local bus service 636 operating between Bradworthy and Holsworthy on Wednesdays only (Except Public Holidays).

The projected duration of the contract is eight years, however the Devon County Council (DCC) Passenger Transport Standard Conditions of Contract still apply, and therefore either the contractor or DCC can give notice as per th",Devon County Council,,80784.0,GBP,2026-09-14,2026-03-16,award,complete,60000000,https://www.contractsfinder.service.gov.uk/Notice/7ec86a82-7ad8-4f20-abd2-c860a9f8666b-914009,2026-09-15T12:26:23.008056+00:00
Contracts Finder,ocds-b5fd17-08b48290-4ff0-4dac-89ac-8178aba5ef6a_ef1460eb-4a68-4577-b16e-82e9ff99dd26-914008,"Uniform, Inventory and Asset Management Solution","The Police and Crime Commissioner for Nottinghamshire is seeking to procure a Uniform, Inventory and Asset Management Solution to support the management, tracking, issuance, return and reporting of uniform, personal protective equipment (PPE), operational equipment, consumable products and other organisational assets.

The Authority requires a proven Commercial-Off-The-Shelf (COTS) solution together with implementation, configuration, data migration, training, support and maintenance services.",Nottinghamshire Police,90000.0,180000.0,GBP,2026-09-14,2026-10-12,tender,active,48420000,https://www.contractsfinder.service.gov.uk/Notice/ef1460eb-4a68-4577-b16e-82e9ff99dd26,2026-09-15T12:26:23.008263+00:00
Contracts Finder,ocds-b5fd17-128a7b8f-8319-4d3f-a080-2db1171c8d65_1d0872dd-a768-49ee-8779-ca359f6de37e-914006,C470013 - BTH25-330 Feminine Hygiene and Washroom Services,Bradford Teaching Hospitals NHS Foundation trust require the provision of Feminine Hygiene and Washroom Services as part of their everyday processes. This award is done in collaboration with Leeds Teaching Hospitals.,Bradford Teaching Hospitals NHS Foundation Trust,,156513.0,GBP,2026-09-14,2026-04-30,award,complete,90900000,https://www.contractsfinder.service.gov.uk/Notice/1d0872dd-a768-49ee-8779-ca359f6de37e-914006,2026-09-15T12:26:23.008449+00:00
Contracts Finder,ocds-b5fd17-bf8bd38a-451d-4fe6-bbbd-8d0d8cea718b_c1ed8bdd-b02a-42ef-84da-0aeca812e421-914005,Purchase of Babyleo transport incubators,Purchase of 2 No TN500 Babyleo transport incubators with accessories,Norfolk & Norwich University Hospital,60175.16,10.0,GBP,2026-09-14,2026-07-31,award,complete,33100000,https://www.contractsfinder.service.gov.uk/Notice/c1ed8bdd-b02a-42ef-84da-0aeca812e421-914005,2026-09-15T12:26:23.008632+00:00
Contracts Finder,ocds-b5fd17-8cb08215-fac7-4909-aa35-e3cd3e8b596c_5943602e-3793-4cc9-97a1-e914924ac195-914000,Public Bus Service (Lot 5) - ED358 Otterton - Exeter via Budleigh Salterton,"This is a mini-competition from Lot 5 of the Devon County Council Passenger Transport Dynamic Purchasing System (CP1185-15)

For the supply and provision of local bus service 358 operating between Otterton and Exeter Monday to Friday (Except Public Holidays).

The projected duration of the contract is eight years, however the Devon County Council (DCC) Passenger Transport Standard Conditions of Contract still apply, and therefore either the contractor or DCC can give notice as per the terms ",Devon County Council,,525092.0,GBP,2026-09-14,2026-04-29,award,complete,60000000,https://www.contractsfinder.service.gov.uk/Notice/5943602e-3793-4cc9-97a1-e914924ac195-914000,2026-09-15T12:26:23.008891+00:00
Contracts Finder,ocds-b5fd17-c5064cd0-fd3a-4287-b70c-91a94ac4d0ea_315ef5ca-fce3-4ef6-8010-4b91d497da32-912840,Provision of Solicitors to the Inquests (STI) Services,"The Authority Coroners Services are preparing for the initial batch of referrals from Operation Magenta, a Police investigation into over 800 deaths at Gosport War Memorial Hospital. This is expected to have a significant impact on the Coroners Service, particularly in terms of case management and the preparation of inquests. The Senior Coroner has highlighted the necessity to appoint Solicitors to Inquest to provide dedicated support with case management and preparation, these appointments are ",HAMPSHIRE COUNTY COUNCIL,,3886500.0,GBP,2026-09-14,2026-08-12,award,complete,79100000,https://www.contractsfinder.service.gov.uk/Notice/315ef5ca-fce3-4ef6-8010-4b91d497da32-912840,2026-09-15T12:26:23.009071+00:00
Contracts Finder,ocds-b5fd17-d2bcb08d-6146-490f-8dda-cf62abe19f36_567115f5-cf9a-43b5-a18f-5aa97a028d56-913999,ENHT - Theatre 7 and 8 Renovation Works,Theatre 7 and 8 Renovation Works at East and North Hertfordshire Teaching Hospital NHS Trust. Procured via Low Value Purchasing System Framework RM6237 Framework.,East and North Hertfordshire Teaching Hospital NHS Trust,25000.0,25648.92,GBP,2026-09-14,2026-08-20,award,complete,45453100,https://www.contractsfinder.service.gov.uk/Notice/567115f5-cf9a-43b5-a18f-5aa97a028d56-913999,2026-09-15T12:26:23.009274+00:00
Contracts Finder,ocds-b5fd17-edc39091-3bf4-4d97-a388-8a24fb8527b1_d13a0bd8-abc6-4c8d-a6b9-5e8da924ffeb-913998,Regeneration Development Manager,"Framework call-off under Pretium- Herts, Beds and Bucks development. To provide interim regeneration development manager for up to five days a week for 6 months",London Borough of Enfield,,58500.0,GBP,2026-09-14,2026-06-14,award,complete,71500000,https://www.contractsfinder.service.gov.uk/Notice/d13a0bd8-abc6-4c8d-a6b9-5e8da924ffeb-913998,2026-09-15T12:26:23.009459+00:00
Contracts Finder,ocds-b5fd17-c0933159-2540-4e06-b78e-62fe95193ce8_9e894112-c10c-47c7-a40c-7549d8825635-913997,Architectural support for fire improvement works at Mount Vernon Hospital & Hillingdon hospital maternity & podium.,The Provision of Architectural support for fire improvement works at Mount Vernon Hospital & Hillingdon hospital maternity & podium.,The Hillingdon Hospitals NHS Foundation Trust,,31500.0,GBP,2026-09-14,2026-09-08,award,complete,45251230,https://www.contractsfinder.service.gov.uk/Notice/9e894112-c10c-47c7-a40c-7549d8825635-913997,2026-09-15T12:26:23.009638+00:00
Contracts Finder,ocds-b5fd17-9ae21acd-34ee-406d-856b-d7fd272c075a_b1ae360f-762a-40c6-a947-7531273e2777-913996,Astramax AM30 ceiling mounted light,Purchase of 7 No Astramax AM30 ceiling mounted lights,NNUH,13181.62,10.0,GBP,2026-09-14,2026-06-15,award,complete,33100000,https://www.contractsfinder.service.gov.uk/Notice/b1ae360f-762a-40c6-a947-7531273e2777-913996,2026-09-15T12:26:23.009819+00:00
Contracts Finder,ocds-b5fd17-c3d49e0f-3633-4fb1-9fd3-933e24580c57_673de88f-5b27-44b5-ac47-546c7cb9f6e3-913995,Interim Delivery Director,"Framework call-off under Pretium- Herts, Beds and Bucks development. To provide Interim Delivery Director for up to five days a week for 6 months.",London Borough of Enfield,,129350.0,GBP,2026-09-14,2026-05-25,award,complete,71500000,https://www.contractsfinder.service.gov.uk/Notice/673de88f-5b27-44b5-ac47-546c7cb9f6e3-913995,2026-09-15T12:26:23.010004+00:00
Contracts Finder,ocds-b5fd17-68110e08-0299-443a-bcc4-041233282c77_430f9ae9-eb46-4fa2-9277-8bc22fa782a3-913994,AWARDED CONTRACT - Planner Premium Service support,CONTRCAT AWARD,Home Office,,,GBP,2026-09-14,2026-08-07,award,complete,72000000,https://www.contractsfinder.service.gov.uk/Notice/430f9ae9-eb46-4fa2-9277-8bc22fa782a3-913994,2026-09-15T12:26:23.010225+00:00
Contracts Finder,ocds-b5fd17-1b97dfdf-7d83-4432-9d68-760b9aa3999f_162c6fc8-4270-4256-afc9-0455ea39817c-913993,ENHT - Theatre 5 and 6 Renovation Works,Theatre 5 and 6 Renovation Works at East and North Hertfordshire Teaching Hospital NHS Trust. Procured via Low Value Purchasing System Framework RM6237 Framework.,East and North Hertfordshire Teaching Hospital NHS Trust,25000.0,25648.92,GBP,2026-09-14,2026-08-20,award,complete,45453100,https://www.contractsfinder.service.gov.uk/Notice/162c6fc8-4270-4256-afc9-0455ea39817c-913993,2026-09-15T12:26:23.010429+00:00
Contracts Finder,ocds-b5fd17-87a62014-e032-4f86-8372-18092a16a34a_37acb44a-39c3-44ea-9a64-d9bbd0037d19-913645,"Provision of Data Protection Hardware, Software and Support","Provision of Data Protection Hardware, Software and Support",BANK OF ENGLAND,,2157857.31,GBP,2026-09-14,2026-07-17,award,complete,48000000,https://www.contractsfinder.service.gov.uk/Notice/37acb44a-39c3-44ea-9a64-d9bbd0037d19-913645,2026-09-15T12:26:23.010615+00:00
Contracts Finder,ocds-b5fd17-a74c95f0-0be9-4a79-b509-79283fded953_07625039-0931-4eee-8334-77b363bc3c82-913992,GB-Milton Keynes: Provision of Security Performance Management (SPM) Services,The Provision of Security Performance Management (SPM) Services.,Amplius Living,,35982.0,GBP,2026-09-14,2026-04-30,award,complete,48730000,https://www.contractsfinder.service.gov.uk/Notice/07625039-0931-4eee-8334-77b363bc3c82-913992,2026-09-15T12:26:23.010796+00:00
Contracts Finder,ocds-b5fd17-bec8ebf0-02a5-493e-ab99-7cc7d29cec4d_fcc0c3f6-02eb-4dbf-b4ca-b8dcee9672b1-913991,GB-Milton Keynes: Provision of Microsoft 365 Licenses,The Provision of Microsoft 365 Licenses,Amplius Living,,1885901.0,GBP,2026-09-14,2026-06-01,award,complete,48218000,https://www.contractsfinder.service.gov.uk/Notice/fcc0c3f6-02eb-4dbf-b4ca-b8dcee9672b1-913991,2026-09-15T12:26:23.010976+00:00
Contracts Finder,ocds-b5fd17-1ede9062-d46a-4355-a40d-d713ff6ca6b7_f7641178-6ef4-4c8b-bfe8-2e48107c9115-913990,GB-Milton Keynes: Provision of DocuSign Electronic Encrypted Signature,The Provision of DocuSign Electronic Encrypted Signature.,Amplius Living,,142603.0,GBP,2026-09-14,2026-05-12,award,complete,72268000,https://www.contractsfinder.service.gov.uk/Notice/f7641178-6ef4-4c8b-bfe8-2e48107c9115-913990,2026-09-15T12:26:23.011181+00:00
Contracts Finder,ocds-b5fd17-ca8ce7aa-e147-4f65-814d-460c5b0fe2d0_4f9d1337-cb6f-4885-86e4-b1624239389e-913989,GB-Milton Keynes: Provision of Domestic and Commercial Heating Installation Services for Boiler Upgrades and Central Heating Replacements,The Provision of Domestic and Commercial Heating Installation Services for Boiler Upgrades and Central Heating Replacements,Amplius Living,,119000000.0,GBP,2026-09-14,2025-08-22,award,complete,50720000,https://www.contractsfinder.service.gov.uk/Notice/4f9d1337-cb6f-4885-86e4-b1624239389e-913989,2026-09-15T12:26:23.011371+00:00
Contracts Finder,ocds-b5fd17-aa7f470d-62eb-4465-a6f1-d13d31b7b8d1_f87d4e06-e085-4a55-8e83-ecaef6447ebf-913988,GB-Milton Keynes: Provision of Water Services Management including Legionella Bacteria Control.,The Provision of Water Services Management including Legionella Bacteria Control,Amplius Living,,612000.0,GBP,2026-09-14,2026-03-01,award,complete,90714500,https://www.contractsfinder.service.gov.uk/Notice/f87d4e06-e085-4a55-8e83-ecaef6447ebf-913988,2026-09-15T12:26:23.011550+00:00
Contracts Finder,ocds-b5fd17-fffc2115-7bc1-4495-9506-b6657a873527_60c97b48-f7a0-42e6-afb1-02dbff9f72ba-913987,ITT For Project 10202300,ITT For Project 10202300,Innovate UK,,6350.0,GBP,2026-09-14,2026-08-07,award,complete,79421100,https://www.contractsfinder.service.gov.uk/Notice/60c97b48-f7a0-42e6-afb1-02dbff9f72ba-913987,2026-09-15T12:26:23.011729+00:00
Contracts Finder,ocds-b5fd17-e39e63c3-cb93-443c-9d87-dfccd29235fa_a7e8665f-95fe-4e36-8c1b-7414b8792aac-913986,Adult Screening and Personalisation Digital Delivery Services,Digital delivery partner to support Adult Screening and Personalisation Digital Delivery Partner Services.,NHS England,129097989.0,215163316.0,GBP,2026-09-14,2026-02-16,award,complete,72000000,https://www.contractsfinder.service.gov.uk/Notice/a7e8665f-95fe-4e36-8c1b-7414b8792aac-913986,2026-09-15T12:26:23.011917+00:00
Contracts Finder,ocds-b5fd17-f8d57996-ceb2-4071-9132-e08f93a0402d_0179bc85-a143-443b-b2c8-e1219062ebe7-913984,ITT For Project 10203634,ITT For Project 10203634,Innovate UK,,6430.0,GBP,2026-09-14,2026-08-07,award,complete,79421100,https://www.contractsfinder.service.gov.uk/Notice/0179bc85-a143-443b-b2c8-e1219062ebe7-913984,2026-09-15T12:26:23.012096+00:00
Contracts Finder,ocds-b5fd17-a695b91d-8019-4dc3-949f-9ca9e78186f9_88318570-12c5-423e-9649-5689e65c7840-913982,ITT For Project 10203450,ITT For Project 10203450,Innovate UK,,8000.0,GBP,2026-09-14,2026-08-07,award,complete,79421100,https://www.contractsfinder.service.gov.uk/Notice/88318570-12c5-423e-9649-5689e65c7840-913982,2026-09-15T12:26:23.012296+00:00
Contracts Finder,ocds-b5fd17-767b697d-dcf9-4642-ab66-3152c5c2d0f6_837376dc-eb47-4ffb-a516-6ddd50e6db39-913981,ITT For Project 10202569,ITT For Project 10202569,Innovate UK,,7350.0,GBP,2026-09-14,2026-08-07,award,complete,79421100,https://www.contractsfinder.service.gov.uk/Notice/837376dc-eb47-4ffb-a516-6ddd50e6db39-913981,2026-09-15T12:26:23.012480+00:00
Contracts Finder,ocds-b5fd17-65680919-1099-4558-b651-8a23936d16fe_65be2c1b-bf57-426b-9fcd-bd8959819de0-913978,ITT For Project 10204758,ITT For Project 10204758,Innovate UK,,5030.0,GBP,2026-09-14,2026-08-07,award,complete,79421100,https://www.contractsfinder.service.gov.uk/Notice/65be2c1b-bf57-426b-9fcd-bd8959819de0-913978,2026-09-15T12:26:23.012660+00:00
Contracts Finder,ocds-b5fd17-8316619f-b73d-4ed9-88e9-df05d8a952db_dba3db97-09c0-44e4-9fec-d1ccc2927112-913980,37284 - Montrose school,"This contract is for the provision of transport services - journey stated in the title of this notice. It has been awarded following a Mini Competition under Council's Dynamic Purchasing System (DPS) PAN3059 - Passenger Transport Services.

 

To find out more about this DPS and how to provide taxi services to the Council, please see Taxi firms tendering for contracts (leicester.gov.uk)

Additional information: 
At the point of award, we are no longer seeking tenders.",Leicester City Council,,29238.0,GBP,2026-09-14,2026-09-14,award,complete,60120000,https://www.contractsfinder.service.gov.uk/Notice/dba3db97-09c0-44e4-9fec-d1ccc2927112-913980,2026-09-15T12:26:23.012839+00:00
Contracts Finder,ocds-b5fd17-07a418bb-3553-4899-951f-7499f14ee77f_5eef89d6-ef5a-4e87-bb20-b9eaad48fda1-913979,St Thomas' Hospital Energy Project - Contract Mobilisation and Project Management Support,"The Trust has a requirement for on-going contract mobilisation and project management support for the St Thomas' Energy Project.

This has been awarded under the NHS SBS Framework for Consultancy and Advisory Services for Health, Lot 6.",Guy's and St Thomas' NHS Foundation Trust,160000.0,164000.0,GBP,2026-09-14,2025-10-31,award,complete,79418000,https://www.contractsfinder.service.gov.uk/Notice/5eef89d6-ef5a-4e87-bb20-b9eaad48fda1-913979,2026-09-15T12:26:23.013023+00:00
Contracts Finder,ocds-b5fd17-e50f2eef-3f42-4fe0-a1ac-6fa18041adca_ce859854-b3f6-4eb9-9a09-2041ed16aec4-913976,Grass Cutting and Pitch Maintenance,"Grass cutting at Lancing Beach Green and Lawns, Monks Recreation Ground, Croshaw Recreation Ground (except for the football pitch) and East Lancing Recreation Ground (expect environmental areas).
Pitch maintenance at Monks Recreation Ground (2x adult pitches, 3 x junior pitches) and East Lancing (1 x adult pitch).
This is a five year tender.
Tenders to be sent to tenders@lancingparishcouncil.gov.uk or by post to Lancing Parish Council, 96-98 South Street, Lancing BN15 8AJ",Lancing Parish Council,,30000.0,GBP,2026-09-14,2026-10-23,tenderAmendment,active,77314000,https://www.contractsfinder.service.gov.uk/Notice/ce859854-b3f6-4eb9-9a09-2041ed16aec4,2026-09-15T12:26:23.013226+00:00
Contracts Finder,ocds-b5fd17-c94c0274-da71-4717-a795-59381a14b4ea_06b74e2c-7e25-4a2e-86d4-6f8e2f5b0f6a-913672,PVT02-EPE02 LOTS 1 + 2,"Contract for Electronic Preparation and Presentation of Evidence (EPPE).

Call off contract awarded on CPS EPPE framework, following tender.
Costs do not include VAT.",SERIOUS FRAUD OFFICE,,40315.0,GBP,2026-09-14,2026-06-12,award,complete,75231100,https://www.contractsfinder.service.gov.uk/Notice/06b74e2c-7e25-4a2e-86d4-6f8e2f5b0f6a-913672,2026-09-15T12:26:23.013411+00:00
Contracts Finder,ocds-b5fd17-4477fb54-cd20-4015-8f41-6c155019f9f5_ecfb8b7f-303f-4719-bbb6-0c9921792d5a-913973,ITT For Project 10200097,ITT For Project 10200097,Innovate UK,,2950.0,GBP,2026-09-14,2026-08-07,award,complete,79421100,https://www.contractsfinder.service.gov.uk/Notice/ecfb8b7f-303f-4719-bbb6-0c9921792d5a-913973,2026-09-15T12:26:23.013589+00:00
Contracts Finder,ocds-b5fd17-f333d3a1-7023-4e7a-8f2f-5f95ae128e47_4dbf4550-b02d-4ca3-b79d-ae45629e5964-913974,Council Housing Growth - The Highways - PSC,The delivery of pre-construction and design services required to complete RIBA Stages 2-4 for the Highways mid-rise housing scheme,Leeds City Council,,,GBP,2026-09-14,2026-08-14,awardUpdate,complete,71315200,https://www.contractsfinder.service.gov.uk/Notice/4dbf4550-b02d-4ca3-b79d-ae45629e5964-913974,2026-09-15T12:26:23.013763+00:00
Contracts Finder,ocds-b5fd17-d6c37f37-4964-44ce-b591-e9262339bb68_dee6e20c-d851-4467-b18c-625015f62824-913972,ITT For Project 10202742,ITT For Project 10202742,Innovate UK,,2840.0,GBP,2026-09-14,2026-08-07,award,complete,79421100,https://www.contractsfinder.service.gov.uk/Notice/dee6e20c-d851-4467-b18c-625015f62824-913972,2026-09-15T12:26:23.013943+00:00
Contracts Finder,ocds-b5fd17-63049165-1037-4d09-ba39-c01896fe65ef_7ad395d9-8f39-4e84-bf46-fa354f2312d6-913971,ITT For Project 10204628,ITT For Project 10204628,Innovate UK,,3942.0,GBP,2026-09-14,2026-08-07,award,complete,79421100,https://www.contractsfinder.service.gov.uk/Notice/7ad395d9-8f39-4e84-bf46-fa354f2312d6-913971,2026-09-15T12:26:23.014125+00:00
Contracts Finder,ocds-b5fd17-ce9dd924-fe21-418a-95c9-8444c1a89664_b30d80ad-e039-423f-a806-d8da65c55cd4-913970,ITT For Project 10204108,ITT For Project 10204108,Innovate UK,,2975.0,GBP,2026-09-14,2026-08-07,award,complete,79421100,https://www.contractsfinder.service.gov.uk/Notice/b30d80ad-e039-423f-a806-d8da65c55cd4-913970,2026-09-15T12:26:23.014328+00:00
Contracts Finder,ocds-b5fd17-4cfd5ec9-1f00-4156-9c16-23bb3080060f_4f707f6d-d15f-4d0e-8761-87c89f1dd800-913968,ITT For Project 10202620,ITT For Project 10202620,Innovate UK,,3420.0,GBP,2026-09-14,2026-08-07,award,complete,79421100,https://www.contractsfinder.service.gov.uk/Notice/4f707f6d-d15f-4d0e-8761-87c89f1dd800-913968,2026-09-15T12:26:23.014509+00:00
Contracts Finder,ocds-b5fd17-157a6d79-b43f-4088-8a4f-67fee28ab643_ccc3ffe3-5818-4fda-8f39-45497f42c72e-913967,Taxi and MPV (1-8 seats) - Taxi and MPV (1-8 seats),"Tender details:
Vehicle type: 4 seats
Passenger Assistant Required:  no

Proposed Taxi Route:
From:  TN31 6AS
To:   Brede Primary School, TN31 6DG

Frequency: Mon - Fri
Daily School Time: 08:50 - 15:30
 This opportunity has been distributed on SProc.net",East Sussex County Council,,,GBP,2026-09-14,2026-09-14,award,complete,60000000,https://www.contractsfinder.service.gov.uk/Notice/ccc3ffe3-5818-4fda-8f39-45497f42c72e-913967,2026-09-15T12:26:23.014685+00:00
Contracts Finder,ocds-b5fd17-e2eeecdd-7483-422d-9909-acc47eda93a4_411c1622-a2a7-47bd-ab71-d917c3fb9a1a-913965,ITT For Project 83047469,ITT For Project 83047469,Innovate UK,,6400.0,GBP,2026-09-14,2026-07-27,award,complete,79421100,https://www.contractsfinder.service.gov.uk/Notice/411c1622-a2a7-47bd-ab71-d917c3fb9a1a-913965,2026-09-15T12:26:23.014864+00:00
Contracts Finder,ocds-b5fd17-3b382a43-580b-4dd8-b1bd-a342fcdedefe_50263fe8-84da-4181-94b1-058203bea329-913966,Taxi and MPV (1-8 seats) Passenger Assistant - Taxi and MPV (1-8 seats) Passenger Assistant,"Vehicle type: Saloon
Passenger Assistant Required:  Yes - Epilepsy trained PA

Proposed Taxi Route:
From:  BN8 5LY
To:  TN21 9DB

Frequency: Monday, Wednesday, Thursday
Daily School Time:  12:15 to 15:00 Monday, Wednesday, Thursday

Comments for Operator:  AHD, ADHD, Epilepsy, Migraines and probable cyclical vomiting 
Syndrome, Benign essential tremor
 This opportunity has been distributed on SProc.net",East Sussex County Council,,,GBP,2026-09-14,2026-09-14,award,complete,60000000,https://www.contractsfinder.service.gov.uk/Notice/50263fe8-84da-4181-94b1-058203bea329-913966,2026-09-15T12:26:23.015038+00:00
Contracts Finder,ocds-b5fd17-2289b3cd-e165-4730-8743-be86ed5ec333_70e6c116-5243-4fc4-83cb-7e1656d0172e-913964,"SUPPLY CHAIN NOTICE_WC1802680 & WC1582259 - (EP0035) Repair the flat roofs Waterproofing membranes at the north and south elevations & JRD Upgrades in line with the Defence Catering Strategy, Episkopi, Cyprus","(EP0035) Repair the flat roofs Waterproofing membranes at the north and south elevations, Episkopi, Cyprus 
&
JRD Upgrades in line with the Defence Catering Strategy, Episkopi, Cyprus

* Please provide a detailed description of the notice you are adding: 
Refurbishment of Junior Ranks Mess (EP0035) to uplift design and enhance user attractiveness. The following tasks are included:
-	Suspended ceiling to be replaced.
-	Replacement and reposition of movable and immovable furniture as well a",Ministry of Defence,,580000.0,GBP,2026-09-14,2026-09-21,tender,active,45453100,https://www.contractsfinder.service.gov.uk/Notice/70e6c116-5243-4fc4-83cb-7e1656d0172e,2026-09-15T12:26:23.015241+00:00
Contracts Finder,ocds-b5fd17-15c916e7-3ad5-4833-bd02-e9aaa0793118_da111508-8486-4c6d-ae1b-cbe24e9ef105-913963,ITT For Project 83037472,ITT For Project 83037472,Innovate UK,,5540.0,GBP,2026-09-14,2026-08-05,award,complete,79421100,https://www.contractsfinder.service.gov.uk/Notice/da111508-8486-4c6d-ae1b-cbe24e9ef105-913963,2026-09-15T12:26:23.015427+00:00
Contracts Finder,ocds-b5fd17-a85514fe-4e13-4abe-bcd9-1ee978d20804_cdb49a04-d5aa-46ea-99f3-a79365ef4c88-913962,PS26136 - UKSAC26_0040 Unlocking  Space for Investment - Investor Pathway,"***** THIS IS AN AWARD NOTICE, NOT A CALL FOR COMPETITION *****

This procurement is being concluded following a mini competition under the RM6235 Space-Enabled and Geospatial Services.

Brief Description of Requirement
 
This procurement aims to appoint a supplier who can deliver a high-quality, scalable 
programme that addresses market gaps, attracts new sources of capital, and builds 
investor confidence and capability.",DSIT,,,GBP,2026-09-14,2026-08-04,award,complete,73000000,https://www.contractsfinder.service.gov.uk/Notice/cdb49a04-d5aa-46ea-99f3-a79365ef4c88-913962,2026-09-15T12:26:23.015604+00:00
Contracts Finder,ocds-b5fd17-64e47811-0c5c-4e7c-b107-d1fc0fec5c7b_6785d91b-fd7e-4dab-b551-ae5e28cbc625-913961,Point of Care Clinical Decision Support System,Decision support software for clinical environments.,University Hospitals of Leicester NHS Trust,,488263.0,GBP,2026-09-14,2022-09-30,award,complete,48000000,https://www.contractsfinder.service.gov.uk/Notice/6785d91b-fd7e-4dab-b551-ae5e28cbc625-913961,2026-09-15T12:26:23.015785+00:00
Contracts Finder,ocds-b5fd17-d4385be1-510c-4ef6-8438-28971c2379c2_d7d9cde1-8f63-4a9b-974e-90d62f1a0126-913960,37281 - Quorn Hall School,"This contract is for the provision of transport services - journey stated in the title of this notice. It has been awarded following a Mini Competition under Council's Dynamic Purchasing System (DPS) PAN3059 - Passenger Transport Services.

 

To find out more about this DPS and how to provide taxi services to the Council, please see Taxi firms tendering for contracts (leicester.gov.uk)

Additional information: 
At the point of award, we are no longer seeking tenders",Leicester City Council,,34948.0,GBP,2026-09-14,2026-09-14,award,complete,60120000,https://www.contractsfinder.service.gov.uk/Notice/d7d9cde1-8f63-4a9b-974e-90d62f1a0126-913960,2026-09-15T12:26:23.015965+00:00
Contracts Finder,ocds-b5fd17-c3761d50-c6cd-449a-8048-ea697a3d2f8d_169755b1-b6ba-476c-920d-ad994a1ae31b-913958,Healthcare Clinical Information System (HCIS),Healthcare Clinical Information system.,University Hospitals of Leicester NHS Trust,,1453009.0,GBP,2026-09-14,2022-08-14,award,complete,48000000,https://www.contractsfinder.service.gov.uk/Notice/169755b1-b6ba-476c-920d-ad994a1ae31b-913958,2026-09-15T12:26:23.016164+00:00
Contracts Finder,ocds-b5fd17-4d986b30-e4df-442f-9868-88bee05c4709_88b67042-35a9-46db-b19e-ec745ac0affb-913959,Taxi and MPV (1-8 seats) - Taxi and MPV (1-8 seats),"Vehicle type: Saloon  
Passenger Assistant Required:  No 

Proposed Taxi Route:
From:  BN22 8JW
To:   Chailey School, BN8 4PU

Frequency: Monday to Friday 
Daily School Time: 08:40-15:00

Comments for Operator:  
ADHD
 This opportunity has been distributed on SProc.net",East Sussex County Council,,,GBP,2026-09-14,2026-09-16,tender,active,60000000,https://www.contractsfinder.service.gov.uk/Notice/88b67042-35a9-46db-b19e-ec745ac0affb,2026-09-15T12:26:23.016350+00:00
Contracts Finder,ocds-b5fd17-db699be3-cb8a-4971-a0b9-354b2969e371_bb236de6-1c9f-44e8-9122-7b0be383035e-913955,Provision of Neurophysiology Clinics,Provision of Neurophysiology Clinics on an ad-hoc basis as and when required. Total contract value is dependent on the number of clinics undertaken.,The Walton Centre NHS Foundation Trust,,30000.0,GBP,2026-09-14,2026-08-26,award,complete,85100000,https://www.contractsfinder.service.gov.uk/Notice/bb236de6-1c9f-44e8-9122-7b0be383035e-913955,2026-09-15T12:26:23.016529+00:00
Contracts Finder,ocds-b5fd17-01f260ca-e73a-4ce3-bbaf-1667b775d81c_f0db2f8b-49aa-40e5-810b-7b4c901f6308-913956,Taxi and MPV (1-8 seats) Passenger Assistant - Taxi and MPV (1-8 seats) Passenger Assistant,"Vehicle type: Saloon 
Passenger Assistant Required:  Yes 

Proposed Taxi Route:
From:  TN37 6EF
To:   Torfield School TN34 3JT

Frequency: Monday to Friday 
Daily School Time: 09:00-15:00

Comments for Operator:  
ASD
 This opportunity has been distributed on SProc.net",East Sussex County Council,,,GBP,2026-09-14,2026-09-16,tender,active,60000000,https://www.contractsfinder.service.gov.uk/Notice/f0db2f8b-49aa-40e5-810b-7b4c901f6308,2026-09-15T12:26:23.016706+00:00
Contracts Finder,ocds-b5fd17-725d9c9b-0395-4e01-b733-5568a123d40e_856c0338-37e3-4d8d-98b0-4d7a68f9bb39-913954,"QSB110 0900 2026-09-11 Capel St Mary - Centre academy Easy Anglia, Brettenham (4-seated vehicle required) - AWARD","Suffolk County Council is seeking a mini competition against the following Dynamic Purchasing System: `The supply of Passenger Transport Services`, OJEU Notice Id: 2018/S 031-067685.
      
      QSB110 0900 2026-09-11 Capel St Mary - Centre academy Easy Anglia, Brettenham (4-seated vehicle required)
      
      Further details can be found in the 'Tenders / My Tenders' area of this website, by selecting the 'View Details' button for this project.
      
      The deadline for returned su",Suffolk County Council Passenger Transport,,,GBP,2026-09-14,2026-09-11,award,complete,60000000,https://www.contractsfinder.service.gov.uk/Notice/856c0338-37e3-4d8d-98b0-4d7a68f9bb39-913954,2026-09-15T12:26:23.016880+00:00
Contracts Finder,ocds-b5fd17-f3aa270f-bb3c-4aaa-a204-b2f4aaa2dacd_bc1a59cf-4a97-464e-91d5-61a978a36039-913953,Imprivata PAM IDG,Imprivata PAM IDG software.,University Hospitals of Leicester NHS Trust,,626713.11,GBP,2026-09-14,2022-03-30,award,complete,48000000,https://www.contractsfinder.service.gov.uk/Notice/bc1a59cf-4a97-464e-91d5-61a978a36039-913953,2026-09-15T12:26:23.017059+00:00
Contracts Finder,ocds-b5fd17-9efe3c59-b6ce-4fb9-93ed-f70dfafbc607_53931b3a-8380-46d8-99a4-6ab4c887f74e-913951,Provision of Neurophysiology Clinics,Provision of Neurophysiology Clinics on an ad-hoc basis as and when required. Total contract value is dependent on the number of clinics undertaken.,The Walton Centre NHS Foundation Trust,,30000.0,GBP,2026-09-14,2026-08-27,award,complete,85100000,https://www.contractsfinder.service.gov.uk/Notice/53931b3a-8380-46d8-99a4-6ab4c887f74e-913951,2026-09-15T12:26:23.017258+00:00
Contracts Finder,ocds-b5fd17-c22243bb-2021-42c0-8261-58a3a3b95eb4_1e12caa4-2819-4267-8d0b-1c85be902e04-913950,Financial Accounting Solution for External Clients,"A contract award for the provision of an externally hosted, cloud-based Financial Accounting Solution, including implementation, software licensing, maintenance and support services, to provide financial system functionality for NY Highways Teckal Company, with the capability to support future rollout to other wholly owned companies and external clients.",The North Yorkshire Council,,433889.0,GBP,2026-09-14,2026-09-14,award,complete,48442000,https://www.contractsfinder.service.gov.uk/Notice/1e12caa4-2819-4267-8d0b-1c85be902e04-913950,2026-09-15T12:26:23.017446+00:00
Contracts Finder,ocds-b5fd17-9608631b-bcb3-4874-91b6-bfde03d65bdc_2dd5253b-cd2e-4f67-a5aa-b0d10398808e-913639,"Contract for the provision of AI Short Courses Level 5 Apprenticeships call off contract, to North of  England Commissioning Support (NECS) (Hosted by NHS England)","NHS South, Central and West Commissioning Support Unit (SCW) on behalf of North of England Commissioning Support (NECS) (Hosted by NHS England) has awarded a contract to QA Limited for the following Apprenticeships:

1. AI leadership - AI delivery and organisational transformation (AU0011) - Level 5 
2. AI leadership - AI strategy and opportunity (AU0009) - Level 5 
3. AI leadership - AI adoption, procurement and governance (AU0010) - Level 5

This requirement has been procured via Direct ","NHS SOUTH, CENTRAL AND WEST COMMISSIONING SUPPORT UNIT",,45000.0,GBP,2026-09-14,2026-08-18,award,complete,80000000,https://www.contractsfinder.service.gov.uk/Notice/2dd5253b-cd2e-4f67-a5aa-b0d10398808e-913639,2026-09-15T12:26:23.017627+00:00
Contracts Finder,ocds-b5fd17-a863d58d-c7a4-4ee3-aeac-ca785574b445_e021a089-72e6-4dc1-916e-eb0d27beca6e-913949,CA18455 - R9309 Ferguson House Emergency Lighting,"The works comprise the survey, verification, upgrade and installation of emergency lighting on the Basement and Ground Floors of Ferguson House at St Helier Hospital. 

To access this competition: 

Registered:
Login to https://suppliers.multiquote.com and view the opportunity CA18455.

Not registered:
Visit https://suppliers.multiquote.com then register and quote CA18455 as the reason for registration. 

 Any queries please contact MultiQuote on 020 3920 8054.",Epsom & St Helier University Hospitals NHS Trust,,160000.0,GBP,2026-09-14,2026-09-21,tender,active,45310000,https://www.contractsfinder.service.gov.uk/Notice/e021a089-72e6-4dc1-916e-eb0d27beca6e,2026-09-15T12:26:23.017813+00:00
Contracts Finder,ocds-b5fd17-bdb98ac2-259a-4f2a-bd82-cd25241309ce_d1a1ad14-22f0-4ff4-a351-f599d5c6931a-913948,Provision of Neurophysiology Clinics,"Provision of Neurophysiology Clinics on an ad-hoc basis as and when required.
Total contract value is dependent on the number of clinics undertaken.",The Walton Centre NHS Foundation Trust,,30000.0,GBP,2026-09-14,2026-07-31,award,complete,85100000,https://www.contractsfinder.service.gov.uk/Notice/d1a1ad14-22f0-4ff4-a351-f599d5c6931a-913948,2026-09-15T12:26:23.017996+00:00
Contracts Finder,ocds-b5fd17-f85fc007-eb73-4f6c-b7a1-644b528f979a_eecbfd96-4671-4ac8-8c31-473028be55b4-913943,ITT For Project 83026411,ITT For Project 83026411,Innovate UK,,3820.0,GBP,2026-09-14,2026-08-06,award,complete,79421100,https://www.contractsfinder.service.gov.uk/Notice/eecbfd96-4671-4ac8-8c31-473028be55b4-913943,2026-09-15T12:26:23.018193+00:00
Contracts Finder,ocds-b5fd17-0f94e672-6d76-468c-ab30-8d1e534caa80_e4a28eb4-1ba7-4b05-b07d-f27f160f8b4d-913947,BCP Solution Implementation Services,BCP solution implementation services.,University Hospitals of Leicester NHS Trust,,51398.55,GBP,2026-09-14,2026-06-30,award,complete,79620000,https://www.contractsfinder.service.gov.uk/Notice/e4a28eb4-1ba7-4b05-b07d-f27f160f8b4d-913947,2026-09-15T12:26:23.018378+00:00
Contracts Finder,ocds-b5fd17-eba506fc-8e48-487a-aa10-92eb0b61794b_65d460a6-a398-4ff0-b380-17c3defe5d62-913944,HPFT - Construction Works and Associated Services,Construction Works and Associated Services at Hertfordshire Partnership Foundation NHS Trust. Procured under Framework RM6088 Lot 1.1,Hertfordshire Partnership Foundation NHS Trust,230000.0,233375.53,GBP,2026-09-14,2026-09-01,award,complete,79993000,https://www.contractsfinder.service.gov.uk/Notice/65d460a6-a398-4ff0-b380-17c3defe5d62-913944,2026-09-15T12:26:23.018557+00:00
Contracts Finder,ocds-b5fd17-291ebf3a-dee5-46f6-8372-d965b4594865_1b02ea7d-1900-454c-85ff-8cd4ebd18b45-913941,Grass Cutting and Pitch Maintenance,"Grass cutting at Lancing Beach Green and Lawns, Monks Recreation Ground, Croshaw Recreation Ground (except for the football pitch) and East Lancing Recreation Ground (expect environmental areas).
Pitch maintenance at Monks Recreation Ground (2x adult pitches, 3 x junior pitches) and East Lancing (1 x adult pitch).
This is a five year tender.
Tenders to be sent to tenders@lancingparishcouncil.gov.uk or by post to Lancing Parish Council, 96-98 South Street, Lancing BN15 8AJ",Lancing Parish Council,,30000.0,GBP,2026-09-14,2026-10-23,award,complete,77314000,https://www.contractsfinder.service.gov.uk/Notice/1b02ea7d-1900-454c-85ff-8cd4ebd18b45-913941,2026-09-15T12:26:23.018734+00:00
Contracts Finder,ocds-b5fd17-6af87f65-a2eb-46a9-af7f-28a12f64daa4_a12595fd-d7de-418c-aea3-89cc79f34450-913917,US Company/UKRI partnership legal fees,"***** THIS IS AN AWARD NOTICE, NOT A CALL FOR 
COMPETITION *****

This procurement is being concluded following a request for quotation exercise under the Legal Panel for Government RM6360.

Brief Description
UKRI via MRC is seeking to create a funding partnership with a US venture investor, through a special purpose vehicle in the UK.  This partnership has the explicit aims of creating high growth potential companies in the UK driving economic growth.",UK SHARED BUSINESS SERVICES LIMITED,,20000.0,GBP,2026-09-14,2026-09-03,award,complete,79100000,https://www.contractsfinder.service.gov.uk/Notice/a12595fd-d7de-418c-aea3-89cc79f34450-913917,2026-09-15T12:26:23.018913+00:00
Contracts Finder,ocds-b5fd17-9f9fbd6e-4260-449e-a09b-96bf54dd7438_b97c249c-1195-4634-91eb-c8e116c9146d-913942,Programme Lead (IT Outsourcing Programme),Agency IT staffing services.,University Hospitals of Leicester NHS Trust,,36100.0,GBP,2026-09-14,2026-07-12,award,complete,79620000,https://www.contractsfinder.service.gov.uk/Notice/b97c249c-1195-4634-91eb-c8e116c9146d-913942,2026-09-15T12:26:23.019091+00:00
Contracts Finder,ocds-b5fd17-b8c9a630-4859-4136-898c-81e0d9451570_c16aef74-16ff-46d0-b91d-e1dc16ea3b7d-913940,ITT For Project 83024752,ITT For Project 83024752,Innovate UK,,7600.0,GBP,2026-09-14,2026-07-16,award,complete,79421100,https://www.contractsfinder.service.gov.uk/Notice/c16aef74-16ff-46d0-b91d-e1dc16ea3b7d-913940,2026-09-15T12:26:23.019288+00:00
Contracts Finder,ocds-b5fd17-33203e0d-3717-41c5-8a5a-ae78e97fc7a4_bcdf022d-694c-4a8f-8315-07fba1e02eef-913936,ITT For Project 83023858,ITT For Project 83023858,Innovate UK,,8100.0,GBP,2026-09-14,2026-08-24,award,complete,79421100,https://www.contractsfinder.service.gov.uk/Notice/bcdf022d-694c-4a8f-8315-07fba1e02eef-913936,2026-09-15T12:26:23.019471+00:00
Contracts Finder,ocds-b5fd17-117c85a9-47b0-419b-9edf-92086006f6b3_571540ec-93ba-4400-9c67-c32b524ba8cd-913938,Business Analyst Service,"University Hospitals of Leicester NHS Trust (UHL) is contracting for Business Analyst Service under a managed service to support UHL to understand and map out the functionality of each Patient Engagement Platform (PEP) / Patient Facing System in place at UHL and to provide a gap analysis, and to gather requirements for new system(s).",University Hospitals of Leicester NHS Trust,,58200.0,GBP,2026-09-14,2026-07-13,award,complete,79620000,https://www.contractsfinder.service.gov.uk/Notice/571540ec-93ba-4400-9c67-c32b524ba8cd-913938,2026-09-15T12:26:23.019648+00:00
Contracts Finder,ocds-b5fd17-da140597-19b9-4158-9dc6-f71bbdf38bd3_a007ffac-258f-4b9f-a3a5-0bdb14a25633-913937,37277 - headway day centre,"This contract is for the provision of transport services - journey stated in the title of this notice. It has been awarded following a Mini Competition under Council's Dynamic Purchasing System (DPS) PAN3059 - Passenger Transport Services.

 

To find out more about this DPS and how to provide taxi services to the Council, please see Taxi firms tendering for contracts (leicester.gov.uk)

Additional information: 
At the point of award, we are no longer seeking tenders.",Leicester City Council,,36504.0,GBP,2026-09-14,2026-09-14,award,complete,60120000,https://www.contractsfinder.service.gov.uk/Notice/a007ffac-258f-4b9f-a3a5-0bdb14a25633-913937,2026-09-15T12:26:23.019824+00:00
Contracts Finder,ocds-b5fd17-53c22ef1-28ed-4f25-a279-daac579f701d_867c557a-2307-4183-a903-b5241c979d23-913935,PMO Leads,Agency IT staffing.,University Hospitals of Leicester NHS Trust,,160800.0,GBP,2026-09-14,2026-07-27,award,complete,48000000,https://www.contractsfinder.service.gov.uk/Notice/867c557a-2307-4183-a903-b5241c979d23-913935,2026-09-15T12:26:23.020002+00:00
Contracts Finder,ocds-b5fd17-87fc68b8-0abc-4e03-b000-0bcc39db1e24_bc58f4a2-d599-40fc-b710-2f595803bfce-913931,NHS CFA Market Engagement RFI - Resource & Capacity Management System,"The NHS Counter Fraud Authority (NHSCFA) has a need to ensure visibility and allocation of staffing resources across the organisation. The organisation has many competing demands for work and a diverse workforce with varied skills. A solution is needed to help map staff resources by expertise and skill set (supply) to work demands.

Therefore, the NHSCFA is seeking to procure a resource and capacity management solution that initially can be used by the managers within the organisation (circa 4",N H S Shared Business Services,,,GBP,2026-09-14,,planning,planning,48450000,https://www.contractsfinder.service.gov.uk/Notice/bc58f4a2-d599-40fc-b710-2f595803bfce-913931,2026-09-15T12:26:23.020262+00:00
Contracts Finder,ocds-b5fd17-71cb25a7-89f7-4571-a626-40770f849061_c65b82e8-1dca-4d7f-a1a8-2de2a08231da-913929,Washroom Hygiene Services,Washroom Hygiene Services,THIRTEEN HOUSING GROUP LIMITED,,46192.0,GBP,2026-09-14,2023-10-09,awardUpdate,complete,85142300,https://www.contractsfinder.service.gov.uk/Notice/c65b82e8-1dca-4d7f-a1a8-2de2a08231da-913929,2026-09-15T12:26:23.020450+00:00
Contracts Finder,ocds-b5fd17-e56c6ef1-5ddd-4c57-aaf6-7fc349eabe30_b7eef49b-4038-443c-ba07-02b447304e8f-913930,ITT For Project 83046821,ITT For Project 83046821,Innovate UK,,4600.0,GBP,2026-09-14,2026-07-13,award,complete,79421100,https://www.contractsfinder.service.gov.uk/Notice/b7eef49b-4038-443c-ba07-02b447304e8f-913930,2026-09-15T12:26:23.020629+00:00
Contracts Finder,ocds-b5fd17-f34df84e-4c73-40e0-9e1d-c0338195c069_c1190353-348b-4289-be62-20c1d6124cc1-913932,SOW - TOM Full Operating Capability,"The contract provides Programme Leadership services to support the implementation of the NRS TOM and associated organisational transformation. The services will provide strategic direction, governance, coordination and delivery oversight across the TOM programme, ensuring successful transition to the future operating model whilst maintaining business-as-usual operations.

The scope includes programme leadership, governance management, stakeholder coordination, risk and dependency management, r",nuclear restoration services,,299337.0,GBP,2026-09-14,2026-09-11,award,complete,79620000,https://www.contractsfinder.service.gov.uk/Notice/c1190353-348b-4289-be62-20c1d6124cc1-913932,2026-09-15T12:26:23.020810+00:00
Contracts Finder,ocds-b5fd17-793ed7fe-b5d8-45a9-a70f-975462781a04_d8f5d9a4-2470-4d9a-95fd-1ad41061f6f1-913928,Provision of an Enterprise and departmental PACS system and associated services,Provision of an Enterprise and departmental PACS system and associated services.,University Hospitals of Leicester NHS Trust,,10481260.0,GBP,2026-09-14,2018-07-31,award,complete,48000000,https://www.contractsfinder.service.gov.uk/Notice/d8f5d9a4-2470-4d9a-95fd-1ad41061f6f1-913928,2026-09-15T12:26:23.020989+00:00
Contracts Finder,ocds-b5fd17-bf50b2ae-52d4-4864-91cc-83855c2653cf_116cde22-cae7-4fbe-8551-d129e46e38ec-913925,Beach Green Kiosk Concession,"This tender document is issued for and on behalf of: Lancing Parish Council, Lancing Parish Hall, 96-98 South Street, Lancing, West Sussex, BN15 8AJ.  This is 10 year lease.
All tenders must be signed by a company director or the named sole trader or partnership, dated and returned in a sealed envelope to the above address by either email tenders@lancingparishcouncil.gov.uk or by post, courier or delivered by hand no later than 5pm 23rd October 2026. Any tenders delivered by hand must be in a s",Lancing Parish Council,,200000.0,GBP,2026-09-14,2026-10-23,tenderAmendment,active,55300000,https://www.contractsfinder.service.gov.uk/Notice/116cde22-cae7-4fbe-8551-d129e46e38ec,2026-09-15T12:26:23.021192+00:00
Contracts Finder,ocds-b5fd17-da8982ab-5f93-4cfd-b326-8eb26ce7fa28_6cd39518-5391-4cdd-b4a1-833c8d587952-913926,ITT For Project 10205910,ITT For Project 10205910,Innovate UK,,3960.0,GBP,2026-09-14,2026-08-03,award,complete,79421100,https://www.contractsfinder.service.gov.uk/Notice/6cd39518-5391-4cdd-b4a1-833c8d587952-913926,2026-09-15T12:26:23.021377+00:00
Contracts Finder,ocds-b5fd17-a453d6ed-3326-4f33-b886-c5b755c3dfa9_04e0769e-5c5c-4cec-84f1-d7f42a5d453d-913927,P4104119B Legal Advisers for the DfTLA,"The call-off contract shall commence on 21st July 2025 and the Expiry Date will be 30th November 2027 for a period of two years and four months. The total contract value shall be £500,000 excluding VAT. This procurement activity was a mini competition under the Crown Commercial Services RM6179 Legal Services Panel Lot 1: General Legal Services and the Commercial Agreement Terms and Conditions shall 
apply.",DfTc - Department for Transport,,750000.0,GBP,2026-09-14,2025-06-18,awardUpdate,complete,79100000,https://www.contractsfinder.service.gov.uk/Notice/04e0769e-5c5c-4cec-84f1-d7f42a5d453d-913927,2026-09-15T12:26:23.021556+00:00
Contracts Finder,ocds-b5fd17-5f9fefd2-791d-4208-a22a-298b738564af_a3b4cb09-f6df-4dba-8a14-8653f2138b03-913924,P4104119A Legal Advisers for the DfTLA,"The call-off contract shall commence on 21st July 2025 and the Expiry Date will be 30th November 2027 for a period of two years and four months. The total contract value shall be £500,000 excluding VAT. This procurement activity was a mini competition under the Crown Commercial Services RM6179 Legal Services Panel Lot 1: General Legal Services and the Commercial Agreement Terms and Conditions shall 
apply.",DfTc - Department for Transport,,750000.0,GBP,2026-09-14,2025-06-18,awardUpdate,complete,79100000,https://www.contractsfinder.service.gov.uk/Notice/a3b4cb09-f6df-4dba-8a14-8653f2138b03-913924,2026-09-15T12:26:23.021734+00:00
Contracts Finder,ocds-b5fd17-cac769b4-0dfa-4c7b-b7f3-609bad2cfaa4_b2c95be2-1df4-4eb1-a3fe-5bb61c76bc9e-913922,"QBH209 2026-09-11 (0900) Lowestoft - Kinda Forest School, Holton (4 seats and a PA) - AWARD","Suffolk County Council is seeking a mini competition against the following Dynamic Purchasing System: `The supply of Passenger Transport Services`, OJEU Notice Id: 2018/S 031-067685.
      
      QBH209 2026-09-11 (0900) Lowestoft - Kinda Forest School, Holton (4 seats and a PA)
      
      Further details can be found in the 'Tenders / My Tenders' area of this website, by selecting the 'View Details' button for this project.
      
      The deadline for returned submissions is 0900 on 1",Suffolk County Council Passenger Transport,,,GBP,2026-09-14,2026-09-11,award,complete,60000000,https://www.contractsfinder.service.gov.uk/Notice/b2c95be2-1df4-4eb1-a3fe-5bb61c76bc9e-913922,2026-09-15T12:26:23.021910+00:00
Contracts Finder,ocds-b5fd17-14f5a7bb-0b76-47d5-ac51-73afd2db325c_515867b1-e688-4a1d-96f9-a7211b19127d-913921,VDI End User Compute (HTE01525 Call Off - via NTT Data),VDI end user compute software.,University Hospitals of Leicester NHS Trust,,11497246.4,GBP,2026-09-14,2018-07-10,award,complete,48000000,https://www.contractsfinder.service.gov.uk/Notice/515867b1-e688-4a1d-96f9-a7211b19127d-913921,2026-09-15T12:26:23.022091+00:00
Contracts Finder,ocds-b5fd17-7fc444ea-637f-4130-894a-b619fd2f3c12_040568af-7957-466e-a1a0-c9a271f25c11-913920,ITT For Project 10205737,ITT For Project 10205737,Innovate UK,,3960.0,GBP,2026-09-14,2026-08-03,award,complete,79421100,https://www.contractsfinder.service.gov.uk/Notice/040568af-7957-466e-a1a0-c9a271f25c11-913920,2026-09-15T12:26:23.022291+00:00
Contracts Finder,ocds-b5fd17-92b9599e-77ef-4d41-8bfc-3ccfd5d0a3b7_c6b6dd7b-52ad-41c1-bd08-257e1f1f5a70-913919,ITT For Project 10205767,ITT For Project 10205767,Innovate UK,,3600.0,GBP,2026-09-14,2026-08-03,award,complete,79421100,https://www.contractsfinder.service.gov.uk/Notice/c6b6dd7b-52ad-41c1-bd08-257e1f1f5a70-913919,2026-09-15T12:26:23.022475+00:00
Contracts Finder,ocds-b5fd17-65a0bcbc-41cf-4a9a-ac27-58bfabafa81c_a4917d3a-e848-4966-90b3-8dd09933ff65-913916,ITT For Project 10205930,ITT For Project 10205930,Innovate UK,,4290.0,GBP,2026-09-14,2026-08-03,award,complete,79421100,https://www.contractsfinder.service.gov.uk/Notice/a4917d3a-e848-4966-90b3-8dd09933ff65-913916,2026-09-15T12:26:23.022653+00:00
Contracts Finder,ocds-b5fd17-5560c125-8422-44b3-aa2f-9105ee453881_08276954-cdcb-466b-a304-61183c90c8fe-913918,"AE Fire Safety, AE Pressure Systems and AE Ventilation to the Royal Marsden NHS Foundation Trustc","Provision of AE Fire Safety, AE Pressure Systems and AE Ventilation to the Royal Marsden NHS Foundation Trust",The Royal Marsden NHS Foundation Trust,,161033.0,GBP,2026-09-14,2026-07-31,award,complete,79400000,https://www.contractsfinder.service.gov.uk/Notice/08276954-cdcb-466b-a304-61183c90c8fe-913918,2026-09-15T12:26:23.022832+00:00
Contracts Finder,ocds-b5fd17-ce767010-6d4c-4b1b-949a-cdb50a0d6201_f6885e2b-97c7-4b6e-8a89-708a7767d1fb-913915,ITT For Project 10205924,ITT For Project 10205924,Innovate UK,,4510.0,GBP,2026-09-14,2026-08-03,award,complete,79421100,https://www.contractsfinder.service.gov.uk/Notice/f6885e2b-97c7-4b6e-8a89-708a7767d1fb-913915,2026-09-15T12:26:23.023009+00:00
Contracts Finder,ocds-b5fd17-ed323b87-eebb-4ca5-be0b-873f6fe022b2_d8dce101-537d-4995-bccb-c311835c5cfc-913914,Arboricultural services - Tree planting and post planting maintenance,"OVERVIEW OF TPEO WORKS in Islington
3-year planting and maintenance commitment for the sites a listed in the files. 
Please provide a SOR and final total cost for all works as detailed.
Planting to conclude before March and during this planting season, with watering to take place immediately after planting as required. 
To help determine the award a proportionate social value offer will be expected as part of the final award process. It does not need to be submitted in full here, and it will",London Borough Of Islington,,,GBP,2026-09-14,2026-09-18,tender,active,50000000,https://www.contractsfinder.service.gov.uk/Notice/d8dce101-537d-4995-bccb-c311835c5cfc,2026-09-15T12:26:23.023208+00:00
Contracts Finder,ocds-b5fd17-6a377aaf-fd63-4ba7-b707-450e2bf3f5e1_0e251043-fde6-430e-9860-8ceae65459f9-913913,Arboricultural services - Tree planting and post planting maintenance,"OVERVIEW OF TPEO WORKS in Islington
3-year planting and maintenance commitment for the sites a listed in the files. 
Please provide a SOR and final total cost for all works as detailed.
Planting to conclude before March and during this planting season, with watering to take place immediately after planting as required. 
To help determine the award a proportionate social value offer will be expected as part of the final award process. It does not need to be submitted in full here, and it will",London Borough Of Islington,,,GBP,2026-09-14,2026-09-22,tender,active,50000000,https://www.contractsfinder.service.gov.uk/Notice/0e251043-fde6-430e-9860-8ceae65459f9,2026-09-15T12:26:23.023395+00:00
Contracts Finder,ocds-b5fd17-126bb42d-2e5c-42e5-a116-4886ec0d7124_c484f04c-b557-48c3-9d7e-c9b87f1541f1-913912,Arboricultural services - Tree planting and post planting maintenance,"OVERVIEW OF TPEO WORKS in Islington
3-year planting and maintenance commitment for the sites a listed in the files. 
Please provide a SOR and final total cost for all works as detailed.
Planting to conclude before March and during this planting season, with watering to take place immediately after planting as required. 
To help determine the award a proportionate social value offer will be expected as part of the final award process. It does not need to be submitted in full here, and it will",London Borough Of Islington,,,GBP,2026-09-14,2026-09-22,tender,active,50000000,https://www.contractsfinder.service.gov.uk/Notice/c484f04c-b557-48c3-9d7e-c9b87f1541f1,2026-09-15T12:26:23.023572+00:00
Contracts Finder,ocds-b5fd17-3aef7044-2ef7-4982-988a-cf56f937640b_e78a23ab-8dde-4e33-8ba1-3ab77535d44a-913911,Arboricultural services - Tree planting and post planting maintenance,"OVERVIEW OF TPEO WORKS in Islington
3-year planting and maintenance commitment for the sites a listed in the files. 
Please provide a SOR and final total cost for all works as detailed.
Planting to conclude before March and during this planting season, with watering to take place immediately after planting as required. 
To help determine the award a proportionate social value offer will be expected as part of the final award process. It does not need to be submitted in full here, and it will",London Borough Of Islington,,,GBP,2026-09-14,2026-09-22,tender,active,50000000,https://www.contractsfinder.service.gov.uk/Notice/e78a23ab-8dde-4e33-8ba1-3ab77535d44a,2026-09-15T12:26:23.023751+00:00
Contracts Finder,ocds-b5fd17-3404f195-c45f-4e61-8798-415a043bbf72_befd0c4f-d1d2-4d54-b26f-419b45d830c8-913910,Arboricultural services - Tree planting and post planting maintenance,"OVERVIEW OF TPEO WORKS in Islington
3-year planting and maintenance commitment for the sites a listed in the files. 
Please provide a SOR and final total cost for all works as detailed.
Planting to conclude before March and during this planting season, with watering to take place immediately after planting as required. 
To help determine the award a proportionate social value offer will be expected as part of the final award process. It does not need to be submitted in full here, and it will",London Borough Of Islington,,,GBP,2026-09-14,2026-09-22,tender,active,50000000,https://www.contractsfinder.service.gov.uk/Notice/befd0c4f-d1d2-4d54-b26f-419b45d830c8,2026-09-15T12:26:23.023928+00:00
Contracts Finder,ocds-b5fd17-ef578710-0a53-4095-8743-cc3c4e957fff_34e821b8-e9b6-4de1-90ce-0a3c94a7b294-913909,Arboricultural services - Tree planting and post planting maintenance,"OVERVIEW OF TPEO WORKS in Islington
3-year planting and maintenance commitment for the sites a listed in the files. 
Please provide a SOR and final total cost for all works as detailed.
Planting to conclude before March and during this planting season, with watering to take place immediately after planting as required. 
To help determine the award a proportionate social value offer will be expected as part of the final award process. It does not need to be submitted in full here, and it will",London Borough Of Islington,,,GBP,2026-09-14,2026-09-22,tender,active,50000000,https://www.contractsfinder.service.gov.uk/Notice/34e821b8-e9b6-4de1-90ce-0a3c94a7b294,2026-09-15T12:26:23.024106+00:00
Contracts Finder,ocds-b5fd17-12a2cf24-9a88-4fd5-9e52-e9a6e3a67aba_9b889581-26cb-4da3-a429-9415965e8a6c-913908,37287 - LEICESTER COLLEGE,"This contract is for the provision of transport services - journey stated in the title of this notice. It has been awarded following a Mini Competition under Council's Dynamic Purchasing System (DPS) PAN3059 - Passenger Transport Services.

 

To find out more about this DPS and how to provide taxi services to the Council, please see Taxi firms tendering for contracts (leicester.gov.uk)

Additional information: 
At the point of award, we are no longer seeking tenders.",Leicester City Council,,,GBP,2026-09-14,2026-09-14,award,complete,60120000,https://www.contractsfinder.service.gov.uk/Notice/9b889581-26cb-4da3-a429-9415965e8a6c-913908,2026-09-15T12:26:23.024300+00:00
Contracts Finder,ocds-b5fd17-2dc43608-a281-49e1-ab59-65c371a4f8b5_3d73b832-22f6-44a9-90a2-a68567ce008a-913907,"NH4290 Programme Director, NSECH remedial works for a period of 12 months commencing","Programme Director, NSECH remedial works for a period of 12 months
NHSSBS Healthcare Planning, Construction consultancy and Ancillary Services Framework",Northumbria Healthcare Facilities Management,,264539.0,GBP,2026-09-14,2026-06-30,award,complete,71541000,https://www.contractsfinder.service.gov.uk/Notice/3d73b832-22f6-44a9-90a2-a68567ce008a-913907,2026-09-15T12:26:23.024481+00:00
Contracts Finder,ocds-b5fd17-ec1b0161-d917-4474-bb30-25dce765b539_f1178cb3-1a4e-4e9f-a5a9-a4410b1bfc7a-913906,37279 - PINDAR NURSERY,"This contract is for the provision of transport services - journey stated in the title of this notice. It has been awarded following a Mini Competition under Council's Dynamic Purchasing System (DPS) PAN3059 - Passenger Transport Services.

 

To find out more about this DPS and how to provide taxi services to the Council, please see Taxi firms tendering for contracts (leicester.gov.uk)

Additional information: 
AT THE POINT OF AWARD, WE ARE NO LONGER SEEKING TENDERS",Leicester City Council,,23634.0,GBP,2026-09-14,2026-09-14,award,complete,60120000,https://www.contractsfinder.service.gov.uk/Notice/f1178cb3-1a4e-4e9f-a5a9-a4410b1bfc7a-913906,2026-09-15T12:26:23.024672+00:00
Contracts Finder,ocds-b5fd17-242aae05-1a06-498f-b537-fa8297f0175b_98d64ef1-783f-4b3e-ac8e-42312b95824a-913905,Property and General Legal Services for Cambridgeshire Constabulary,Provision of general legal services advice for Cambridgeshire Constabulary,The Police and Crime Commissioner for Cambridgeshire,,49080.0,GBP,2026-09-14,2026-06-30,award,complete,79111000,https://www.contractsfinder.service.gov.uk/Notice/98d64ef1-783f-4b3e-ac8e-42312b95824a-913905,2026-09-15T12:26:23.024851+00:00
Contracts Finder,ocds-b5fd17-9206906e-ed53-4f7b-bead-cde26e0ec35a_d001427d-f307-4906-b782-f5087ff7514b-913904,Insourcing of OMFS,Insourcing of OMFS,Worcestershire Acute Hospitals NHS Trust,,67800.0,GBP,2026-09-14,2026-07-31,award,complete,85100000,https://www.contractsfinder.service.gov.uk/Notice/d001427d-f307-4906-b782-f5087ff7514b-913904,2026-09-15T12:26:23.025029+00:00
Contracts Finder,ocds-b5fd17-d2096cf9-9707-4fc5-97ea-26c85d6b42d1_63287075-30c2-4aaf-8b3c-82caaa5894d6-913902,Mole Valley District Council Technology Enabled Care Equipment and Monitoring,"This contract is for the provision of technology enabled care equipment and monitoring, provided by the Mole Valley Life Care Service run by Mole Valley District Council. This is a two year contract called off via direct award from the Northern Housing Consortium Technology Enabled Lives Framework.

This contract has two options to extend for 12 months each. Contract value is inclusive of extension options.",Mole Valley District Council,,40000.0,GBP,2026-09-14,2026-08-12,award,complete,35121000,https://www.contractsfinder.service.gov.uk/Notice/63287075-30c2-4aaf-8b3c-82caaa5894d6-913902,2026-09-15T12:26:23.025226+00:00
Contracts Finder,ocds-b5fd17-6af24f1e-5249-4346-87f9-5d56af20c095_56dcb948-b63d-4989-af84-9c59b64b67b1-913903,Insourcing of Urology OPA,Insourcing of Urology OPA,Worcestershire Acute Hospitals NHS Trust,,101592.0,GBP,2026-09-14,2026-08-14,award,complete,85100000,https://www.contractsfinder.service.gov.uk/Notice/56dcb948-b63d-4989-af84-9c59b64b67b1-913903,2026-09-15T12:26:23.025412+00:00
Contracts Finder,ocds-b5fd17-dd9ebd14-f8dc-404c-880d-a38382186202_28f0b1e2-e8d4-4e62-a736-08782ef719f3-913901,"QSB461 0900 2026-09-11 Felixstowe - Olive academy, Stowmarket (4-seated vehicle required) - AWARD","Suffolk County Council is seeking a mini competition against the following Dynamic Purchasing System: `The supply of Passenger Transport Services`, OJEU Notice Id: 2018/S 031-067685.
      
      QSB461 0900 2026-09-11 Felixstowe - Olive academy, Stowmarket (4-seated vehicle required)
      
      Further details can be found in the 'Tenders / My Tenders' area of this website, by selecting the 'View Details' button for this project.
      
      The deadline for returned submissions is  09",Suffolk County Council Passenger Transport,,,GBP,2026-09-14,2026-09-11,award,complete,60000000,https://www.contractsfinder.service.gov.uk/Notice/28f0b1e2-e8d4-4e62-a736-08782ef719f3-913901,2026-09-15T12:26:23.025586+00:00
Contracts Finder,ocds-b5fd17-ad384f1c-eb42-469a-83ba-e9bacd34729b_1dd8ba17-6c6e-4680-87f4-e51629b876c7-913900,ITT For Project 10202270,ITT For Project 10202270,Innovate UK,,4180.0,GBP,2026-09-14,2026-08-03,award,complete,79421100,https://www.contractsfinder.service.gov.uk/Notice/1dd8ba17-6c6e-4680-87f4-e51629b876c7-913900,2026-09-15T12:26:23.025765+00:00
Contracts Finder,ocds-b5fd17-d20355a0-306a-41f6-baa1-2184f863a225_7d503b87-6fe4-4b1a-8686-f5b05314e54a-913899,ITT For Project 10205706,ITT For Project 10205706,Innovate UK,,3960.0,GBP,2026-09-14,2026-08-03,award,complete,79421100,https://www.contractsfinder.service.gov.uk/Notice/7d503b87-6fe4-4b1a-8686-f5b05314e54a-913899,2026-09-15T12:26:23.025944+00:00
Contracts Finder,ocds-b5fd17-93e230e5-451a-4357-8c0b-357873e597aa_24527d03-8cc6-4d86-a5e1-d249519a7139-913898,Consumer Experience of Broadband Switching,To conduct quantitative consumer research to explore experiences of switching or renewing fixed broadband services as standalone or part of a bundled package.,OFCOM,,55432.8,GBP,2026-09-14,2026-08-17,award,complete,79310000,https://www.contractsfinder.service.gov.uk/Notice/24527d03-8cc6-4d86-a5e1-d249519a7139-913898,2026-09-15T12:26:23.026122+00:00
Contracts Finder,ocds-b5fd17-ce0219ab-ce56-4796-bfc4-8ff192d18fd8_8bddd320-04eb-4b32-aa06-a850bcc0c50b-913897,37276 - NETHERHALL MEAD ACADEMY,"This contract is for the provision of transport services - journey stated in the title of this notice. It has been awarded following a Mini Competition under Council's Dynamic Purchasing System (DPS) PAN3059 - Passenger Transport Services.

 

To find out more about this DPS and how to provide taxi services to the Council, please see Taxi firms tendering for contracts (leicester.gov.uk)

Additional information: 
AT THE POINT OF AWARD, WE ARE NO LONGER SEEKING TENDERS",Leicester City Council,,27378.0,GBP,2026-09-14,2026-09-14,award,complete,60120000,https://www.contractsfinder.service.gov.uk/Notice/8bddd320-04eb-4b32-aa06-a850bcc0c50b-913897,2026-09-15T12:26:23.026331+00:00
Contracts Finder,ocds-b5fd17-66a7f099-a834-4a83-a755-0ebd1a02c95c_b584ba1c-b45f-4f6a-9b2b-939955c46edf-913896,ITT For Project 10204843,ITT For Project 10204843,Innovate UK,,4950.0,GBP,2026-09-14,2026-08-03,award,complete,79421100,https://www.contractsfinder.service.gov.uk/Notice/b584ba1c-b45f-4f6a-9b2b-939955c46edf-913896,2026-09-15T12:26:23.026512+00:00
Contracts Finder,ocds-b5fd17-b88bafaa-982f-4c76-afc4-096f272ab47a_2053596c-dba5-4f57-9087-6be85dce6d10-913893,ITT For Project 10204874,ITT For Project 10204874,Innovate UK,,3300.0,GBP,2026-09-14,2026-08-03,award,complete,79421100,https://www.contractsfinder.service.gov.uk/Notice/2053596c-dba5-4f57-9087-6be85dce6d10-913893,2026-09-15T12:26:23.026690+00:00
Contracts Finder,ocds-b5fd17-c391a5bf-6b3c-4d6b-95b9-078fe1b070d2_a5e82e48-aa97-4d4c-9f06-7594c29b8d2e-913895,DBT - DDaT Digital Accessibility Services,"DBT DDaT requires an ongoing Accessibility Audit Service to ensure its digital products and services comply with legal and regulatory accessibility requirements, including WCAG 2.2 Level AA.",Department for Business and Trade,,600000.0,GBP,2026-09-14,2026-09-04,award,complete,72150000,https://www.contractsfinder.service.gov.uk/Notice/a5e82e48-aa97-4d4c-9f06-7594c29b8d2e-913895,2026-09-15T12:26:23.026868+00:00
Contracts Finder,ocds-b5fd17-63035c84-88e8-4416-bd6c-2467cfd544de_9c928694-2a79-4de8-8a73-017a14360d05-913894,SOW - Mission Control system,"Award of a contract for the design, build and deployment of a digital Mission Control System for NRS Dounreay. The system will support improved programme delivery through standardised processes, embedded governance controls, enhanced data quality and real-time reporting. Services include discovery and requirements definition, governance and process design, development of templates and tools, platform architecture, build and configuration, testing, refinement and support for readiness for wider r",nuclear restoration services,,342744.0,GBP,2026-09-14,2026-09-11,award,complete,79620000,https://www.contractsfinder.service.gov.uk/Notice/9c928694-2a79-4de8-8a73-017a14360d05-913894,2026-09-15T12:26:23.027047+00:00
Contracts Finder,ocds-b5fd17-8f241c18-c3f2-4ab4-bbed-2f7f1418ef4c_eff281f8-26a4-4328-afe9-5d85c3a68128-913891,VALE HOUSE SOLAR,"SUPPLY AND FIT SOLAR PANELS AT VALE HOUSE
DIRECT AWARD FROM PROCURE PUBLIC RENEWABLE HEATING FRAMEWORK 2025, LOT 4",North Yorkshire Police,,93328.45,GBP,2026-09-14,2026-08-07,awardUpdate,complete,09330000,https://www.contractsfinder.service.gov.uk/Notice/eff281f8-26a4-4328-afe9-5d85c3a68128-913891,2026-09-15T12:26:23.027244+00:00
Contracts Finder,ocds-b5fd17-732cc290-00a8-4ef7-8e13-7610ec49e21b_d2c4f020-538f-41b4-8c14-b54f72d1b9f8-913892,Purchase of Winter Gloves,"North Wales Police are inviting suppliers to provide a response to requirements for the supply of Winter Gloves. This Request for Quotation (RFQ) process is for the supply over the next 4 years, with initial contract expiry to be in 2028 with a two-year extension included to take final contract expiry to be in 2030.
Please see RFQ document for further information in regards to specification of requirements.",Police and Crime Commissioner for North Wales Police & North Wales Police,,,GBP,2026-09-14,2026-07-24,award,complete,35811200,https://www.contractsfinder.service.gov.uk/Notice/d2c4f020-538f-41b4-8c14-b54f72d1b9f8-913892,2026-09-15T12:26:23.027424+00:00
Contracts Finder,ocds-b5fd17-60e96271-9664-4736-a31d-af86d45cc0ae_ecca4c8c-8ae7-457c-af98-45a383068eef-913887,ITT For Project 10205437,ITT For Project 10205437,Innovate UK,,2400.0,GBP,2026-09-14,2026-08-03,award,complete,79421100,https://www.contractsfinder.service.gov.uk/Notice/ecca4c8c-8ae7-457c-af98-45a383068eef-913887,2026-09-15T12:26:23.027602+00:00
Contracts Finder,ocds-b5fd17-41d735f9-e33e-4f20-9ead-1e527c7bea3a_f569b14b-5078-47e9-bf61-8d49e457c0aa-913890,Arboricultural services - Tree planting and post planting maintenance,"OVERVIEW OF TPEO WORKS in Islington
3-year planting and maintenance commitment for the sites a listed in the files. 
Please provide a SOR and final total cost for all works as detailed.
Planting to conclude before March and during this planting season, with watering to take place immediately after planting as required. 
To help determine the award a proportionate social value offer will be expected as part of the final award process. It does not need to be submitted in full here, and it will",London Borough Of Islington,,,GBP,2026-09-14,2026-09-22,tender,active,50000000,https://www.contractsfinder.service.gov.uk/Notice/f569b14b-5078-47e9-bf61-8d49e457c0aa,2026-09-15T12:26:23.027792+00:00
Contracts Finder,ocds-b5fd17-16e7c87d-76b6-4dd7-8082-5c81f3908e70_047df27b-b2f2-4bfc-b902-3cea85a9d022-913889,Award of a call off contract under the Prison Education Dynamic Purchasing System for Reading Co-ordinator provision for prisoners at HMP Brinsford,"Award of a call off contract under the Prison Education Dynamic Purchasing System for Reading Co-ordinator provision for prisoners at HMP Brinsford. The supplier shall contribute to, and lead on, an ambitious prison Reading Strategy in line with the HMPPS National Reading Plan, and support and drive forward peer lead learning through trained peer mentors.",Ministry of Justice,,40545.0,GBP,2026-09-14,2026-06-29,award,complete,80000000,https://www.contractsfinder.service.gov.uk/Notice/047df27b-b2f2-4bfc-b902-3cea85a9d022-913889,2026-09-15T12:26:23.027970+00:00
Contracts Finder,ocds-b5fd17-50d0c98f-89f3-4e62-8ba6-1a08ae2da417_dbc264c8-2d61-44bd-afa5-b7b42c5e69b6-913886,ENHT - Multigen M Hostess Trolley,ENHT - Multigen M Hostess Trolley with 5 Year warranty. Procured via NHSSC (FAG000017475) (Catering Consumables and Equipment 2021) framework.,East and North Hertfordshire Teaching NHS Trust,35000.0,39283.8,GBP,2026-09-14,2026-08-31,award,complete,39310000,https://www.contractsfinder.service.gov.uk/Notice/dbc264c8-2d61-44bd-afa5-b7b42c5e69b6-913886,2026-09-15T12:26:23.028168+00:00
Contracts Finder,ocds-b5fd17-d46a6328-93df-47b1-9f7e-d5dbfb33fdea_b94d4b70-f3da-4e9a-9751-c9eaaf317630-913572,Corporate Travel Agency - Lot 1,Replacement of existing contract - Provision of online and offline travel booking services - Lot 1,Cabinet Office,,15000000.0,GBP,2026-09-14,2026-08-27,award,complete,63515000,https://www.contractsfinder.service.gov.uk/Notice/b94d4b70-f3da-4e9a-9751-c9eaaf317630-913572,2026-09-15T12:26:23.028354+00:00
Contracts Finder,ocds-b5fd17-7054cda4-6978-4660-96cd-0830cedf7d0a_75718588-6fb0-42c4-b68a-5f652d670d9d-913879,Provision of an ERP Financial  Management System,"The contract was awarded through the G-Cloud 14 framework for the provision of Unit4 ERP and Extension Kit software licences and associated support services. The service is used to support Social Work England's finance, procurement, payroll, HR and workforce management functions, including financial management, supplier payments, procurement processes, reporting and system integrations. The contract also includes software support, maintenance, secure cloud hosting and connector services to maint",SOCIAL WORK ENGLAND,,372528.0,GBP,2026-09-14,2026-08-10,award,complete,48440000,https://www.contractsfinder.service.gov.uk/Notice/75718588-6fb0-42c4-b68a-5f652d670d9d-913879,2026-09-15T12:26:23.028534+00:00
Contracts Finder,ocds-b5fd17-aa9b0bc2-cc47-4824-9e22-5b752c542b72_ecf92e93-a5e3-494d-8fee-3c3d99bb17e2-913885,DDaT25451 - PDF editing tool,"***PLEASE NOTE THIS IS AN AWARD NOTICE, NOT A CALL FOR COMPETITION***

The Department of Energy Security and Net Zero (DESNZ) had a requirement for the provision of PDF editing tool.  This Contract was sourced under the Technology Products & Associated Services 2, RM6098 Framework, Lot 8 Catalogue.",ICS on behalf of DSIT and DESNZ,,28783.0,GBP,2026-09-14,2026-08-10,award,complete,48000000,https://www.contractsfinder.service.gov.uk/Notice/ecf92e93-a5e3-494d-8fee-3c3d99bb17e2-913885,2026-09-15T12:26:23.028714+00:00
Contracts Finder,ocds-b5fd17-7b640658-c03f-4e7a-829c-475b9d1ba7f5_70b9b475-575e-48e0-aad2-b8eed60b4855-913884,Purchase of EEG machine,"1 x EEG machine

Additional information: 
Purchased via NHSSC Framework r Patient Monitoring Equipment, Bedside Equipment Alarm Monitoring Systems,
Related Products and Services. Contract Reference Number: 2023/S 000-002003",Leeds Teaching Hospitals NHS Trust,,39705.0,GBP,2026-09-14,2026-09-11,award,complete,33121100,https://www.contractsfinder.service.gov.uk/Notice/70b9b475-575e-48e0-aad2-b8eed60b4855-913884,2026-09-15T12:26:23.028893+00:00
Contracts Finder,ocds-b5fd17-57424506-8b98-42ad-b710-bd6cf06683f1_24357cde-d2dc-42f3-a693-c60d3e973515-913883,ITT For Project 10204828,ITT For Project 10204828,Innovate UK,,3300.0,GBP,2026-09-14,2026-08-03,award,complete,79421100,https://www.contractsfinder.service.gov.uk/Notice/24357cde-d2dc-42f3-a693-c60d3e973515-913883,2026-09-15T12:26:23.029069+00:00
Contracts Finder,ocds-b5fd17-6def8b9d-c7c7-4651-8b91-9a4603e99526_a7a950b7-c5b0-4faf-899c-e7c92aff406e-913882,ITT For Project 10205795,ITT For Project 10205795,Innovate UK,,4180.0,GBP,2026-09-14,2026-08-12,award,complete,79421100,https://www.contractsfinder.service.gov.uk/Notice/a7a950b7-c5b0-4faf-899c-e7c92aff406e-913882,2026-09-15T12:26:23.029267+00:00
Contracts Finder,ocds-b5fd17-80ff5944-be30-42c6-9a58-e9dc39292873_5ff7278b-439b-49ab-9fb2-a5cea9876cac-913881,PFAS Sampling and Analysis at Remaining Untested Sites & Harwell 2nd PFAS,PFAS Sampling and Analysis at Remaining Untested Sites & Harwell 2nd PFAS,Nuclear Restoration Services Limited,,85000.0,GBP,2026-09-14,2026-08-20,award,complete,71351500,https://www.contractsfinder.service.gov.uk/Notice/5ff7278b-439b-49ab-9fb2-a5cea9876cac-913881,2026-09-15T12:26:23.029452+00:00
Contracts Finder,ocds-b5fd17-f05bfb30-8638-4938-9132-0b4e76c5a7ff_6bf346eb-8e29-43c5-b4e7-1718fb8c8c5c-913880,ITT For Project 10203229,ITT For Project 10203229,Innovate UK,,2080.0,GBP,2026-09-14,2026-08-12,award,complete,79421100,https://www.contractsfinder.service.gov.uk/Notice/6bf346eb-8e29-43c5-b4e7-1718fb8c8c5c-913880,2026-09-15T12:26:23.029632+00:00
Contracts Finder,ocds-b5fd17-6d528dca-8b52-4b19-b5c8-b4c6299a3eae_1db32889-bfef-4b37-a948-d22de17ed3d1-913878,ITT For Project 10205527,ITT For Project 10205527,Innovate UK,,2992.5,GBP,2026-09-14,2026-08-12,award,complete,79421100,https://www.contractsfinder.service.gov.uk/Notice/1db32889-bfef-4b37-a948-d22de17ed3d1-913878,2026-09-15T12:26:23.029812+00:00
Contracts Finder,ocds-b5fd17-1ae290b3-ad6f-4abc-93b8-39f465c2dc88_e8743af6-c962-451d-b8c4-1c8964cedbcd-913877,ITT For Project 10203840,ITT For Project 10203840,Innovate UK,,3465.0,GBP,2026-09-14,2026-08-12,award,complete,79421100,https://www.contractsfinder.service.gov.uk/Notice/e8743af6-c962-451d-b8c4-1c8964cedbcd-913877,2026-09-15T12:26:23.029991+00:00
Contracts Finder,ocds-b5fd17-1612d411-3e76-4a77-8609-32f75f36aecd_0501299d-2c9c-46a6-a529-2432d76bd144-913876,ITT For Project 10206115,ITT For Project 10206115,Innovate UK,,3600.0,GBP,2026-09-14,2026-08-12,award,complete,79421100,https://www.contractsfinder.service.gov.uk/Notice/0501299d-2c9c-46a6-a529-2432d76bd144-913876,2026-09-15T12:26:23.030192+00:00
Contracts Finder,ocds-b5fd17-585e7031-b6bf-4d93-a111-7ee1ba50809c_03bc3314-e98c-42c6-b565-e1740934686c-913874,ITT For Project 10204831,ITT For Project 10204831,Innovate UK,,3680.0,GBP,2026-09-14,2026-08-12,award,complete,79421100,https://www.contractsfinder.service.gov.uk/Notice/03bc3314-e98c-42c6-b565-e1740934686c-913874,2026-09-15T12:26:23.030385+00:00
Contracts Finder,ocds-b5fd17-7ad9fcfc-62a6-4f8a-b581-c3d27ebf1674_6a2b679d-00e1-4053-8990-a720795906f4-913875,Award of a call off contract under the Prison Education Dynamic Purchasing System for Railtrack provision for prisoners at HMP Guys Marsh,"Award of a call off contract under the Prison Education Dynamic Purchasing System for Railtrack provision for prisoners at HMP Guys Marsh. The supplier will deliver  accredited and industry standard rail track maintenance course. The course shall prepare learners for PTS (Personal track Safety course), formal accredited training to  
be delivered to learners, the course must also contain other industry standard training, for example, first aid, manual handling, health and safety and fire awaren",Ministry of Justice,,22081.0,GBP,2026-09-14,2026-05-20,award,complete,80000000,https://www.contractsfinder.service.gov.uk/Notice/6a2b679d-00e1-4053-8990-a720795906f4-913875,2026-09-15T12:26:23.030568+00:00
Contracts Finder,ocds-b5fd17-1d8e6175-d04e-4cc8-864e-871d6dba9d9c_7b3dbe5a-805c-4b41-893c-06eba55b98ad-913873,ITT For Project 10204188,ITT For Project 10204188,Innovate UK,,3680.0,GBP,2026-09-14,2026-08-12,award,complete,79421100,https://www.contractsfinder.service.gov.uk/Notice/7b3dbe5a-805c-4b41-893c-06eba55b98ad-913873,2026-09-15T12:26:23.030747+00:00
Contracts Finder,ocds-b5fd17-6f95c0d4-bef3-485a-b9c5-1dff958f5895_6a7c818a-2df4-4b60-b934-4c48a9f9ea3f-913871,SDA Capability Map 2026 update,"Note, this activity is not directly related to a specific procurement and any information provided are without commitment and prejudice for all parties. Therefore, there will not be a contract issued following this exercise. 

The purpose of this spreadsheet is to understand how different systems, sensors, products and data solutions provided by industry could address the UK Cross-Government SDA requirements. This may help to inform the potential contributions to a UK SDA Systems of Systems th",Defence Science and Technology Laboratory,,,GBP,2026-09-14,,planning,planning,73000000,https://www.contractsfinder.service.gov.uk/Notice/6a7c818a-2df4-4b60-b934-4c48a9f9ea3f-913871,2026-09-15T12:26:23.030914+00:00
Contracts Finder,ocds-b5fd17-d8f8a11d-850b-4141-a4ad-9b27bc89c6f7_c56310dd-c17b-4a1d-b212-e4cede3afc10-913870,Printer Support and Maintenance,Printer Support and Maintenance for 3 Printers,Money and Pensions Service,,36000.0,GBP,2026-09-14,2026-09-07,award,complete,30100000,https://www.contractsfinder.service.gov.uk/Notice/c56310dd-c17b-4a1d-b212-e4cede3afc10-913870,2026-09-15T12:26:23.031093+00:00
