source,notice_id,title,description,organisation,value_low,value_high,currency,published_date,deadline,notice_type,status,cpv_codes,url,scraped_at
FTS,ocds-h6vhtk-06576a_092934-2026,"COMPETITIVE LAND, DESIGN AND BUILD CONTRACT WITHIN THE LISNASKEA AREA","The contract is for the provision of Land, Design and Build development within the boundaries of postcode area BT92. Tenderers provided land, design and construct and ensure completion of scheme for the contracting authority, in this case the contracting Authority is North Belfast Housing Association trading as NB Housing. Units developed using this procurement method are required to meet the Department for Communities (DfC) Housing Association Guide, and, more generally the Employers Requiremen",North Belfast Housing Association,,,GBP,2026-10-01,,award,complete,,https://www.find-tender.service.gov.uk/Notice/092934-2026,2026-10-01T14:08:42.854104+00:00
FTS,ocds-h6vhtk-06e917_092933-2026,Prisons Digital Priorities and OMU Transformation,Digital Delivery for Prisons Digital Priorities and OMU Transformation,Ministry of Justice,,,GBP,2026-10-01,,award,complete,,https://www.find-tender.service.gov.uk/Notice/092933-2026,2026-10-01T14:08:42.854135+00:00
FTS,ocds-h6vhtk-077ed3_092932-2026,Copywriting Services Framework,"The National Lottery Heritage Fund are seeking to appoint a Framework of Suppliers to provide copywriting, editing and proof reading services across various publications.
No volumes of work throughout the life of the Framework are implied or guaranteed.",Heritage Fund,,40000.0,GBP,2026-10-01,2026-11-06,tender,active,,https://www.find-tender.service.gov.uk/Notice/092932-2026,2026-10-01T14:08:42.854139+00:00
FTS,ocds-h6vhtk-06f52c_092931-2026,Replacement UPVC windows and doors programme 2027-29,"Folkestone and Hythe District Council (FHDC) wishes to select and appoint a suitable supplier for a windows & doors replacements programme for its social housing stock and invites organisations to submit a tender to meet FHDC's requirements.
The specific requirements for the contract are detailed in the tender documents.
This tender will be conducted using a one-stage 'open' procedure.
The contract is anticipated to start 1 April 2027 and continue for a period of 2 years (with the option to exte",The District Council of Folkestone and Hythe,,4050000.0,GBP,2026-10-01,2026-10-27,tenderUpdate,active,,https://www.find-tender.service.gov.uk/Notice/092931-2026,2026-10-01T14:08:42.854143+00:00
FTS,ocds-h6vhtk-077ed2_092930-2026,PRO005183-Works-Framework-Power Resilience,"Ensuring power resilience across operational assets is a critical priority for United Utilities, with substantial investment expected to continue throughout the remainder of AMP8 and into AMP9. United Utilities is therefore exploring the establishment of a dedicated Power Resilience framework to provide a more integrated and efficient route for the delivery of power resilience solutions and associated services. The proposed approach seeks to consolidate requirements across multiple workstreams, ",United Utilities Water Limited,,145000000.0,GBP,2026-10-01,,planning,planning,,https://www.find-tender.service.gov.uk/Notice/092930-2026,2026-10-01T14:08:42.854148+00:00
FTS,ocds-h6vhtk-06b60a_092929-2026,NEX26/24 Control Centre Refurbishment,,,,,GBP,2026-10-01,,tenderCancellation,cancelled,,https://www.find-tender.service.gov.uk/Notice/092929-2026,2026-10-01T14:08:42.854151+00:00
FTS,ocds-h6vhtk-077ed1_092928-2026,NHS Chief Executive Readiness Assessment Model,"For the design, development and delivery of the process for Assessment of readiness for Aspiring Chief Executives.",NHS England,,,GBP,2026-10-01,,award,complete,,https://www.find-tender.service.gov.uk/Notice/092928-2026,2026-10-01T14:08:42.854154+00:00
FTS,ocds-h6vhtk-04f9fd_092927-2026,DoF – Integr8 Programme – Payroll Administrative Services (PAS),"The Department of Finance's (DoF) Integr8 Programme is seeking to establish a contract for the provision of Payroll Administrative Services (PAS). The contract period will be for an initial 5 years with the option of two extension periods, the first up to 24 months and the second also up to 24 months. Please see the procurement documents which provide further information along with the full list of current and prospective Service Recipients.",Department of Finance,,,GBP,2026-10-01,,award,complete,,https://www.find-tender.service.gov.uk/Notice/092927-2026,2026-10-01T14:08:42.854164+00:00
FTS,ocds-h6vhtk-077ed0_092926-2026,Capital Works and Associated Works Dynamic Purchasing System Scotland,"Procurement for Housing (PfH) Scotland have established a dynamic purchasing system (DPS) for the delivery of capital works projects and provision of associated services for PfH Members throughout Scotland. It is intended that the DPS will run for an initial period of five year with an option to extend for a further period of up to five years. The opportunity has been divided into twelve categories as follows:
1) Whole House;
2) Kitchens;
3) Bathrooms;
4) Heating;
5) Electrical;
6) Windows and D",Procurement for Housing Ltd (t/a PfH Scotland),,,GBP,2026-10-01,,tenderUpdate,,45300000,https://www.find-tender.service.gov.uk/Notice/092926-2026,2026-10-01T14:08:42.854167+00:00
FTS,ocds-h6vhtk-077ecf_092925-2026,Board Development,"Diagnostic and development phases, including review and evaluation.",UNIVERSITY HOSPITALS OF DERBY AND BURTON NHS FOUNDATION TRUST,,,GBP,2026-10-01,,award,complete,,https://www.find-tender.service.gov.uk/Notice/092925-2026,2026-10-01T14:08:42.854171+00:00
FTS,ocds-h6vhtk-077eb5_092924-2026,Creative Advertising Agency,"Services relating to advertising creative including:
• Brand narrative, strategy and planning
• Brand positioning and architecture
• Advertising creative
• Advertising production (TV and radio)
• Digital content and video production
• Social media advertising
• Behaviour change
We are looking to appoint a lead creative advertising partner to act as the creative custodian of our existing 'Keep Life Flowing' campaign, protecting its established visual identity, tone of voice, brand principles, cam",AFFINITY WATER LIMITED,,3200000.0,GBP,2026-10-01,,tenderUpdate,active,,https://www.find-tender.service.gov.uk/Notice/092924-2026,2026-10-01T14:08:42.854175+00:00
FTS,ocds-h6vhtk-077ece_092923-2026,External remedials at Ramsbottom Health Centre,"External remedials, including but not limited to repointing, access changes and rainwater good repairs",NHS Property Services Limited,,,GBP,2026-10-01,,award,complete,,https://www.find-tender.service.gov.uk/Notice/092923-2026,2026-10-01T14:08:42.854177+00:00
FTS,ocds-h6vhtk-077ecd_092922-2026,Care Package 68094,Supported Living - must be in Cornwall,Cheshire West and Chester Council,,,GBP,2026-10-01,2026-10-19,tender,active,,https://www.find-tender.service.gov.uk/Notice/092922-2026,2026-10-01T14:08:42.854180+00:00
FTS,ocds-h6vhtk-077ecc_092921-2026,2627-0284 Specialist Adaptations including Installations and Repairs for Residents with Vulnerabilities and Disabilities,"The council seeks to procure two (2) contractors to deliver specialist adaptations including installations and repairs for residents with vulnerabilities and disabilities. These new contracts will be for a period of up to forty-eight (48) months (four (4) years).
The council is a landlord to around 35,000 council tenants living in homes located across the borough. Within these homes, council tenants or household members may have disabilities that require their home to have adaptions carried out ",Islington Council,,7177600.0,GBP,2026-10-01,2026-12-09,planning,planned,,https://www.find-tender.service.gov.uk/Notice/092921-2026,2026-10-01T14:08:42.854185+00:00
FTS,ocds-h6vhtk-077ecb_092920-2026,Reinstatement works,"Roof Reconstruction and Superstructure Repair Work Following Fire Damage at 23 Norfolk Drive, Attleborough, Norfolk. NR17 1QW",Flagship Housing Limited,,,GBP,2026-10-01,,award,complete,,https://www.find-tender.service.gov.uk/Notice/092920-2026,2026-10-01T14:08:42.854188+00:00
FTS,ocds-h6vhtk-069e4c_092919-2026,Arboriculture and Landscape Services,"The Borough Council of King’s Lynn and West Norfolk intends to form a Framework Agreement covering 2 separate lots for Arboricultural and Landscape Services. 
Lot 1: This service involves aspects of Arboricultural work including work to trees that require climbing in order to carry out maintenance work.  The majority of programmed and reactive tree pruning and felling work will be awarded through this Lot.   
Lot 2: Emergency call out service 24 hours a day, 7 days a week to attend tree related ",Borough Council of Kings Lynn and West Norfolk,,,GBP,2026-10-01,,award,complete,,https://www.find-tender.service.gov.uk/Notice/092919-2026,2026-10-01T14:08:42.854191+00:00
FTS,ocds-h6vhtk-077c8d_092918-2026,National Apprenticeship Awards Sponsorship 2027-2029,"DWP intends to appoint, through an Open Procurement procedure, a supplier to provide sponsorship services for the National Apprenticeship Awards, to include the national and regional ceremonies. The successful organisation will support the Awards team in line with the National Apprenticeship Awards strategy and targets by providing sponsorship services to raise sponsorship & funding for the Awards from 2027 onwards.
DWP intends to let a 3 year contract, with 24 months of further optional extensi",Department for Work & Pensions,,375000.0,GBP,2026-10-01,2026-11-23,planningUpdate,planned,,https://www.find-tender.service.gov.uk/Notice/092918-2026,2026-10-01T14:08:42.854195+00:00
FTS,ocds-h6vhtk-077eca_092917-2026,CEFAS26-120 Statutory shellfish E.coli monitoring service for Shetland and Orkney,"Purpose of this engagement:
Cefas is undertaking market engagement to inform a future procurement for delivery of statutory microbiological monitoring services on behalf of Food Standards Scotland (FSS). This notice is not a call for competition or a commitment to procure. Its purpose is to help potential suppliers understand the anticipated requirement, test the deliverability of the proposed service model and provide an opportunity to raise technical, logistical, commercial and implementation ","CENTRE FOR ENVIRONMENT, FISHERIES AND AQUACULTURE SCIENCE",,600000.0,GBP,2026-10-01,,planning,planning,,https://www.find-tender.service.gov.uk/Notice/092917-2026,2026-10-01T14:08:42.854197+00:00
FTS,ocds-h6vhtk-077ec9_092916-2026,Child Focused Courts IDVA,Provision of Child Focused Courts IDVA,The Police and Crime Commissioner for Leicestershire,,230574.0,GBP,2026-10-01,2026-10-22,tender,active,,https://www.find-tender.service.gov.uk/Notice/092916-2026,2026-10-01T14:08:42.854200+00:00
FTS,ocds-h6vhtk-077ec8_092915-2026,Phase 2 Salesforce improvements- Access integration,"Following the completion of the Salesforce Health Check
completed in 2026, there has been an opportunity identified
and scoped to integrate the Authority's Salesforce and
Access Financials systems.",Government Actuary's Department,,,GBP,2026-10-01,,award,complete,72266000,https://www.find-tender.service.gov.uk/Notice/092915-2026,2026-10-01T14:08:42.854202+00:00
FTS,ocds-h6vhtk-077ec7_092914-2026,Endoscopy Software Support System,Renewal of Solus endoscopy software support,MID CHESHIRE HOSPITALS NHS FOUNDATION TRUST,,,GBP,2026-10-01,,award,complete,,https://www.find-tender.service.gov.uk/Notice/092914-2026,2026-10-01T14:08:42.854204+00:00
FTS,ocds-h6vhtk-077ec6_092913-2026,DBTH STW520 Image Exchange Portal (IEP) Service Charge,DBTH STW520 Image Exchange Portal (IEP) Service Charge - Digital Transformation,Doncaster and Bassetlaw Teaching Hospitals NHS Foundation Trust,,,GBP,2026-10-01,,award,complete,,https://www.find-tender.service.gov.uk/Notice/092913-2026,2026-10-01T14:08:42.854206+00:00
FTS,ocds-h6vhtk-077ec5_092912-2026,Quayside West - bespoke professional advice,"To provide specialist professional advice and guidance to Homes England to inform their development strategy at Quayside West, Newcastle.",Homes England (the name adopted by the Homes and Communities Agency),,,GBP,2026-10-01,,award,complete,,https://www.find-tender.service.gov.uk/Notice/092912-2026,2026-10-01T14:08:42.854208+00:00
FTS,ocds-h6vhtk-077ec4_092911-2026,Educational Psychology assessments to identify and diagnose  Specific Learning Difficulties,"This is an Invitation to tender for the provision of Educational Psychology assessments to identify and diagnose Specific Learning Difficulties (including dyslexia) for students in a higher education 
setting, using an evidence-based approach (which may include observation, standardised testing and interviews) to identify strengths and support needs. 
Full tender information information available on our Intend Portal https://in-tendhost.co.uk/salford/aspx/Home",University of Salford,,,GBP,2026-10-01,2026-10-29,tender,active,,https://www.find-tender.service.gov.uk/Notice/092911-2026,2026-10-01T14:08:42.854211+00:00
FTS,ocds-h6vhtk-06c1fa_092910-2026,Enterprise Network Modernisation & Multi-Site Infrastructure Support,,,,,GBP,2026-10-01,,tenderCancellation,complete,,https://www.find-tender.service.gov.uk/Notice/092910-2026,2026-10-01T14:08:42.854215+00:00
FTS,ocds-h6vhtk-056241_092909-2026,Escorting and Related Services,"**This Planned Procurement Notice is issued for information only, to update the market on anticipated procurement timescales. It does not invite requests to participate or the submission of tenders.**
Provision of in-country and overseas Escorting, including related services, to transport detained individuals to and from various locations including but not limited to Immigration Removal Centres (IRCs), air and sea ports, Holding Rooms, Residential Short Term Holding Facilities, and overseas to o",Home Office,,1201000000.0,GBP,2026-10-01,2027-06-04,planningUpdate,planned,,https://www.find-tender.service.gov.uk/Notice/092909-2026,2026-10-01T14:08:42.854218+00:00
FTS,ocds-h6vhtk-077ec3_092908-2026,Quantum data renewal,"The quantum insider is a market intelligence platform for the quantum sector. The data is used ot support the Office for Quantum's policy work, including regular investment reporting and tracking foreign government actvity in the quantum sector.","Department for Science, Innovation & Technology",,,GBP,2026-10-01,,award,complete,,https://www.find-tender.service.gov.uk/Notice/092908-2026,2026-10-01T14:08:42.854221+00:00
FTS,ocds-h6vhtk-077ec2_092907-2026,PLA26167 Bay of Lights 2026 – Ice Rink Marquee Provider,Marquee provision and associated services for Bay of Lights 2026 Ice Rink,Torbay Council,,,GBP,2026-10-01,,award,complete,,https://www.find-tender.service.gov.uk/Notice/092907-2026,2026-10-01T14:08:42.854223+00:00
FTS,ocds-h6vhtk-077ec1_092906-2026,MAINTENANCE OF GENT / HONEYWELL FIRE ALARM SYSTEMS,The Service Maintenance of Gent/Honeywell Fire Alarm Systems at Castle Hill Hospital.,HULL UNIVERSITY TEACHING HOSPITALS NHS TRUST,,,GBP,2026-10-01,,award,complete,,https://www.find-tender.service.gov.uk/Notice/092906-2026,2026-10-01T14:08:42.854225+00:00
FTS,ocds-h6vhtk-077b2c_092905-2026,"Strategic Estates, Asset Management and Capital Project Consultancy Services","The Trust is seeking to appoint an experienced consultancy provider to deliver Strategic Estates, Asset Management and Capital Project Consultancy Services.
The successful supplier will act as the Trust's preferred consultancy partner, providing professional advice and support in the planning, development and delivery of estates strategies, asset management initiatives and capital projects across the Trust's portfolio of schools. The appointed supplier will work collaboratively with key stakehol",Maiden Erlegh Trust,,250000.0,GBP,2026-10-01,2026-10-29,tenderUpdate,active,,https://www.find-tender.service.gov.uk/Notice/092905-2026,2026-10-01T14:08:42.854228+00:00
FTS,ocds-h6vhtk-059971_092904-2026,Digital and Media Advertising,"New College is seeking to award a contract for Media Advertising provision. A full 2 stage tender exercise was carried out via the MultiQuote Portal, with multiple suppliers submitting bids.  All bids were evaluated against the evaluation criteria within the tender documents published.  Following the tender evaluation process, New College Durham decided to only Award Lot 2 - Media Advertising, and not Award Lot 1 - Digital Advertising.  Lot 1 - Digital Advertising will be retendered.  New Colleg",New College Durham,,,GBP,2026-10-01,,award,complete,,https://www.find-tender.service.gov.uk/Notice/092904-2026,2026-10-01T14:08:42.854231+00:00
FTS,ocds-h6vhtk-0648e2_092903-2026,Provision of Urgent Fixed Wire Testing,,"The Police, Fire and Crime Commissioner for Northamptonshire",,,GBP,2026-10-01,,contractAmendment,,,https://www.find-tender.service.gov.uk/Notice/092903-2026,2026-10-01T14:08:42.854233+00:00
FTS,ocds-h6vhtk-077ec0_092902-2026,Insulin Pumps & Consumables,Insulin pumps and consumables for diabetic patients,MID CHESHIRE HOSPITALS NHS FOUNDATION TRUST,,,GBP,2026-10-01,,award,complete,,https://www.find-tender.service.gov.uk/Notice/092902-2026,2026-10-01T14:08:42.854236+00:00
FTS,ocds-h6vhtk-06f533_092901-2026,External Planned Works for Social Housing 2027-29,"Folkestone and Hythe District Council (FHDC) wishes to select and appoint a suitable supplier for capital works to the external envelope of properties (such as repointing, re-rendering, structural remedies and associated works) and invites organisations to submit a tender to meet FHDC's requirements.
The specific requirements for the contract are detailed in the tender documents
The contract is anticipated to start 1 April 2027 and continue for a period of 2 years (with the option to extend for ",The District Council of Folkestone and Hythe,,1325000.0,GBP,2026-10-01,2026-10-26,tenderUpdate,active,,https://www.find-tender.service.gov.uk/Notice/092901-2026,2026-10-01T14:08:42.854240+00:00
FTS,ocds-h6vhtk-06f8a4_092900-2026,Merchant Acquiring Services,"Merchant Acquiring is an essential contract from a financial perspective as it is necessary to enable residents and customers to pay the council by debit and credit card, over £100m a year is collected by the council using this contract.
This service is a key part of the council’s support systems, and essential for the council to be able to collect payments by card as people expect in 2026. 
The contract helps enable the goals set out in the Customer Access Strategy to strive to make the online ",London Borough of Brent,,,GBP,2026-10-01,,awardUpdate,complete,,https://www.find-tender.service.gov.uk/Notice/092900-2026,2026-10-01T14:08:42.854245+00:00
FTS,ocds-h6vhtk-077ebf_092899-2026,One Manchester Tenants Contents Insurance  Oct 26,This contract award notice is to notify the market that One Manchester has appointed Ecclesiastical Insurance Office PLC for their Simple Tenants' Contents Insurance Scheme (2026-2030). This appointment has been made under the Northern Housing Consortium's Simple Tenants' Contents Insurance Scheme Framework. OCID (Open Contracting ID) Ref: ocds-h6vhtk-055721,ONE MANCHESTER LIMITED,,,GBP,2026-10-01,,award,complete,,https://www.find-tender.service.gov.uk/Notice/092899-2026,2026-10-01T14:08:42.854247+00:00
FTS,ocds-h6vhtk-077ebe_092898-2026,Financial and Purchase to Pay System,"Implementation and integration of a modern cloud-based Finance and Purchase to Pay solution to support core finance and end-to-end purchasing.
Contract Start Date - 1/10/2026
Contract End Date - 30/9/2029
Extension Option: 1 x 12 months available to 30/09/2030",Stockport Metropolitan Borough Council,,,GBP,2026-10-01,,award,complete,72260000,https://www.find-tender.service.gov.uk/Notice/092898-2026,2026-10-01T14:08:42.854249+00:00
FTS,ocds-h6vhtk-077ebd_092897-2026,Adaptations and Telecare Installations,"Occupational Therapy minor adaptations, Telecare installation services and Major Adaptations support services",Argyll and Bute Council,,,GBP,2026-10-01,,planning,planned,50700000,https://www.find-tender.service.gov.uk/Notice/092897-2026,2026-10-01T14:08:42.854253+00:00
FTS,ocds-h6vhtk-077ebc_092896-2026,Supply of Asphalt,"The supply and delivery of asphalt, SMA and HRA into the supply areas (identified by Council boundaries), and the collection from the suppliers' production site. All materials sourced under this contract are to assist Via East Midlands in the delivery of a variety of highway construction and maintenance projects across the county. Typical works include carriageway and footway reconstruction/resurfacing. 
Estimated annual spend for asphalt, SMA and HRA is £1.8m comprising approximately 1,000 orde",VIA EAST MIDLANDS LIMITED,,7200000.0,GBP,2026-10-01,2026-11-02,tender,active,,https://www.find-tender.service.gov.uk/Notice/092896-2026,2026-10-01T14:08:42.854255+00:00
FTS,ocds-h6vhtk-077ebb_092895-2026,Management Service Provider for Case Management Inventory (LSCMI) IT Application,"Scottish Ministers seek a Service Provider for the Management of a Level of Service Case Management Inventory (LSCMI) IT Application. This application includes a Level of  Risk and Serious harm of re-offending  Assessment and Management tool, along with hosting the Caledonian module and MF2C module. Both modules are used to record and assess those within these two rehabilitation programmes. The LSCMI Application is used by all 32 Scottish Local Authorities, and 17 Scottish Prison Establishments.",Scottish Government,,4200000.0,GBP,2026-10-01,,planning,planned,72222300,https://www.find-tender.service.gov.uk/Notice/092895-2026,2026-10-01T14:08:42.854258+00:00
FTS,ocds-h6vhtk-077eba_092894-2026,RFQ 2026/38 - NMANDD PEACEPLUS “Thriving Together” - Shared History & Culture Program - Hanna's Close,"Competent consultancy companies are hereby invited to tender to design, develop and deliver a shared history and culture programme that will increase participants’ knowledge and understanding of individual, family and collective history through the exploration of Hanna’s Close, a preserved Ulster-Scots clachan (settlement) in Aughnahoory, Kilkeel. The programme will place a particular emphasis on genealogy; tracing family connections linked to Hanna’s Close and examining patterns of emigration f","Newry, Mourne and Down District Council (NMD)",,8099.0,GBP,2026-10-01,2026-10-29,tender,active,,https://www.find-tender.service.gov.uk/Notice/092894-2026,2026-10-01T14:08:42.854260+00:00
FTS,ocds-h6vhtk-077eb9_092893-2026,Procurement of a new collections management and cataloguing,Procurement of a new collections management and cataloguing system as the current system will reach end-of-life in December 2027.,Staffordshire County Council,,,GBP,2026-10-01,,award,complete,,https://www.find-tender.service.gov.uk/Notice/092893-2026,2026-10-01T14:08:42.854262+00:00
FTS,ocds-h6vhtk-077eb8_092892-2026,DBTH National Joint Registry Annual Subscriptions,Mandated annual subscription - framework agreement - DBTH,Doncaster and Bassetlaw Teaching Hospitals NHS Foundation Trust,,,GBP,2026-10-01,,award,complete,,https://www.find-tender.service.gov.uk/Notice/092892-2026,2026-10-01T14:08:42.854265+00:00
FTS,ocds-h6vhtk-06b3ca_092891-2026,WCC - Library Refit Services Framework,"The County Council is seeking to develop an 8 Year Open multi-Supplier framework to procure uplift, refit, re-design & furniture restocking of Warwickshire libraries, as-and-when required.   
Warwickshire County Council's (WCCs) operates through a network of 18 statutory libraries which are directly managed by the County Council.  
The process aims to onboard a number of providers to create an approved framework supplier list.  It is hope that this will enable greater choice, versatility and com",Warwickshire County Council,,,GBP,2026-10-01,,award,complete,,https://www.find-tender.service.gov.uk/Notice/092891-2026,2026-10-01T14:08:42.854267+00:00
FTS,ocds-h6vhtk-077eb7_092890-2026,Diabetes Monitors,Supply of Dexcom G6/G7 monitors,MID CHESHIRE HOSPITALS NHS FOUNDATION TRUST,,,GBP,2026-10-01,,award,complete,,https://www.find-tender.service.gov.uk/Notice/092890-2026,2026-10-01T14:08:42.854270+00:00
FTS,ocds-h6vhtk-077eb6_092889-2026,Media Buying Agency,"To appoint a supplier or suppliers to provide paid media (digital and offline advertising) services to Affinity Water.
Affinity Water is seeking a strategic paid media supplier(s) to develop, plan, activate, optimise and evaluate an ongoing programme supporting Keep Life Flowing and our wider water saving and behaviour change activity. 
The programme must run throughout the year, supporting annual water reduction targets that reset on 1 April 2027. Activity must be ready to launch from April 202",AFFINITY WATER LIMITED,,6000000.0,GBP,2026-10-01,,tender,active,,https://www.find-tender.service.gov.uk/Notice/092889-2026,2026-10-01T14:08:42.854272+00:00
FTS,ocds-h6vhtk-077eb5_092888-2026,Creative Advertising Agency,"Services relating to advertising creative including:
• Brand narrative, strategy and planning
• Brand positioning and architecture
• Advertising creative
• Advertising production (TV and radio)
• Digital content and video production
• Social media advertising
• Behaviour change
We are looking to appoint a lead creative advertising partner to act as the creative custodian of our existing 'Keep Life Flowing' campaign, protecting its established visual identity, tone of voice, brand principles, cam",AFFINITY WATER LIMITED,,3200000.0,GBP,2026-10-01,,tender,active,,https://www.find-tender.service.gov.uk/Notice/092888-2026,2026-10-01T14:08:42.854275+00:00
FTS,ocds-h6vhtk-077eb4_092887-2026,DBTH - Establishment of Reset Programme,DBTH - Establishment of Reset Programme - Chief Exec,Doncaster and Bassetlaw Teaching Hospitals NHS Foundation Trust,,,GBP,2026-10-01,,award,complete,,https://www.find-tender.service.gov.uk/Notice/092887-2026,2026-10-01T14:08:42.854277+00:00
FTS,ocds-h6vhtk-077c27_092886-2026,OO Services - ArcGIS ESRI ELA TRANS (SAAS)- Multi Site 1029,"The ESRI Enterprise Licence Agreement provides the ArcGIS geographic information system (GIS) platform used across SSE Networks to capture, manage, analyse and visualise geospatial and asset location data. The service supports critical operational, engineering, planning and asset management activities, enabling users to manage network infrastructure, undertake spatial analysis, maintain asset location records and support regulatory and operational reporting requirements across Transmission and o",SSE SERVICES PLC,,,GBP,2026-10-01,,awardUpdate,complete,,https://www.find-tender.service.gov.uk/Notice/092886-2026,2026-10-01T14:08:42.854279+00:00
FTS,ocds-h6vhtk-06f18d_092885-2026,Provision of Quality Delivery Partner Services,"On behalf of the Ministry of Defence (MOD), the National Armaments Director Group (NADG) (previously known as Defence Equipment and Support (DE&S)) would like to formally engage with industry via this UK4 Notice, through the Defence Sourcing Portal (DSP) which can be found here: https://contracts.mod.uk/go/56376600019F17DB668E
The Chemical Biological Radiological Nuclear Team (CBRN) have a requirement to provide assurance and set standards to ensure that the Medical Countermeasures (MedCM) that ",Defence Equipment and Support,,5876000.0,GBP,2026-10-01,,tenderUpdate,active,,https://www.find-tender.service.gov.uk/Notice/092885-2026,2026-10-01T14:08:42.854282+00:00
FTS,ocds-h6vhtk-077eb3_092884-2026,STH - External Debt Collection Services,Provision of External Debt Collection Agency Services,Sheffield Teaching Hospitals NHS Foundation Trust,,140000.0,GBP,2026-10-01,2026-10-26,tender,active,,https://www.find-tender.service.gov.uk/Notice/092884-2026,2026-10-01T14:08:42.854286+00:00
FTS,ocds-h6vhtk-06598a_092883-2026,London Kings Cross & St Pancras (Platforms A&B) - Mechanical & Electrical,"The framework will deliver reactive and planned preventative maintenance (PPM)  mechanical and electrical (M&E) maintenance at Kings Cross & St Pancras (Platforms A&B) stations, including maintenance for the Power Signal Box (PSB) at Kings Cross.",NETWORK RAIL INFRASTRUCTURE LIMITED,,,GBP,2026-10-01,,award,complete,,https://www.find-tender.service.gov.uk/Notice/092883-2026,2026-10-01T14:08:42.854288+00:00
FTS,ocds-h6vhtk-06ee4d_092882-2026,Grimsby Dock Tower Restoration,"The Grimsby Dock Tower is a Grade I listed landmark within the Port of Grimsby and one of the UK's most significant maritime heritage structures. Associated British Ports (ABP) is seeking to appoint a suitably qualified contractor to undertake repair, conservation and refurbishment works to preserve the Tower's historic fabric, address identified structural and building defects, and safeguard the asset for future generations. The project will require extensive experience of working on complex he",ASSOCIATED BRITISH PORTS,,,GBP,2026-10-01,,tender,active,,https://www.find-tender.service.gov.uk/Notice/092882-2026,2026-10-01T14:08:42.854290+00:00
FTS,ocds-h6vhtk-077eb2_092881-2026,ES RDE 094 - Water Environment Value Implementation,"Environment Agency Self-Service Direct Award.
The purpose of this contract is to integrate the new Water Environment Benefits (WEB) values across the Environment Agency's key valuation and appraisal tools, including the Common Valuation Framework (CVF), Natural Capital and Evidence Metrics (NCEM),  Economic Appraisal for Chemicals at Sewage Treatment Works tool (CMPR19), Natural Capital Register and account tool (NCRAT), Regulation19 (Reg19), and Bathing Water Feasibility Model.",ENVIRONMENT AGENCY,,,GBP,2026-10-01,,award,complete,,https://www.find-tender.service.gov.uk/Notice/092881-2026,2026-10-01T14:08:42.854292+00:00
FTS,ocds-h6vhtk-077eb1_092880-2026,St Catherine’s CofE Primary School ~ Cleaning Tender,"The successful Supplier will be required to provide cleaning services for St Catherine’s CofE Primary School.
The annual contract value is approximately £78,000. The initial contract term will be three years, commencing on 1 December 2026 and concluding on 30 November 2029. The contract will operate on a guaranteed performance basis, with the successful Supplier providing a fixed annual contract price. There will be an option to extend the contract for a further period of up to three years by mu",St Catherine's CofE Primary School,,,GBP,2026-10-01,2026-10-30,tender,active,,https://www.find-tender.service.gov.uk/Notice/092880-2026,2026-10-01T14:08:42.854296+00:00
FTS,ocds-h6vhtk-06b600_092879-2026,Post Office Branch - Merchant Street,,,,,GBP,2026-10-01,,tenderCancellation,complete,,https://www.find-tender.service.gov.uk/Notice/092879-2026,2026-10-01T14:08:42.854298+00:00
FTS,ocds-h6vhtk-077eb0_092878-2026,HARROGATE NEIGHBOURHOOD DEVELOPMENT PLAN CONSULTANCY SERVICES,To provide Neighbourhood Development Plan Consultancy Services from the start of the Public Consultation on the draft Policy Intentions Document through to the final Referendum.,Harrogate Town Council,,42000.0,GBP,2026-10-01,2026-10-23,tender,active,,https://www.find-tender.service.gov.uk/Notice/092878-2026,2026-10-01T14:08:42.854300+00:00
FTS,ocds-h6vhtk-077eaf_092877-2026,P1172 - Provision of Taxi Services (Causeway and West Area),Tenders are invited for the provision of Taxi Services for Causeway and West Area for delivering transport arrangements for homeless applicants from the local offices to the temporary placement accommodation as described in the Specification and in accordance with the Housing Executive’s Conditions of Contract included with the Tender Documentation.,Northern Ireland Housing Executive,,200000.0,GBP,2026-10-01,2026-10-26,tender,active,,https://www.find-tender.service.gov.uk/Notice/092877-2026,2026-10-01T14:08:42.854302+00:00
FTS,ocds-h6vhtk-077eae_092876-2026,Leadership Development Programme,Leadership Development Programme for financial year 2026/2027,MID CHESHIRE HOSPITALS NHS FOUNDATION TRUST,,,GBP,2026-10-01,,award,complete,,https://www.find-tender.service.gov.uk/Notice/092876-2026,2026-10-01T14:08:42.854304+00:00
FTS,ocds-h6vhtk-059971_092875-2026,Digital and Media Advertising,"New College Durham issued the UK2 - Pre-Market Engagement Notice in relation to this tender opportunity.  The Tender was issued via the Multiquote portal.  The tender notice was published on the contracts finder site, but later found to have failed on Find A Tender site.  All suppliers registering their interest from the UK2 - Pre-Market Engagement Notice were invited to participate in the tender opportunity.  Despite receiving a confirmation that the notice has been published on the Find a Tend",New College Durham,,,GBP,2026-10-01,,award,complete,,https://www.find-tender.service.gov.uk/Notice/092875-2026,2026-10-01T14:08:42.854305+00:00
FTS,ocds-h6vhtk-06b227_092874-2026,Kent Test (11+) Examination Services,"Kent County Council intends to appoint a provider for the provision of services to support the development, production, administration and delivery of countywide Kent Test (11+) assessment process, including test material production, secure distribution, marking, results processing, and associated operational support for Kent County Council's secondary school admissions process.
The contract will commence on 2nd November 2026, for an initial period of two years, with up to two optional 12 months",Kent County Council,,,GBP,2026-10-01,,award,complete,,https://www.find-tender.service.gov.uk/Notice/092874-2026,2026-10-01T14:08:42.854307+00:00
FTS,ocds-h6vhtk-0776b6_092873-2026,Document Controller Services,"the provision of a document controller to support capital projects
at a  value of £43,488.50 excluding VAT",Government Property Agency,,,GBP,2026-10-01,,award,complete,,https://www.find-tender.service.gov.uk/Notice/092873-2026,2026-10-01T14:08:42.854310+00:00
FTS,ocds-h6vhtk-06ca70_092872-2026,Centralised Civil Service Learning and Training Services,"On 20 January 2026, the Chief Secretary to the Prime Minister announced that a new National School of Government and Public Services (the ""National School"") would be established.
The National School, led by the Cabinet Office, will drive a new approach to delivering skills across the Civil Service and will be responsible for training across the Civil Service, providing high quality learning and development, including in priorities such as digital and artificial intelligence, leadership and manag",Cabinet Office,,,GBP,2026-10-01,,award,complete,,https://www.find-tender.service.gov.uk/Notice/092872-2026,2026-10-01T14:08:42.854312+00:00
FTS,ocds-h6vhtk-077ead_092871-2026,Private Sector Housing Officers,Appointment of two Private Sector Housing Officers,"Bournemouth, Christchurch and Poole Council",,,GBP,2026-10-01,,award,complete,,https://www.find-tender.service.gov.uk/Notice/092871-2026,2026-10-01T14:08:42.854314+00:00
FTS,ocds-h6vhtk-059458_092870-2026,Statutory Technical Asset Repository,"Cadent currently stores asset drawing records on a shared drive solution, which has proven to be inefficient and prone to human error. This introduces risks to the quality and completeness of asset documentation. The existing manual process for managing and updating asset records creates operational inefficiencies and lacks scalability.
To address these challenges, Cadent seeks to implement a scalable, fully digitised, and automated Asset Record Management System that supports future growth.
The",CADENT GAS LIMITED,,,GBP,2026-10-01,,award,complete,,https://www.find-tender.service.gov.uk/Notice/092870-2026,2026-10-01T14:08:42.854317+00:00
FTS,ocds-h6vhtk-07769a_092869-2026,Information Manager,"Provision of information management services to support capital projects £64,224.23 excluding VAT",Government Property Agency,,,GBP,2026-10-01,,award,complete,,https://www.find-tender.service.gov.uk/Notice/092869-2026,2026-10-01T14:08:42.854320+00:00
FTS,ocds-h6vhtk-077eac_092868-2026,City Cordon Surveys 2026,"Annual City cordon surveys we're hired to undertake by the City Council, comprising a series of manual and video surveys around the Outer Ring Road, Central Traffic Zone, and City Centre Cordon.",Leicestershire County Council,,,GBP,2026-10-01,,award,complete,,https://www.find-tender.service.gov.uk/Notice/092868-2026,2026-10-01T14:08:42.854322+00:00
FTS,ocds-h6vhtk-077eab_092867-2026,Domestic Abuse Refuge Service,Provision of refuge accommodation and support services for people at risk of or survivors of domestic abuse across Richmond and Wandsworth.,London Borough of Richmond upon Thames,,,GBP,2026-10-01,,award,complete,,https://www.find-tender.service.gov.uk/Notice/092867-2026,2026-10-01T14:08:42.854324+00:00
FTS,ocds-h6vhtk-077eaa_092866-2026,HEY LNRS Monitoring and Reporting,Monitoring and reporting work and data submissions for the Hull and East Yorkshire Local Nature Recovery Strategy (HEY LNRS).,East Riding of Yorkshire Council,,,GBP,2026-10-01,,award,complete,,https://www.find-tender.service.gov.uk/Notice/092866-2026,2026-10-01T14:08:42.854326+00:00
FTS,ocds-h6vhtk-077ea9_092865-2026,Local Wildlife Sites Service,"Annual provision of ecological data management. These include
management of LWS system data, GIS data, mapping, species
data and landowner liaison, development control data searches, the provision of Defra Local sites, and 160 indictor data process.",East Riding of Yorkshire Council,,,GBP,2026-10-01,,award,complete,,https://www.find-tender.service.gov.uk/Notice/092865-2026,2026-10-01T14:08:42.854328+00:00
FTS,ocds-h6vhtk-077ea8_092864-2026,ITS Silver Command Support,"WMCA requires a time-bound, part-time Silver Command lead to provide senior operational leadership for the ITS World Congress 2027, acting as the link between Gold governance and Bronze delivery teams while overseeing stakeholder engagement, programme integration, risk management, commercial assurance, and delivery coordination through to the Congress in October 2027.",West Midlands Combined Authority,,,GBP,2026-10-01,,award,complete,79421000,https://www.find-tender.service.gov.uk/Notice/092864-2026,2026-10-01T14:08:42.854330+00:00
FTS,ocds-h6vhtk-055626_092863-2026,Station Advertising,"The requirement is for a Concessionaire to maintain, manage, operate and exploit advertising space at stations within the scope of the concession contract.
The scope of the concession opportunity is described in this tender notice and the associated tender documents. It is intended to include advertising space at stations operated by Network Rail and participating Department for Transport Operator (DFTO) train operating companies, recognising that these organisations are expected to transition i",NETWORK RAIL INFRASTRUCTURE LIMITED,,1900000000.0,GBP,2026-10-01,2026-11-20,tenderUpdate,active,,https://www.find-tender.service.gov.uk/Notice/092863-2026,2026-10-01T14:08:42.854332+00:00
FTS,ocds-h6vhtk-077ea7_092862-2026,Independent Visitors Service,The Council is seeking a London Based Provider to recruit and match volunteer Independent Visitors from the community to befriend children and young people placed both inside and outside of Hackney.This procurement will be limited by geographical location to providers whose main economic activity is delivered within London.,London Borough of Hackney,,477998.0,GBP,2026-10-01,2026-11-09,tender,active,,https://www.find-tender.service.gov.uk/Notice/092862-2026,2026-10-01T14:08:42.854334+00:00
FTS,ocds-h6vhtk-066174_092861-2026,Special Educational Needs and Disabilities (SEND) and Inclusion Continuing Professional Development (CPD) Framework,"The Department for Education (DfE) is procuring a Special Educational Needs and Disabilities (SEND) and Inclusion Continuing Professional Development (CPD) Framework to support the Government's investment in workforce development and SEND reform across the education sector. The Framework will establish a route to market for the development and delivery of high-quality SEND and inclusion CPD services for education professionals and support future requirements during the Framework term. 
The Frame",Department for Education,,624800000.0,GBP,2026-10-01,2026-10-29,tenderUpdate,active,,https://www.find-tender.service.gov.uk/Notice/092861-2026,2026-10-01T14:08:42.854336+00:00
FTS,ocds-h6vhtk-077910_092860-2026,"Harnessing geological diversity for species recovery, ecological connectivity, and climate resilience","This pilot project will improve recovery prospects for species with tightly defined geologies by identifying where they can persist or expand under climate change. It will seek to enhance Natural England's climate suitability maps with geological data to identify future strongholds and connectivity corridors. For identified species, ecological and geological knowledge will be collated; and it is anticipated that for a subset, field surveys will document fine-scale site conditions (e.g. slope, hy",Natural England,,20833.0,GBP,2026-10-01,2026-10-07,tenderUpdate,active,,https://www.find-tender.service.gov.uk/Notice/092860-2026,2026-10-01T14:08:42.854342+00:00
FTS,ocds-h6vhtk-05946d_092859-2026,Extra Care Services in Rushcliffe,,,,,GBP,2026-10-01,,contractTermination,,,https://www.find-tender.service.gov.uk/Notice/092859-2026,2026-10-01T14:08:42.854344+00:00
FTS,ocds-h6vhtk-06f8a4_092858-2026,Merchant Acquiring Services,"Merchant Acquiring is an essential contract from a financial perspective as it is necessary to enable residents and customers to pay the council by debit and credit card, over £100m a year is collected by the council using this contract.
This service is a key part of the council's support systems, and essential for the council to be able to collect payments by card as people expect in 2026.
The contract helps enable the goals set out in the Customer Access Strategy to strive to make the online c",London Borough of Brent,,,GBP,2026-10-01,,award,complete,,https://www.find-tender.service.gov.uk/Notice/092858-2026,2026-10-01T14:08:42.854347+00:00
FTS,ocds-h6vhtk-050a05_092857-2026,ID 6251236 - PSNI - Provision of NIRSP/PSNI FPPC Support Services,"The Police Service of Northern Ireland (PSNI) seek to appoint a Supplier to provide support services to the Northern Ireland Road Safety Partnership (NIRSP) and PSNI Fixed Penalty Processing Centre (FPPC). The NIRSP evolved from the Northern Ireland Safety Camera Scheme which was introduced into Northern Ireland on 1st July 2003. NIRSP/FPPC operates a mixed economy approach to resources with the PSNI employing a management team, which has responsibility for the governance and oversight of the da",Police Service of Northern Ireland (PSNI),,16000000.0,GBP,2026-10-01,2026-10-26,tender,active,,https://www.find-tender.service.gov.uk/Notice/092857-2026,2026-10-01T14:08:42.854349+00:00
FTS,ocds-h6vhtk-06fab9_092856-2026,PROVISION OF INDEPENDENT ASSESSMENT OF FINANCIAL VIABILITY APPRAISALS SUBMITTED IN SUPPORT OF PLANNING APPLICATIONS AND APPEALS,"The service requirement is for the provision of independent assessment of financial viability reports in support of planning applications and appeals.
Planning and Development in the PP&S directorate are responsible for making decisions on submitted planning applications as well as defending appeals across the City Council's administrative area.
The planning applications requiring assessment include a wide variety of submissions of varying scales including residential, commercial and mixed-use s",Birmingham City Council,,,GBP,2026-10-01,,award,complete,,https://www.find-tender.service.gov.uk/Notice/092856-2026,2026-10-01T14:08:42.854351+00:00
FTS,ocds-h6vhtk-0562b3_092855-2026,Pump Track,Pump track as per contracted specification,Dalton Parish Council,,,GBP,2026-10-01,,award,complete,,https://www.find-tender.service.gov.uk/Notice/092855-2026,2026-10-01T14:08:42.854353+00:00
FTS,ocds-h6vhtk-067f27_092854-2026,UKRI-5981 1894 Building Stone Repairs,,UK Research & Innovation (UKRI),,,GBP,2026-10-01,,contractAmendment,,,https://www.find-tender.service.gov.uk/Notice/092854-2026,2026-10-01T14:08:42.854355+00:00
FTS,ocds-h6vhtk-033c20_092853-2026,Vital Signs Monitors and Associated Equipment,,Regional Business Services Organisation Procurement and Logistics Service,,,GBP,2026-10-01,,awardUpdate,,33000000,https://www.find-tender.service.gov.uk/Notice/092853-2026,2026-10-01T14:08:42.854357+00:00
FTS,ocds-h6vhtk-060925_092852-2026,Child Exploitation Specialist Support Service,"The Council is seeking to commission an experienced Provider for the delivery of an outcome focussed, high quality and child-centred Child Sexual Exploitation (CSE) and Child Criminal Exploitation (CCE) support service, which will include support for care leavers up to the age of 25.
The Council is seeking bids that offer value for money through efficiency and innovative thinking, and Bidders will be required to identify the level of service (hours) that will be provided for the funds available.",Nottinghamshire County Council,,,GBP,2026-10-01,,award,complete,,https://www.find-tender.service.gov.uk/Notice/092852-2026,2026-10-01T14:08:42.854359+00:00
FTS,ocds-h6vhtk-069574_092851-2026,All Age Advocacy Services,"Suffolk County Council is seeking tenders from sufficiently experienced and qualified contractors for the provision of All Age Advocacy Service.
The Suffolk Independent All Age Advocacy Service to provide an integrated, high quality, flexible and cost-effective advocacy service which meets all the statutory requirements placed on Suffolk County Council  for the provision of independent advocacy for adults, children and young people.
The maximum contract value is £5,438,400 exclusive of VAT for t",Suffolk County Council,,5438400.0,GBP,2026-10-01,2026-10-29,tenderUpdate,active,,https://www.find-tender.service.gov.uk/Notice/092851-2026,2026-10-01T14:08:42.854361+00:00
FTS,ocds-h6vhtk-077ea6_092850-2026,HBC 0926 Aberford Skatepark,"Hertsmere Borough Council are currently seeking tenders for the provision of the refurbishment and extension of the Skatepark at Aberford Park in Borehamwood.  The skatepark is not suitable for beginners so lower and achievable ramps with a mix of bigger and challenging elements is required as well as changes in elevation and smooth surfaces.  Improvements could include a variety of routes within the skatepark tailored to different abilities.  The tender will not be split into lots.
The tender d",Hertsmere Borough Council,,300000.0,GBP,2026-10-01,2026-11-16,tender,active,,https://www.find-tender.service.gov.uk/Notice/092850-2026,2026-10-01T14:08:42.854364+00:00
FTS,ocds-h6vhtk-06861b_092849-2026,EC1089 Student Block Contents Insurance,The University of Edinburgh (UoE) appointed a Supplier to provide Student Block Contents Insurance for up to 7 years.,University Of Edinburgh,,,GBP,2026-10-01,,award,complete,66510000,https://www.find-tender.service.gov.uk/Notice/092849-2026,2026-10-01T14:08:42.854368+00:00
FTS,ocds-h6vhtk-077ea5_092848-2026,DBTH BL Stellaris Machines,DBTH BL Stellaris Machines - MTS,Doncaster and Bassetlaw Teaching Hospitals NHS Foundation Trust,,,GBP,2026-10-01,,award,complete,,https://www.find-tender.service.gov.uk/Notice/092848-2026,2026-10-01T14:08:42.854371+00:00
FTS,ocds-h6vhtk-06b4ce_092847-2026,Priory Park - Park & Ride Service,"Hull City Council (The Authority) is seeking tenders from interested organisations for a service operator to provide the Priory Park – Park & Ride Services (Kingston upon Hull). Journeys must operate between 06:30 – 09:00 & 14:30 – 19:00, 5 days per week (Mon - Fri). The tender is an open procedure consisting of a one stage process. The contract is anticipated to commence 29 March 2027,ending by 29 March 2029 with an option to extend for a period of 12 months. The Authority has estimated the val",Hull City Council,,360000.0,GBP,2026-10-01,2026-10-27,tender,active,,https://www.find-tender.service.gov.uk/Notice/092847-2026,2026-10-01T14:08:42.854373+00:00
FTS,ocds-h6vhtk-077ea4_092846-2026,SBC Software Assurance and UC Support,Session Border Controller Software Edition Assurance support,Police And Crime Commissioner For Durham,,,GBP,2026-10-01,,award,complete,48000000,https://www.find-tender.service.gov.uk/Notice/092846-2026,2026-10-01T14:08:42.854375+00:00
FTS,ocds-h6vhtk-077ea3_092845-2026,0,"This project is for the delivery of a fully managed IT service to run and support of the IOPC IT systems and infrastructure on a day-to-day basis. It involves:
	Providing 24/7 IT support
	Managing servers, cloud services (Azure), and data centres
	Monitoring systems to prevent issues before they happen
	Keeping systems secure, patched, and compliant
	Ensuring backup, recovery, and disaster readiness
	Working within the customer’s processes and reporting regularly.",Home Office,,,GBP,2026-10-01,,award,cancelled,72212200,https://www.find-tender.service.gov.uk/Notice/092845-2026,2026-10-01T14:08:42.854377+00:00
FTS,ocds-h6vhtk-06cc1f_092844-2026,Temporary and Permanent Recruitment Agencies Framework,Mhs homes is procuring a Framework pursuant to which it is envisaged that contracts will be awarded to Suppliers appointed to the Framework for the provision of Temporary and Permanent Recruitment Agencies. The Framework will be divided into the following lots based on the roles and vacancies to be fulfilled under each.,mhs homes group,,,GBP,2026-10-01,,award,complete,,https://www.find-tender.service.gov.uk/Notice/092844-2026,2026-10-01T14:08:42.854379+00:00
FTS,ocds-h6vhtk-077ea2_092843-2026,Maintenance Contract Neuromate and NeuroInspire,"Maintenance Contract Neuromate and NeuroInspire September 2026 – 31
August 2027",The Walton Centre NHS Foundation Trust,,,GBP,2026-10-01,,award,complete,,https://www.find-tender.service.gov.uk/Notice/092843-2026,2026-10-01T14:08:42.854380+00:00
FTS,ocds-h6vhtk-077e9e_092842-2026,Bus Lane Enforcement Cameras maintenance,"Coventry City Council intends to award this contract directly to Yunex Ltd pursuant to Section 41 of the Procurement Act 2023 and Schedule 5, Paragraph 6 (absence of competition for technical reasons).
The Council has an existing network of Automatic Number Plate Recognition (ANPR) cameras that form part of its current traffic management infrastructure. Yunex Ltd owns the intellectual property rights associated with these systems and is the only supplier with the technical capability and proprie",Coventry City Council,,,GBP,2026-10-01,,award,complete,,https://www.find-tender.service.gov.uk/Notice/092842-2026,2026-10-01T14:08:42.854382+00:00
FTS,ocds-h6vhtk-077ea1_092841-2026,Sophos Anti-Virus,Sophos Anti-Virus,NHS Wales Shared Services Partnership-Procurement Services (hosted by Velindre University NHS Trust),,,GBP,2026-10-01,,award,complete,48200000,https://www.find-tender.service.gov.uk/Notice/092841-2026,2026-10-01T14:08:42.854384+00:00
FTS,ocds-h6vhtk-077ea0_092840-2026,Bideford Public Artwork Project,Supply and delivery of Bideford Public Artwork.,Torridge District Council,,,GBP,2026-10-01,,award,complete,,https://www.find-tender.service.gov.uk/Notice/092840-2026,2026-10-01T14:08:42.854388+00:00
FTS,ocds-h6vhtk-077e9f_092839-2026,Workforce Solutions,Bank and Agency Demand Solutions,MID CHESHIRE HOSPITALS NHS FOUNDATION TRUST,,,GBP,2026-10-01,,award,complete,,https://www.find-tender.service.gov.uk/Notice/092839-2026,2026-10-01T14:08:42.854390+00:00
FTS,ocds-h6vhtk-077e9e_092838-2026,Bus Lane Enforcement Cameras maintenance,"Coventry City Council intends to award this contract directly to Yunex Ltd pursuant to Section 41 of the Procurement Act 2023 and Schedule 5, Paragraph 6 (absence of competition for technical reasons).
The Council has an existing network of Automatic Number Plate Recognition (ANPR) cameras that form part of its current traffic management infrastructure. Yunex Ltd owns the intellectual property rights associated with these systems and is the only supplier with the technical capability and proprie",Coventry City Council,,,GBP,2026-10-01,,award,complete,,https://www.find-tender.service.gov.uk/Notice/092838-2026,2026-10-01T14:08:42.854392+00:00
FTS,ocds-h6vhtk-077e9d_092837-2026,Client Transport Services 2026 - 2034 - SEND,Client Transport Services 2026 - 2034 - Lot 2 Enhanced Needs Transport - Taxi/MPV (1-8 passenger seats) with PA - SEND,Surrey County Council,,,GBP,2026-10-01,,award,complete,,https://www.find-tender.service.gov.uk/Notice/092837-2026,2026-10-01T14:08:42.854394+00:00
FTS,ocds-h6vhtk-069574_092836-2026,All Age Advocacy Services,"Suffolk County Council is seeking tenders from sufficiently experienced and qualified contractors for the provision of All Age Advocacy Service.
The Suffolk Independent All Age Advocacy Service to provide an integrated, high quality, flexible and cost-effective advocacy service which meets all the statutory requirements placed on Suffolk County Council  for the provision of independent advocacy for adults, children and young people.
The maximum contract value is £5,438,400 exclusive of VAT for t",Suffolk County Council,,5438400.0,GBP,2026-10-01,2026-10-29,tenderUpdate,active,,https://www.find-tender.service.gov.uk/Notice/092836-2026,2026-10-01T14:08:42.854396+00:00
FTS,ocds-h6vhtk-077e9c_092835-2026,MGN288 - Review of Supply Chain & Stores,"Magna is seeking an experienced consultancy partner to undertake an independent review of the supply chain, stores and warehouse operations that support the organisation. Whilst the primary focus will be on the procurement, storage and distribution of materials supporting Response Repairs, the review should also consider opportunities to improve stock management, demand planning and inventory processes across all services that utilise stores and materials. 
The review is intended to provide a co",Magna Housing,,,GBP,2026-10-01,2026-10-30,tender,active,,https://www.find-tender.service.gov.uk/Notice/092835-2026,2026-10-01T14:08:42.854398+00:00
Contracts Finder,ocds-b5fd17-99309af0-f32a-4763-8e89-5522e11fc990_ea8722fc-4f04-4469-a469-04aa843d36c7-916088,Lift Maintenance,Lift Maintenance - GHC,Gloucestershire Health and Care NHS Foundation Trust,,153673.47,GBP,2026-09-30,2026-10-31,award,complete,50700000,https://www.contractsfinder.service.gov.uk/Notice/ea8722fc-4f04-4469-a469-04aa843d36c7-916088,2026-10-01T14:08:46.616973+00:00
Contracts Finder,ocds-b5fd17-c5f9df98-f48a-471f-8fce-8cee45ea1e27_ddf707f8-a762-422a-add7-384a1809bf94-914282,SFO/Comms/LexisNexis/DF,"Direct award based on existing supplier and service supplied.  3 year subscription to legal news and analysis service.

Costs do not include VAT.",SERIOUS FRAUD OFFICE,,14072.76,GBP,2026-09-30,2026-08-06,award,complete,79980000,https://www.contractsfinder.service.gov.uk/Notice/ddf707f8-a762-422a-add7-384a1809bf94-914282,2026-10-01T14:08:46.617100+00:00
Contracts Finder,ocds-b5fd17-47cc42e8-9198-45f1-82d4-c59dcd15c107_91a1dafe-862f-4ea4-a18a-40726d162d3a-916087,Security / Manguarding 2026,Award of contract for Security/Manguarding Services,The Royal Borough of Kingston upon Thames,,882296.0,GBP,2026-09-30,2026-06-05,award,complete,79710000,https://www.contractsfinder.service.gov.uk/Notice/91a1dafe-862f-4ea4-a18a-40726d162d3a-916087,2026-10-01T14:08:46.617195+00:00
Contracts Finder,ocds-b5fd17-4f6efe02-0dcd-49a6-abf2-f5024a3a71e4_f3f44ff0-99b7-4488-9bca-533fa4d9847e-916086,EA and Technical Assurance Services for the Meridian Water SIW,"Employer's agent services, including client's agent, NEC project management during construction, design assurance services, commercial and claim management services to support the delivery of the Strategic Infrastructure Works at Meridian Water.",London Borough of Enfield,,1323652.91,GBP,2026-09-30,2026-09-04,award,complete,71541000,https://www.contractsfinder.service.gov.uk/Notice/f3f44ff0-99b7-4488-9bca-533fa4d9847e-916086,2026-10-01T14:08:46.617285+00:00
Contracts Finder,ocds-b5fd17-47a5fc3b-3ab9-4eeb-bd09-8629b6d97dab_45af23cf-8630-4eda-868d-8826d6bdc0e2-916085,WHHT - Replacement of H Block Boilers,Contract for Replacement of H Block Boilers. This was a direct award under the GCA LVPS framework RM6237.,West Hertfordshire Hospitals NHS Trust,81000.0,84000.0,GBP,2026-09-30,2026-09-24,award,complete,45331110,https://www.contractsfinder.service.gov.uk/Notice/45af23cf-8630-4eda-868d-8826d6bdc0e2-916085,2026-10-01T14:08:46.617375+00:00
Contracts Finder,ocds-b5fd17-242540b7-1882-4363-a1f0-41d22104f7a7_9b7f326d-4f5b-47f3-8892-2085230713d7-916084,Lebanese Armed Forces Border Security Support,"This contract will deliver infrastructure, training, mentoring, logistics and vehicle sustainment, and strategic and operational support to the Lebanese Armed Forces (LAF), strengthening border security, enhancing state authority, and supporting stability and conflict mitigation across Lebanon in a complex and evolving security environment.
The requirement will primarily support LAF activities along the Lebanese-Syrian border, with flexibility to support authorised activity in Southern Lebanon,",Foreign Commonwealth and Development Office,3000000.0,5000000.0,GBP,2026-09-30,2026-08-31,award,complete,75211300,https://www.contractsfinder.service.gov.uk/Notice/9b7f326d-4f5b-47f3-8892-2085230713d7-916084,2026-10-01T14:08:46.617461+00:00
Contracts Finder,ocds-b5fd17-00d628de-48f7-4599-b847-bf73b2cb533d_3bdd9068-1448-4e66-bc08-62323116ad21-916083,Buckley Barracks SLA - RIBA Stage 3-4,This notice is published for transparency purposes only: Call-Off from the MOD Defence Infrastructure Organisation( DIO) Single Living Accommodation (SLA) Programmatic Approach Framework Alliance Contract ( SLA-PA FAC) Agreement (709304450) in support of the SLA scheme requirements at Buckley Barracks.,Ministry of Defence,,2393255.0,GBP,2026-09-30,2026-03-27,award,complete,44211100,https://www.contractsfinder.service.gov.uk/Notice/3bdd9068-1448-4e66-bc08-62323116ad21-916083,2026-10-01T14:08:46.617563+00:00
Contracts Finder,ocds-b5fd17-69637248-95d5-4ade-85dc-c9a820389e7c_539b1649-f332-4331-ad01-7830079417be-916082,CWF Lot 2A - Hollins Lane Culvert Repair Works,"This project comprises masonry repairs, replacement and reinstatement of several deck slabs, and some localised rebuilding to the masonry abutments and central pier. The works will involve excavating through the existing road construction, the localised removal of defective deck slabs, rebuilding sections of the abutment and pier walls, and the reinstatement or replacement of deck slabs as required. Defective slabs are to be replaced with a series of cast in-situ reinforced concrete slabs, with ",WESTMORLAND AND FURNESS COUNCIL,,40000.0,GBP,2026-09-30,2026-09-18,award,complete,45000000,https://www.contractsfinder.service.gov.uk/Notice/539b1649-f332-4331-ad01-7830079417be-916082,2026-10-01T14:08:46.617667+00:00
Contracts Finder,ocds-b5fd17-207c1b2f-d0e6-4d2d-8254-185d0c20089a_d0b7b12b-ef8c-4862-a107-df8e7b866459-916067,Student Admissions System 23/24,"CAS Shield Licence & Integration

IT system to support university staff, international applicants and agents through student assessment and admissions including CAS allocation, visa updates and arrival information. 
Supporting international conversion and UKVI compliance.",BATH SPA UNIVERSITY,,38190.0,GBP,2026-09-30,2023-06-26,award,complete,48190000,https://www.contractsfinder.service.gov.uk/Notice/d0b7b12b-ef8c-4862-a107-df8e7b866459-916067,2026-10-01T14:08:46.617754+00:00
Contracts Finder,ocds-b5fd17-f87cf85b-0fce-463f-a608-6c795ec73343_a684004d-ff61-4eb0-b0c4-ac502e9daa35-916078,Student Admissions System 24/27,"CAS Shield Licence & Integration

IT system to support university staff, international applicants and agents through student assessment and admissions including CAS allocation, visa updates and arrival information. 
Supporting international conversion and UKVI compliance.",BATH SPA UNIVERSITY,,94029.6,GBP,2026-09-30,2024-06-26,awardUpdate,complete,48190000,https://www.contractsfinder.service.gov.uk/Notice/a684004d-ff61-4eb0-b0c4-ac502e9daa35-916078,2026-10-01T14:08:46.617839+00:00
Contracts Finder,ocds-b5fd17-1d1f03d3-6232-4008-951c-cf8e06d5db71_d6ab45d7-526a-444a-943c-8e351cbfcc03-916077,Search & Monitor Tool,Open source intelligence tool that can interrogate Social Media sites in an obfuscated way to enhance our intelligence abilities without revealing the FCA's footprint.,FCA,100000.0,300000.0,GBP,2026-09-30,2026-07-27,award,complete,72000000,https://www.contractsfinder.service.gov.uk/Notice/d6ab45d7-526a-444a-943c-8e351cbfcc03-916077,2026-10-01T14:08:46.617922+00:00
Contracts Finder,ocds-b5fd17-9a8f621d-f2a1-4752-8b7f-6923ce98a923_52979075-b770-4ec0-a5c7-028005d30eb1-916076,Free School Meals (FSM) Expansion Evaluation,FSM Expansion Evaluation,Department for Education,,,GBP,2026-09-30,2026-07-27,award,complete,73000000,https://www.contractsfinder.service.gov.uk/Notice/52979075-b770-4ec0-a5c7-028005d30eb1-916076,2026-10-01T14:08:46.618003+00:00
Contracts Finder,ocds-b5fd17-d5c4671e-7a94-48fc-9448-4f83fcb9c2b0_2aa524a5-d241-46ba-888c-1b77d5c0067f-916074,Replacement Paediatric  Colonoscopes - Endoscopy,"Direct award via Flexible Endoscopes and Associated Options and Related Services (2021/S 000
007768). 
 
URN: CPQ 19688 FLE 2",Nottingham University Hospitals NHS Trust,88448.94,106138.73,GBP,2026-09-30,2026-10-04,award,complete,33100000,https://www.contractsfinder.service.gov.uk/Notice/2aa524a5-d241-46ba-888c-1b77d5c0067f-916074,2026-10-01T14:08:46.618086+00:00
Contracts Finder,ocds-b5fd17-18ee57d3-f8ea-4cc0-b6f2-a97c872e499b_123a69c5-4c1a-4eea-b69b-a09ab23b7c2d-916073,DWP Asset Disposal,Asset disposal contract,Department for Work and Pensions,,450000.0,GBP,2026-09-30,2026-07-17,award,complete,72222300,https://www.contractsfinder.service.gov.uk/Notice/123a69c5-4c1a-4eea-b69b-a09ab23b7c2d-916073,2026-10-01T14:08:46.618166+00:00
Contracts Finder,ocds-b5fd17-e0a1c93a-ae66-4090-932e-15bc442e1e0d_9124f019-f6ae-4fd2-a972-d4d030c5c305-916072,Saas- Based Back up Services,"A Cloud Backup for Microsoft 365 and Microsoft Entra ID, with Premier 24/7 support. The service maintains backup and recovery for Exchange Online, OneDrive for Business, SharePoint Online, Teams and Entra ID, together with existing configuration/baseline-management capability were included in the final call-off schedule.",FCA,250000.0,350000.0,GBP,2026-09-30,2026-08-14,award,complete,72261000,https://www.contractsfinder.service.gov.uk/Notice/9124f019-f6ae-4fd2-a972-d4d030c5c305-916072,2026-10-01T14:08:46.618247+00:00
Contracts Finder,ocds-b5fd17-7e2273b1-c96e-4d02-b6f4-95f30c67b13d_d196a608-748a-4c69-a44c-8e323fc24a5c-916071,Replacement Balloon Controller -  OBCU and Enteroscope - Endoscopy,"Direct award via Flexible Endoscopes and Associated Options and Related Services (2021/S 000
007768). 
 
URN: CPQ 19689 FLE 26",Nottingham University Hospitals NHS Trust,58373.06,70047.67,GBP,2026-09-30,2026-10-04,award,complete,33100000,https://www.contractsfinder.service.gov.uk/Notice/d196a608-748a-4c69-a44c-8e323fc24a5c-916071,2026-10-01T14:08:46.618328+00:00
Contracts Finder,ocds-b5fd17-cd0d9254-7335-4fd0-893c-0253076b8c15_a5434eb3-01e1-4019-8e75-ec29aa8946c3-916070,Media Monitoring Service & stakeholder Engagement Platform,Provision of a Media Monitoring Service & stakeholder Engagement Platform,NHS Blood and Transplant,,189300.69,GBP,2026-09-30,2026-09-14,award,complete,79340000,https://www.contractsfinder.service.gov.uk/Notice/a5434eb3-01e1-4019-8e75-ec29aa8946c3-916070,2026-10-01T14:08:46.618408+00:00
Contracts Finder,ocds-b5fd17-a7e5599b-345d-4402-bb2a-471a840dac26_d11d3d08-cfe6-47bd-b5e0-516761846051-916069,Replacement colonoscopes -  Endoscopy,"Direct award via Flexible Endoscopes and Associated Options and Related Services (2021/S 000
007768). 
 
URN:  CPQ 19692 FLE 26",Nottingham University Hospitals NHS Trust,90913.98,109096.78,GBP,2026-09-30,2026-10-04,award,complete,33100000,https://www.contractsfinder.service.gov.uk/Notice/d11d3d08-cfe6-47bd-b5e0-516761846051-916069,2026-10-01T14:08:46.618489+00:00
Contracts Finder,ocds-b5fd17-571f5d76-bf9b-4148-ad7c-832343213bb7_2718bc9c-17a1-480f-b49a-201680e2f1d2-916068,Hedge Cutting-Tenanted Properties - Central & South Area,"Nottinghamshire County Council on behalf of Broxtowe Borough Council (the Council) has invited all Providers under Lot 1 and Lot 4 to compete for this opportunity via the Pro contract procurement portal.\r
\r
Suppliers are invited to bid to carry out Hedge Cutting at tenanted properties in the Central & South Area.\r
\r
The Further Competition is divided into 2 Areas, suppliers are invited to bid for one or both Areas.\r
\r
Estimated Contract Start and End Date 17.06.2026 - 16.06.2027\r
\",Nottinghamshire County Council,,115672.88,GBP,2026-09-30,2026-05-21,award,complete,45112712,https://www.contractsfinder.service.gov.uk/Notice/2718bc9c-17a1-480f-b49a-201680e2f1d2-916068,2026-10-01T14:08:46.618577+00:00
Contracts Finder,ocds-b5fd17-f5bb7389-da68-419f-bf8a-fd24c48fa019_31ec5283-a298-4d38-a454-bb9a84f7986a-916066,"RFL-MAINT4564- GM85, Dual Shot 2021/S000-021535","RFL-MAINT4564- GM85, Dual Shot 2021/S000-021535

Additional information: 
Awarded under NHS Supply chain Framework 2021/S000-021535",Royal Free NHS Foundation Trust,,38881.49,GBP,2026-09-30,2026-03-06,award,complete,50421000,https://www.contractsfinder.service.gov.uk/Notice/31ec5283-a298-4d38-a454-bb9a84f7986a-916066,2026-10-01T14:08:46.618658+00:00
Contracts Finder,ocds-b5fd17-a3d2a2c5-0804-49a2-a77f-6b2ee997ee4a_12905fd6-3b5e-4434-a0c9-5dd82f1ef98b-916065,SCC0179VA - Artificial intelligence (AI) and automation practitioner,"Suffolk County Council has awarded apprenticeship training services to MBKB through established public sector frameworks, specifically the YPO framework. Learning providers submitted bids which were filtered based on the Council's service requirements. These bids were then evaluated against pre-defined criteria including quality of provision, value for money, and alignment with learner needs. The successful provider demonstrated the best overall fit for delivering apprenticeship training to supp",SUFFOLK COUNTY COUNCIL,18000.0,90000.0,GBP,2026-09-30,2026-09-30,award,complete,80530000,https://www.contractsfinder.service.gov.uk/Notice/12905fd6-3b5e-4434-a0c9-5dd82f1ef98b-916065,2026-10-01T14:08:46.618738+00:00
Contracts Finder,ocds-b5fd17-392978e2-a986-460a-84c9-51ade9c205e9_90a8fea3-718a-48a4-98b2-a177143d2333-916052,People Professional Apprenticeships,"A Contract has been awarded via the YPO Framework for Apprenticeships and Associated Training (ref 1086) for the provision of five (5) x People Professional Apprenticeships (Level 5), for existing staff employed by West Yorkshire Police, following a filtering exercise in accordance with the Framework call off filtering functionality.",West Yorkshire Combined Authority,,55000.0,GBP,2026-09-30,2026-09-01,award,complete,80000000,https://www.contractsfinder.service.gov.uk/Notice/90a8fea3-718a-48a4-98b2-a177143d2333-916052,2026-10-01T14:08:46.618817+00:00
Contracts Finder,ocds-b5fd17-eacb09a0-dc7d-4dae-a39c-04320221a4cd_4aac0e9b-74cf-4fc6-9983-df0ffd7e57d7-916064,South East - FRAM lot 9c - Client Support Services - Competitive Tender - Mott MacDonald Limited,Award of contract for South East - FRAM lot 9c - Client Support Services - Competitive Tender - Mott MacDonald Limited,Defra,,1545669.63,GBP,2026-09-30,2026-06-04,award,complete,72224000,https://www.contractsfinder.service.gov.uk/Notice/4aac0e9b-74cf-4fc6-9983-df0ffd7e57d7-916064,2026-10-01T14:08:46.618896+00:00
Contracts Finder,ocds-b5fd17-a5a9a52b-aebd-4eb2-9385-b1f0defaa81e_7967e0c3-8001-4af3-b93c-8ae3b66dd5f6-916059,Slack Enterprise Plus Licences 2026/27,"Reprocurement of Slack Licensing Subscriptions for NHS England.
Requirement competed via Further Competition under Lot 1 of the GCA/CCS Back Office Software 2 framework (RM6285/L1).
Contract awarded for initial period of 1 year, with extension options for up to 2 further years.

Additional information: 
Reprocurement of Slack Licensing Subscriptions for NHS England.
Requirement competed via Further Competition under Lot 1 of the GCA/CCS Back Office Software 2 framework (RM6285/L1).
Contra",NHS England,990085.32,2970255.96,GBP,2026-09-30,2026-09-03,award,complete,48000000,https://www.contractsfinder.service.gov.uk/Notice/7967e0c3-8001-4af3-b93c-8ae3b66dd5f6-916059,2026-10-01T14:08:46.619008+00:00
Contracts Finder,ocds-b5fd17-63fbe821-679f-4d66-85df-9598eada1488_5435e778-50c1-4c5d-a4f3-72b21a29e805-916058,"QSB188 0900 2026-09-30 Brandon - Olive academy, Stowmarket (4-seated vehicle required) - AWARD","Suffolk County Council is seeking a mini competition against the following Dynamic Purchasing System: `The supply of Passenger Transport Services`, OJEU Notice Id: 2018/S 031-067685.
      
      QSB188 0900 2026-09-30 Brandon - Olive academy, Stowmarket (4-seated vehicle required)
      
      Further details can be found in the 'Tenders / My Tenders' area of this website, by selecting the 'View Details' button for this project.
      
      The deadline for returned submissions is 0900 2",Suffolk County Council Passenger Transport,,,GBP,2026-09-30,2026-09-30,award,complete,60000000,https://www.contractsfinder.service.gov.uk/Notice/5435e778-50c1-4c5d-a4f3-72b21a29e805-916058,2026-10-01T14:08:46.619086+00:00
Contracts Finder,ocds-b5fd17-20e437b4-d91b-41ff-b4cb-6f968b2b8c1f_f62b9868-ec22-4af8-bf66-c8222c8d1007-916056,Financial Assessment Software,"This contract is for the delivery of financial assessment digital tools to maximise online completion, introducing transparency and 
increase care package sustainability. This contract was awarded through the CCS G-Cloud 14 platform.",WAKEFIELD COUNCIL,,174750.0,GBP,2026-09-30,2025-07-27,awardUpdate,complete,48000000,https://www.contractsfinder.service.gov.uk/Notice/f62b9868-ec22-4af8-bf66-c8222c8d1007-916056,2026-10-01T14:08:46.619168+00:00
Contracts Finder,ocds-b5fd17-b5c941b3-c927-4f46-9d6e-86d7031a5470_b00e5849-4318-41fc-b460-976ace776efb-916057,Highways asset management s/w,"Software used to manage the Council's statutory requirement to maintain roads and manage streetworks required under the Highways Act 1980. Key activities include adopting and maintaining roads, managing street works by utility companies. Extension to original contract to facilitate system remedial works. The outcome of the remedial works will determine the strategy for the next 5 years i.e., re-procurement or retention of the incumbent system.",The Royal Borough of Kingston upon Thames,,123471.0,GBP,2026-09-30,2026-09-03,award,complete,48900000,https://www.contractsfinder.service.gov.uk/Notice/b00e5849-4318-41fc-b460-976ace776efb-916057,2026-10-01T14:08:46.619248+00:00
Contracts Finder,ocds-b5fd17-6d646b50-5a7b-4f3d-b2b7-6fbc2414772e_048839f2-f3e9-4433-8df9-c48eaae0fee2-916055,PS26198 - Cyber Risks in the UK Robotics Market,"***** THIS IS AN AWARD NOTICE, NOT A CALL FOR COMPETITION *****

This procurement is being concluded following a mini competition under the GCA RM6126 Research & Insights DPS

Brief Description of Requirement

The use of robots is expanding rapidly in the UK, across different industries. Robots are well-established in the manufacturing sector, and increasingly used in the nuclear industry, marine industry, agriculture, health and social care and logistics. 

Robots are widely discussed a",DSIT,,88000.0,GBP,2026-09-30,2026-08-17,award,complete,73110000,https://www.contractsfinder.service.gov.uk/Notice/048839f2-f3e9-4433-8df9-c48eaae0fee2-916055,2026-10-01T14:08:46.619328+00:00
Contracts Finder,ocds-b5fd17-9cc85dc2-e4a6-4a06-8b63-04d323756baf_cf247419-24de-42af-9f29-d4720e23e215-916054,GB-Darlington: TVCA-PROC-0889 - Consultancy for Energy Project Pipeline,"A contract has been awarded via A Mini Competition was held through The Net Zero Hub Technical Assistance Framework (Ref: TVCA-PROC-0210), Lot(s): 3 - Commercial case development,  for one or more individuals to work as an extension of the NEY Net Zero Hub's local capacity support function, delivering technical guidance and upskilling activity to support LA and community-led renewable energy projects identifying viable routes for commercialisation and financing models etc. This would include a s",Tees Valley Combined Authority,,72780.0,GBP,2026-09-30,2026-09-14,award,complete,80510000,https://www.contractsfinder.service.gov.uk/Notice/cf247419-24de-42af-9f29-d4720e23e215-916054,2026-10-01T14:08:46.619412+00:00
Contracts Finder,ocds-b5fd17-e2121535-2166-4626-9eb8-1baafc0a038c_deffad4f-30b3-4dbf-a33a-e93766a2e443-916053,Paypoint and Post Office Transactions system - Ashfield District Council,Paypoint and Post Office Transactions system - Ashfield District Council. Awarded through Lot 1 of PfHs electronic payment systems framework,Nottinghamshire County Council,,270000.0,GBP,2026-09-30,2026-09-15,award,complete,48000000,https://www.contractsfinder.service.gov.uk/Notice/deffad4f-30b3-4dbf-a33a-e93766a2e443-916053,2026-10-01T14:08:46.619492+00:00
Contracts Finder,ocds-b5fd17-4d8450d5-6423-41f0-b9e6-9005cb7b1941_02ad87ab-a91d-41bc-8cfa-5af0af649ef8-916051,Online Housing Benefits and Council Tax Support Support Form,This contract is for the provision of a Housing Benefits and Council Tax Support Online form so residents can apply for Housing Benefit/ Council Tax Support online .,WAKEFIELD COUNCIL,,82608.0,GBP,2026-09-30,2024-08-02,awardUpdate,complete,72000000,https://www.contractsfinder.service.gov.uk/Notice/02ad87ab-a91d-41bc-8cfa-5af0af649ef8-916051,2026-10-01T14:08:46.619579+00:00
Contracts Finder,ocds-b5fd17-97643af0-efe1-4a1c-a808-d6cb78a59b9a_f5f135ab-eabb-4093-af69-d02b37a41ba6-916045,Provision of Wavenet SOC CyberGuard MXDR Plus Service,"SBS/19/AB/WAB/9411
Provision of Wavenet SOC CyberGuard MXDR Plus Service
exercising extension option",NHS PROPERTY SERVICES LIMITED,,210000.0,GBP,2026-09-30,2026-09-29,award,complete,72222300,https://www.contractsfinder.service.gov.uk/Notice/f5f135ab-eabb-4093-af69-d02b37a41ba6-916045,2026-10-01T14:08:46.619659+00:00
Contracts Finder,ocds-b5fd17-acf29faa-2335-4e9d-a2f7-1807d7204b2d_cc113b17-5abf-49f5-8de9-a24d54957913-916050,Replacement Duodenoscopes -  Endoscopy,"Direct award via Flexible Endoscopes and Associated Options and Related Services (2021/S 000
007768). 
 
URN: CPQ 19687 FLE 26",Nottingham University Hospitals NHS Trust,85184.18,102221.02,GBP,2026-09-30,2026-10-04,award,complete,33100000,https://www.contractsfinder.service.gov.uk/Notice/cc113b17-5abf-49f5-8de9-a24d54957913-916050,2026-10-01T14:08:46.619740+00:00
Contracts Finder,ocds-b5fd17-057d7830-e222-4563-b5f7-a5a6797e780d_470b4da0-d0d5-4aab-a53b-f5ceb7575193-916048,Manchester International Airport - OLE Phase 3 Works,"The planned introduction of longer train services to the Airport in response to future demand growth will mean that double stacking arrangements of trains as currently used will no longer be viable. Through the project's Delivery Steering Group, Northern and TransPennine Express have carried out analysis which has identified that additional platform capacity is needed at the airport in order to realise the full benefit of longer train services serving the airport.
      
      The scheme is pa",Kier Transportation - CP7 NWC,1000000.0,2500000.0,GBP,2026-09-30,2026-10-09,tender,active,45234116,https://www.contractsfinder.service.gov.uk/Notice/470b4da0-d0d5-4aab-a53b-f5ceb7575193,2026-10-01T14:08:46.619823+00:00
Contracts Finder,ocds-b5fd17-16fb47df-0688-4786-8248-a08e283387e2_2d833a08-1eb8-40ef-8d5f-4488c5f6dbae-916047,GB-Milton Keynes: Provision of Residential Furniture and Flooring Services for Temporary Accommodation and Supported Housing,The Provision of Residential Furniture and Flooring Services for Temporary Accommodation and Supported Housing.,Amplius Living,,180000.0,GBP,2026-09-30,2025-12-31,award,complete,39100000,https://www.contractsfinder.service.gov.uk/Notice/2d833a08-1eb8-40ef-8d5f-4488c5f6dbae-916047,2026-10-01T14:08:46.619903+00:00
Contracts Finder,ocds-b5fd17-0d15235d-f2f6-42f1-b588-8b28504e280e_067bbf5e-95e4-4a72-9260-3944121cb242-916029,Purchase of 3 x 12T Road Sweepers,"Purchase of  1 - 3 x scarab merlin 62 - 12T gvw - dual sweep  called off from Vehicle Purchase Hertfordshire County Council Purchase framework - Lot 4 , Ref - TPPLHCCOP03",NOTTINGHAM CITY COUNCIL,,530000.0,GBP,2026-09-30,2026-09-21,award,complete,34921100,https://www.contractsfinder.service.gov.uk/Notice/067bbf5e-95e4-4a72-9260-3944121cb242-916029,2026-10-01T14:08:46.619981+00:00
Contracts Finder,ocds-b5fd17-20900e61-d608-40ed-adea-031baf8c6675_a6c1f4e3-982a-43d7-aa2e-9130658973e2-916042,Graffiti removal,"The contract includes cyclical and reactive removal services, rapid response for offensive graffiti and structured performance management arrangements including SLAs and KPIs.",London Borough of Merton,,,GBP,2026-09-30,2026-11-05,tender,active,90690000,https://www.contractsfinder.service.gov.uk/Notice/a6c1f4e3-982a-43d7-aa2e-9130658973e2,2026-10-01T14:08:46.620060+00:00
Contracts Finder,ocds-b5fd17-596600fb-5d53-4d2c-b149-4c178f4596b6_4067df44-204c-433b-89bf-e6dfb4a00bfd-916040,RA360604 - Purchase of Melex N20,"Betsi Cadwaladr University Health Board requires one electric response vehicle to support the operation of the helipad at Ysbyty Gwynedd.

The vehicle will transport clinicians, equipment and patients between the helipad and the hospital/road access. It must be suitable for use with a range of existing stretchers and patient platforms.
 - Must be delivered no later than 31st January 2027. - To access this competition: login to https://suppliers.multiquote.com and view the opportunity RA360604",Betsi Cadwaladr University Health Board,,,GBP,2026-09-30,2026-10-06,tender,active,34000000,https://www.contractsfinder.service.gov.uk/Notice/4067df44-204c-433b-89bf-e6dfb4a00bfd,2026-10-01T14:08:46.620139+00:00
Contracts Finder,ocds-b5fd17-9d554e40-2f2f-4ef9-99fd-b5d84ff6131e_166cc8d0-802f-405d-ba54-9683646cd4ea-916039,HGV Tramline 2027 Onwards,HGV Tramline 2027 Onwards,National Highways Limited,,225786.0,GBP,2026-09-30,2026-09-24,award,complete,34114000,https://www.contractsfinder.service.gov.uk/Notice/166cc8d0-802f-405d-ba54-9683646cd4ea-916039,2026-10-01T14:08:46.620220+00:00
Contracts Finder,ocds-b5fd17-d097c6bd-a3e1-4505-a812-497538953575_3d31267b-2aca-483e-bc48-47a9f0cf82be-916036,NHG Estate Agency Services Framework,"Notting Hill Genesis (NHG) is establishing a framework of suppliers to deliver a comprehensive range of estate agency services. These services may support the promotion, sale, or purchase of residential property, commercial property, and land. This single Lot framework will cover Greater London and some areas outside of London. It will be available to NHG as well as other authorised users with similar requirements.",Notting Hill Genesis,,6000000.0,GBP,2026-09-30,2026-06-29,award,complete,70300000,https://www.contractsfinder.service.gov.uk/Notice/3d31267b-2aca-483e-bc48-47a9f0cf82be-916036,2026-10-01T14:08:46.620297+00:00
Contracts Finder,ocds-b5fd17-3594c706-f2c7-4c76-ab0f-2234f493e7a4_3fd626c9-e9d0-4a76-b7ba-9578d05f028d-916027,CPU 8474 Development of Nottingham Vision Delivery Plan,"Nottingham has launched its long-term Vision and is now moving into delivery. The Vision is structured around the ""Ten Bold Ideas"", which set out the major shifts needed to grow the city's economy, improve opportunity, strengthen places and build confidence among partners, investors and communities.
The Council now needs a delivery plan to turn the Ten Bold Ideas into a single, integrated programme of action. The plan will set out priorities, responsibilities, milestones and measures of progres",NOTTINGHAM CITY COUNCIL,,90000.0,GBP,2026-09-30,2026-07-20,award,complete,71410000,https://www.contractsfinder.service.gov.uk/Notice/3fd626c9-e9d0-4a76-b7ba-9578d05f028d-916027,2026-10-01T14:08:46.620374+00:00
Contracts Finder,ocds-b5fd17-403e3ebe-8bc1-4bfa-b629-411a333ccc80_491d8ba4-c9c2-42d0-853c-688fe2ab4cc2-916033,RFL - MAINT5066- SMH 250 x mattresses x 250 systems 2021/S000-021535,"Project/Contract
RFL - MAINT5066- SMH 250 x mattresses x 250 systems",Royal Free London NHS Foundation Trust,,49160.0,GBP,2026-09-30,2026-08-01,award,complete,50420000,https://www.contractsfinder.service.gov.uk/Notice/491d8ba4-c9c2-42d0-853c-688fe2ab4cc2-916033,2026-10-01T14:08:46.620453+00:00
Contracts Finder,ocds-b5fd17-efc71292-ac7e-4b92-9c72-6c10802d6545_4ea546d9-cc5e-4cd0-8bb9-7ba656eb735c-916030,NHG Empty Homes (Voids) Refurbishment Works Framework,Notting Hill Genesis (NHG) is procuring a framework of contractors to provide comprehensive refurbishment works and services for Empty Homes (Voids) across all building trades. These services may also include adjacent communal areas. This single Lot framework will cover Greater London and some areas outside of London. It will be available to NHG as well as other authorised users with similar requirements.,Notting Hill Genesis,,500000000.0,GBP,2026-09-30,2026-03-16,award,complete,45453100,https://www.contractsfinder.service.gov.uk/Notice/4ea546d9-cc5e-4cd0-8bb9-7ba656eb735c-916030,2026-10-01T14:08:46.620536+00:00
Contracts Finder,ocds-b5fd17-b34db06b-95e6-4ffd-af7e-d099a71bccfc_8bc05657-5184-46e8-90d3-c647b03cacfc-916028,Authorising Engineer - Asbestos,"Authorising Engineer for Asbestos services for LCHS

Additional information: 
No guarantee to take up extension option. The max duration of the contract including extension is 6th April 2032.",Lincolnshire Community Health Services NHS Trust,29324.96,87920.51,GBP,2026-09-30,2026-05-13,award,complete,71300000,https://www.contractsfinder.service.gov.uk/Notice/8bc05657-5184-46e8-90d3-c647b03cacfc-916028,2026-10-01T14:08:46.620616+00:00
Contracts Finder,ocds-b5fd17-a1db6633-ed58-4aa0-ad17-7cce067bec64_d210e3f1-8d80-408e-b0ce-c33e014e6c7e-916024,Kitchen and Window works at Somerford Grove Health Centre,"Kitchen and Window works at Somerford Grove Health Centre
Healthcare Planning, Construction Consultancy and Ancillary Services (HPCCAS) Framework Reference - SBS10190",NHS PROPERTY SERVICES LIMITED,,335308.52,GBP,2026-09-30,2026-09-15,award,complete,45210000,https://www.contractsfinder.service.gov.uk/Notice/d210e3f1-8d80-408e-b0ce-c33e014e6c7e-916024,2026-10-01T14:08:46.620693+00:00
Contracts Finder,ocds-b5fd17-17149f0b-dfe1-4bdc-b66e-d50eaf60bba9_1368e3ff-b83d-4a7b-a228-84bdc3f95d80-916026,Cumberland Care Homes IoT Network,IoT network for Cumberland Council care homes.,Cumberland Council,,303114.48,GBP,2026-09-30,2026-05-18,award,complete,32400000,https://www.contractsfinder.service.gov.uk/Notice/1368e3ff-b83d-4a7b-a228-84bdc3f95d80-916026,2026-10-01T14:08:46.620770+00:00
Contracts Finder,ocds-b5fd17-ca55f98c-34ef-4cbe-b8cc-df90f65c491b_9c6f4687-4df9-405d-be58-e4d18b1fcf2d-916022,Procurement of Solar Power Systems,"Partnership Fund for a Resilient Ukraine Phase 2 (PFRU-2) is a multi-year, multi-donor-funded programme managed by the UK's Foreign, Commonwealth and Development Office.
As part of its project activities, PFRU-2 is seeking an organization to supply the Solar Power Systems.

Please note the following important tender provisions:
•	the deadline for submitting proposals is October 15, 2026, at 15:00 Kyiv time;
•	all questions regarding the tender conditions must be submitted no later than Octo","Chemonics International, Inc.",,1.0,GBP,2026-09-30,2026-10-15,tenderAmendment,active,09330000,https://www.contractsfinder.service.gov.uk/Notice/9c6f4687-4df9-405d-be58-e4d18b1fcf2d,2026-10-01T14:08:46.620851+00:00
Contracts Finder,ocds-b5fd17-bac3fa32-1999-4c22-8f5d-61cbdd36c17f_f3f855a0-0e21-4ef5-8ac5-c9199b048051-916025,GB-Hull: Payroll Transaction Charges,"NOTE: This notice was updated on 30 September 2026 for the following reason: Contract extended to 31/03/2027 whilst ongoing procurement for a new contract is concluded and new system implemented(Payroll management services.  Payroll Transaction, Payslip and P60 Postage Charges)",Humberside Fire and Rescue Service,,34070.52,GBP,2026-09-30,2021-03-31,award,complete,79211110,https://www.contractsfinder.service.gov.uk/Notice/f3f855a0-0e21-4ef5-8ac5-c9199b048051-916025,2026-10-01T14:08:46.620928+00:00
Contracts Finder,ocds-b5fd17-1ac18cfd-875e-43b6-b99a-d448be2b3fe5_d6e5ae05-a1da-4196-8822-919330cbfa36-916023,"QLT359 2026-09-30 (0900) Reydon - Pakefield High School and East Point Academy, Lowestoft (4 seats) - AWARD","Suffolk County Council is seeking a mini competition against the following Dynamic Purchasing System: `The supply of Passenger Transport Services`, OJEU Notice Id: 2018/S 031-067685.
      
      QLT359 2026-09-30 (0900) Reydon - Pakefield High School and East Point Academy, Lowestoft (4 seats)
      
      Further details can be found in the 'Tenders / My Tenders' area of this website, by selecting the 'View Details' button for this project.
      
      The deadline for returned submissi",Suffolk County Council Passenger Transport,,,GBP,2026-09-30,2026-09-30,award,complete,60000000,https://www.contractsfinder.service.gov.uk/Notice/d6e5ae05-a1da-4196-8822-919330cbfa36-916023,2026-10-01T14:08:46.621005+00:00
Contracts Finder,ocds-b5fd17-9d8c0289-1ab7-444d-8309-e04ba6e77abc_78f8600e-2d7b-4168-9ed8-d13ae4419f55-916020,Authorising Engineer - Asbestos,"Authorising Engineer for Asbestos services for ULTH

Additional information: 
No guarantee to take up extension option. The max duration of the contract including extension is 6th April 2032.",United Lincolnshire Teaching Hospitals NHS Trust,29324.96,87920.51,GBP,2026-09-30,2026-05-13,award,complete,71300000,https://www.contractsfinder.service.gov.uk/Notice/78f8600e-2d7b-4168-9ed8-d13ae4419f55-916020,2026-10-01T14:08:46.621084+00:00
Contracts Finder,ocds-b5fd17-b322cc32-00e5-42ae-ad46-bf30338f5440_774f06dd-12eb-4054-89b4-9c7a39e596f9-908015,Traffic Floating Vehicle Data Service,"The purpose of this procurement is to obtain an organisational licence for a satellite-based county-wide traffic data service, with unlimited user logins within the organisation, accessible via a web portal. The traffic data required for effective in-house analysis across all relevant teams are Origin-Destination data, Traffic count data, and Live Route Monitoring data.

Direct Award via Vertical Application Solutions (VAS) framework, Lot 3: Housing, Environmental and Planning Solutions.",SOMERSET COUNCIL,,94900.0,GBP,2026-09-30,2026-03-31,award,complete,72319000,https://www.contractsfinder.service.gov.uk/Notice/774f06dd-12eb-4054-89b4-9c7a39e596f9-908015,2026-10-01T14:08:46.621162+00:00
Contracts Finder,ocds-b5fd17-347efdb8-6287-4b6e-a43d-9c2eb68f21c0_0ebf1d5e-5492-428a-9eef-a27e54349d72-916019,"QIP139 0900 2026-09-30 Felixstowe to Green Light Trust, Martlesham (4-seater, PA required and group 2/3 car seat) - AWARD","Suffolk County Council is seeking a mini competition against the following Dynamic Purchasing System: `The supply of Passenger Transport Services`, OJEU Notice Id: 2018/S 031-067685.
      
      QIP139 0900 2026-09-30 Felixstowe to Green Light Trust, Martlesham (4-seater, PA required and group 2/3 car seat)
      
      Further details can be found in the 'Tenders / My Tenders' area of this website, by selecting the 'View Details' button for this project.
      
      The deadline for ret",Suffolk County Council Passenger Transport,,,GBP,2026-09-30,2026-09-30,award,complete,60000000,https://www.contractsfinder.service.gov.uk/Notice/0ebf1d5e-5492-428a-9eef-a27e54349d72-916019,2026-10-01T14:08:46.621237+00:00
Contracts Finder,ocds-b5fd17-ad534137-9dba-44fd-a9c5-62540b4f06c5_82fd9122-baca-494e-a995-c100c0a2edec-916018,CBC-2032-T-SK - Installation and Maintenance of Doors and Door Entry Systems & maintenance of Assisted Living Equipment - AWARD,"Central Bedfordshire Council has appointed Openview Security Solutions Limited to deliver a fully managed programme for the installation, maintenance and repair of doors, door entry systems and assisted living equipment across its housing stock. The contract includes the provision of a high-quality, customer-focused service, ensuring compliance with all statutory and regulatory requirements and delivering works efficiently to achieve best value and right-first-time outcomes.",Central Bedfordshire Council,,,GBP,2026-09-30,2026-07-06,award,complete,45421131,https://www.contractsfinder.service.gov.uk/Notice/82fd9122-baca-494e-a995-c100c0a2edec-916018,2026-10-01T14:08:46.621315+00:00
Contracts Finder,ocds-b5fd17-55efe926-d352-48d2-b225-d4c3106eacb5_6dad9d0d-3ca0-48c5-8caf-34d3460939e6-916015,West & North Street Railway Bridge Structural Assessments,Provide Structural Bridge Assessments for West Street Railway Bridge (67115) & North Street Railway Bridge (67116),South Gloucestershire Council,,25200.0,GBP,2026-09-30,2026-03-09,award,complete,71600000,https://www.contractsfinder.service.gov.uk/Notice/6dad9d0d-3ca0-48c5-8caf-34d3460939e6-916015,2026-10-01T14:08:46.621424+00:00
Contracts Finder,ocds-b5fd17-fe17ae7b-adfe-4a8c-8472-837516cec1dc_a4438e62-0fe5-4f63-8982-df881df9f2ec-915564,Legionella Services,THIS NOTICE IS BEING PUBLISHED ON BEHALF OF CHICHESTER DISTRICT COUNCIL. This service is for the provision of legionella-testing services at CDC owned properties.,HAMPSHIRE COUNTY COUNCIL,,33240.0,GBP,2026-09-30,2026-02-20,award,complete,45232430,https://www.contractsfinder.service.gov.uk/Notice/a4438e62-0fe5-4f63-8982-df881df9f2ec-915564,2026-10-01T14:08:46.621502+00:00
Contracts Finder,ocds-b5fd17-903c3db8-30ad-485c-a1a0-72b545346457_03fcee22-4af7-4922-b42b-5e781df7beca-916014,Oaktree Av. & Finch Subways Structural Assessments,To provide a level 3 structural bridge assessments for: Finch Subway (78044) and Oaktree Ave Subway (77045),South Gloucestershire Council,,31600.0,GBP,2026-09-30,2026-03-09,award,complete,71600000,https://www.contractsfinder.service.gov.uk/Notice/03fcee22-4af7-4922-b42b-5e781df7beca-916014,2026-10-01T14:08:46.621592+00:00
Contracts Finder,ocds-b5fd17-a4159d1b-1dd7-4d2e-8745-012eb12abe6c_0665231c-e06e-4150-bef1-0aaa4408e439-915571,Fire Safety Services,THIS IS BEING PUBLISHED ON BEHALF OF CHICHESTER DISTRICT COUNCIL. This service is for the provision of Fire Safety Services at CDC owned properties.,HAMPSHIRE COUNTY COUNCIL,,42774.0,GBP,2026-09-30,2026-02-25,award,complete,31625000,https://www.contractsfinder.service.gov.uk/Notice/0665231c-e06e-4150-bef1-0aaa4408e439-915571,2026-10-01T14:08:46.621671+00:00
Contracts Finder,ocds-b5fd17-4b2e8512-6aa5-4788-8b1d-1820f6194a56_62c2c7b7-57ed-4010-a3d7-d1a6c31302c7-916011,ENHT - Condition Survey Phases 1 and 2 at Hertford County Hospital,"ENHT - Condition Survey Phases 1 and 2 at Hertford County Hospital. Procured under Healthcare Planning, Construction Consultancy and Ancillary Services (HPCCAS) Ref: SBS10190",East and North Hertfordshire Teaching Hospital NHS Trust,89000.0,92770.0,GBP,2026-09-30,2026-06-23,award,complete,79311000,https://www.contractsfinder.service.gov.uk/Notice/62c2c7b7-57ed-4010-a3d7-d1a6c31302c7-916011,2026-10-01T14:08:46.621750+00:00
Contracts Finder,ocds-b5fd17-0e3934d2-1199-49f5-89d7-02e38b4ce3ef_538b75b1-8cfc-4944-8dea-2cb1e2c14df0-916010,22410 Telford Amphitheatre - Platform Replacement - AWARD,See tender documents,Telford and Wrekin Council,,,GBP,2026-09-30,2026-03-20,award,complete,45000000,https://www.contractsfinder.service.gov.uk/Notice/538b75b1-8cfc-4944-8dea-2cb1e2c14df0-916010,2026-10-01T14:08:46.621829+00:00
Contracts Finder,ocds-b5fd17-523cd451-4e2c-48bc-80ef-43a979428b84_66fefe78-e1f0-4eac-a772-967a008a94de-916009,"QWE002 0900 2026-09-30 Melton to East Coat Adventures, Woodbridge (4-seater) - AWARD","Suffolk County Council is seeking a mini competition against the following Dynamic Purchasing System: `The supply of Passenger Transport Services`, OJEU Notice Id: 2018/S 031-067685.
      
      QWE002 0900 2026-09-30 Melton to East Coat Adventures, Woodbridge (4-seater)
      
      Further details can be found in the 'Tenders / My Tenders' area of this website, by selecting the 'View Details' button for this project.
      
      The deadline for returned submissions is 2026-09-30. Plea",Suffolk County Council Passenger Transport,,,GBP,2026-09-30,2026-09-30,award,complete,60000000,https://www.contractsfinder.service.gov.uk/Notice/66fefe78-e1f0-4eac-a772-967a008a94de-916009,2026-10-01T14:08:46.621906+00:00
Contracts Finder,ocds-b5fd17-eafd61c8-7b6b-45fb-bc0a-c958c6ae026d_8f83a1ab-4150-4fc1-8601-0130187018ce-916008,"ASB251 0930 2026-09-30 Debenham - Stowmarket resource centre, Stowmarket (4-seated vehicle required) - AWARD","Suffolk County Council is seeking a mini competition against the following Dynamic Purchasing System: `The supply of Passenger Transport Services`, OJEU Notice Id: 2018/S 031-067685.
      
      ASB251 0930 2026-09-30 Debenham - Stowmarket resource centre, Stowmarket (4-seated vehicle required)
      
      Further details can be found in the 'Tenders / My Tenders' area of this website, by selecting the 'View Details' button for this project.
      
      The deadline for returned submiss",Suffolk County Council Passenger Transport,,,GBP,2026-09-30,2026-09-30,award,complete,60000000,https://www.contractsfinder.service.gov.uk/Notice/8f83a1ab-4150-4fc1-8601-0130187018ce-916008,2026-10-01T14:08:46.621983+00:00
Contracts Finder,ocds-b5fd17-c321ace4-043f-43c9-beaa-ada72506f4bf_6f1f04e9-4bd5-47ac-97f1-114c33d3c3ad-916006,TEL L1 FC Oct26 - Kingston Upon Hull City Council - awarded,"This contract award notice is to notify the market that Kingston Upon Hull City Council based in Kingston Upon Hull, UK have appointed Chubb as their Technology Enabled Lives provider for a period of THREE years, with an option to extend for a further TWO x ONE Year individual periods. This appointment has been made under the Northern Housing Consortium's Technology Enabled Lives framework. (Contract Award Notice 2024/S 000-000849)",NORTHERN HOUSING CONSORTIUM LIMITED,,294535.0,GBP,2026-09-30,2026-09-22,award,complete,50421000,https://www.contractsfinder.service.gov.uk/Notice/6f1f04e9-4bd5-47ac-97f1-114c33d3c3ad-916006,2026-10-01T14:08:46.622060+00:00
Contracts Finder,ocds-b5fd17-c25a8982-bab3-45f1-8d59-3253aaa97467_bae5bd90-4aea-452e-884e-5e36e94f722d-916005,TEL L1 DA Oct26 - Crawley Borough Council - awarded,"This contract award notice is to notify the market that Crawley Borough Council based in Crawley, UK have appointed Tunstall as their Technology Enabled Lives provider for a period of FOUR Months. This appointment has been made under the Northern Housing Consortium's Technology Enabled Lives framework. (Contract Award Notice 2024/S 000-000849)",NORTHERN HOUSING CONSORTIUM LIMITED,,128362.33,GBP,2026-09-30,2026-09-25,award,complete,50421000,https://www.contractsfinder.service.gov.uk/Notice/bae5bd90-4aea-452e-884e-5e36e94f722d-916005,2026-10-01T14:08:46.622140+00:00
Contracts Finder,ocds-b5fd17-e32363a8-9a63-4815-a2bd-b3093c8bc188_8d5506bc-ace6-4cab-b503-d7e150cca636-916004,25336 - John Fletcher of Madeley - Modular Building - AWARD,"Contractor to provide a turn-key solution for the design, delivery and installation of a DfE compliant modular early years building including two classrooms (Reception & Year 1), early years sanitary facilities, staff toilet, breakout space, storage, and fully enclosed outdoor learning environment. Contractor to remove and dispose of existing modular building on site, future refurbishment of existing demountable to be discussed with Employer's Agent (including relocation to be discussed with the",Telford and Wrekin Council,,,GBP,2026-09-30,2026-03-06,award,complete,45000000,https://www.contractsfinder.service.gov.uk/Notice/8d5506bc-ace6-4cab-b503-d7e150cca636-916004,2026-10-01T14:08:46.622216+00:00
Contracts Finder,ocds-b5fd17-cd7caa2c-c76a-4709-8032-9a2b7f19cb9c_bd67eeb5-494f-4a1e-a584-cd64a6a61fab-916003,HR Support Level 3 Apprenticeship,Transparency Contract for HR Support Level 3 Apprenticeship,Ministry of Defence,,324000.0,GBP,2026-09-30,2026-09-21,award,complete,80000000,https://www.contractsfinder.service.gov.uk/Notice/bd67eeb5-494f-4a1e-a584-cd64a6a61fab-916003,2026-10-01T14:08:46.622293+00:00
Contracts Finder,ocds-b5fd17-b582e961-0ac3-454d-a350-e7dd54207e2b_23f27006-daf8-4686-a778-b837e81eaa27-915283,Tree Surveying Services,Contract award notice only - call off from a framework agreement,Stroud District Council,,90000.0,GBP,2026-09-30,2026-04-01,award,complete,77300000,https://www.contractsfinder.service.gov.uk/Notice/23f27006-daf8-4686-a778-b837e81eaa27-915283,2026-10-01T14:08:46.622371+00:00
Contracts Finder,ocds-b5fd17-e7904807-51a2-4b9d-8be3-30054da8c282_872e8bfc-5f35-46fd-aff3-026032e3896e-916001,DDaT26275,"***Please note this is an award notice, not a call for competition***


Department for Energy Security and Net Zero (DESNZ)  had a requirement for the provision of software. This procurement is being concluded under the CCS G-Cloud 14 (RM1557.14) framework. 

There is an option to extend the Contract term by an additional 12-month period. The total value of this extension shall not exceed £28,001.82 excluding VAT. 

Should the optional extension be utilised, the total maximum Call-Off Con",ICS on behalf of DSIT and DESNZ,,72789.7,GBP,2026-09-30,2026-09-08,award,complete,48100000,https://www.contractsfinder.service.gov.uk/Notice/872e8bfc-5f35-46fd-aff3-026032e3896e-916001,2026-10-01T14:08:46.622451+00:00
Contracts Finder,ocds-b5fd17-4a4ab1bb-f07b-4101-b7dd-8eed148bd160_d5616d06-abc4-400f-956d-31eb25dd4c0e-916000,CBC-1949-EXF-FC-SK Rainbows Extension Main Works - AWARD,"Central Bedfordshire Council has appointed Spacemaker Developments Ltd to deliver a modular/SIPs panel building at Rainbows Nursery. The building is required in place of a traditional construction method and will include toilet facilities, a wet area, and a small kitchenette for warming milk and supporting nursery operations.",Central Bedfordshire Council,,,GBP,2026-09-30,2026-04-21,award,complete,45214200,https://www.contractsfinder.service.gov.uk/Notice/d5616d06-abc4-400f-956d-31eb25dd4c0e-916000,2026-10-01T14:08:46.622537+00:00
Contracts Finder,ocds-b5fd17-0a336276-c2a0-4273-970c-fc1722b62a08_00729695-cee1-45cc-8d37-958385c264c8-915932,Staff Benefits - Cycle to Work Scheme,Westmorland and Furness Council have awarded a contract for the provision of a Cycle to Work Scheme via a direct award from the ESPO Framework 319_23 to Blackhawk Network EMEA Limited for a period of 4 years with effect from 1st July 2026.,WESTMORLAND AND FURNESS COUNCIL,,,GBP,2026-09-30,2026-06-22,award,complete,34430000,https://www.contractsfinder.service.gov.uk/Notice/00729695-cee1-45cc-8d37-958385c264c8-915932,2026-10-01T14:08:46.622616+00:00
Contracts Finder,ocds-b5fd17-c7370dd9-f4b6-455b-a671-8f693421ec84_9ef01b48-8af3-4314-9b63-6e866e21260f-915999,G Cloud 14 Lot 3 - MTI technology ltd,Penetration Testing PSN ITHC (Quarterly External Vulnerability Scanning ),London Borough of Barnet,,78562.5,GBP,2026-09-30,2026-08-01,award,complete,72800000,https://www.contractsfinder.service.gov.uk/Notice/9ef01b48-8af3-4314-9b63-6e866e21260f-915999,2026-10-01T14:08:46.622694+00:00
Contracts Finder,ocds-b5fd17-2024f3a8-686a-474e-aa70-8559d27dbd89_7fecc69f-c90b-4d98-9d08-ddfd49b96ccf-915998,25359 - St Matthews Primary - Demountable Repairs and Toilet Refurbishment - AWARD,See tender documents,Telford and Wrekin Council,,,GBP,2026-09-30,2026-06-22,award,complete,45000000,https://www.contractsfinder.service.gov.uk/Notice/7fecc69f-c90b-4d98-9d08-ddfd49b96ccf-915998,2026-10-01T14:08:46.622770+00:00
Contracts Finder,ocds-b5fd17-c4aa0a09-5b78-4344-8f54-7c3aaee3c32f_89fd813e-e7d9-4f44-b8f9-0c98e015299c-915997,CA18512 - Paradigm Trust - provision of Planned Preventative Maintenance,"Paradigm Trust - provision of Planned Preventative Maintenance

Paradigm Trust (the ""Authority"") is issuing this Invitation to Tender (""ITT"") in connection with the competitive procurement of Planned Preventative Maintenance for all sites.

Lot 1 - London Schools
Lot 2 - Ipswich Academy and Schools
Lot 3 - Both Locations combined


Includes Lots: 
Lot 1: London Schools
Lot 2: Ipswich Academy and Schools
Lot 3: Combined Area 

To access this competition: 

Registered:
Login to ht",Paradigm Trust,,1500000.01,GBP,2026-09-30,2026-11-07,tender,active,50324200,https://www.contractsfinder.service.gov.uk/Notice/89fd813e-e7d9-4f44-b8f9-0c98e015299c,2026-10-01T14:08:46.622850+00:00
Contracts Finder,ocds-b5fd17-4e4ae191-24c6-4ed5-8b71-b44f54cdb3d6_44d048f0-02fd-456e-85a7-b5a38b45dde6-915996,Lutterworth East - Planning Consultancy Services,"Planning advice in order to enable the planning consent on the Lutterworth East project including discharge of conditions. Planning advice on discussions with Homes England & advice in enabling the deed of variation with Harborough District Council. 

Awarded as a Call-Off Contract via the CHIC Legal Services Framework",Leicestershire County Council,,165000.0,GBP,2026-09-30,2026-09-29,award,complete,70300000,https://www.contractsfinder.service.gov.uk/Notice/44d048f0-02fd-456e-85a7-b5a38b45dde6-915996,2026-10-01T14:08:46.622927+00:00
Contracts Finder,ocds-b5fd17-f5f2de84-6c77-4e74-816e-9e34bcea7581_9f64ee6b-66d0-4d56-8b9a-466d522e3b50-915995,Carry Out Lightning Protection 2027-2032 - AWARD,Carry Out Lightning Protection 2027-2032,Telford and Wrekin Council,,,GBP,2026-09-30,2026-09-25,award,complete,45000000,https://www.contractsfinder.service.gov.uk/Notice/9f64ee6b-66d0-4d56-8b9a-466d522e3b50-915995,2026-10-01T14:08:46.623002+00:00
Contracts Finder,ocds-b5fd17-251e36de-fe5d-4c18-8d58-2d7b121228b1_c1572656-45cb-4e74-98a6-ce94b75cafc3-915994,CA18417 - NCD576 - Fire Door Quarterly Checks,"This contract is for quarterly fire door check on all New College Durham Sites. 

To access this competition: 

Registered:
Login to https://suppliers.multiquote.com and view the opportunity CA18417.

Not registered:
Visit https://suppliers.multiquote.com then register and quote CA18417 as the reason for registration. 

 Any queries please contact MultiQuote on 020 3920 8054.",New College Durham,,60000.0,GBP,2026-09-30,2026-09-22,award,complete,45421111,https://www.contractsfinder.service.gov.uk/Notice/c1572656-45cb-4e74-98a6-ce94b75cafc3-915994,2026-10-01T14:08:46.623079+00:00
Contracts Finder,ocds-b5fd17-358bf2cb-6160-423d-85c7-6ca6bbafffff_810a7647-e434-4712-94dd-72bc6320878a-915993,SEN20594-SEN-TAXI - FOOT STEPS @ ALL SAINTS WIGSTON ASD UNIT,SEN20594-SEN-TAXI - FOOT STEPS @ ALL SAINTS WIGSTON ASD UNIT,Leicestershire County Council,,24000.0,GBP,2026-09-30,2026-09-29,award,complete,60000000,https://www.contractsfinder.service.gov.uk/Notice/810a7647-e434-4712-94dd-72bc6320878a-915993,2026-10-01T14:08:46.623157+00:00
Contracts Finder,ocds-b5fd17-fc020eea-2341-4a76-a501-8c0c8137143f_650ad409-138c-4647-976b-2df94733fd9a-915992,PS26128 - UKSAC26_0020 Space Ecosystems Portfolio Monitoring and Evaluation,"***** THIS IS AN AWARD NOTICE, NOT A CALL FOR COMPETITION *****

This procurement is being concluded following a mini competition under the GCA RM6126 Research & Insights DPS

Brief Description of Requirement

The UK space sector has strong research capabilities and a growing industrial base, but firms can face a ""commercialisation and scale up gap"". Space ventures often involve long development cycles, high capital intensity and material technology and market risk. These characteristics c",DSIT,,,GBP,2026-09-30,2026-08-20,award,complete,73000000,https://www.contractsfinder.service.gov.uk/Notice/650ad409-138c-4647-976b-2df94733fd9a-915992,2026-10-01T14:08:46.623232+00:00
Contracts Finder,ocds-b5fd17-c29eddbf-0a6c-49bd-9cc2-b94ff022b7b8_dd264c44-1cab-4712-83bc-86582e454742-915991,"QIP147 0900 2026-09-30 Worlingworth to Green Light Trust, Martlesham (4-seater) - AWARD","Suffolk County Council is seeking a mini competition against the following Dynamic Purchasing System: `The supply of Passenger Transport Services`, OJEU Notice Id: 2018/S 031-067685.
      
      QIP147 0900 2026-09-30 Worlingworth to Green Light Trust, Martlesham (4-seater)
      
      Further details can be found in the 'Tenders / My Tenders' area of this website, by selecting the 'View Details' button for this project.
      
      The deadline for returned submissions is 0900 2026-09-",Suffolk County Council Passenger Transport,,,GBP,2026-09-30,2026-09-30,award,complete,60000000,https://www.contractsfinder.service.gov.uk/Notice/dd264c44-1cab-4712-83bc-86582e454742-915991,2026-10-01T14:08:46.623308+00:00
Contracts Finder,ocds-b5fd17-71356c0b-7d7d-4c46-a115-1d16195d9cb4_ea5fe150-af14-4d84-b618-87e28e0030f8-915989,GB-Burton upon Trent: Council Insurance Services - Lot 6 Engineering,"To provide insurance services covering Property, Liability, Crime, Motor, Travel & Engineering to East Staffordshire Borough Council.

Additional information: https://www.delta-esourcing.com/delta/viewNotice.html?noticeId=1068968326",East Staffordshire Borough Council,,3570.55,GBP,2026-09-30,2026-06-22,award,complete,66510000,https://www.contractsfinder.service.gov.uk/Notice/ea5fe150-af14-4d84-b618-87e28e0030f8-915989,2026-10-01T14:08:46.623387+00:00
Contracts Finder,ocds-b5fd17-47d6fafc-4db8-4fad-923f-3b5982e44be9_370dd425-6987-4e17-a6e8-97deb28ed3c8-915988,GB-Burton upon Trent: Council Insurance Services - Lot 5 PA & Travel,"To provide insurance services covering Property, Liability, Crime, Motor, Travel & Engineering to East Staffordshire Borough Council.

Additional information: https://www.delta-esourcing.com/delta/viewNotice.html?noticeId=1068960394",East Staffordshire Borough Council,,7807.21,GBP,2026-09-30,2026-06-22,award,complete,66510000,https://www.contractsfinder.service.gov.uk/Notice/370dd425-6987-4e17-a6e8-97deb28ed3c8-915988,2026-10-01T14:08:46.623465+00:00
Contracts Finder,ocds-b5fd17-f9b74b77-9cc7-4e2c-91d8-2e822c523171_a9f5c329-ce9b-49e7-aab3-5d4d21ce5281-915987,GB-Burton upon Trent: Council Insurance Services - Lot 4 Motor,"To provide insurance services covering Property, Liability, Crime, Motor, Travel & Engineering to East Staffordshire Borough Council.

Additional information: https://www.delta-esourcing.com/delta/viewNotice.html?noticeId=1068955348",East Staffordshire Borough Council,,667271.19,GBP,2026-09-30,2026-06-22,award,complete,66510000,https://www.contractsfinder.service.gov.uk/Notice/a9f5c329-ce9b-49e7-aab3-5d4d21ce5281-915987,2026-10-01T14:08:46.623551+00:00
Contracts Finder,ocds-b5fd17-226b825b-2775-4633-9263-69879ceb28d0_24b2087f-3395-4658-805f-40a518848872-915986,GB-Burton upon Trent: Council Insurance Services - Lot 3 Crime,"To provide insurance services covering Property, Liability, Crime, Motor, Travel & Engineering to East Staffordshire Borough Council.

Additional information: https://www.delta-esourcing.com/delta/viewNotice.html?noticeId=1068950680",East Staffordshire Borough Council,,28378.98,GBP,2026-09-30,2026-06-22,award,complete,66510000,https://www.contractsfinder.service.gov.uk/Notice/24b2087f-3395-4658-805f-40a518848872-915986,2026-10-01T14:08:46.623634+00:00
Contracts Finder,ocds-b5fd17-486a0c14-8e5f-4b2d-8aa6-d26e1d9aa211_640bd73b-adf2-4b07-a9f9-89ea4e5836a4-915985,GB-Burton upon Trent: Council Insurance Services - Lot 2 Combined Liability,"To provide insurance services covering Property, Liability, Crime, Motor, Travel & Engineering to East Staffordshire Borough Council.

Additional information: https://www.delta-esourcing.com/delta/viewNotice.html?noticeId=1067450346",East Staffordshire Borough Council,,495634.45,GBP,2026-09-30,2026-06-22,award,complete,66510000,https://www.contractsfinder.service.gov.uk/Notice/640bd73b-adf2-4b07-a9f9-89ea4e5836a4-915985,2026-10-01T14:08:46.623713+00:00
Contracts Finder,ocds-b5fd17-6aa745b2-b946-4b5e-ac55-5065dc5c003a_ef3a9fa7-44f0-4a7b-b4b8-c68b7b7d1ec6-915984,GB-Burton upon Trent: Council Insurance Services - Lot 1 Property,"To provide insurance services covering Property, Liability, Crime, Motor, Travel & Engineering to East Staffordshire Borough Council.

Additional information: https://www.delta-esourcing.com/delta/viewNotice.html?noticeId=1067435068",East Staffordshire Borough Council,,439235.77,GBP,2026-09-30,2026-06-22,award,complete,66510000,https://www.contractsfinder.service.gov.uk/Notice/ef3a9fa7-44f0-4a7b-b4b8-c68b7b7d1ec6-915984,2026-10-01T14:08:46.623790+00:00
Contracts Finder,ocds-b5fd17-219ba906-04bd-42da-94f3-ae34c4394425_f08923a8-3a0b-465f-95f1-bf7746b51d9a-915983,Architecture as a Service,Architecture as a Service,The Pensions Regulator,,350000.0,GBP,2026-09-30,2026-09-30,award,complete,72000000,https://www.contractsfinder.service.gov.uk/Notice/f08923a8-3a0b-465f-95f1-bf7746b51d9a-915983,2026-10-01T14:08:46.623868+00:00
Contracts Finder,ocds-b5fd17-72c52f04-9843-4835-939d-45268e061897_a523423c-f0d6-4247-8888-9c743fa950fe-915982,PDF Framework - A168 Disforth Resurfacing,PDF Framework - A168 Disforth Resurfacing,National Highways Limited,,422788.43,GBP,2026-09-30,2026-08-30,award,complete,45233210,https://www.contractsfinder.service.gov.uk/Notice/a523423c-f0d6-4247-8888-9c743fa950fe-915982,2026-10-01T14:08:46.623946+00:00
Contracts Finder,ocds-b5fd17-4b01f601-39d8-4f5b-b170-16c97f03ea6e_660f9944-2e69-4b13-a3e4-1ebb55b6f0b4-915981,PDF Framework - A1 NB Wansford-Wothorpe resurf,PDF Framework - A1 NB Wansford-Wothorpe resurf,National Highways Limited,,3710855.29,GBP,2026-09-30,2026-08-30,award,complete,45233210,https://www.contractsfinder.service.gov.uk/Notice/660f9944-2e69-4b13-a3e4-1ebb55b6f0b4-915981,2026-10-01T14:08:46.624024+00:00
Contracts Finder,ocds-b5fd17-6c4d298b-cdd2-485c-9608-2494f495dd65_18a92ffe-c452-40da-bf3b-a1b856b83d6d-915948,Value Added Reseller Services - Microsoft Azure,National Energy System Operator (NESO) has awarded a call-off contract to Softcat under Lot 3 of Technology Products & Associated Services 2 (RM6098) for reselling services for the provision of Microsoft Azure.,NATIONAL ENERGY SYSTEM OPERATOR LIMITED,,14000000.0,GBP,2026-09-30,2026-08-01,award,complete,72260000,https://www.contractsfinder.service.gov.uk/Notice/18a92ffe-c452-40da-bf3b-a1b856b83d6d-915948,2026-10-01T14:08:46.624101+00:00
Contracts Finder,ocds-b5fd17-36a6a9b9-10f2-4918-a647-505e931042da_0a668002-c4b1-4b25-965b-590435dd8938-915979,PDF Framework - M5 Junction 4 Island,PDF Framework - M5 Junction 4 Island,National Highways Limited,,341348.57,GBP,2026-09-30,2026-08-30,award,complete,45233210,https://www.contractsfinder.service.gov.uk/Notice/0a668002-c4b1-4b25-965b-590435dd8938-915979,2026-10-01T14:08:46.624180+00:00
Contracts Finder,ocds-b5fd17-d7a44506-30db-4234-990c-6bebde6d7121_d4856b86-d1fb-491e-b1ec-5f376d8886c0-915978,"Procurement of Agricultural and Warehouse Machinery, Trailed and Mounted Equipment","Partnership Fund for a Resilient Ukraine Phase 2 (PFRU-2) is a multi-year, multi-donor-funded programme managed by the UK's Foreign, Commonwealth and Development Office.
As part of its project activities, PFRU-2 is seeking an organization to supply the Agricultural and Warehouse Machinery, Trailed and Mounted Equipment.

Please note the following important tender provisions:
•	the deadline for submitting proposals is October 15, 2026, at 15:00 Kyiv time;
•	all questions regarding the tender","Chemonics International, Inc.",,1.0,GBP,2026-09-30,2026-10-15,tender,active,16000000,https://www.contractsfinder.service.gov.uk/Notice/d4856b86-d1fb-491e-b1ec-5f376d8886c0,2026-10-01T14:08:46.624259+00:00
Contracts Finder,ocds-b5fd17-e5716655-0692-438c-893f-c603e26ff063_8236cfba-36b9-4726-bd66-4ef4b40f24c3-915977,"WSCC Route 7199 Bognor Regis to Littlegreen Academy - 4 seats, 1 PA","WSCC Route 7199 Bognor Regis to Littlegreen Academy - 4 seats, 1 PA",West Sussex County Council,,79503.6,GBP,2026-09-30,2026-08-10,award,complete,60120000,https://www.contractsfinder.service.gov.uk/Notice/8236cfba-36b9-4726-bd66-4ef4b40f24c3-915977,2026-10-01T14:08:46.624337+00:00
Contracts Finder,ocds-b5fd17-3351049d-1a30-4511-af72-0e220ecd8781_4d9511d7-bb7b-464e-bd1d-5514e326d60b-915976,37343 CONTACT,"This contract is for the provision of transport services - journey stated in the title of this notice. It has been awarded following a Mini Competition under Council's Dynamic Purchasing System (DPS) PAN3059 - Passenger Transport Services.

To find out more about this DPS and how to provide taxi services to the Council, please see Taxi firms tendering for contracts (leicester.gov.uk)",Leicester City Council,,9750.0,GBP,2026-09-30,2026-09-30,award,complete,60120000,https://www.contractsfinder.service.gov.uk/Notice/4d9511d7-bb7b-464e-bd1d-5514e326d60b-915976,2026-10-01T14:08:46.624416+00:00
Contracts Finder,ocds-b5fd17-d85a7aa3-66ec-41de-94a2-ca9094d1b0a0_cb437877-529e-4979-b9c0-7dfc5b061ca7-915975,GB-London: Commercial Advisor Services,Provision of Commercial Advisor Services,Peabody Trust,,117500.0,GBP,2026-09-30,2026-09-30,award,complete,79400000,https://www.contractsfinder.service.gov.uk/Notice/cb437877-529e-4979-b9c0-7dfc5b061ca7-915975,2026-10-01T14:08:46.624493+00:00
Contracts Finder,ocds-b5fd17-e40f450d-5193-4733-b7de-9bdc9024d3e9_2fcb9678-d5d4-404d-b196-37af2b361cc3-915974,"WSCC Route 60134 Burgess Hill to Hove Micro School - 4 seats, 1 PA, REGULAR TEAM","WSCC Route 60134 Burgess Hill to Hove Micro School - 4 seats, 1 PA, REGULAR TEAM",West Sussex County Council,,38692.42,GBP,2026-09-30,2026-08-10,award,complete,60120000,https://www.contractsfinder.service.gov.uk/Notice/2fcb9678-d5d4-404d-b196-37af2b361cc3-915974,2026-10-01T14:08:46.624578+00:00
Contracts Finder,ocds-b5fd17-92dbfaaf-270d-4d8e-9c8d-14fb15d24ebe_3570b401-f83d-47ee-bbf0-9f0bb54be963-915973,"QOC961 2026-09-29 (0900) Lowestoft - The Clare School, Norwich (8 seated wheelchair compliant vehicle with a PA) - AWARD","Suffolk County Council is seeking a mini competition against the following Dynamic Purchasing System: `The supply of Passenger Transport Services`, OJEU Notice Id: 2018/S 031-067685.
      
      QOC961 2026-09-29 (0900) Lowestoft - The Clare School, Norwich (8 seated wheelchair compliant vehicle with a PA)
      
      Further details can be found in the 'Tenders / My Tenders' area of this website, by selecting the 'View Details' button for this project.
      
      The deadline for retu",Suffolk County Council Passenger Transport,,,GBP,2026-09-30,2026-09-29,award,complete,60000000,https://www.contractsfinder.service.gov.uk/Notice/3570b401-f83d-47ee-bbf0-9f0bb54be963-915973,2026-10-01T14:08:46.624654+00:00
Contracts Finder,ocds-b5fd17-fe81b07b-0c47-43b5-b096-feed3c9b084e_c786c0ef-fccb-41b3-b66f-13bf8ebdc59c-915971,On-demand Technology Learning Platform,3 year term of on-demand technology learning platform licences.,STUDENT LOANS COMPANY LIMITED,,391159.41,GBP,2026-09-30,2026-09-17,award,complete,48931000,https://www.contractsfinder.service.gov.uk/Notice/c786c0ef-fccb-41b3-b66f-13bf8ebdc59c-915971,2026-10-01T14:08:46.624735+00:00
Contracts Finder,ocds-b5fd17-e06ac7cc-821e-4139-a876-706d6658910c_338727d5-5b80-459a-bb51-7d541686623c-915972,SEN20600-SEN-TAXI- Leicester College Abbey Park Campus,SEN20600-SEN-TAXI- Leicester College Abbey Park Campus,Leicestershire County Council,,6700.0,GBP,2026-09-30,2026-09-29,award,complete,60000000,https://www.contractsfinder.service.gov.uk/Notice/338727d5-5b80-459a-bb51-7d541686623c-915972,2026-10-01T14:08:46.624813+00:00
Contracts Finder,ocds-b5fd17-316d3ced-fe07-40ae-ba63-0a942f8be9b5_24ea3a4d-19b0-4cb0-9929-6a811ae2a7e4-915969,PAHT- Solus Endoscopy & Bronchoscopy Software,The Princess Alexandra Hospital NHS Trust award for Solus Endoscopy & Bronchoscopy Software via NHS Supply Chain - National Framework Agreement for Digital Diagnostic Solutions.,The Princess Alexandra Hospital NHS Trust,45000.0,49000.0,GBP,2026-09-30,2025-12-08,award,complete,48517000,https://www.contractsfinder.service.gov.uk/Notice/24ea3a4d-19b0-4cb0-9929-6a811ae2a7e4-915969,2026-10-01T14:08:46.624891+00:00
Contracts Finder,ocds-b5fd17-951e0eca-019f-4193-8755-77a80922eb87_e6d54503-1625-4a49-81ed-c1ff1d81e19e-915968,Barbican Centre Library Furniture,"Contract awarded to the highest scoring supplier The Design Concept Ltd, the route to market was a Mini Competition via Staffordshire County Council Framework",The Mayor and Commonalty and Citizens of the City of London,,150000.0,GBP,2026-09-30,2026-07-17,award,complete,39100000,https://www.contractsfinder.service.gov.uk/Notice/e6d54503-1625-4a49-81ed-c1ff1d81e19e-915968,2026-10-01T14:08:46.624971+00:00
Contracts Finder,ocds-b5fd17-540ee866-6aa6-4218-8f4e-61325aa6dda2_2614c5f2-1013-4f98-8c63-f0c0bc62d585-915967,GB-Milton Keynes: Provision of Retrofit and Decarbonisation Works,The Provision of Retrofit and Decarbonisation Works.,Amplius Living,,84000000.0,GBP,2026-09-30,2026-02-09,award,complete,45450000,https://www.contractsfinder.service.gov.uk/Notice/2614c5f2-1013-4f98-8c63-f0c0bc62d585-915967,2026-10-01T14:08:46.625048+00:00
Contracts Finder,ocds-b5fd17-048b148f-b265-4f8f-b837-febd4e6d556d_171ac09e-5c4a-449a-9501-e4c8ac29a4b7-915966,CA17482 - South Devon College   TENDER FOR   Waste Management Services  31 July 2026 - 30 July 2029,"South Devon College
TENDER FOR 
Waste Management Services
31 July 2026 - 30 July 2029
With Extension Options Totalling 24 Months


To access this competition: 

Registered:
Login to https://suppliers.multiquote.com and view the opportunity CA17482.

Not registered:
Visit https://suppliers.multiquote.com then register and quote CA17482 as the reason for registration. 

 Any queries please contact MultiQuote on 020 3920 8054.",South Devon College,,,GBP,2026-09-30,2026-07-30,award,complete,90500000,https://www.contractsfinder.service.gov.uk/Notice/171ac09e-5c4a-449a-9501-e4c8ac29a4b7-915966,2026-10-01T14:08:46.625124+00:00
Contracts Finder,ocds-b5fd17-42178cca-6580-4413-8200-29db719d0e2a_88c39868-0f0b-4cbd-9f1c-f1b1fcd2be6b-915965,"GB-Milton Keynes: Provision of Universal Adapter Licensing, Support and Maintenance Services","The Provision of Universal Adapter Licensing, Support and Maintenance Services.",Amplius Living,,33000.0,GBP,2026-09-30,2026-05-01,award,complete,72253200,https://www.contractsfinder.service.gov.uk/Notice/88c39868-0f0b-4cbd-9f1c-f1b1fcd2be6b-915965,2026-10-01T14:08:46.625202+00:00
Contracts Finder,ocds-b5fd17-ec840479-5c45-47dc-b47d-6079d0cadc5c_bf70b746-2f41-4325-8013-2bad2ae228f3-915964,Asbestos Surveys and Analytics,"To undertake asbestos surveys and analytical testing once asbestos has been removed.\r
\r
Call-off Via EEM0024 Asbestos Surveys & Removal Framework\r
Lot 1: Asbestos Surveys and Analytical Services",Nottinghamshire County Council,,300000.0,GBP,2026-09-30,2026-08-13,award,complete,71600000,https://www.contractsfinder.service.gov.uk/Notice/bf70b746-2f41-4325-8013-2bad2ae228f3-915964,2026-10-01T14:08:46.625280+00:00
Contracts Finder,ocds-b5fd17-4bac89c7-93b7-4be2-baf8-e03a923db8d5_eb7ecb32-33cf-4859-82e6-46b9835ad0e2-915959,"Dorset Children's online policies and procedures for Children's Homes, Foster Carers and Supported Lodgings","Online best practice catalogues with policies and procedures compliant with legislation and guidance.

Call-off from G-Cloud 14 Framework RM1557.14, Lot 2 Cloud Software",Dorset Council,,30200.0,GBP,2026-09-30,2026-03-31,award,complete,48190000,https://www.contractsfinder.service.gov.uk/Notice/eb7ecb32-33cf-4859-82e6-46b9835ad0e2-915959,2026-10-01T14:08:46.625359+00:00
Contracts Finder,ocds-b5fd17-9ef9d6c2-d15c-4945-84b5-fd4980f9ad08_11cb3dda-bdc5-4b93-b5fe-7cc5fc67b763-915962,CALL-OFF: Children's Services Re-Opening of the Open Select List 2025 for all Independent Placement,Provision of support in a Residential Children's Home,Lincolnshire County Council (Transport Service Area),,,GBP,2026-09-30,2025-11-10,award,complete,85000000,https://www.contractsfinder.service.gov.uk/Notice/11cb3dda-bdc5-4b93-b5fe-7cc5fc67b763-915962,2026-10-01T14:08:46.625435+00:00
Contracts Finder,ocds-b5fd17-5f6d403b-bfce-4d05-b027-1dff878d1055_ab821684-3d94-4a55-b14d-526dcbe09daa-915960,Microsoft Licences (NFC204),"Microsoft Licences (NFC204)

Additional information: 
This is a call off contract from framework Crown Commercial Services Framework - Technology Products & Associated Services 2 RM6098 with the option of a 12 month extension",East Sussex Healthcare NHS Trust,,677289.0,GBP,2026-09-30,2026-09-30,award,complete,48517000,https://www.contractsfinder.service.gov.uk/Notice/ab821684-3d94-4a55-b14d-526dcbe09daa-915960,2026-10-01T14:08:46.625512+00:00
Contracts Finder,ocds-b5fd17-0ff4aac8-d7a6-4f3d-a543-9833c009b246_4685c9b9-b5cc-41de-82a4-dd9663e3a7f4-915953,Integrated Impact Assessment for Local Plan,Call-off via GCA RM6309 framework for the provision of an integrated impact assessment for the local plan.,Chelmsford City Council,,53167.0,GBP,2026-09-30,2026-09-01,award,complete,71410000,https://www.contractsfinder.service.gov.uk/Notice/4685c9b9-b5cc-41de-82a4-dd9663e3a7f4-915953,2026-10-01T14:08:46.625602+00:00
Contracts Finder,ocds-b5fd17-22627161-a44e-4330-a5c3-05b6ffeb1c42_30acd4d6-7352-45ca-9986-03f645b64d2c-915958,NCC1793 Fixed Asset Valuation Services,"Delivery of statutory asset valuation services to support the Council's financial reporting requirements and Year 1 of its five-year rolling asset valuation programme, including:
•Operational land and building valuations
•Housing Revenue Account (HRA) valuations
•Insurance reinstatement valuations
NCC Consultancy approval version 9 23/04/2026
•Investment property, surplus asset and assets held for sale valuations
•Ad-hoc and material change valuations
•Annual indexation support and valuat",Northumberland County Council,,70255.0,GBP,2026-09-30,2026-09-29,award,complete,79210000,https://www.contractsfinder.service.gov.uk/Notice/30acd4d6-7352-45ca-9986-03f645b64d2c-915958,2026-10-01T14:08:46.625681+00:00
Contracts Finder,ocds-b5fd17-8a93ed8a-7f2c-4f6b-9e58-c18edcb20ec0_1d7f1cc4-69f7-492f-803d-0f505481b5d5-915957,RA360599 - SERVICE COMPRESSORS & DRYERS,"Site Location Colchester Hospital
Site Contact Nick Bailey email address nick.bailey@esneft.nhs.uk - To access this competition: login to https://suppliers.multiquote.com and view the opportunity RA360599. Not registered on MultiQuote - visit https://suppliers.multiquote.com then register and quote RA360599 as the reason for registration. Any queries please contact MultiQuote on 0151 482 9230.",East Suffolk and North Essex NHS FT,,,GBP,2026-09-30,2026-10-15,tender,active,50000000,https://www.contractsfinder.service.gov.uk/Notice/1d7f1cc4-69f7-492f-803d-0f505481b5d5,2026-10-01T14:08:46.625761+00:00
Contracts Finder,ocds-b5fd17-6f055953-4fc7-4a14-a0d5-af7541b00d85_739472d7-61ee-421b-94b9-345a530d71bd-915956,NinjaOne Licences,NinjaOne Licences 26/27,National Institute for Health and Care Excellence,,26053.73,GBP,2026-09-30,2026-07-08,award,complete,48000000,https://www.contractsfinder.service.gov.uk/Notice/739472d7-61ee-421b-94b9-345a530d71bd-915956,2026-10-01T14:08:46.625839+00:00
Contracts Finder,ocds-b5fd17-9d7c86c9-4d3b-43be-bb39-4f328797e539_941310ad-140f-43b5-a7a8-ed7b34590c45-915955,MR Insourcing,MR Insourcing for the Christie NHS Foundation Trust,The Christie NHS Foundation Trust,,102486.8,GBP,2026-09-30,2026-04-17,award,complete,85150000,https://www.contractsfinder.service.gov.uk/Notice/941310ad-140f-43b5-a7a8-ed7b34590c45-915955,2026-10-01T14:08:46.625918+00:00
Contracts Finder,ocds-b5fd17-5a9dfcca-9a3c-4ee6-9015-59c870945b5b_32a6acdb-c2e4-4abc-8a42-1ae8f8ff1c66-914082,High Retention High Capacity Battery,"Purchase of 1200 x SC2 Series High Capacity Battery Pack (High 
Retention). Purchased via Tetra Airwave Terminal Products and Services (TETRA PDS2) Framework Agreement.",British Transport Police,,40860.0,GBP,2026-09-30,2026-09-07,award,complete,35200000,https://www.contractsfinder.service.gov.uk/Notice/32a6acdb-c2e4-4abc-8a42-1ae8f8ff1c66-914082,2026-10-01T14:08:46.625995+00:00
Contracts Finder,ocds-b5fd17-e8c84fc7-dcc4-4a10-9390-3c4803a26d49_072a15aa-dece-4424-9432-ff58cb82eada-915954,37341 GATEWAY,"This contract is for the provision of transport services - journey stated in the title of this notice. It has been awarded following a Mini Competition under Council's Dynamic Purchasing System (DPS) PAN3059 - Passenger Transport Services.

To find out more about this DPS and how to provide taxi services to the Council, please see Taxi firms tendering for contracts (leicester.gov.uk)",Leicester City Council,,22230.0,GBP,2026-09-30,2026-09-30,award,complete,60120000,https://www.contractsfinder.service.gov.uk/Notice/072a15aa-dece-4424-9432-ff58cb82eada-915954,2026-10-01T14:08:46.626072+00:00
Contracts Finder,ocds-b5fd17-4f028ff4-77e0-4375-a872-d3091948caa0_ffbfa5c6-cb77-4b37-bf77-87e5f26f4027-915946,CAS-01425-K9W7H5 QL and Versaa Software as a Service,"The contract is for the provision of Aareon's housing software, comprising of QL (core housing package), Versaa Base License (base license for mobile working), mobile modules (operative and repairs forms for mobile working), Hosting - Versaa (hosting of the customer portal) and Tenant Portal (support for the customer portal, My Aster). The service will support over 600 users over a 36 month term. This contract will be awarded via Lot 3 (Software) of the CCS Technology Products & Associated Servi",ASTER GROUP LIMITED,,1067580.0,GBP,2026-09-30,2026-06-05,award,complete,48000000,https://www.contractsfinder.service.gov.uk/Notice/ffbfa5c6-cb77-4b37-bf77-87e5f26f4027-915946,2026-10-01T14:08:46.626148+00:00
Contracts Finder,ocds-b5fd17-37b86b89-beb1-4727-8b4d-1b66fe0031d8_43db0c22-4c8b-44a8-8c81-00923524389a-915942,Supply of Mobile Hydraulic Repair Service,Supply of Mobile hydraulic repair services,Southampton City Council,,75000.0,GBP,2026-09-30,2024-10-01,award,complete,50000000,https://www.contractsfinder.service.gov.uk/Notice/43db0c22-4c8b-44a8-8c81-00923524389a-915942,2026-10-01T14:08:46.626224+00:00
Contracts Finder,ocds-b5fd17-93dd42f5-5f1c-419e-9896-f5032dba0642_35a765d3-efac-4704-bc0a-71f9aa1215f2-915952,Taxi and MPV (1-8 seats) - Taxi and MPV (1-8 seats),"Vehicle type: Saloon
Passenger Assistant Required: No

Proposed Taxi Route: 
From: BN20 8HA
To: Northease Manor School, BN7 3EY

Frequency: Monday to Friday
Daily School Time: Mon-Thurs 08:30-16:00 and Fri 08:30-15:00
 This opportunity has been distributed on SProc.net",East Sussex County Council,,,GBP,2026-09-30,2026-10-05,tender,active,60000000,https://www.contractsfinder.service.gov.uk/Notice/35a765d3-efac-4704-bc0a-71f9aa1215f2,2026-10-01T14:08:46.626300+00:00
Contracts Finder,ocds-b5fd17-96f39e45-15d3-49d2-b311-65333cb4091f_a446fa63-c6f9-4bdc-8869-07f2c200617c-915936,Supply and delivery of bulk de-icing rock salt for winter highway maintenance,"Supply and delivery of bulk de-icing rock salt (6mm/10mm brown salt) to Dorset Council depots.
Using ESPO Framework 220_24 Lot 1220_24 Lot 1",Dorset Council,,1087000.0,GBP,2026-09-30,2026-04-03,award,complete,14410000,https://www.contractsfinder.service.gov.uk/Notice/a446fa63-c6f9-4bdc-8869-07f2c200617c-915936,2026-10-01T14:08:46.626377+00:00
Contracts Finder,ocds-b5fd17-3c2f1063-2065-45de-92f4-b2650053a8bd_0b53f4f8-edfe-4695-bacc-49dbd119fea0-915951,Taxi and MPV (1-8 seats) Passenger Assistant - Taxi and MPV (1-8 seats) Passenger Assistant,"Tender details:
Vehicle type: 6 seats required
Passenger Assistant Required:  Yes

Proposed Taxi Route:
From:  TN40 2EY
To: Torfield Croft Road, TN34 3JT   

Frequency: Monday-Friday 
Daily School Time: 09:00-15:00

Comments for Operator:  
Pupil must be sat in the middle away from the window and doors
 This opportunity has been distributed on SProc.net",East Sussex County Council,,,GBP,2026-09-30,2026-09-30,award,complete,60000000,https://www.contractsfinder.service.gov.uk/Notice/0b53f4f8-edfe-4695-bacc-49dbd119fea0-915951,2026-10-01T14:08:46.626451+00:00
Contracts Finder,ocds-b5fd17-4af43810-f309-4649-a40f-ea882b81ef7e_b0b8fbbf-e936-4eb0-869b-d12463d0e8a2-915950,Weymouth Neighbourhood Scheme RIBA 1 & 2 Architectural Services,RIBA Stage 1 Feasibility fees and RIBA Stage 2 Concept Design fees for the Weymouth Hospital Neighbourhood Scheme.,Dorset Healthcare University NHS Foundation Trust,,50000.0,GBP,2026-09-30,2026-09-23,award,complete,71220000,https://www.contractsfinder.service.gov.uk/Notice/b0b8fbbf-e936-4eb0-869b-d12463d0e8a2-915950,2026-10-01T14:08:46.626542+00:00
Contracts Finder,ocds-b5fd17-dc8e040a-6142-449e-a5ea-74310842956c_4c401f50-44ee-4f47-a432-8e18aea994b0-915949,Taxi and MPV (1-8 seats) - Taxi and MPV (1-8 seats),"Vehicle type: Saloon
Passenger Assistant Required: No

Proposed Taxi Route: 
From: TN21 8JX
To:  Uplands CC, TN5 6AZ

Frequency: Monday to Friday
Daily School Time: Mon-Fri 08.45-15.10
 This opportunity has been distributed on SProc.net",East Sussex County Council,,,GBP,2026-09-30,2026-10-05,tender,active,60000000,https://www.contractsfinder.service.gov.uk/Notice/4c401f50-44ee-4f47-a432-8e18aea994b0,2026-10-01T14:08:46.626620+00:00
Contracts Finder,ocds-b5fd17-accfe62c-bd15-4fe2-b8a6-e9cf3b2eb613_b1d82702-3dfc-4cb4-85f4-4e44723243a5-915947,Mobisoft Travel Centre Transport Planning System 2026-2029,Mobisoft Travel Centre Transport Planning System 2026-2029,West Sussex County Council,,237932.26,GBP,2026-09-30,2026-08-18,award,complete,72260000,https://www.contractsfinder.service.gov.uk/Notice/b1d82702-3dfc-4cb4-85f4-4e44723243a5-915947,2026-10-01T14:08:46.626699+00:00
Contracts Finder,ocds-b5fd17-e62cd65b-a882-4516-a22b-0502bebefdc8_30574464-a9f7-43c3-b839-c1c2805c5eff-915945,Taxi and MPV (1-8 seats) - Taxi and MPV (1-8 seats),"Vehicle type: Saloon 
Passenger Assistant Required:  No
 
Proposed Taxi Route:
From:  BN20 8UL 
To:   The Haven Church of England Methodist Primary School, BN23 5SW

Frequency: Monday - Friday 
Daily School Time: 08:50 - 15:30
 
Comments for Operator:  
 ASD and ADHD 
 
 This opportunity has been distributed on SProc.net",East Sussex County Council,,,GBP,2026-09-30,2026-10-05,tender,active,60000000,https://www.contractsfinder.service.gov.uk/Notice/30574464-a9f7-43c3-b839-c1c2805c5eff,2026-10-01T14:08:46.626777+00:00
Contracts Finder,ocds-b5fd17-2cdc927a-7eb6-45a7-8a1c-506468289da9_9f0888b9-f7d6-4652-bfe0-a1bf5b7524f6-915943,South East - FRAM lot 9c - Client Support Services - Competitive Tender - AECOM,Award of Contract for South East - FRAM lot 9c - Client Support Services - AECOM,Defra,,719342.02,GBP,2026-09-30,2026-06-04,award,complete,72224000,https://www.contractsfinder.service.gov.uk/Notice/9f0888b9-f7d6-4652-bfe0-a1bf5b7524f6-915943,2026-10-01T14:08:46.626854+00:00
Contracts Finder,ocds-b5fd17-5e1d8e1d-fec9-4bfc-bf72-16d656480332_d40b2a37-22a9-4759-83b2-624e7c20d3ec-915941,"QBE106 2026-09-29 0900 Sudbury- The Albany Academy, Bury St Edmunds (4 seats)  - AWARD","Suffolk County Council is seeking a mini competition against the following Dynamic Purchasing System: `The supply of Passenger Transport Services`, OJEU Notice Id: 2018/S 031-067685.
      
      QBE106 2026-09-29 0900 Sudbury- The Albany Academy, Bury St Edmunds (4 seats) 
      
      Further details can be found in the 'Tenders / My Tenders' area of this website, by selecting the 'View Details' button for this project.
      
      The deadline for returned submissions is 2026-09-29 090",Suffolk County Council Passenger Transport,,,GBP,2026-09-30,2026-09-29,award,complete,60000000,https://www.contractsfinder.service.gov.uk/Notice/d40b2a37-22a9-4759-83b2-624e7c20d3ec-915941,2026-10-01T14:08:46.626929+00:00
Contracts Finder,ocds-b5fd17-00d5b3d2-3f10-4cae-b732-6036c6cfe8fe_5b162d13-d29b-4ede-a92f-b443afbb7290-915939,Vehicle and plant breakdown and recovery service,Vehicle and plant breakdown and recovery service,Southampton City Council,,100000.0,GBP,2026-09-30,2024-09-20,award,complete,50118000,https://www.contractsfinder.service.gov.uk/Notice/5b162d13-d29b-4ede-a92f-b443afbb7290-915939,2026-10-01T14:08:46.627009+00:00
Contracts Finder,ocds-b5fd17-d595e444-bf8b-4d32-b46d-1485c6653353_fbcbde9b-eaad-404a-975a-000e0dbc849d-915940,Internal Print Procurement - AWARD,"The University is seeking a supplier who can provide multifunctional devices and printers to meet the University's internal print, scan and copy requirements. The delivered solution must be able to provide follow me print and be compatable with a Pharos Uniprint environment. The University of Brighton is currently located in three campuses with approximately 124 MFDs and 77 printers. Since Covid the print volume drastically reduced from 13 million prints per annum to 3.7 million prints per annum",University of Brighton,,,GBP,2026-09-30,2025-05-23,award,complete,30121000,https://www.contractsfinder.service.gov.uk/Notice/fbcbde9b-eaad-404a-975a-000e0dbc849d-915940,2026-10-01T14:08:46.627088+00:00
Contracts Finder,ocds-b5fd17-d39acf7f-e650-4d5c-91ea-0422d4a21dd2_bbb63304-26eb-41f1-8eec-f7a02abf2271-915938,For the provision of Network Services (Radio equipment),For the provision of Network Services (Radio equipment),West Sussex County Council,,424572.12,GBP,2026-09-30,2026-09-16,award,complete,32500000,https://www.contractsfinder.service.gov.uk/Notice/bbb63304-26eb-41f1-8eec-f7a02abf2271-915938,2026-10-01T14:08:46.627169+00:00
Contracts Finder,ocds-b5fd17-4f024fad-f51c-40f6-b8a7-065cc0092f05_cf1e6183-6f7c-4ead-ba7e-8f3f03cff77c-915937,Architectural Services,Architectural Services to support the S&A team to  deliver architectural requirements of the Change Portfolio.,Financial Conduct Authority,,9000000.0,GBP,2026-09-30,2026-06-01,award,complete,72000000,https://www.contractsfinder.service.gov.uk/Notice/cf1e6183-6f7c-4ead-ba7e-8f3f03cff77c-915937,2026-10-01T14:08:46.627248+00:00
Contracts Finder,ocds-b5fd17-a8f0f4cb-14b7-477c-9e2f-7f088acee45e_10779c59-2965-4dac-9389-5da07606628c-915935,CS-FS-004-24,"Supply Of Disposal of Hazardous Waste, including but not limited to Waste Oils, Contaminated Fuel, Used Filters and Aerosol cans.",Southampton City Council,,100000.0,GBP,2026-09-30,2024-10-16,award,complete,90500000,https://www.contractsfinder.service.gov.uk/Notice/10779c59-2965-4dac-9389-5da07606628c-915935,2026-10-01T14:08:46.627328+00:00
Contracts Finder,ocds-b5fd17-5a86001c-2d14-47ff-81e9-baf08e17a30b_24b3bb24-f5c2-4d9e-9d68-d9af3b798754-915934,IAPTUS Clinical Information System,"This project is for  Electronic Patient Record (EPR)  management solution for IAPT and 
behavioural change service which report national mental health datasets. The contract awarded via G-Cloud 14 Call-Off Contract under lot 2: Cloud software .",Sussex and Partnership NHS Foundation Trust,,192480.0,GBP,2026-09-30,2026-07-13,award,complete,33195000,https://www.contractsfinder.service.gov.uk/Notice/24b3bb24-f5c2-4d9e-9d68-d9af3b798754-915934,2026-10-01T14:08:46.627415+00:00
Contracts Finder,ocds-b5fd17-d26e8bc8-1e30-440f-87aa-186b13f3d0c2_a151ad0e-3006-4a5f-baca-b39e9da9ba3f-915933,37339 - DOVELANDS,"This contract is for the provision of transport services - journey stated in the title of this notice. It has been awarded following a Mini Competition under Council's Dynamic Purchasing System (DPS) PAN3059 - Passenger Transport Services.

To find out more about this DPS and how to provide taxi services to the Council, please see Taxi firms tendering for contracts (leicester.gov.uk)",Leicester City Council,,30397.0,GBP,2026-09-30,2026-09-30,award,complete,60120000,https://www.contractsfinder.service.gov.uk/Notice/a151ad0e-3006-4a5f-baca-b39e9da9ba3f-915933,2026-10-01T14:08:46.627499+00:00
Contracts Finder,ocds-b5fd17-f38f15c8-8038-485f-8882-59bc0fa910b2_a6d6c290-bcd9-42b5-91cf-d8b978c9ecc7-915923,DDaT26444 - Software licenses,"**** THIS IS A CONTRACT DETAILS NOTICE, NOT A CALL FOR COMPETITION****

This procurement is being concluded as a direct award under NHS Digital Workplace Solutions 2 Framework. 

Brief description of Requirement

Software licenses purchase",UK SHARED BUSINESS SERVICES LIMITED,,91133.55,GBP,2026-09-30,2026-09-01,award,complete,48000000,https://www.contractsfinder.service.gov.uk/Notice/a6d6c290-bcd9-42b5-91cf-d8b978c9ecc7-915923,2026-10-01T14:08:46.627584+00:00
Contracts Finder,ocds-b5fd17-a38d8117-9cdc-4de2-834e-ab8e5d774bbe_1486106f-a5b3-4513-8034-87f7a247270f-915931,ID: 37316 - OAKLANDS SCHOOL,"This contract is for the provision of transport services - journey stated in the title of this notice. It has been awarded following a Mini Competition under Council's Dynamic Purchasing System (DPS) PAN3059 - Passenger Transport Services.

To find out more about this DPS and how to provide taxi services to the Council, please see Taxi firms tendering for contracts (leicester.gov.uk)",Leicester City Council,,58500.0,GBP,2026-09-30,2026-09-30,award,complete,60120000,https://www.contractsfinder.service.gov.uk/Notice/1486106f-a5b3-4513-8034-87f7a247270f-915931,2026-10-01T14:08:46.627663+00:00
Contracts Finder,ocds-b5fd17-1ee162ab-1274-4d8e-b15a-186dc8499ce5_f80d3a3f-9c3d-41a5-a46a-eca5e4cae3a8-915930,AT1506 - Data Security Platform,The procurement of Varonis will provide Luton Borough Council with a comprehensive data security platform capable of securing sensitive information across both on-premises and cloud environments.,Luton Council,,357535.2,GBP,2026-09-30,2026-09-10,award,complete,48000000,https://www.contractsfinder.service.gov.uk/Notice/f80d3a3f-9c3d-41a5-a46a-eca5e4cae3a8-915930,2026-10-01T14:08:46.627742+00:00
Contracts Finder,ocds-b5fd17-fe27a7bd-650f-4bb0-82e3-832935cffd52_7e5082c5-42a2-4a5f-a1ce-43bae11b5753-915929,Supply of Forklift Repair & Maintenance,Supply of Forklift Repair & Maintenance,Southampton City Council,,100000.0,GBP,2026-09-30,2024-10-01,award,complete,50100000,https://www.contractsfinder.service.gov.uk/Notice/7e5082c5-42a2-4a5f-a1ce-43bae11b5753-915929,2026-10-01T14:08:46.627820+00:00
Contracts Finder,ocds-b5fd17-8d70e1f9-c014-41d4-ba06-c2957be787be_cc070fe8-e288-4338-a780-2098119f79be-915925,MicroStrategy On Premise to SaaS Upgrade Software Subscription - Extension 2 of 2,MicroStrategy On Premise to SaaS Upgrade Software Subscription extension option 2 of 2. Extension option provided for within the original contract.,STUDENT LOANS COMPANY LIMITED,,292891.66,GBP,2026-09-30,2026-08-24,award,complete,72222300,https://www.contractsfinder.service.gov.uk/Notice/cc070fe8-e288-4338-a780-2098119f79be-915925,2026-10-01T14:08:46.627898+00:00
Contracts Finder,ocds-b5fd17-ca06438d-1bad-4e56-b023-9d71bd778dfd_fd11fdde-afed-45fe-9237-e76ba13ecb68-915928,"ENHT - Hardware - Docks, Monitors & Laptops",East and North Hertfordshire Teaching NHS Trust for Dell Hardware via HealthTrust (HTE) Europe Framework ICT Solutions 3 Framework.,East and North Hertfordshire Teaching NHS Trust,55000.0,58000.0,GBP,2026-09-30,2026-08-17,award,complete,30200000,https://www.contractsfinder.service.gov.uk/Notice/fd11fdde-afed-45fe-9237-e76ba13ecb68-915928,2026-10-01T14:08:46.627976+00:00
Contracts Finder,ocds-b5fd17-954fe8b9-54f6-47f1-806e-1b23bbd7b08c_5ccd544f-2559-43e6-b0e6-d78d747d6575-915927,"QBE072 2026-09-29 0900 Newmarket- Newmarket- The Albany Academy, Bury St Edmunds (4 seats) - AWARD","Suffolk County Council is seeking a mini competition against the following Dynamic Purchasing System: `The supply of Passenger Transport Services`, OJEU Notice Id: 2018/S 031-067685.
      
       QBE072 2026-09-29 0900 Newmarket- Newmarket- The Albany Academy, Bury St Edmunds (4 seats)
      
      Further details can be found in the 'Tenders / My Tenders' area of this website, by selecting the 'View Details' button for this project.
      
      The deadline for returned submissions is 2",Suffolk County Council Passenger Transport,,,GBP,2026-09-30,2026-09-29,award,complete,60000000,https://www.contractsfinder.service.gov.uk/Notice/5ccd544f-2559-43e6-b0e6-d78d747d6575-915927,2026-10-01T14:08:46.628052+00:00
Contracts Finder,ocds-b5fd17-c4bdc633-8659-4141-a175-5e6615079bbe_64275dde-11e2-470a-b20f-47795680ca50-915926,Professional Services to Support the Timms Review - Awarded Contract,"Professional Services for Co-production Expertise for the Facilitation of the TIMMS Review of Personal Independent Payment.

The contract includes an optional 6 month extension at a value of £300,000 excluding VAT.",Department for Work and Pensions,,1000000.0,GBP,2026-09-30,2025-12-18,award,complete,98111000,https://www.contractsfinder.service.gov.uk/Notice/64275dde-11e2-470a-b20f-47795680ca50-915926,2026-10-01T14:08:46.628132+00:00
Contracts Finder,ocds-b5fd17-9eba9b60-5702-4b4c-b3e8-de5187ad382f_e608ea95-4c35-42f3-a32f-b4b3342054ad-915921,Supply Of Driver CPC Training,Supply Of Driver CPC Training,Southampton City Council,,125000.0,GBP,2026-09-30,2024-10-24,award,complete,80411000,https://www.contractsfinder.service.gov.uk/Notice/e608ea95-4c35-42f3-a32f-b4b3342054ad-915921,2026-10-01T14:08:46.628209+00:00
Contracts Finder,ocds-b5fd17-6371b614-823a-4708-84bb-a0206b144e5b_88bce75b-0ee1-4009-be34-fb134d534c79-915924,"QBE105 09:00 2026-09-29 Rendlesham to Abbey Gardens School, Bury St Edmunds - 4-seater vehicle required - AWARD","Suffolk County Council is seeking a mini competition against the following Dynamic Purchasing System: `The supply of Passenger Transport Services`, OJEU Notice Id: 2018/S 031-067685.
      
      QBE105 09:00 2026-09-29 Rendlesham to Abbey Gardens School, Bury St Edmunds - 4-seater vehicle required
      
      Further details can be found in the 'Tenders / My Tenders' area of this website, by selecting the 'View Details' button for this project.
      
      The deadline for returned subm",Suffolk County Council Passenger Transport,,,GBP,2026-09-30,2026-09-29,award,complete,60000000,https://www.contractsfinder.service.gov.uk/Notice/88bce75b-0ee1-4009-be34-fb134d534c79-915924,2026-10-01T14:08:46.628286+00:00
Contracts Finder,ocds-b5fd17-d8cb8124-fa90-4349-81c3-9937ddf471e1_19e69fda-cf19-46ba-862d-32c50a22ff06-915922,37347 - LEICESTER PARTNERSHIP SCHOOL,"This contract is for the provision of transport services - journey stated in the title of this notice. It has been awarded following a Mini Competition under Council's Dynamic Purchasing System (DPS) PAN3059 - Passenger Transport Services.

To find out more about this DPS and how to provide taxi services to the Council, please see Taxi firms tendering for contracts (leicester.gov.uk)


Additional information: 
At the point of award, we are no longer seeking tenders.",Leicester City Council,,25623.0,GBP,2026-09-30,2026-09-30,award,complete,60120000,https://www.contractsfinder.service.gov.uk/Notice/19e69fda-cf19-46ba-862d-32c50a22ff06-915922,2026-10-01T14:08:46.628364+00:00
Contracts Finder,ocds-b5fd17-07f6d497-a0e3-4ad9-9269-d64cef5cbdfc_dd76ba1d-3271-491f-8e2c-058fe4e1fbe6-912276,Provision of source to contract solution,"The National Oceanography Centre (NOC) has awarded a contract for the provision of a cloud-based eProcurement and supplier management solution via G-Cloud 14.

The solution will provide an integrated platform to support procurement and commercial activities across the organisation, including sourcing and tender management, supplier onboarding and supplier relationship management, contract lifecycle management, approval workflows, reporting and analytics, and access to an online procurement mar",National Oceanography Centre,,321975.63,GBP,2026-09-30,2026-06-30,award,complete,48490000,https://www.contractsfinder.service.gov.uk/Notice/dd76ba1d-3271-491f-8e2c-058fe4e1fbe6-912276,2026-10-01T14:08:46.628442+00:00
Contracts Finder,ocds-b5fd17-ce148ae0-d8d5-455d-8aff-92da980211bd_13fde2e7-9deb-4968-b10f-4a7909d674e0-915920,Gallium Generator replacement,Gallium Generator Replacement,The Christie NHS Foundation Trust,,90500.0,GBP,2026-09-30,2026-02-28,award,complete,31122000,https://www.contractsfinder.service.gov.uk/Notice/13fde2e7-9deb-4968-b10f-4a7909d674e0-915920,2026-10-01T14:08:46.628526+00:00
Contracts Finder,ocds-b5fd17-8dad35aa-7fe5-46b6-8304-34f9a9713fed_bd6f6ea3-04bd-4c7b-8faa-6f6fdb0bad57-915909,Balfour Beatty - Roads North of the Thames - LTC - FRC Structures Package,"The Lower Thames Crossing Roads, North Programme is seeking expressions of interest from suppliers with experience in reinforced concrete (FRC) and structural works.

The scope is expected to include elements such as reinforced concrete foundations, abutments, retaining walls, pile caps, reinforced earth structures, bridge structures and other civil engineering works. As part of our procurement planning, we are considering a range of packaging options, including splitting the works into multip",BALFOUR BEATTY CIVIL ENGINEERING LIMITED,,1000000.0,GBP,2026-09-30,2026-10-14,tender,active,45221100,https://www.contractsfinder.service.gov.uk/Notice/bd6f6ea3-04bd-4c7b-8faa-6f6fdb0bad57,2026-10-01T14:08:46.628607+00:00
Contracts Finder,ocds-b5fd17-1e491929-ad88-4f8c-a637-1bacae4aebb6_22c21817-d510-47f6-98dd-087208bbcaac-915919,PLACE089BX-H Mini Competition for Road Schemes,"Mini Competition from the PLACE089 Non-Strategic Road Resurfacing framework for the following schemes:\r
1. A609 Derby Road, Ilkeston\r
2. Queen Street, Belper\r
3. Richard Lane, Tideswell\r
4. Upper Marehay Road ,Ripley [Member Led]\r
5. Whitting Valley Road Roundabout, Old Whittington\r
6. Unnamed Road, Flagg",Derbyshire County Council,,890875.64,GBP,2026-09-30,2026-07-15,award,complete,45233000,https://www.contractsfinder.service.gov.uk/Notice/22c21817-d510-47f6-98dd-087208bbcaac-915919,2026-10-01T14:08:46.628685+00:00
Contracts Finder,ocds-b5fd17-f932fb3b-fdb6-4538-9df0-c4ee8692f90c_b1530562-280d-403a-bfe2-707bd9bfeeaf-915918,FY26/27 Building Histories & Facility Dossiers,FY26/27 Building Histories & Facility Dossiers,Sellafield,,205724.16,GBP,2026-09-30,2026-09-24,award,complete,71300000,https://www.contractsfinder.service.gov.uk/Notice/b1530562-280d-403a-bfe2-707bd9bfeeaf-915918,2026-10-01T14:08:46.628762+00:00
Contracts Finder,ocds-b5fd17-5615237d-dc41-4b1d-ac3d-e8e2f21df64e_40bef55f-bb2f-4c0c-bae6-e9f4a2173d76-915917,S30146 A38 Saltash Tunnel - Technical Support - Extension,"The objective of this task is to ensure that the critical project and technical assistance including checking designs (CAT3), testing and installation of the technology on the A38 Saltash Tunnel renewal is as per required and to the specified standards.
The service is being undertaken as part of the renewal of the current safety critical tunnel technology and systems which have been deemed end to be approaching the end of its life. The renewal should provide resilience, efficiencies and capabil",National Highways Limited,,424591.12,GBP,2026-09-30,2026-09-17,award,complete,73220000,https://www.contractsfinder.service.gov.uk/Notice/40bef55f-bb2f-4c0c-bae6-e9f4a2173d76-915917,2026-10-01T14:08:46.628839+00:00
Contracts Finder,ocds-b5fd17-1441b0b4-ef16-4da2-aad9-df9ae91354c7_ab442971-6360-472d-b8db-2e797b7d8a2c-915916,City of London Housing Lift Maintenance Contract - SEC Mini - Competition,"Contract awarded to the highest scoring supplier (Guideline Lift Services Ltd ), the route to market was via the SEC Lift Maintenance Framework Mini Competition.

The contract was signed by both parties on the 15/09/26.",The Mayor and Commonalty and Citizens of the City of London,,1229066.0,GBP,2026-09-30,2025-07-30,award,complete,50750000,https://www.contractsfinder.service.gov.uk/Notice/ab442971-6360-472d-b8db-2e797b7d8a2c-915916,2026-10-01T14:08:46.628917+00:00
Contracts Finder,ocds-b5fd17-290c7a6a-a477-4be1-88af-bc3b85a97191_22f4207b-822c-43b8-be2d-6ac6d31d5a9f-915915,Clinical Coding Software,"3m Medicode prompts users to search for appropriate codes and flags users in optimising coding efficiency. It will help to improve the accuracy and speed of the creation of the coded clinical data. Prompts HRG directly in real time to the user to consider additional information for the current episode of care.

Additional information: 
This is a call off contract from framework Crown Commercial Services Framework G-Cloud 15 2026/S 000-070505",East Sussex Healthcare NHS Trust,,566318.0,GBP,2026-09-30,2026-09-23,award,complete,48180000,https://www.contractsfinder.service.gov.uk/Notice/22f4207b-822c-43b8-be2d-6ac6d31d5a9f-915915,2026-10-01T14:08:46.628994+00:00
Contracts Finder,ocds-b5fd17-8492f88b-abb1-4e1e-8b6c-ef3b89663d37_053aef40-cc11-4347-a65a-7c6dabd49447-915914,CBC-2127-Q-DS Quantity Surveying Service for Housing Delivery - AWARD,Central Bedfordshire Council has appointed McDaid Quantity Surveying  to carry out Quantity Surveying Service for Housing Delivery.,Central Bedfordshire Council,,,GBP,2026-09-30,2026-09-18,award,complete,71324000,https://www.contractsfinder.service.gov.uk/Notice/053aef40-cc11-4347-a65a-7c6dabd49447-915914,2026-10-01T14:08:46.629068+00:00
Contracts Finder,ocds-b5fd17-17c789bd-db33-443d-99da-32b3c0f06199_2194a545-f4f3-4a65-aaef-9beebf8e3ecb-915913,S30144 Geotechnical asset performance monitoring and reporting,"This service is required to monitor and report the performance of the National 
Highways Geotechnical Condition Performance Indicator (PI) using information 
held by the Client (National Highways). This PI measures the percentage by 
length of the geotechnical asset in good condition. It contributes to the Road 
Investment Strategy (RIS) Performance Specification outcome, a well maintained 
and resilience network. This service will inform how effectively National Highways 
is managing the ",National Highways Limited,,300000.0,GBP,2026-09-30,2026-08-14,award,complete,73220000,https://www.contractsfinder.service.gov.uk/Notice/2194a545-f4f3-4a65-aaef-9beebf8e3ecb-915913,2026-10-01T14:08:46.629145+00:00
Contracts Finder,ocds-b5fd17-4ea73137-9b61-40b2-99a4-eb0897aa4ca8_b8843854-0c74-44cd-b72c-d8088fe6bcfd-915912,Civica Property Management database,Database used for the management of RBK Council properties,The Royal Borough of Kingston upon Thames,,96346.0,GBP,2026-09-30,2026-08-31,award,complete,48100000,https://www.contractsfinder.service.gov.uk/Notice/b8843854-0c74-44cd-b72c-d8088fe6bcfd-915912,2026-10-01T14:08:46.629222+00:00
Contracts Finder,ocds-b5fd17-2dfb4d38-e75b-4b6b-bb8c-5525b191be58_590fd7d9-81d4-4b33-8dbb-21beb14a4ca5-915911,Transport Manager(TM) CPC Training and Operators Licence Awareness Training,"Supply Of Transport Manager (TM), Cpc training and operator's licence training",Southampton City Council,,150000.0,GBP,2026-09-30,2024-10-24,award,complete,80521000,https://www.contractsfinder.service.gov.uk/Notice/590fd7d9-81d4-4b33-8dbb-21beb14a4ca5-915911,2026-10-01T14:08:46.629298+00:00
Contracts Finder,ocds-b5fd17-75063437-b203-45f9-84ea-43fefcf95456_4fb68b80-e542-4fc9-976a-095080569d0d-915910,37346 - HOMEFIELD COLLEGE,"This contract is for the provision of transport services - journey stated in the title of this notice. It has been awarded following a Mini Competition under Council's Dynamic Purchasing System (DPS) PAN3059 - Passenger Transport Services.

 

To find out more about this DPS and how to provide taxi services to the Council, please see Taxi firms tendering for contracts (leicester.gov.uk)

Additional information: 
At the point of award, we are no longer seeking tenders",Leicester City Council,,39780.0,GBP,2026-09-30,2026-09-30,award,complete,60120000,https://www.contractsfinder.service.gov.uk/Notice/4fb68b80-e542-4fc9-976a-095080569d0d-915910,2026-10-01T14:08:46.629376+00:00
Contracts Finder,ocds-b5fd17-17e5c4c0-9c32-44c2-8765-01d15bf800aa_249fec37-0c08-4ffe-a80a-dcbd25e6c74f-915908,Supply Of LGV Training and assessment,Supply Of LGV Training and assessment,Southampton City Council,,125000.0,GBP,2026-09-30,2024-10-24,award,complete,80500000,https://www.contractsfinder.service.gov.uk/Notice/249fec37-0c08-4ffe-a80a-dcbd25e6c74f-915908,2026-10-01T14:08:46.629453+00:00
Contracts Finder,ocds-b5fd17-5c1fa398-c53d-48c9-a0c6-b62fbc62bef1_e27bfc43-1254-4c95-bd90-d370b2e8e75b-915907,Brookfields Accessibility Project Further Competition - AWARD,The Council is tendering a contract for Brookfields Accessibility Project. The full scope as outlined in the specification at Schedule 2.,West Berkshire Council,,,GBP,2026-09-30,2026-06-18,award,complete,45214230,https://www.contractsfinder.service.gov.uk/Notice/e27bfc43-1254-4c95-bd90-d370b2e8e75b-915907,2026-10-01T14:08:46.629534+00:00
Contracts Finder,ocds-b5fd17-6bd82054-18f6-4ba4-ac0d-89496d77103c_8e4d99e7-dc45-4a58-92b1-72b405c60482-915905,Cornwall College Group Print & Signage FE Prospectus Print and Distribution,"Cornwall College Group (CCG) are looking for suppliers to provide high quality print and signage services for the group.
 
Cornwall College Group intends to establish arrangements with suppliers capable of delivering a responsive, reliable and high-quality print and signage service across a range of requirements.
 
The Works will include, but will not necessarily be limited to, digital and lithographic printing, prospectus and distribution printing, large-format print, business stationery, l",Cornwall College,400000.0,410000.0,GBP,2026-09-30,,planning,planned,22000000,https://www.contractsfinder.service.gov.uk/Notice/8e4d99e7-dc45-4a58-92b1-72b405c60482-915905,2026-10-01T14:08:46.629608+00:00
Contracts Finder,ocds-b5fd17-d0061974-81e9-411b-8d11-f1393e18bb76_7ec4e23c-ac39-43e5-9aab-03acdc393960-915906,LongArm Software (Licences),LongArm Software (Licences),Ministry of Justice,,67063.04,GBP,2026-09-30,2026-08-18,award,complete,72260000,https://www.contractsfinder.service.gov.uk/Notice/7ec4e23c-ac39-43e5-9aab-03acdc393960-915906,2026-10-01T14:08:46.629690+00:00
Contracts Finder,ocds-b5fd17-6b80b202-54bc-4c39-9ebb-640f4872b31b_34e84df8-468a-421a-9f7b-8ff52cc32412-915904,PLACE089CA-H  Mini Competition for Road Resurfacing Scheme,"Mini Competition from PLACE089 Non-Strategic Resurfacing framework for the following road resurfacing schemes:\r
1. PPSD B6419 Renishaw Road, Mastin Moor\r
2. PPSD B6407 Shirebrook\r
3. PPSD A514 William Nadin Way, Swadlincote\r
4. PPSD A632 Matlock Road Kelstedge\r
5. PPSD A615 Bakewell Road Matlock",Derbyshire County Council,,200754.37,GBP,2026-09-30,2026-09-04,award,complete,45233000,https://www.contractsfinder.service.gov.uk/Notice/34e84df8-468a-421a-9f7b-8ff52cc32412-915904,2026-10-01T14:08:46.629773+00:00
Contracts Finder,ocds-b5fd17-25f27c12-7c86-42be-ae7c-c6631572ea81_5b47cdba-165f-471d-a1a9-2f2bc2be9175-915903,"QBH002, 0900 2026-09-29, Lowestoft - Kinda Forest School, Holton (4 seats and passenger assistant) - AWARD","Suffolk County Council is seeking a mini competition against the following Dynamic Purchasing System: `The supply of Passenger Transport Services`, OJEU Notice Id: 2018/S 031-067685.
      
      QBH002, 0900 2026-09-29, Lowestoft - Kinda Forest School, Holton (4 seats and passenger assistant)
      
      Further details can be found in the 'Tenders / My Tenders' area of this website, by selecting the 'View Details' button for this project.
      
      The deadline for returned submissio",Suffolk County Council Passenger Transport,,,GBP,2026-09-30,2026-09-29,award,complete,60000000,https://www.contractsfinder.service.gov.uk/Notice/5b47cdba-165f-471d-a1a9-2f2bc2be9175-915903,2026-10-01T14:08:46.629848+00:00
Contracts Finder,ocds-b5fd17-01c54e21-862d-449a-bb06-b37c05906ebc_5855486d-53ee-4aa5-b850-1c74876b8c19-915901,Vehicle CCTV Camera Repairs & Maintenance,Vehicle CCTV Camera Repairs & Maintenance,Southampton City Council,,75000.0,GBP,2026-09-30,2024-10-25,award,complete,50343000,https://www.contractsfinder.service.gov.uk/Notice/5855486d-53ee-4aa5-b850-1c74876b8c19-915901,2026-10-01T14:08:46.629925+00:00
Contracts Finder,ocds-b5fd17-c909e0b9-dbf0-466b-b23f-1233a546c219_de44f913-083c-4c43-9cfd-a7186953e17e-915900,Establishment Control Implementation in Oracle Fusion,Continuation/extension of Oracle Fusion Support.,Northumberland County Council,,76365.0,GBP,2026-09-30,2025-04-30,award,complete,72261000,https://www.contractsfinder.service.gov.uk/Notice/de44f913-083c-4c43-9cfd-a7186953e17e-915900,2026-10-01T14:08:46.630001+00:00
Contracts Finder,ocds-b5fd17-d7487be0-f76a-4935-89fb-4a53c0c41916_72ff943b-8b47-4e61-8668-bd8b2110ed96-915898,Adult education management information system,Adult education management information system,West Sussex County Council,,124500.0,GBP,2026-09-30,2026-07-16,award,complete,72260000,https://www.contractsfinder.service.gov.uk/Notice/72ff943b-8b47-4e61-8668-bd8b2110ed96-915898,2026-10-01T14:08:46.630077+00:00
