source,notice_id,title,description,organisation,value_low,value_high,currency,published_date,deadline,notice_type,status,cpv_codes,url,scraped_at
FTS,ocds-h6vhtk-06c1fb_082385-2026,PS26195 - Futures Procurement Framework,"The final date and time for the submission of bids is Monday 28th September 2026 at 11:00
DO NOT apply directly to the buyer.
All tender information MUST be submitted through the Jaggaer eSourcing Portal.
Brief Description of Requirement
UK Shared Business Services (UKSBS), on behalf of the Department for Science, Innovation and Technology (DSIT), wishes to establish an Open Framework to enable policymakers to identify and procure Futures-related services and capability development opportunities","Department for Science, Innovation & Technology",,9000000.0,GBP,2026-08-28,2026-09-28,tender,active,,https://www.find-tender.service.gov.uk/Notice/082385-2026,2026-08-28T19:13:47.285958+00:00
FTS,ocds-h6vhtk-06ef00_082384-2026,Grizedale Arb Support 2026,Grizedale Arb Support 2026   -   Arboricultural Services,Forestry Commission,,,GBP,2026-08-28,,award,complete,,https://www.find-tender.service.gov.uk/Notice/082384-2026,2026-08-28T19:13:47.285993+00:00
FTS,ocds-h6vhtk-06eefc_082383-2026,Valence Primary School Boiler Replacement,London Borough of Barking and Dagenham is carried out this procurement exercise as an invitation to quote for Valence Primary School Boiler Replacement,London Borough of Barking and Dagenham,,,GBP,2026-08-28,,award,complete,,https://www.find-tender.service.gov.uk/Notice/082383-2026,2026-08-28T19:13:47.286000+00:00
FTS,ocds-h6vhtk-06eeff_082382-2026,Kirklees College - Vending Machines ,Kirklees College - Vending Machines across all 7 sites. ,Kirklees College,,10000.0,GBP,2026-08-28,2026-10-05,tender,active,,https://www.find-tender.service.gov.uk/Notice/082382-2026,2026-08-28T19:13:47.286009+00:00
FTS,ocds-h6vhtk-06cefe_082381-2026,Robert Clack Lower School Food Tech Building Boiler Replacement,London Borough of Barking and Dagenham carried out this procurement exercise as an invitation to quote for Robert Clack Lower School Food Tech Building Boiler Replacement,London Borough of Barking and Dagenham,,,GBP,2026-08-28,,award,complete,,https://www.find-tender.service.gov.uk/Notice/082381-2026,2026-08-28T19:13:47.286015+00:00
FTS,ocds-h6vhtk-06eefe_082380-2026,Deer Fencing 2026/2027 - Central District,Deer and rabbit fencing combination for Bedford Purlieus ( 1400m and 3 lift gates ).  All Timber will be FSC approved and UC4.,Forestry Commission,,,GBP,2026-08-28,,award,complete,,https://www.find-tender.service.gov.uk/Notice/082380-2026,2026-08-28T19:13:47.286021+00:00
FTS,ocds-h6vhtk-06eefd_082379-2026,Sheet Mulching Trial - Norfolk Woodland Creation Site,"Supply of an EN 17033-certified Mater-Bi mulch material beneath a PAS100 compost mulch layer.    
Installation of biodegradable mulch membrane and recycled PAS100-certified compost mulch across designated woodland creation compartments using a tractor-mounted mulching machine, telehandler, trailers, and ancillary plant. The primary work area is located within stock-fenced woodland creation compartments, with limited interaction required outside the fenced areas for access, deliveries and materia",Forestry Commission,,,GBP,2026-08-28,,award,complete,,https://www.find-tender.service.gov.uk/Notice/082379-2026,2026-08-28T19:13:47.286026+00:00
FTS,ocds-h6vhtk-06eefc_082378-2026,Valence Primary School Boiler Replacement,London Borough of Barking and Dagenham is carried out this procurement exercise as an invitation to quote for Valence Primary School Boiler Replacement,London Borough of Barking and Dagenham,,,GBP,2026-08-28,,award,complete,,https://www.find-tender.service.gov.uk/Notice/082378-2026,2026-08-28T19:13:47.286043+00:00
FTS,ocds-h6vhtk-03cfd4_082377-2026,CCS028 Therapeutic Assessment to Support Education and Health Care Plan Delivery,"Derbyshire County Council, Derby City Council, Nottinghamshire County Council and Nottingham City Council (D2N2) form a regional cluster in which we aim to collaborate to deliver better outcomes for children.
Within this cluster, it has become evident that there is a need for further support from external providers to ensure effective, timely and valuable delivery of assessments to support Education and Health Care Plan (EHCP) delivery for our Children, who require this support.
To facilitate mo",Derbyshire County Council,,,GBP,2026-08-28,,award,complete,85000000,https://www.find-tender.service.gov.uk/Notice/082377-2026,2026-08-28T19:13:47.286049+00:00
FTS,ocds-h6vhtk-05df06_082376-2026,"Special Education Needs and Disabilities Information, Advice and support Service (SENDIASS)","Medway Council’s Education and SEND Division is looking to commission Medway’s Special Educational Needs and Disabilities support, advice, and information service (SENDIASS) for children, young people, and their parents / carers.
•A high-quality service which improves our families understanding and enables them to make informed choices and participate in decisions. 
•Legally based information, impartial advice and confidential support delivered primarily via website, social media, telephone, ema",Medway Council,,,GBP,2026-08-28,,award,complete,,https://www.find-tender.service.gov.uk/Notice/082376-2026,2026-08-28T19:13:47.286055+00:00
FTS,ocds-h6vhtk-06709b_082375-2026,"Early Intervention, Prevention and Support Sexual Health Service for Young People in Newcastle (Ages 11-25)","Light Touch Below Threshold Services Contract.
The focus of this service is the early intervention, education, and support to improve sexual health outcomes for children and young people, aligning with local public health priorities and the needs of children and young people.",Newcastle City Council,,,GBP,2026-08-28,,award,complete,,https://www.find-tender.service.gov.uk/Notice/082375-2026,2026-08-28T19:13:47.286061+00:00
FTS,ocds-h6vhtk-069019_082374-2026,Sheffield Dementia Advice Service,"Sheffield City Council is seeking a provider to deliver the Sheffield Dementia Advice Service, a citywide, non-clinical service acting as the single point of access for dementia information, advice and guidance. The service will support people living with dementia, their families, unpaid carers and supporters through information, signposting, navigation and referral into community-based dementia support. The provider will also offer advice, guidance and training to professionals and volunteers t",Sheffield City Council,,502000.0,GBP,2026-08-28,2026-09-30,tender,active,,https://www.find-tender.service.gov.uk/Notice/082374-2026,2026-08-28T19:13:47.286067+00:00
FTS,ocds-h6vhtk-0696c9_082373-2026,Provision of a deep geothermal solution,"The Countess of Chester Hospital is working to meet its statutory net zero requirements in a number of ways. A partner has already been secured to address energy generation and usage on the site using the Carbon and Energy Fund framework. That partner is addressing energy infrastructure on the site, and included in that requirement is to provide an interface with the successful tenderer from this procurement (Deep Geothermal Solution Reference G1065).  The Trust has also won a Public Sector Deca",COUNTESS OF CHESTER HOSPITAL NHS FOUNDATION TRUST,,30000000.0,GBP,2026-08-28,2026-12-09,tender,active,,https://www.find-tender.service.gov.uk/Notice/082373-2026,2026-08-28T19:13:47.286073+00:00
FTS,ocds-h6vhtk-06eefb_082372-2026,UKRI-6261 Self-Steam Generating Autoclave,"UKRI wishes to establish a Contract for the provision of a Self-Steam Generating Autoclave to include design, manufacture, supply, delivery, installation, commissioning and a one year warranty.",UK Research & Innovation (UKRI),,375000.0,GBP,2026-08-28,2026-09-28,tender,active,,https://www.find-tender.service.gov.uk/Notice/082372-2026,2026-08-28T19:13:47.286078+00:00
FTS,ocds-h6vhtk-06eefa_082371-2026,Phase 1 Junior Play Area Equipment Installation - Hawley Green,"Below-threshold open competition
Blackwater & Hawley Town Council invites tenders for the design, supply, installation and commissioning of a new junior play area at:
Hawley Green, Fernhill Road, GU17 9BW
The works comprise the design, supply and installation of a Phase 1 junior play area primarily intended for children aged 7-12 years.
The project is expected to include, subject to tender proposals and available budget:
central multi-play unit;
climbing and traversing activities;
balancing acti",Blackwater and Hawley Town Council,,75000.0,GBP,2026-08-28,2026-09-28,tender,active,,https://www.find-tender.service.gov.uk/Notice/082371-2026,2026-08-28T19:13:47.286085+00:00
FTS,ocds-h6vhtk-06a20d_082370-2026,GMCA 1981 - Restricted Eligibility Support Service,"The Greater Manchester Combined Authority (GMCA) is procuring the next phase of the Restricted Eligibility Support Service (RESS), supporting migrants experiencing or at risk of homelessness across Greater Manchester. The service supports delivery of the Greater Manchester Homelessness Prevention Strategy 2021-2026 and aims to improve outcomes for people with restricted eligibility for public funds, including those with No Recourse to Public Funds (NRPF) and unresolved immigration status who are",Greater Manchester Combined Authority,,,GBP,2026-08-28,,award,complete,,https://www.find-tender.service.gov.uk/Notice/082370-2026,2026-08-28T19:13:47.286090+00:00
FTS,ocds-h6vhtk-06eef9_082369-2026,Client Transport Services 2026 - 2034 - SEND,"Client Transport Services 2026 - 2034 - SEND : DV8 Sussex (BN1 3WB)
X1 Pupil (Dorking)
X1 PA - MUST BE TRAINED IN - First Aid, Seizure Awareness, Asthma Awareness
Additional Training Organised by SCC for Administration of Emergency Medication - PLEASE NOTE - For the first time Buccal Midazolam is administered a paramedic MUST be present
X1 Saloon
Dv8 Sussex
125 Queens Road
Brighton
BN1 3WB",Surrey County Council,,,GBP,2026-08-28,,award,complete,,https://www.find-tender.service.gov.uk/Notice/082369-2026,2026-08-28T19:13:47.286093+00:00
FTS,ocds-h6vhtk-06eef8_082368-2026,Client Transport Services 2026 - 2034 - SEND,"Client Transport Services 2026 - 2034 - SEND : Peer Productions
2 x Pupils
1 x PA
1 x Saloon Car
Shepperton
Guildford
PA required with an understanding of gastrostomy feeding tube.
Transport required 3 days a week only - Tuesdays, Thursdays and Fridays",Surrey County Council,,,GBP,2026-08-28,,award,complete,,https://www.find-tender.service.gov.uk/Notice/082368-2026,2026-08-28T19:13:47.286099+00:00
FTS,ocds-h6vhtk-02f16e_082367-2026,701712461 - CSAT Phase 1 MCN,,Ministry of Defence,,,GBP,2026-08-28,,awardUpdate,,34711110,https://www.find-tender.service.gov.uk/Notice/082367-2026,2026-08-28T19:13:47.286103+00:00
FTS,ocds-h6vhtk-06eef7_082366-2026,EV Charging Infrastructure,"The University require a new Contract for the Supply and maintenance of fully funded EV Charger Infrastructure. The current charge points require upgrading, due to their age and they are out of manufactures warranty. This new Contract opportunity will be for - Supply, Installation and Maintenance of Electric Vehicle Charging Equipment and Associated Items.",University of Dundee,,160000.0,GBP,2026-08-28,2026-10-05,tender,active,50230000,https://www.find-tender.service.gov.uk/Notice/082366-2026,2026-08-28T19:13:47.286108+00:00
FTS,ocds-h6vhtk-06eef6_082365-2026,Gas Chromatograph with Mass Spectrometer and Flame Ionisation Detector (GC-MS/FID),"Supply, delivery, installation, calibration, commissioning and user training for a new Gas Chromatograph system with Mass Spectrometer Detector (MSD) and Flame Ionisation Detector (FID), including associated software, accessories and warranty support. The system will be used for the analysis of biomethane, natural gas, refinery gases and high-purity hydrocarbon reference materials, supporting NPL's research, testing and measurement activities.",NPL Management Limited,,,GBP,2026-08-28,,award,complete,,https://www.find-tender.service.gov.uk/Notice/082365-2026,2026-08-28T19:13:47.286112+00:00
FTS,ocds-h6vhtk-06eef1_082364-2026,UK1 - Pipeline Notice -715933488 IBES,"There is an enduring requirement for contracted labour and personnel support across aviation engineering, logistics information systems, airworthiness records, supply and enabling functions at RAF Odiham, RAF Benson and RNAS Yeovilton. The Authority are seeking a Contractor who shall provide suitably qualified and experienced personnel (SQEP) to supplement Service personnel and deliver the defined outputs where military capacity is constrained. This is an output-based personnel support requireme",Ministry of Defence,,37000000.0,GBP,2026-08-28,,planningUpdate,planned,,https://www.find-tender.service.gov.uk/Notice/082364-2026,2026-08-28T19:13:47.286117+00:00
FTS,ocds-h6vhtk-06eef5_082363-2026,DITCH INFILL AND CULVERTING,DITCH INFILL AND CULVERTING AT HAYWOOD RESERVOIR,North Somerset Council,,,GBP,2026-08-28,,award,complete,,https://www.find-tender.service.gov.uk/Notice/082363-2026,2026-08-28T19:13:47.286124+00:00
FTS,ocds-h6vhtk-06eeea_082362-2026,Framework to Provide Supply Agency Staff Services,"This is the reopening of Framework to Provide Supply Agency Staff Services - ocds-h6vhtk-05abb2
HEART Academies Trust, supported by Value Match Services, intends to undertake the first reopening of the Framework to Provide Supply Agency Staff Services.
The open framework was established to provide eligible education-sector contracting authorities with access to suppliers of temporary, fixed-term and permanent teaching and non-teaching staff across the United Kingdom.
The reopening will cover:
Lo",HEART ACADEMIES TRUST,,850000000.0,GBP,2026-08-28,2026-11-27,planning,planned,,https://www.find-tender.service.gov.uk/Notice/082362-2026,2026-08-28T19:13:47.286129+00:00
FTS,ocds-h6vhtk-05a817_082361-2026,Ready-Heat II Emergency Blankets,24 month supply of Ready-Heat ii self heating emergency blankets. Already signed 1/11/25 as per original notice - prior to this edit correction to remove link to another authority,SWANSEA BAY UNIVERSITY HEALTH BOARD,,,GBP,2026-08-28,,awardUpdate,complete,,https://www.find-tender.service.gov.uk/Notice/082361-2026,2026-08-28T19:13:47.286133+00:00
FTS,ocds-h6vhtk-06c9e4_082360-2026,"Prairie Sports Village, Burnley - Construction of Car Park","Tenders are invited from contractors having the resources, sufficient capacity and experience working with Local Authority clients to create a new car park that The Prairie Sports Village, Burnley. All works must be in accordance with the specification and written instructions in the tender documents.
The contractor will also be responsible for the secure and safe segregation from public areas to all occupied units. Post construction cleaning is required also.
The full details of the Council's r",Burnley Borough Council,,,GBP,2026-08-28,,award,complete,,https://www.find-tender.service.gov.uk/Notice/082360-2026,2026-08-28T19:13:47.286139+00:00
FTS,ocds-h6vhtk-06eef4_082359-2026,DHSC: GPH: Mothers Living with HIV Formula Milk Funding Scheme 2027,"The Department of Health and Social Care (DHSC) is undertaking preliminary market engagement to understand supplier interest, capability and capacity to deliver a service that ensures infants born to mothers living with HIV in England have timely access to formula milk and related sterilising equipment for up to 12 months from birth.
This preliminary market engagement (and any resultant procurement) forms part of wider work by DHSC to implement actions in the HIV Action Plan for England, 2025 to",Department of Health & Social Care,,875000.0,GBP,2026-08-28,,planning,planning,,https://www.find-tender.service.gov.uk/Notice/082359-2026,2026-08-28T19:13:47.286144+00:00
FTS,ocds-h6vhtk-059648_082358-2026,Ticket Retailing & Validation Solutions,"Northern Trains Limited has a requirement to replace its existing Ticket Retailing & Validation solution by December 2026 due to the incumbent supplier's withdrawal from the UK rail ticketing market.
Northern are therefore looking to engage the supply market to understand the solutions available.
Northern Trains Limited Invitation to Tender is for the provision of a technology solution that satisfies two main outcomes for Northern:
•Suitable replacement of the on-train and ticket office solution",NORTHERN TRAINS LIMITED,,,GBP,2026-08-28,,award,complete,,https://www.find-tender.service.gov.uk/Notice/082358-2026,2026-08-28T19:13:47.286150+00:00
FTS,ocds-h6vhtk-06eef3_082357-2026,"Portable Multi-Gas Analyser, Maintenance Kit and Delivery","Supply of an ENVEA MIR 9000P portable multi-gas analyser, including a one-year maintenance kit and delivery. The equipment will be used to support gas monitoring, emissions measurement and analytical testing activities, with maintenance support to ensure continued operational performance",NPL Management Limited,,,GBP,2026-08-28,,award,complete,,https://www.find-tender.service.gov.uk/Notice/082357-2026,2026-08-28T19:13:47.286155+00:00
FTS,ocds-h6vhtk-06eef2_082356-2026,Infrastructure Enhancement Works,HAYWOOD RESERVOIR INFRASTRUCTURE ENHANCEMENT WORKS.,North Somerset Council,,,GBP,2026-08-28,,award,complete,,https://www.find-tender.service.gov.uk/Notice/082356-2026,2026-08-28T19:13:47.286159+00:00
FTS,ocds-h6vhtk-0419ff_082355-2026,IA3213 Staffordshire Children and Young People's Flexible Framework Contract Awards 01.03.2026 - 31.05.2026,"For the avoidance of doubt this Notice is for the awards of Call-off Contracts made under the Framework between the appointed Providers(s) and the Authority. Staffordshire County Council has engaged Suppliers who deliver support to Children and Young People in their Education settings and in their communities, throughout the eight districts of Staffordshire: Cannock, East Staffordshire, Tamworth, Lichfield, South Staffordshire, Stafford,
Newcastle-under-Lyme, and Staffordshire Moorlands. Provisi",Staffordshire County Council,,,GBP,2026-08-28,,award,complete,80000000,https://www.find-tender.service.gov.uk/Notice/082355-2026,2026-08-28T19:13:47.286163+00:00
FTS,ocds-h6vhtk-06eef1_082354-2026,UK1 - Pipeline Notice -715933488 IBES,"There is an enduring requirement for contracted labour and personnel support across aviation engineering, logistics information systems, airworthiness records, supply and enabling functions at RAF Odiham, RAF Benson and RNAS Yeovilton. The Authority are seeking a Contractor who shall provide suitably qualified and experienced personnel (SQEP) to supplement Service personnel and deliver the defined outputs where military capacity is constrained. This is an output-based personnel support requireme",Ministry of Defence,,37000000.0,GBP,2026-08-28,,planning,planned,,https://www.find-tender.service.gov.uk/Notice/082354-2026,2026-08-28T19:13:47.286167+00:00
FTS,ocds-h6vhtk-06eef0_082353-2026,Consultancy services to design Technology Operating Model and Roadmap,Consultancy services for a new Joint Technology Service between South Wales and Gwent Police.,Police and Crime Commissioner for South Wales,,,GBP,2026-08-28,,award,complete,,https://www.find-tender.service.gov.uk/Notice/082353-2026,2026-08-28T19:13:47.286171+00:00
FTS,ocds-h6vhtk-0506cd_082352-2026,WDC - Responsive repairs and Void maintenance,,,,,GBP,2026-08-28,,tenderCancellation,,,https://www.find-tender.service.gov.uk/Notice/082352-2026,2026-08-28T19:13:47.286175+00:00
FTS,ocds-h6vhtk-065685_082351-2026,Framework for the provision of Diving Services,"This award covers the provision of General Diving Services for United Utilities, for inland / inshore projects undertaking commercial diving operations in accordance with the Diving at Work Regulations 1997, the Approved Code of Practice for Commercial Diving Projects Inland/Inshore and any other applicable legislation.",United Utilities Water Limited,,,GBP,2026-08-28,,award,complete,,https://www.find-tender.service.gov.uk/Notice/082351-2026,2026-08-28T19:13:47.286179+00:00
FTS,ocds-h6vhtk-06eeef_082350-2026,SolarWinds Subscription and Loop1 Renewal,"The purchase of SolarWinds subscription which offers a observability solution designed to integrate data from across the IT ecosystem. In addition, the renewal of Loop1 training to assist users in utilising the SolarWinds solution.",Police and Crime Commissioner for Gwent,,,GBP,2026-08-28,,award,complete,,https://www.find-tender.service.gov.uk/Notice/082350-2026,2026-08-28T19:13:47.286183+00:00
FTS,ocds-h6vhtk-06eeee_082349-2026,Ventilation Verification,"Provision of specialist ventilation verification services for The Hillingdon Hospitals NHS Foundation Trust, including inspection, testing, verification and reporting of ventilation systems to support statutory and HTM compliance requirements.",The Hillingdon Hospitals NHS Foundation Trust,,,GBP,2026-08-28,,award,complete,71315410,https://www.find-tender.service.gov.uk/Notice/082349-2026,2026-08-28T19:13:47.286186+00:00
FTS,ocds-h6vhtk-06eeed_082348-2026,Smoking Cessation Service in SMEs,"This Procurement is being conducted in accordance with the Health Care Services (Provider Selection Regime) Regulations 2023 using the competitive process (regulations 6(7) & 11).
Smoking remains a leading cause of preventable illness and premature death. Employees in routine and manual occupations in Wolverhampton have a significantly higher smoking prevalence, compared to the general population.
The aim of this service is to support employees within SMEs in Wolverhampton to successfully quit s",Wolverhampton City Council,,,GBP,2026-08-28,2026-09-30,tender,active,,https://www.find-tender.service.gov.uk/Notice/082348-2026,2026-08-28T19:13:47.286192+00:00
FTS,ocds-h6vhtk-06eeec_082347-2026,SBSA CS  Integrated Transport Digital Twin bid  Preliminary Market Engagement (SBSA001 2026006),"Sussex & Brighton Strategic Authority (SBSA) has been pre-selected by Department for Transport (DfT) to apply for the Integrated Transport Digital Twin (ITDT) opportunity. 
SBSA was pre-selected for this opportunity through a national assessment process by DfT that identified authorities with the potential to generate transferable learning for the transport sector. DfT recognised SBSA’s strategic transport leadership role and its anticipated contribution to developing an integrated and connected",Sussex and Brighton Strategic Authority,,,GBP,2026-08-28,,planning,planning,,https://www.find-tender.service.gov.uk/Notice/082347-2026,2026-08-28T19:13:47.286197+00:00
FTS,ocds-h6vhtk-06eeeb_082346-2026,Client Transport Services 2026 - 2034 - SEND,"Client Transport Services 2026 - 2034 - SEND : BRIT School, Croydon
x 1 pupil
x saloon vehicle
Pupil lives in KT8 postcode area",Surrey County Council,,,GBP,2026-08-28,,award,complete,,https://www.find-tender.service.gov.uk/Notice/082346-2026,2026-08-28T19:13:47.286202+00:00
FTS,ocds-h6vhtk-06eeea_082345-2026,Framework to Provide Supply Agency Staff Services.,"HEART Academies Trust, supported by Value Match Services, intends to undertake preliminary market engagement in connection with the first reopening of the Framework to Provide Supply Agency Staff Services - ocds-h6vhtk-05abb2
The framework provides eligible education-sector contracting authorities with access to temporary, fixed-term and permanent teaching and non-teaching staff. It comprises the following lots:
Lot 1 - Direct Provision
Lot 2 - Master Vendor
Lot 3 - Neutral Vendor
The engagement",HEART ACADEMIES TRUST,,850000000.0,GBP,2026-08-28,,planningUpdate,planning,,https://www.find-tender.service.gov.uk/Notice/082345-2026,2026-08-28T19:13:47.286206+00:00
FTS,ocds-h6vhtk-051b40_082344-2026,LSL/DC/0202 - The Supply of Berets,"Team Leidos are proud to be delivering the logistics commodities and services transformation (LCS(T)) Delivery partner contracts (LCS (T)/0001 dated 16.4.2015) on behalf of the UK Ministry of Defence (the ‘Prime Contract’). Delivery of other parts of the LCS(T) contract are delivered by Leidos Europe Ltd (LEL) and other partners (together ‘Team Leidos’). This requirement is subject to the Public Procurement Regulations and respective advertising action.
In April 2015, the MOD signed a thirteen y","LEIDOS SUPPLY, LIMITED",,,GBP,2026-08-28,,award,complete,,https://www.find-tender.service.gov.uk/Notice/082344-2026,2026-08-28T19:13:47.286211+00:00
FTS,ocds-h6vhtk-05f4fb_082343-2026,Independent Travel Training,"Suffolk County Council has awarded a contract for an Independent Travel Training service.
Independent Travel Training is provided to members of the public who reside in Suffolk, to teach them how to use public transport safely and independently. The service is for clients with disabilities, mental health and learning needs. The clients gain a valuable life skill, which in turns aims to reduce the future demand on council transport services.
The advertised value here is £3,032,400 inclusive of VA",Suffolk County Council,,,GBP,2026-08-28,,award,complete,,https://www.find-tender.service.gov.uk/Notice/082343-2026,2026-08-28T19:13:47.286216+00:00
FTS,ocds-h6vhtk-06eeea_082342-2026,Framework to Provide Supply Agency Staff Services.,"HEART Academies Trust, supported by Value Match Services, intends to undertake preliminary market engagement in connection with the first reopening of the Framework to Provide Supply Agency Staff Services.
The framework provides eligible education-sector contracting authorities with access to temporary, fixed-term and permanent teaching and non-teaching staff. It comprises the following lots:
Lot 1 - Direct Provision
Lot 2 - Master Vendor
Lot 3 - Neutral Vendor
The engagement will provide suppli",HEART ACADEMIES TRUST,,850000000.0,GBP,2026-08-28,,planning,planning,,https://www.find-tender.service.gov.uk/Notice/082342-2026,2026-08-28T19:13:47.286220+00:00
FTS,ocds-h6vhtk-06eee9_082341-2026,Refurbishment of Maxwell 819,"The University of Salford is seeking to appoint a Contractor to deliver the refurbishment of room 819 in the Maxwell Building. The space has been designed to showcase accessibility options and will incorporate a range of technologies and access solutions.
For full tender information and to express an interest please visit our InTend portal via https://in-tendhost.co.uk/salford/aspx/Home.",University of Salford,,75000.0,GBP,2026-08-28,2026-09-18,tender,active,,https://www.find-tender.service.gov.uk/Notice/082341-2026,2026-08-28T19:13:47.286225+00:00
FTS,ocds-h6vhtk-06eee8_082340-2026,HCC - 08/26 - The Provision of Get Enterprising - The Hertfordshire Start Up Programme,"Hertfordshire County Council is currently out to procurement for the Provision of Get Enterprising - The Hertfordshire Start Up Programme.
Hertfordshire Futures is looking to commission a provider and delivery partner to deliver the Get Enterprising programme in Hertfordshire. 
Get Enterprising is a business support programme stimulating enterprise in the County, by providing assistance to entrepreneurs looking to start a business and providing ongoing support to early-stage businesses up to 5-y",Hertfordshire County Council,,1369500.0,GBP,2026-08-28,2026-10-02,tender,active,,https://www.find-tender.service.gov.uk/Notice/082340-2026,2026-08-28T19:13:47.286229+00:00
FTS,ocds-h6vhtk-06eee7_082339-2026,GEIC Tier 2 Membership Extension and Innovation Support Services,"Extension of Tier 2 Membership with the Graphene Engineering Innovation Centre (GEIC), University of Manchester.",NPL Management Limited,,,GBP,2026-08-28,,award,complete,,https://www.find-tender.service.gov.uk/Notice/082339-2026,2026-08-28T19:13:47.286233+00:00
FTS,ocds-h6vhtk-06eee6_082338-2026,Client Transport Services 2026 - 2034 - SEND,"Client Transport Services 2026 - 2034 - SEND : Strodes College (Egham)
X1 Pupil (Ashford) (May have collapsible W/Chair)
NO PA
X1 Saloon (Must have a boot big enough for collapsable wheelchair if required)",Surrey County Council,,,GBP,2026-08-28,,award,complete,,https://www.find-tender.service.gov.uk/Notice/082338-2026,2026-08-28T19:13:47.286239+00:00
FTS,ocds-h6vhtk-06e66b_082337-2026,Devon Pension Fund Independent Person,"Devon County Council needs to appoint an Independent Person for the Devon Pension Fund. The Devon Pension Fund is £6.8 billion fund, with over 270 employers paying into the fund and over 100,000 members of the Pension Scheme (contributors, pensioners and deferred pensioners). The fund is managed by Devon County Council, who act as the administering authority, in accordance with regulations approved by Parliament. The Independent Person will provide independent advice and support to the Investmen",Devon County Council,,,GBP,2026-08-28,,award,complete,,https://www.find-tender.service.gov.uk/Notice/082337-2026,2026-08-28T19:13:47.286261+00:00
FTS,ocds-h6vhtk-06eee5_082336-2026,Recruitment Campaign,Recruitment campaign and media advertising.,North Somerset Council,,,GBP,2026-08-28,,award,complete,,https://www.find-tender.service.gov.uk/Notice/082336-2026,2026-08-28T19:13:47.286268+00:00
FTS,ocds-h6vhtk-06eee4_082335-2026,NGH - Children's Garden,"Scope: Refurbish existing outdoor courtyard to create a new Children's Outdoor
Play Area & Garden as described on the project drawings.
Access: As shown on latest revision of drawing H7539-EXI-XX-00-DR-A-0101.
Relevant factors affecting the work: Access to the site is through a live hospital
environment. All access for movement of materials (including but not limited to
deliveries and removal of debris/spoil) shall take place before 08:00 or after 16:30
and shall be coordinated with the Trust in",Northampton General Hospital NHS Trust,,400000.0,GBP,2026-08-28,2026-09-25,tender,active,,https://www.find-tender.service.gov.uk/Notice/082335-2026,2026-08-28T19:13:47.286272+00:00
FTS,ocds-h6vhtk-06eee3_082334-2026,Nuffield Hospital - MTW ISP Sub-contract 2026-2027,"Maidstone & Tunbridge Wells NHS Trust continues to act as the Prime Provider as contracted by the Integrated Care Board, Kent and Medway (""ICBKM"").  In order to deliver Patient Choice as defined in the NHS Choice Framework and care within the 18 week RTT pathway the Head Provider will partner with the Independent Healthcare Sector.",MAIDSTONE AND TUNBRIDGE WELLS NHS TRUST,,,GBP,2026-08-28,,award,complete,85111100,https://www.find-tender.service.gov.uk/Notice/082334-2026,2026-08-28T19:13:47.286275+00:00
FTS,ocds-h6vhtk-06eee1_082333-2026,"Design, Supply and Delivery of Membrane Aerated Biofilm Reactor (MABR) systems","Severn Trent Water (STW) is undertaking a market engagement exercise to inform a future procurement for the design, assembly, supply, delivery and co-commissioning of Membrane Aerated Biofilm Reactor (MABR) systems across approximately 13 wastewater treatment sites. This exercise will inform procurement strategy, scope development and market understanding.
Core scope includes design support, manufacture, supply, delivery and co-commissioning of MABR systems. STW is also exploring whether supplie",SEVERN TRENT WATER LIMITED,,,GBP,2026-08-28,,planningUpdate,planning,,https://www.find-tender.service.gov.uk/Notice/082333-2026,2026-08-28T19:13:47.286279+00:00
FTS,ocds-h6vhtk-06eee2_082332-2026,Veeam Data Platform Subscription Licence,The purchase of a subscription licence for Veeam Data Platform which enables the protection and recovery of data across various environments.,Police and Crime Commissioner for Gwent,,,GBP,2026-08-28,,award,complete,,https://www.find-tender.service.gov.uk/Notice/082332-2026,2026-08-28T19:13:47.286282+00:00
FTS,ocds-h6vhtk-06eee1_082330-2026,"Design, Supply and Delivery of Membrane Aerated Biofilm Reactor (MABR) systems","Severn Trent Water (STW) is undertaking a market engagement exercise to inform a future procurement for the design, assembly, supply, delivery and co-commissioning of Membrane Aerated Biofilm Reactor (MABR) systems across approximately 13 wastewater treatment sites. This exercise will inform procurement strategy, scope development and market understanding.
Core scope includes design support, manufacture, supply, delivery and co-commissioning of MABR systems. STW is also exploring whether supplie",SEVERN TRENT WATER LIMITED,,,GBP,2026-08-28,,planning,planning,,https://www.find-tender.service.gov.uk/Notice/082330-2026,2026-08-28T19:13:47.286286+00:00
FTS,ocds-h6vhtk-06eee0_082329-2026,CPU 8465 - Property Auction Services,"The Authority is seeking to procure a panel of auctioneers to support the disposal of a diverse portfolio of surplus property assets over the 2026/27 and 2027/28 financial years, and possibly beyond.
The objective is to secure a flexible, multi supplier arrangement that maximises market exposure, supports achievement of best consideration in accordance with statutory requirements, and ensures value for money through competitive and appropriately targeted marketing strategies.",Nottingham City Council,,300000.0,GBP,2026-08-28,2026-09-28,tender,active,,https://www.find-tender.service.gov.uk/Notice/082329-2026,2026-08-28T19:13:47.286289+00:00
FTS,ocds-h6vhtk-06eedf_082328-2026,Develop an Inland Rock and Scree GIS layer,"Natural England is seeking a contractor with expertise in GIS, Earth Observation, habitat mapping and biodiversity analysis to create England-wide inland rock and scree habitat maps, using existing aerial imagery, geological, topographical and botanical datasets. The work is entirely desk-based, with no fieldwork required, and must be completed by February 2027. Deliverables include GIS datasets, metadata, technical reporting and supporting code where applicable, with outputs suitable for public",Natural England,,41667.0,GBP,2026-08-28,2026-09-14,tenderUpdate,active,,https://www.find-tender.service.gov.uk/Notice/082328-2026,2026-08-28T19:13:47.286293+00:00
FTS,ocds-h6vhtk-06eedf_082327-2026,chris.brough@naturalengland.org.uk,"Natural England is seeking a contractor with expertise in GIS, Earth Observation, habitat mapping and biodiversity analysis to create England-wide inland rock and scree habitat maps, using existing aerial imagery, geological, topographical and botanical datasets. The work is entirely desk-based, with no fieldwork required, and must be completed by February 2027. Deliverables include GIS datasets, metadata, technical reporting and supporting code where applicable, with outputs suitable for public",Natural England,,41667.0,GBP,2026-08-28,2026-09-14,tender,active,,https://www.find-tender.service.gov.uk/Notice/082327-2026,2026-08-28T19:13:47.286298+00:00
FTS,ocds-h6vhtk-06ee08_082326-2026,prj_16438 - Legal Publications Framework Agreement 2027,"The Ministry of Justice (MoJ), on behalf of the Judicial Office and the Judicial Library and Information Service (jLIS), is currently exploring the future provision of legal publications, and invites the market to participate in preliminary market engagement prior to any procurement process.
The services being considered include those currently provided under the current Legal Publications Framework Agreement, including the supply of printed legal books, journals, subscriptions, and eBooks to su",Ministry of Justice,,26000000.0,GBP,2026-08-28,,planning,planned,,https://www.find-tender.service.gov.uk/Notice/082326-2026,2026-08-28T19:13:47.286302+00:00
FTS,ocds-h6vhtk-06eede_082325-2026,LEG T212 Quarry Hill UPS Replacement,"The requirement is for a complete replacement UPS solution at Quarry Hill, Leeds LS2 7BS, including the safe disconnection and removal of the current failed UPS platform and its associated batteries, followed by supply, delivery, positioning, installation, commissioning and testing of the replacement system.",Luminate Education Group,,36500.0,GBP,2026-08-28,2026-09-25,tender,active,,https://www.find-tender.service.gov.uk/Notice/082325-2026,2026-08-28T19:13:47.286304+00:00
FTS,ocds-h6vhtk-06eedd_082324-2026,INVITATION TO QUOTE FOR Exclusive rights to publish College Endorsed Manuals for the National Police Promotions Framework Step Two Legal Examinations (Sergeant and Inspector) and the National Investigators' Examination,"Description You are invited by the College of Policing to quote for the provision of exclusive rights to publish College Endorsed Manuals for the National Police Promotions Framework Step Two Legal Examinations (Sergeant and Inspector) and the National Investigators' Examination detailed in the attached brief documentation. Your quotation must be received by Monday 21st September 2026, 16:00hrs. It is the responsibility of all suppliers to ensure that their quotation response is received no late",COLLEGE OF POLICING LIMITED,,0.0,GBP,2026-08-28,2026-09-21,tender,active,,https://www.find-tender.service.gov.uk/Notice/082324-2026,2026-08-28T19:13:47.286308+00:00
FTS,ocds-h6vhtk-06eedc_082323-2026,Funding Proposal Support and Review Services Framework (LSHW.008.2026),"Life Sciences Hub Wales seeks to procure and implement a Framework Agreement for the provision of Funding Proposal Support and Review Services.
The intention is to procure a multi-supplier framework to provide ad-hoc bid writing and funding review and support services to Life Sciences Hub Wales as and when may be required.
The successful suppliers will act as an extension to the internal Life Sciences Hub Wales Funding Support team, providing additional support, capacity, resilience and expertis",Life Sciences Hub Wales Limited,,150000.0,GBP,2026-08-28,2026-09-25,tender,active,,https://www.find-tender.service.gov.uk/Notice/082323-2026,2026-08-28T19:13:47.286311+00:00
FTS,ocds-h6vhtk-06eedb_082322-2026,Tailored Learning Contract 2026-2027,Provide delivery of Adult Skills fund Community Learning courses - DWP funding,Somerset Council,,,GBP,2026-08-28,,award,complete,,https://www.find-tender.service.gov.uk/Notice/082322-2026,2026-08-28T19:13:47.286314+00:00
FTS,ocds-h6vhtk-06eed9_082321-2026,PAS 2038 Commercial Retrofit Assessments,"Milton Keynes City Council are currently out to tender for the provision of PAS 2038 Commercial Retrofit Assessments on 10 Council Owned Buildings. 
Suppliers that would like to take part in this tender process are invited to ""Express Interest"" upon which they will be given access to the full tender documentation through this e-tendering system. 
Suppliers will be notified by email, and the tender documents can be accessed from the “My Tenders” area of this website by selecting the “View Details",Milton Keynes City Council,,40000.0,GBP,2026-08-28,2026-09-18,tenderUpdate,active,,https://www.find-tender.service.gov.uk/Notice/082321-2026,2026-08-28T19:13:47.286318+00:00
FTS,ocds-h6vhtk-06eec3_082320-2026,Future Cash Systems - Cash Processing & CViT Transport (Track & Trace),"O V E R V I E W 
Post Office Limited (POL) is preparing for the replacement and improvement of its Cash Processing & CViT Transport (Track & Trace) System. This is the system that manages and facilitates the logistics of physical cash across its 11,500+ branches and other customers across the UK.
S E R V I C E   S U M M A R Y
A highly specialised, business-critical cash management system used in POL's cash centres and Cash & Valuables in Transit (CViT) depots (as opposed to POL branches) support",Post Office Limited,,,GBP,2026-08-28,,planning,planned,,https://www.find-tender.service.gov.uk/Notice/082320-2026,2026-08-28T19:13:47.286321+00:00
FTS,ocds-h6vhtk-0597a6_082319-2026,Provision of Insourced and Outsourced Clinical Services Framework (Framework Reopening),"The aim of this Framework is to provide Relevant Authorities with fully compliant solutions which supplement the delivery of patient care by Relevant Authorities in line with the NHS' core Key Performance Indicators and standards.
The Framework has two Lots.
Lot 1 Insourced Clinical Services
Lot 2 Outsourced Clinical Services
Insourced Services are clinical services which are delivered on the premises of the contracting Relevant Authority and may use that organisation's equipment.
Outsourced Ser",COUNTESS OF CHESTER HOSPITAL NHS FOUNDATION TRUST,,,GBP,2026-08-28,,tenderUpdate,,85111000,https://www.find-tender.service.gov.uk/Notice/082319-2026,2026-08-28T19:13:47.286325+00:00
FTS,ocds-h6vhtk-06eeda_082318-2026,SWL Acute St Georges University Hospitals NHS Foundation Trust 24/27,,NHS SOUTH WEST LONDON INTEGRATED CARE BOARD,,,GBP,2026-08-28,,awardUpdate,,85110000,https://www.find-tender.service.gov.uk/Notice/082318-2026,2026-08-28T19:13:47.286328+00:00
FTS,ocds-h6vhtk-06eed9_082317-2026,PAS 2038 Commercial Retrofit Assessments,"Milton Keynes City Council are currently out to tender for the provision of PAS 2038 Commercial Retrofit Assessments on 10 Council Owned Buildings. 
Suppliers that would like to take part in this tender process are invited to ""Express Interest"" upon which they will be given access to the full tender documentation through this e-tendering system. 
Suppliers will be notified by email, and the tender documents can be accessed from the “My Tenders” area of this website by selecting the “View Details",Milton Keynes City Council,,40000.0,GBP,2026-08-28,2026-09-18,tender,active,,https://www.find-tender.service.gov.uk/Notice/082317-2026,2026-08-28T19:13:47.286335+00:00
FTS,ocds-h6vhtk-06eed8_082316-2026,Acute SWL Epsom & St Helier University Hospital NHS Trust 24/27,,NHS SOUTH WEST LONDON INTEGRATED CARE BOARD,,,GBP,2026-08-28,,awardUpdate,,85110000,https://www.find-tender.service.gov.uk/Notice/082316-2026,2026-08-28T19:13:47.286338+00:00
FTS,ocds-h6vhtk-06c6d8_082315-2026,SWL Acute Croydon Health Services NHS Trust 24/27,,NHS SOUTH WEST LONDON INTEGRATED CARE BOARD,,,GBP,2026-08-28,,awardUpdate,,85110000,https://www.find-tender.service.gov.uk/Notice/082315-2026,2026-08-28T19:13:47.286341+00:00
FTS,ocds-h6vhtk-06eed7_082314-2026,AI and automation apprenticeship,AI and automation practitioner level 4 apprenticeship x2,North Somerset Council,,,GBP,2026-08-28,,award,complete,,https://www.find-tender.service.gov.uk/Notice/082314-2026,2026-08-28T19:13:47.286344+00:00
FTS,ocds-h6vhtk-06eed6_082313-2026,SWL Acute Kingston & Richmond NHS Foundation Trust 24/27,,NHS SOUTH WEST LONDON INTEGRATED CARE BOARD,,,GBP,2026-08-28,,awardUpdate,,85110000,https://www.find-tender.service.gov.uk/Notice/082313-2026,2026-08-28T19:13:47.286347+00:00
FTS,ocds-h6vhtk-06a93c_082312-2026,Anchorage A-Frames Replacement Scheme,The Humber Bridge Board is conducting this procurement to appoint a suitable Contractor to undertake the design and construction of the replacement for the existing A-frames rocker bearings on the Hessle and Barton Anchorages of the Humber Bridge.The Scheme will involve developing the conceptual design provided for the scheme into a detailed design to replace the existing Barton and Hessle anchorage A-Frames with a pair of vertically orientated pendels and a wind shoe that facilitates all curren,Humber Bridge Board,,,GBP,2026-08-28,,award,complete,,https://www.find-tender.service.gov.uk/Notice/082312-2026,2026-08-28T19:13:47.286350+00:00
FTS,ocds-h6vhtk-02fa00_082311-2026,HD010-25 Burgess Street Car Park,"Works included full construction of the Burgess Street car park, which include the pavement, drainage, kerbing and road signing and lining.",North East Lincolnshire Borough Council,,,GBP,2026-08-28,,award,complete,45000000,https://www.find-tender.service.gov.uk/Notice/082311-2026,2026-08-28T19:13:47.286352+00:00
FTS,ocds-h6vhtk-06eed5_082310-2026,Laundry Equipment Repair and Maintenance 26/27,Industrial Laundry Equipment Repair and Maintenance Services,University Hospitals Sussex NHS Foundation Trust,,1500000.0,GBP,2026-08-28,2026-11-09,planning,planned,,https://www.find-tender.service.gov.uk/Notice/082310-2026,2026-08-28T19:13:47.286355+00:00
FTS,ocds-h6vhtk-06eed4_082309-2026,Highways and Footpaths Surface Dressing,"Wakefield Council is preparing to establish an Open Framework for Surface Dressing of highways and footpaths. The Services will consist of the provision of labour, plant, materials and traffic management to carry out Surface Dressing of Footways and Carriageways within the administrative areas of the members of the Yorkshire Highway Alliance plus any other Local Authority (as defined in the Local Government Act 1972) within the Yorkshire and Humber Region and wholly owned and controlled subsidia",The Council of the City of Wakefield,,200000000.0,GBP,2026-08-28,,planning,planning,,https://www.find-tender.service.gov.uk/Notice/082309-2026,2026-08-28T19:13:47.286358+00:00
FTS,ocds-h6vhtk-06eed3_082308-2026,Grounds Maintenance,Telscombe Town Council is seeking a contractor to provide grounds maintenance at Chatsworth Park and other sites in Telscombe Cliffs and East Saltdean for a 3 year term commencing on 1st April 2027.,Telscombe Town Council,,18000.0,GBP,2026-08-28,2026-10-16,tender,active,,https://www.find-tender.service.gov.uk/Notice/082308-2026,2026-08-28T19:13:47.286363+00:00
FTS,ocds-h6vhtk-06eed2_082307-2026,Generic Drugs - Injections/Infusions,This is a contract for the provision of Generic Injections/Infusions Drugs ,NHS Wales Shared Services Partnership-Procurement Services (hosted by Velindre University NHS Trust),,39600000.0,GBP,2026-08-28,,planning,planning,,https://www.find-tender.service.gov.uk/Notice/082307-2026,2026-08-28T19:13:47.286367+00:00
FTS,ocds-h6vhtk-058b0c_082306-2026,Conway Gardens,"The council wish to invite tenders for the provision of Refurbishment of existing independent living residential facility and associated external improvements at Conway Gardens, Retford, Nottinghamshire, DN22 7YY",Bassetlaw District Council,,,GBP,2026-08-28,,award,complete,,https://www.find-tender.service.gov.uk/Notice/082306-2026,2026-08-28T19:13:47.286370+00:00
FTS,ocds-h6vhtk-06eed1_082305-2026,Consultancy services to design Technology Operating Model and Roadmap,Consultancy services for a new Joint Technology Service between South Wales and Gwent Police.,Police and Crime Commissioner for Gwent,,,GBP,2026-08-28,,award,complete,,https://www.find-tender.service.gov.uk/Notice/082305-2026,2026-08-28T19:13:47.286373+00:00
FTS,ocds-h6vhtk-06eed0_082304-2026,KIMS Hospital - MTW ISP Sub-contract 2026-2027,"Maidstone & Tunbridge Wells NHS Trust continues to act as the Prime Provider as contracted by the Integrated Care Board, Kent and Medway (""ICBKM"").  In order to deliver Patient Choice as defined in the NHS Choice Framework and care within the 18 week RTT pathway the Head Provider will partner with the Independent Healthcare Sector.",MAIDSTONE AND TUNBRIDGE WELLS NHS TRUST,,,GBP,2026-08-28,,award,complete,85111100,https://www.find-tender.service.gov.uk/Notice/082304-2026,2026-08-28T19:13:47.286376+00:00
FTS,ocds-h6vhtk-06a349_082303-2026,Market Engagement Event Homecare Services for Adult Social Care and Children and Young People with Disabilities,"The Council requires the provision of Homecare Services for Adult Social Care and Children and Young People with Disabilities. 
A procurement will be undertaken to establish both a new Lead Provider contract and a Framework contract of providers. The Lead Provider contracts will be let on a neighbourhood basis to mirror the five integrated neighbourhood areas. 
The neighbourhoods are as follows: 
Harlesden
Kilburn 
Kingsbury and Kenton 
Wembley 
Willesden 
It is envisaged there will be 4 or 5 le",London Borough of Brent,,90000000.0,GBP,2026-08-28,,planning,planned,,https://www.find-tender.service.gov.uk/Notice/082303-2026,2026-08-28T19:13:47.286378+00:00
FTS,ocds-h6vhtk-06eecf_082302-2026,Installation of Festoon Lighting along Southend Pier,"To install 1900m of festoon lighting and catenary wire with controls along Southend Pier
£39,346.03",Southend-on-Sea City Council,,,GBP,2026-08-28,,award,complete,,https://www.find-tender.service.gov.uk/Notice/082302-2026,2026-08-28T19:13:47.286381+00:00
FTS,ocds-h6vhtk-06ac7c_082301-2026,Legionella and Water Monitoring Services 2026,A service contract for legionella monitoring services on the WMFRA estate.,West Midlands Fire and Rescue Authority,,,GBP,2026-08-28,,award,complete,,https://www.find-tender.service.gov.uk/Notice/082301-2026,2026-08-28T19:13:47.286385+00:00
FTS,ocds-h6vhtk-06eece_082300-2026,Tailored Learning Contract 2026-2027,Provide delivery of Adult Skills fund Community Learning courses - DWP funding,Somerset Council,,,GBP,2026-08-28,,award,complete,,https://www.find-tender.service.gov.uk/Notice/082300-2026,2026-08-28T19:13:47.286388+00:00
FTS,ocds-h6vhtk-06ecc9_082299-2026,Reagents for Immunohistochemistry,Provision of  reagents for the Immunohistochemistry service within Cellular Pathology.,Swansea Bay University Health Board,,,GBP,2026-08-28,,awardUpdate,complete,,https://www.find-tender.service.gov.uk/Notice/082299-2026,2026-08-28T19:13:47.286391+00:00
FTS,ocds-h6vhtk-0597a6_082298-2026,Provision of Insourced and Outsourced Clinical Services Framework (Framework Reopening),"The aim of this Framework is to provide Relevant Authorities with fully compliant solutions which supplement the delivery of patient care by Relevant Authorities in line with the NHS' core Key Performance Indicators and standards.
The Framework has two Lots.
Lot 1 Insourced Clinical Services
Lot 2 Outsourced Clinical Services
Insourced Services are clinical services which are delivered on the premises of the contracting Relevant Authority and may use that organisation's equipment.
Outsourced Ser",COUNTESS OF CHESTER HOSPITAL NHS FOUNDATION TRUST,,,GBP,2026-08-28,,tenderUpdate,,85111000,https://www.find-tender.service.gov.uk/Notice/082298-2026,2026-08-28T19:13:47.286394+00:00
FTS,ocds-h6vhtk-06eecd_082297-2026,Pre-engagement for MRI Scanning Services for Herefordshire and Worcestershire Health and Care NHS Trust (HWHCT) Worcestershire Patients,"Herefordshire & Worcestershire Health and Care NHS Trust (""the Trust"") is undertaking a preliminary market engagement exercise in accordance with the Health Care Services (Provider Selection Regime) Regulations 2023.
The Trust is considering future arrangements for the provision of a Direct Access MRI Service for patients referred primarily from the Herefordshire and Worcestershire Musculoskeletal (MSK) Service.
A draft service specification is enclosed for review.
The purpose of this questionna",Herefordshire and Worcestershire Health & Care NHS Trust,,2580000.0,GBP,2026-08-28,,planning,planning,,https://www.find-tender.service.gov.uk/Notice/082297-2026,2026-08-28T19:13:47.286398+00:00
FTS,ocds-h6vhtk-06eecc_082296-2026,Central Park (Boston) Footpath Resurfacing Works 2026,"Boston Borough Council is seeking tenders from suitably qualified contractors for the repair and resurfacing of footpaths throughout Central Park & Skatepark, 8 Thorold Street, Boston. PE21 6PH.Lincolnshire. 
The successful contractor will be required to deliver high-quality works that provide a durable, safe and aesthetically appropriate finish, ensuring the continued enjoyment of the park by residents and visitors. 
Works must be undertaken with due consideration to public safety and with mini",Boston Borough Council,,200000.0,GBP,2026-08-28,2026-09-18,tender,active,,https://www.find-tender.service.gov.uk/Notice/082296-2026,2026-08-28T19:13:47.286401+00:00
FTS,ocds-h6vhtk-0597a6_082295-2026,Provision of Insourced and Outsourced Clinical Services Framework (Framework Reopening),"The aim of this Framework is to provide Relevant Authorities with fully compliant solutions which supplement the delivery of patient care by Relevant Authorities in line with the NHS' core Key Performance Indicators and standards.
The Framework has two Lots.
Lot 1 Insourced Clinical Services
Lot 2 Outsourced Clinical Services
Insourced Services are clinical services which are delivered on the premises of the contracting Relevant Authority and may use that organisation's equipment.
Outsourced Ser",COUNTESS OF CHESTER HOSPITAL NHS FOUNDATION TRUST,,,GBP,2026-08-28,,tenderUpdate,,85111000,https://www.find-tender.service.gov.uk/Notice/082295-2026,2026-08-28T19:13:47.286404+00:00
FTS,ocds-h6vhtk-06eecb_082294-2026,T.2026.35_Solar Panels at Pathfinder House,"Huntingdonshire District Council (HDC) is letting a contract for the provision of Roof mounted solar to be installed at HDC's head office, Pathfinder House. This will include the supply and installation of the solar panels as well as the connectivity and ability to view energy production on either Solar Edge or SolisCloud.",Huntingdonshire District Council,,70000.0,GBP,2026-08-28,2026-09-29,tender,active,,https://www.find-tender.service.gov.uk/Notice/082294-2026,2026-08-28T19:13:47.286407+00:00
FTS,ocds-h6vhtk-06eeca_082293-2026,PRE00406_Internal Audit Services,"Pool Re is seeking to appoint a single (1) Tenderer for the provision of Internal Audit Services.
For more information about this opportunity, please visit the eSourcing portal at: 
https://poolre.delta-esourcing.com/tenders/UK-UK-London:-Internal-audit-services./SND65TRWNX
To respond to this opportunity, please click here: 
https://poolre.delta-esourcing.com/respond/SND65TRWNX",Pool Re Services Limited,,1.0,GBP,2026-08-28,,tender,active,,https://www.find-tender.service.gov.uk/Notice/082293-2026,2026-08-28T19:13:47.286410+00:00
FTS,ocds-h6vhtk-06ec56_082292-2026,School Mentoring for resettled refugee families,"The programme seeks to address these challenges through a structured and holistic model of support centred around a dedicated one-to-one mentoring offer. This approach enables families to build confidence, develop their understanding of the education system, and engage more actively in their children’s learning. Delivery will be guided by trauma-informed principles, ensuring that support is sensitive to past experiences and promotes stability, trust and wellbeing for both parents and children.",Oxford City Council,,,GBP,2026-08-28,,awardUpdate,complete,,https://www.find-tender.service.gov.uk/Notice/082292-2026,2026-08-28T19:13:47.286414+00:00
FTS,ocds-h6vhtk-06eddd_082291-2026,Data Science Consultancy Services,Provision of Data Science Consultancy Services,Financial Conduct Authority,,,GBP,2026-08-28,,award,complete,,https://www.find-tender.service.gov.uk/Notice/082291-2026,2026-08-28T19:13:47.286417+00:00
FTS,ocds-h6vhtk-06bac2_082290-2026,UKRI-5909 IUK Clean Energy First of a Kind (FOAK) Builder Programme,"UK Research and Innovation (UKRI) is procuring a Technical Assistance Supplier (TAS) to work with Innovate UK in establishing the First of a Kind (FOAK) Builder Programme.  The objective of the the FOAK builder programme is to rapidly accelerate the development and scale-up of innovative climate tech companies in the UK.
The opportunity is broken down into two phases with a maximum budget of £1.1 million for phase 1 and £3.4 million for phase 2. Ex VAT",UK Research & Innovation (UKRI),,,GBP,2026-08-28,,award,complete,,https://www.find-tender.service.gov.uk/Notice/082290-2026,2026-08-28T19:13:47.286419+00:00
FTS,ocds-h6vhtk-06eec9_082289-2026,Health Security Campus: Senior Construction Advisory,Senior Construction Advisory/Consulting Services provided to UKHSA Health Security Campus Programme.,Secretary of State for Health and Social Care acting as part of the Crown through UK Health Security Agency,,,GBP,2026-08-28,,award,complete,,https://www.find-tender.service.gov.uk/Notice/082289-2026,2026-08-28T19:13:47.286422+00:00
FTS,ocds-h6vhtk-06eec8_082288-2026,Replacement of Kriess Lippe floor,"This project aims to remove the existing floor and subfloor and replace with a screed and liquid DPM, then finished with carpet tiles.",East Riding of Yorkshire Council,,,GBP,2026-08-28,,award,complete,,https://www.find-tender.service.gov.uk/Notice/082288-2026,2026-08-28T19:13:47.286425+00:00
FTS,ocds-h6vhtk-06c0f6_082287-2026,Maintenance of Natus Equipment,"Routine service and repair of Natus equipment located within the Belfast Health & Social Care Trust. Maintenance, in accordance with OEM recommendations.",Belfast Health & Social Care Trust,,,GBP,2026-08-28,,award,complete,,https://www.find-tender.service.gov.uk/Notice/082287-2026,2026-08-28T19:13:47.286429+00:00
FTS,ocds-h6vhtk-06eec7_082286-2026,"Contract for Supply, Install and Commission a MVHR system including all associated electrical works to 2Nr Properties in Townhill as part of a transforming homes Scheme",Supply Install and Commission a MVHR system including all electrical works to 2Nr Properties in Townhill as part of a transforming homes Scheme. Further description in the procurement documents. ,City & County of Swansea,,27000.0,GBP,2026-08-28,2026-09-11,tender,active,,https://www.find-tender.service.gov.uk/Notice/082286-2026,2026-08-28T19:13:47.286432+00:00
FTS,ocds-h6vhtk-06aa37_082285-2026,V2 - Maintenance of Sewage and Clear Water Pumps,"Wandle Housing Association (WHA) is seeking a qualified and experienced supplier to provide ongoing maintenance and servicing of sump pumps and clear water pumps across multiple residential properties located in South London.
This contract is for 3 years, with an option to extend for a further 1 year, subject to annual review, and making the total term a maximum of 4 years.",Wandle Housing Association Limited,,,GBP,2026-08-28,,award,complete,,https://www.find-tender.service.gov.uk/Notice/082285-2026,2026-08-28T19:13:47.286436+00:00
Contracts Finder,ocds-b5fd17-a9cba2b0-2c95-41d4-8bf6-3b678d7f321c_6597cb98-5cc8-41cb-a6c9-13cb4e06e1c8-912384,DN782194 EPC Surveys (Direct Award),"London Borough of Hackney is a Member of the Fusion 21 Members Consortium. This Request for Proposal (RFP) is a Direct Award calling off from the established Fusion21 Consultants Framework - Lot 2 Stock Monitoring & Appraisal, for the provision of EPC surveys. The term of the contract will be for a 12 month period. It is anticipated that the contract will commence in August 2026.",London Borough of Hackney,,489202.2,GBP,2026-08-27,2026-06-23,award,complete,71251000,https://www.contractsfinder.service.gov.uk/Notice/6597cb98-5cc8-41cb-a6c9-13cb4e06e1c8-912384,2026-08-28T19:13:50.622877+00:00
Contracts Finder,ocds-b5fd17-b5937a82-b5da-4133-9d6e-c86743c3abdf_9d871858-fee8-461a-84bf-d524f7d68e8c-912383,Personal Safety Devices,A 36-month contract for the supply and support of lone worker devices in Watford Borough Council.,Watford Borough Council,,35000.0,GBP,2026-08-27,2026-07-01,award,complete,35113000,https://www.contractsfinder.service.gov.uk/Notice/9d871858-fee8-461a-84bf-d524f7d68e8c-912383,2026-08-28T19:13:50.623093+00:00
Contracts Finder,ocds-b5fd17-a08bea07-7b5c-4c91-afbd-77c605e14093_1218a17c-18fe-4235-8571-525d528d0d96-912382,Tourism Campaign 2027 - Video Agency tender,"This contract is to provide North York Moors National Park with filming and photography to showcase our Tourism Campaign 2027
The filming will take place September - October, with delivery for December 2027",North York Moors National Park,,,GBP,2026-08-27,2026-09-14,tender,active,79340000,https://www.contractsfinder.service.gov.uk/Notice/1218a17c-18fe-4235-8571-525d528d0d96,2026-08-28T19:13:50.623295+00:00
Contracts Finder,ocds-b5fd17-d0751a7a-92c1-46ca-a009-a08b92e39f84_e2737cbd-257e-4d42-bd9b-cd0e46d85d80-912381,MRWA Food Waste Prevention campaign 26/27,MWDA is seeking a creative agency to deliver a strategic behavioural change campaign under the Zero Waste LCR brand. The campaign is to help raise awareness of household food waste and food waste prevention behaviours across the Liverpool City Region.,Merseyside Waste Disposal Authority,28450.0,34450.0,GBP,2026-08-27,2026-07-13,award,complete,79340000,https://www.contractsfinder.service.gov.uk/Notice/e2737cbd-257e-4d42-bd9b-cd0e46d85d80-912381,2026-08-28T19:13:50.623477+00:00
Contracts Finder,ocds-b5fd17-32db329b-fe7b-469d-8277-91e367b98845_5304041a-fd57-4810-8102-06087380d0f1-912380,5-year maintenance contract for Karl Storz stack systems (26 items),"5-year maintenance contract for Karl Storz stack systems (26 items). Direct award under NHS SC framework Maintenance, Repair and Calibration of Medical Equipment framework (2021/S000-021535).",North West Anglia NHS Foundation Trust,,95106.95,GBP,2026-08-27,2026-08-19,award,complete,50420000,https://www.contractsfinder.service.gov.uk/Notice/5304041a-fd57-4810-8102-06087380d0f1-912380,2026-08-28T19:13:50.623638+00:00
Contracts Finder,ocds-b5fd17-2fcd9597-3945-4314-ad77-ea2eb2d8d1a8_d5dd714b-c13d-4303-9f29-6329835b4fab-912379,S303-Mainstream Taxi -Humphrey Perkins,S303-Mainstream Taxi -Humphrey Perkins,Leicestershire County Council,,48.0,GBP,2026-08-27,2026-08-21,award,complete,60000000,https://www.contractsfinder.service.gov.uk/Notice/d5dd714b-c13d-4303-9f29-6329835b4fab-912379,2026-08-28T19:13:50.623790+00:00
Contracts Finder,ocds-b5fd17-aa0e9141-d5e3-41ab-94fc-1deb1d594410_eaf07c0f-bc5e-41f5-9c7f-61df23e5a733-912378,Annual support and maintenance of Ultraprep software,Annual support and maintenance of Ultraprep software which includes Full implementation support Demographic integration Document upload integration Ongoing technical support for patients and staff POA expertise and advice (Digital Preop Assessment). Direct award under Digital Workplace Solutions 2 framework.,North West Anglia NHS Foundation Trust,,222720.0,GBP,2026-08-27,2026-05-29,award,complete,48180000,https://www.contractsfinder.service.gov.uk/Notice/eaf07c0f-bc5e-41f5-9c7f-61df23e5a733-912378,2026-08-28T19:13:50.623942+00:00
Contracts Finder,ocds-b5fd17-39e9e968-941e-4532-822f-3273acbf09f0_cf556c41-60f7-45a3-8c40-2bcb2f0cc5f5-912376,S342-Mainstream Taxi 5 seats -The Hinckley School,S342-Mainstream Taxi 5 seats -The Hinckley School,Leicestershire County Council,,70.0,GBP,2026-08-27,2026-08-24,award,complete,60000000,https://www.contractsfinder.service.gov.uk/Notice/cf556c41-60f7-45a3-8c40-2bcb2f0cc5f5-912376,2026-08-28T19:13:50.624107+00:00
Contracts Finder,ocds-b5fd17-1b5c1196-39b4-4642-bfb5-9ee8e87f1e68_abd9c900-cc84-4575-9308-108c86440cef-912374,RFL - MAINT7246 - Fujifilm endoscopy equipment 3 year maintenance contract - Cover as per quote - Silver and Gold - NHSSC Framework ref - 2021/S000-021535,RFL - MAINT7246 - Fujifilm endoscopy equipment 3 year maintenance contract - Cover as per quote - Silver and Gold - NHSSC Framework ref - 2021/S000-021535,Partners Procurement Service,,148225.5,GBP,2026-08-27,2026-06-01,award,complete,50420000,https://www.contractsfinder.service.gov.uk/Notice/abd9c900-cc84-4575-9308-108c86440cef-912374,2026-08-28T19:13:50.624272+00:00
Contracts Finder,ocds-b5fd17-e3775c7c-c84d-43ad-979b-fc4b50d38f6f_063329ef-a6a5-4179-9859-ea4c70ed978d-912373,"Strategic Advisor for Local Government Reorganisation Planning in Leicester, Leicestershire and Rutland (Lot 10)","Strategic advisor for Local Government Reorganisation (LGR) planning in Leicester, Leicestershire, and Rutland",Leicestershire County Council,,120000.0,GBP,2026-08-27,2026-08-17,award,complete,79400000,https://www.contractsfinder.service.gov.uk/Notice/063329ef-a6a5-4179-9859-ea4c70ed978d-912373,2026-08-28T19:13:50.624425+00:00
Contracts Finder,ocds-b5fd17-ece91759-962e-47f4-842f-2a2f664295d1_7db6a393-1187-41a6-9c92-11fb944fb358-912372,Generating and testing novel behavioural insights to improve effectiveness of pr,Generating and testing novel behavioural insights to improve effectiveness of priority Bovine TB interventions,"Department for Environment, Food & Rural Affairs",,9939.0,GBP,2026-08-27,2024-02-20,award,complete,79315000,https://www.contractsfinder.service.gov.uk/Notice/7db6a393-1187-41a6-9c92-11fb944fb358-912372,2026-08-28T19:13:50.624577+00:00
Contracts Finder,ocds-b5fd17-813e2c52-81bd-480e-a985-4e6364bcbd07_8b703d60-8617-4b31-b7c7-5e4b6c0c72dd-912371,Two Way Radio and Maintenance,"Two Way Radio and Maintenance Contract
CCS Framework RM6116",Intellectual Property Office,,54320.0,GBP,2026-08-27,2026-06-12,award,complete,32344210,https://www.contractsfinder.service.gov.uk/Notice/8b703d60-8617-4b31-b7c7-5e4b6c0c72dd-912371,2026-08-28T19:13:50.624730+00:00
Contracts Finder,ocds-b5fd17-8faa70c6-04a4-4f1e-9ad6-dea1042d6186_9a77349f-e5a2-4dda-bf26-321cbb513238-912254,"National Trust NI - Lead Consultant, Carrick-a-Rede capital works Infrastructure Project","The National Trust is seeking to appoint a Lead Consultant for the Carrick-a-Rede Visitor Infrastructure Project through a single-stage Request for Proposal (RFP1) process. Bidders will be assessed on their capability, experience, financial standing, proposed methodology, and price.

The project aims to sustainably enhance Carrick-a-Rede as a premier visitor destination on the Causeway Coast, supporting increased visitor numbers while protecting the site's natural and cultural heritage, delive",THE NATIONAL TRUST FOR PLACES OF HISTORIC INTEREST OR NATURAL BEAUTY,,40000.0,GBP,2026-08-27,2026-09-23,tender,active,71200000,https://www.contractsfinder.service.gov.uk/Notice/9a77349f-e5a2-4dda-bf26-321cbb513238,2026-08-28T19:13:50.624883+00:00
Contracts Finder,ocds-b5fd17-62f33568-87f2-4e8d-833a-72adad1699ce_65dea3f5-d1c8-423b-9501-835f9bd08678-912368,"QEE012 2026-08-25 (0900) Huntingfield - S.P.A.C.E Education Ltd, Yaxley (4 seats and a female driver) - AWARD","Suffolk County Council is seeking a mini competition against the following Dynamic Purchasing System: `The supply of Passenger Transport Services`, OJEU Notice Id: 2018/S 031-067685.
      
      QEE012 2026-08-25 (0900) Huntingfield - S.P.A.C.E Education Ltd, Yaxley (4 seats and a female driver)
      
      Further details can be found in the 'Tenders / My Tenders' area of this website, by selecting the 'View Details' button for this project.
      
      The deadline for returned submis",Suffolk County Council Passenger Transport,,,GBP,2026-08-27,2026-08-25,award,complete,60000000,https://www.contractsfinder.service.gov.uk/Notice/65dea3f5-d1c8-423b-9501-835f9bd08678-912368,2026-08-28T19:13:50.625023+00:00
Contracts Finder,ocds-b5fd17-3bc77ff4-4919-4d0d-a763-c4579e4dd8c9_82506e18-05ed-44ca-a20d-efbf5c0ef6f1-912367,Conisbrough Park and Ride Feasibility Consultancy,"Provision of Conisbrough Park and Ride Design Review

This is a call-of via SYMCA's Engineering Services Framework Lot 1 - Highway/Park and Ride/Interchange",SOUTH YORKSHIRE MAYORAL COMBINED AUTHORITY,,48818.0,GBP,2026-08-27,2026-06-24,award,complete,71311100,https://www.contractsfinder.service.gov.uk/Notice/82506e18-05ed-44ca-a20d-efbf5c0ef6f1-912367,2026-08-28T19:13:50.625164+00:00
Contracts Finder,ocds-b5fd17-11e146a6-64d0-41b4-8822-0c14f07afb94_17a170cc-88c4-451b-a42f-9b19f9f31f55-912366,Modelling and Appraisal Consultancy - Mass Transit Renewal Full Business Case (FBC),"The objective of this procurement was to appoint a suitable supplier to provide SYMCA's Transport Economics & Modelling team with the transport modelling and economic appraisal required for delivery of the Full Business Case (FBC) for the Mass Transit Renewal Project, making use of the forthcoming South Yorkshire Strategic Transport Model (SYSTM2) as the key analysis tool.

The expectation is for the transport modelling and economic appraisal (and financial modelling if included in the Contrac",SOUTH YORKSHIRE MAYORAL COMBINED AUTHORITY,,143865.0,GBP,2026-08-27,2026-05-15,award,complete,71530000,https://www.contractsfinder.service.gov.uk/Notice/17a170cc-88c4-451b-a42f-9b19f9f31f55-912366,2026-08-28T19:13:50.625317+00:00
Contracts Finder,ocds-b5fd17-b76a4cb5-888c-4273-93bc-567339ac5a81_5033f8f1-d09f-4480-b5c4-d2d1cadebb48-912365,Data Governance Consultant Services,Data Governance Consultant Services,Financial Conduct Authority,100000.0,150000.0,GBP,2026-08-27,2026-07-20,award,complete,72000000,https://www.contractsfinder.service.gov.uk/Notice/5033f8f1-d09f-4480-b5c4-d2d1cadebb48-912365,2026-08-28T19:13:50.625472+00:00
Contracts Finder,ocds-b5fd17-e8312a55-0567-4c32-b037-74eb9d218b4f_850dde3b-5c8e-4f41-b863-39ba61f17609-912364,Contract Award Notice - THMS - Incident Response  for Vegetation Maintenance,Incidence response for vegetation Maintenance on Thames Lock sites,Environment Agency,65000.0,160000.0,GBP,2026-08-27,2026-05-04,award,complete,71311000,https://www.contractsfinder.service.gov.uk/Notice/850dde3b-5c8e-4f41-b863-39ba61f17609-912364,2026-08-28T19:13:50.625617+00:00
Contracts Finder,ocds-b5fd17-1e0c9350-8565-431c-bc6d-f4e9f27de70e_20f4cb1d-e28e-4f6e-abcc-c664581b130d-912363,Accent Housing - Asbestos Removal,"Accent Housing have appointed a a qualified contractor to carry out Asbestos Removal and the co-ordination of Non-licensed, Notifiable and Licensed Remedial works for all properties.

Prosper Procurement Ltd (PROSPER) is managing this procurement on behalf of the Contracting Body.

PLEASE NOTE: This is an award notice following a Direct Award under a Framework Agreement and this contract has been let.

Additional information: 
This is an award notice following a direct award under Framewo",PROSPER,,,GBP,2026-08-27,2026-08-13,award,complete,90650000,https://www.contractsfinder.service.gov.uk/Notice/20f4cb1d-e28e-4f6e-abcc-c664581b130d-912363,2026-08-28T19:13:50.625761+00:00
Contracts Finder,ocds-b5fd17-53b98f08-7982-4626-b017-e687b770088d_32aedfc0-284b-4b46-88ff-694701311ab3-912362,"QLT353 2026-08-25 (0900) Beccles - East Point Academy, Lowestoft (4 seats) - AWARD","Suffolk County Council is seeking a mini competition against the following Dynamic Purchasing System: `The supply of Passenger Transport Services`, OJEU Notice Id: 2018/S 031-067685.
      
      QLT353 2026-08-25 (0900) Beccles - East Point Academy, Lowestoft (4 seats)
      
      Further details can be found in the 'Tenders / My Tenders' area of this website, by selecting the 'View Details' button for this project.
      
      The deadline for returned submissions is 0900 on 25/08/2026",Suffolk County Council Passenger Transport,,,GBP,2026-08-27,2026-08-25,award,complete,60000000,https://www.contractsfinder.service.gov.uk/Notice/32aedfc0-284b-4b46-88ff-694701311ab3-912362,2026-08-28T19:13:50.625897+00:00
Contracts Finder,ocds-b5fd17-7393723f-0c22-4b10-bec4-ab226692425f_389b3537-502a-458a-b5a1-6f061d06e415-912357,Total workforce solution,"Total Workforce Solutions delivering contingent workforce, permanent recruitment, resource augmentation, and engagement through statements of work (SOW) ensuring a consistent, streamlined and cost-effective approach across all engagement types.",The Crown Estate,,100000000.0,GBP,2026-08-27,2026-07-09,award,complete,79600000,https://www.contractsfinder.service.gov.uk/Notice/389b3537-502a-458a-b5a1-6f061d06e415-912357,2026-08-28T19:13:50.626042+00:00
Contracts Finder,ocds-b5fd17-65e65f6d-0dc6-4c38-ba10-cb78c2b51f9e_8d21ef61-7ba0-448c-9f48-0fc7056aca7d-912359,SCC-202627-0012,"Associate Project Manager L4 apprenticeships

Additional information: This was procured using the Aspire - 1086 Apprenticeships and Associated Training framework.",Southampton City Council,,140000.0,GBP,2026-08-27,2026-06-30,awardUpdate,complete,79400000,https://www.contractsfinder.service.gov.uk/Notice/8d21ef61-7ba0-448c-9f48-0fc7056aca7d-912359,2026-08-28T19:13:50.626185+00:00
Contracts Finder,ocds-b5fd17-f42c2b77-f310-4215-b68b-2244124f339c_dc15a739-5406-497b-b397-ee8c1bc4b68b-912361,Burton on the Wolds - Kitchen Refurb & other works,"Burton on the Wolds - Kitchen Refurb & other works
1. Kitchen refurb
2. OPAL play - Some preparatory works for bases for sheds to be delivered by OPS - when this is complete the school will work with the play installer to manage the installation of the play equipment.
3. SEND Garden Pod
4.Canopies",Leicestershire County Council,231916.0,281200.0,GBP,2026-08-27,2026-07-06,award,complete,45214000,https://www.contractsfinder.service.gov.uk/Notice/dc15a739-5406-497b-b397-ee8c1bc4b68b-912361,2026-08-28T19:13:50.626338+00:00
Contracts Finder,ocds-b5fd17-3f5b0cb4-c125-4cd0-826a-410fda533eb1_c19c2d50-8e76-413b-9b91-3ac1464f88a0-912358,Award Notice,Paint Packs for Housing Tenants in Social Housing,CITY OF YORK COUNCIL,,144000.0,GBP,2026-08-27,2026-08-05,award,complete,44110000,https://www.contractsfinder.service.gov.uk/Notice/c19c2d50-8e76-413b-9b91-3ac1464f88a0-912358,2026-08-28T19:13:50.626483+00:00
Contracts Finder,ocds-b5fd17-44b167e7-d4a4-4596-84ac-f2c5b366c1bc_2a46e46e-2892-48ac-927e-68cb20a75d2d-912356,RA359860 - H0926 GPhC Practice Assessment,"Please find the request for a quote and terms and conditions attached.
1. Agree to the terms and conditions and send your acceptance by email to Caitlyn Murphy caitlyn.murphy@wales.nhs.uk
2. Submit your quote on Multiquote with a clear method statement and proforma invoice as an attachment.
 
No quotes through email are accepted - To access this competition: login to https://suppliers.multiquote.com and view the opportunity RA359860. Not registered on MultiQuote - visit https://suppliers.mul",NHS Wales Shared Services Partnership (NWSSP),,,GBP,2026-08-27,2026-09-03,tenderAmendment,active,33000000,https://www.contractsfinder.service.gov.uk/Notice/2a46e46e-2892-48ac-927e-68cb20a75d2d,2026-08-28T19:13:50.626623+00:00
Contracts Finder,ocds-b5fd17-c658b019-c2ff-4a2d-be60-e1600439be67_a11d23bc-9496-4da7-9f1a-1a9236c9d3ab-912350,C1155 - Project Supercharge - Financial and Tax Due Diligence,Contract for the supply of Financial and Tax Due Diligence on Project Supercharge,NATIONAL WEALTH FUND LIMITED,,,GBP,2026-08-27,2026-01-26,awardUpdate,complete,79410000,https://www.contractsfinder.service.gov.uk/Notice/a11d23bc-9496-4da7-9f1a-1a9236c9d3ab-912350,2026-08-28T19:13:50.626761+00:00
Contracts Finder,ocds-b5fd17-ef7aa639-1f57-4afe-94bd-80c7e650f32c_73824c60-1832-4477-80a7-77b7c655ebe6-912355,D1215 Asbestos Analytical support,Asbestos Analytical Support contract for D1215,Nuclear Restoration Services Limited,,300000.0,GBP,2026-08-27,2026-07-14,award,complete,90650000,https://www.contractsfinder.service.gov.uk/Notice/73824c60-1832-4477-80a7-77b7c655ebe6-912355,2026-08-28T19:13:50.626901+00:00
Contracts Finder,ocds-b5fd17-d7504def-9d38-4b6d-8406-f9889eb4a4b6_04a3aa0a-c3ed-4afc-8b07-4511a46230b3-912354,Strengthening Carbon Market Readiness and Article 6 Operationalisation in Cameroon,"The UK Government's Partnering for Accelerated Climate Transitions (UK PACT) programme is inviting proposals from qualified suppliers or consortia to deliver technical assistance to the Government of Cameroon.

Cameroon, situated within the Congo Basin and home to significant forest carbon resources, is seeking to strengthen its readiness to participate in high-integrity international carbon markets, including Article 6 of the Paris Agreement, the Carbon Offsetting and Reduction Scheme for Int",PALLADIUM INTERNATIONAL LIMITED,,300000.0,GBP,2026-08-27,2026-09-22,tenderAmendment,active,71314000,https://www.contractsfinder.service.gov.uk/Notice/04a3aa0a-c3ed-4afc-8b07-4511a46230b3,2026-08-28T19:13:50.627044+00:00
Contracts Finder,ocds-b5fd17-756403e2-e84f-4376-9e8e-accecee93abf_8559bca6-fb58-4252-bb87-57be56f295b2-912353,UKRI-6323 Confocal Microscopes Repair and Maintenance service,The provision of Repair and maintenance servicing for Confocal Microscopes,UK Research & Innovation,,136000.0,GBP,2026-08-27,2026-08-25,award,complete,50000000,https://www.contractsfinder.service.gov.uk/Notice/8559bca6-fb58-4252-bb87-57be56f295b2-912353,2026-08-28T19:13:50.627182+00:00
Contracts Finder,ocds-b5fd17-70df8350-7ab8-44c0-a649-dbf71edad497_d9ba154b-7645-4011-9d13-5fc8a49cdc8a-912352,L5 Operations Manager,"Operations Manager, 7 apprentices",HAMPSHIRE COUNTY COUNCIL,,63000.0,GBP,2026-08-27,2026-07-30,award,complete,80000000,https://www.contractsfinder.service.gov.uk/Notice/d9ba154b-7645-4011-9d13-5fc8a49cdc8a-912352,2026-08-28T19:13:50.627352+00:00
Contracts Finder,ocds-b5fd17-11cc1911-2ec9-4fd5-91b5-426640390e1a_e0a7447e-0798-4aab-878e-b67680bc151b-912351,EKFB JV - As - Built Surveys,"Eiffage Kier Ferrovial BAM (EKFB) JV is seeking expressions of interest from interested parties for As- Built Drawing preparation Services to support the delivery of the C23 project, which forms part of the HS2 Main Works Civils Contracts. The C23 project consists of three delivery areas; North Chilterns to Aylesbury (NC2A), Calvert to Greatworth (C2G), and Greatworth to Southam (G2S).
      
      The Consultant will be responsible for producing and maintaining design models, drawings and ass","Eiffage Kier JV HS2 Main Civils Works, Lots C2 & C3",20000000.0,30000000.0,GBP,2026-08-27,2026-09-04,tender,active,79415200,https://www.contractsfinder.service.gov.uk/Notice/e0a7447e-0798-4aab-878e-b67680bc151b,2026-08-28T19:13:50.627516+00:00
Contracts Finder,ocds-b5fd17-af4d765b-83f1-415a-99a8-6f21c182d1ed_09edecae-8432-4984-b959-a5f9eb07c1ec-912349,L5 Operations Manager,"Operations Manager, 36 apprentices",HAMPSHIRE COUNTY COUNCIL,,324000.0,GBP,2026-08-27,2026-06-30,award,complete,80000000,https://www.contractsfinder.service.gov.uk/Notice/09edecae-8432-4984-b959-a5f9eb07c1ec-912349,2026-08-28T19:13:50.627661+00:00
Contracts Finder,ocds-b5fd17-8101f85b-06d1-45ac-97d0-2bd82e3b566e_8a4922ab-f26c-4229-acf5-47feda729b9d-912348,DNWP0073 - Lot 1B/In-SEP ID - Controlled Area Initial Decommissioning Operations,"The anticipated scope for DNWP0073 is indicatively only.  The Contractor requires support to the Inside Controlled Area (In-SEP) Decommissioning Operations. This will take the form of the provision of resource, up to 30 Full Time Equivalent (FTE), with an appropriate ratio of blue:white collar resources to be determined by the Subcontractor to best meet the Initial Decommissioning (ID) activities required by the Contractor. 
    
    A current contract is in place until 31st March 2027 to prov",Altrad AtkinsRealis Joint Venture (A2R JV),10000000.0,20000000.0,GBP,2026-08-27,2026-09-17,tender,active,45251111,https://www.contractsfinder.service.gov.uk/Notice/8a4922ab-f26c-4229-acf5-47feda729b9d,2026-08-28T19:13:50.627807+00:00
Contracts Finder,ocds-b5fd17-903bce2e-5b59-4353-8fea-0edd8966c2b2_019f8f7c-ab0e-417f-885f-7ba15d6d7098-912346,L3 Team Leader,"Team Leader, 3 apprentices",HAMPSHIRE COUNTY COUNCIL,,15000.0,GBP,2026-08-27,2026-07-30,award,complete,80000000,https://www.contractsfinder.service.gov.uk/Notice/019f8f7c-ab0e-417f-885f-7ba15d6d7098-912346,2026-08-28T19:13:50.627949+00:00
Contracts Finder,ocds-b5fd17-52d4216d-6421-4f9f-b05f-22b9a535ef7e_177fe824-9085-45f1-93b5-0a7579fc43e2-912347,"QIP329 0900 2026-08-27 Ipswich to Lapwing Education @ Kesgrave Community Centre, Kesgrave (4-seater) - AWARD","Suffolk County Council is seeking a mini competition against the following Dynamic Purchasing System: `The supply of Passenger Transport Services`, OJEU Notice Id: 2018/S 031-067685.
      
      QIP329 0900 2026-08-27 Ipswich to Lapwing Education @ Kesgrave Community Centre, Kesgrave (4-seater).
      
      Further details can be found in the 'Tenders / My Tenders' area of this website, by selecting the 'View Details' button for this project.
      
      The deadline for returned submis",Suffolk County Council Passenger Transport,,,GBP,2026-08-27,2026-08-27,award,complete,60000000,https://www.contractsfinder.service.gov.uk/Notice/177fe824-9085-45f1-93b5-0a7579fc43e2-912347,2026-08-28T19:13:50.628087+00:00
Contracts Finder,ocds-b5fd17-3dcfe84a-eb4e-419d-8813-e658d5e30984_77da2fd9-113c-4199-ab46-3a9a8efc390b-912343,L3 Team Leader,"Team Leader, 9 apprentices",HAMPSHIRE COUNTY COUNCIL,,45000.0,GBP,2026-08-27,2026-06-30,award,complete,80000000,https://www.contractsfinder.service.gov.uk/Notice/77da2fd9-113c-4199-ab46-3a9a8efc390b-912343,2026-08-28T19:13:50.628227+00:00
Contracts Finder,ocds-b5fd17-dfb2cc0e-39d4-444f-92c5-5cf9c2c2b77a_8bd2e57c-1a49-4811-9070-b401f5169987-912345,A36 Bemerton to St Paul&apos;s roundabout incl Castle roundabout Bundle MM,A36 Bemerton to St Paul&apos;s roundabout incl Castle roundabout Bundle MM,National Highways Limited,,984132.34,GBP,2026-08-27,2026-07-30,award,complete,45233210,https://www.contractsfinder.service.gov.uk/Notice/8bd2e57c-1a49-4811-9070-b401f5169987-912345,2026-08-28T19:13:50.628395+00:00
Contracts Finder,ocds-b5fd17-bf4d858c-ac56-482a-818e-89ccb74dee82_ab75a2c2-49c1-4efe-8c98-31911873a86d-912342,"2026-08-25 0900 QLS063 Ipswich to Compass Community School Aylward Park, Leiston (4 seated vehicle - no passenger assistant required) - AWARD","Suffolk County Council is seeking a mini competition against the following Dynamic Purchasing System: `The supply of Passenger Transport Services`, OJEU Notice Id: 2018/S 031-067685.
      
      QLS063 Ipswich to Compass Community School Aylward Park, Leiston (4 seated vehicle - no passenger assistant required).
      
      Further details can be found in the 'Tenders / My Tenders' area of this website, by selecting the 'View Details' button for this project.
      
      The deadline fo",Suffolk County Council Passenger Transport,,,GBP,2026-08-27,2026-08-25,award,complete,60000000,https://www.contractsfinder.service.gov.uk/Notice/ab75a2c2-49c1-4efe-8c98-31911873a86d-912342,2026-08-28T19:13:50.628538+00:00
Contracts Finder,ocds-b5fd17-fefc5a40-cefd-4830-b0c6-2903ea2d5b88_cd0c2dc8-9b4a-45c3-b6c0-8bed0bbe78ea-912340,GB-London: Mini Competition (ITMC) - Cleaning Services for the Peabody Offices,Peabody Trust called off the contract from ESPO framework for the office cleaning services.  The Mini Competition conducted under ESPO Framework Agreement 263_25 Total Cleaning Services Solution.,BIP SOLUTIONS LIMITED,,5400000.0,GBP,2026-08-27,2026-08-31,award,complete,90919200,https://www.contractsfinder.service.gov.uk/Notice/cd0c2dc8-9b4a-45c3-b6c0-8bed0bbe78ea-912340,2026-08-28T19:13:50.628680+00:00
Contracts Finder,ocds-b5fd17-35c99832-10f8-4ce6-8f69-f9dc4650c979_4724e583-1a63-4064-911d-8fca26f68cf0-912341,16-19 Study Programmes,Hull City Council (The Authority) has awarded a contract to Quality Personal Development Training Ltd to provide training for an appropriate Uniformed Services Study Programme. The tender was a further competition consisting of a one stage process through the councils Learning & Training DPS. The contract is anticipated to commence 1st August 2026 ending by 31st July 2027.,Hull City Council,,1078475.0,GBP,2026-08-27,2026-06-25,award,complete,80000000,https://www.contractsfinder.service.gov.uk/Notice/4724e583-1a63-4064-911d-8fca26f68cf0-912341,2026-08-28T19:13:50.628820+00:00
Contracts Finder,ocds-b5fd17-32034397-5683-4672-8693-66b95c4a4320_da34cc07-d410-4ffc-8fa4-9781f239e2d5-912073,CSP26756,"***Please note this is an award notice, not a call for competition***

UK Research and Innovation have a requirement to bring in a Principal Enterprise Architect on a temporary basis. This has been sourced via direct award against CCS RM6277 Non Clinical Staffing.",UK SHARED BUSINESS SERVICES LIMITED,,291456.0,GBP,2026-08-27,2026-08-06,awardUpdate,complete,79620000,https://www.contractsfinder.service.gov.uk/Notice/da34cc07-d410-4ffc-8fa4-9781f239e2d5-912073,2026-08-28T19:13:50.628959+00:00
Contracts Finder,ocds-b5fd17-f4164b69-af0d-4eea-bbf1-119c48e540bb_7e0f9107-dee0-41b5-9cc4-53faf40ea1f5-912337,Garendon Park - New 2FE Primary School - Construction Stage,"The project consists of the construction of new 2FE (two storey) Primary School on green field land forming part of the Garendon Park housing development, known as Primary School North under the s.106. Further details available via the developers outline planning application number P/14/1833/2 from Charnwood Borough Council planning website.

The design is to follow the Leicestershire County Council standardised design model. The Contractor shall develop the design based on Leicestershire Coun",Leicestershire County Council,,11785086.88,GBP,2026-08-27,2026-05-04,award,complete,45000000,https://www.contractsfinder.service.gov.uk/Notice/7e0f9107-dee0-41b5-9cc4-53faf40ea1f5-912337,2026-08-28T19:13:50.629100+00:00
Contracts Finder,ocds-b5fd17-4b6e4a3a-1632-488e-855c-5d526c09794a_aa245832-a758-4e8b-8ea7-e10554b1e1b8-912332,HRI - PROCEDURE PACKS CVC AND ARTERIAL,Bespoke Procedure Packs CVC and Arterial Pack,HULL UNIVERSITY TEACHING HOSPITALS NHS TRUST,,51407.96,GBP,2026-08-27,2026-08-01,award,complete,33140000,https://www.contractsfinder.service.gov.uk/Notice/aa245832-a758-4e8b-8ea7-e10554b1e1b8-912332,2026-08-28T19:13:50.629241+00:00
Contracts Finder,ocds-b5fd17-30da881a-c854-4b50-b27a-0adabff3b72c_4affa191-acc2-44fc-8783-1676629fcac8-912336,L4 Early Intervention Practitioner,"Early Intervention Practitioner, 1 apprentice",HAMPSHIRE COUNTY COUNCIL,,5000.0,GBP,2026-08-27,2026-07-27,award,complete,80000000,https://www.contractsfinder.service.gov.uk/Notice/4affa191-acc2-44fc-8783-1676629fcac8-912336,2026-08-28T19:13:50.629397+00:00
Contracts Finder,ocds-b5fd17-18a7a6b9-7922-4427-abfa-ac0c71a35900_79c78874-cf76-4912-8b42-b34569120696-912333,L3 Heavy Vehicle Service and Maintenance Technician,"Heavy Vehicle Service and Maintenance Technician, 1 apprentice",HAMPSHIRE COUNTY COUNCIL,,13900.0,GBP,2026-08-27,2026-06-10,award,complete,80000000,https://www.contractsfinder.service.gov.uk/Notice/79c78874-cf76-4912-8b42-b34569120696-912333,2026-08-28T19:13:50.629538+00:00
Contracts Finder,ocds-b5fd17-c22902cb-4da1-4d50-8d11-95b8a677ed85_7186e841-b17f-497c-8668-ba1fe86ad57f-912335,"2026-08-27 QLT016 Blundeston to Horizon Secondary School Lowestoft (4 seater vehicle - no passenger assisant required)  route operates on Mondays, Wednesdays and Fridays only - AWARD","Suffolk County Council is seeking a mini competition against the following Dynamic Purchasing System: `The supply of Passenger Transport Services`, OJEU Notice Id: 2018/S 031-067685.
      
      QLT016 Blundeston to Horizon Secondary School Lowestoft (4 seater vehicle - no passenger assisant required)  route operates on Mondays, Wednesdays and Fridays only.
      
      Further details can be found in the 'Tenders / My Tenders' area of this website, by selecting the 'View Details' button fo",Suffolk County Council Passenger Transport,,,GBP,2026-08-27,2026-08-27,award,complete,60000000,https://www.contractsfinder.service.gov.uk/Notice/7186e841-b17f-497c-8668-ba1fe86ad57f-912335,2026-08-28T19:13:50.629675+00:00
Contracts Finder,ocds-b5fd17-176d94e9-c350-44b5-aefc-b2a0977ebea1_a2642dd9-44e8-48a9-a78d-b4eb29d9a035-912334,"CA18131 - RFQ2026/18 - NMANDD PEACEPLUS Local Action Plan Thriving Together Accredited First Aid Course with CPR and AED Trainer Programme for The Mournes, Downpatrick and Rowallane DEAs","NMANDD PEACEPLUS Local Action Plan Thriving Together Accredited First Aid Course with CPR and AED Trainer Programme for The Mournes, Downpatrick and Rowallane DEAs
Competent consultancy companies are hereby invited to tender to design, develop and deliver accredited First Aid course with CPR and AED Trainer Programme.

To access this competition: 

Registered:
Login to https://suppliers.multiquote.com and view the opportunity CA18131.

Not registered:
Visit https://suppliers.multiquote.","Newry, Mourne and Down District Council (NMD)",,,GBP,2026-08-27,2026-08-12,awardUpdate,complete,98000000,https://www.contractsfinder.service.gov.uk/Notice/a2642dd9-44e8-48a9-a78d-b4eb29d9a035-912334,2026-08-28T19:13:50.629818+00:00
Contracts Finder,ocds-b5fd17-6a984bfc-032a-4330-aaea-753408c07158_aacb31ef-af96-46f9-af1b-eecc96eb0e4b-912331,L3 Payroll Administrator,"Payroll Administrator, 1 apprentice",HAMPSHIRE COUNTY COUNCIL,,9351.0,GBP,2026-08-27,2026-07-02,award,complete,80000000,https://www.contractsfinder.service.gov.uk/Notice/aacb31ef-af96-46f9-af1b-eecc96eb0e4b-912331,2026-08-28T19:13:50.629959+00:00
Contracts Finder,ocds-b5fd17-7da5dd8b-2741-4fe2-ba09-28bb3f105bb5_9f5c613a-e47e-48e9-a8c4-c3b4e7098a9a-912327,BSIP Civil Engineering Project Manager for Bus Stop Infrastructure.,"Provision of a specialist Civil Engineering Project Manager for Bus Stop and other Transport Infrastructure for 40 hrs per week for 30 weeks to lead delivery of DfT grant-funded bus stop infrastructure schemes, including accessibility upgrades, new shelters, real-time information, improved waiting environments, Mobility Hubs and supporting highway works. 

Awarded via the MHA Framework using the NEC4 Professional Services Short Contract (PSSC) Lot 2",Worcestershire County Council,,68815.0,GBP,2026-08-27,2026-08-24,award,complete,71311000,https://www.contractsfinder.service.gov.uk/Notice/9f5c613a-e47e-48e9-a8c4-c3b4e7098a9a-912327,2026-08-28T19:13:50.630098+00:00
Contracts Finder,ocds-b5fd17-2efe4662-b453-41e0-83e8-1c5c325bb814_0a1aebb1-4e50-408b-a444-56c7e74740e3-912330,CALL-OFF: Children's Services Re-Opening of the Open Select List 2025 for all Independent Placement,Lincolnshire Children's Services Re-Opening of the Open Select List 2025 for all Independent Placements. This procurement is under the Light Touch Regime established pursuant to Regulations 74-76 and Regulation 76(7) of the Public Contracts Regulations 20,Lincolnshire County Council,,,GBP,2026-08-27,2025-11-10,award,complete,85000000,https://www.contractsfinder.service.gov.uk/Notice/0a1aebb1-4e50-408b-a444-56c7e74740e3-912330,2026-08-28T19:13:50.630238+00:00
Contracts Finder,ocds-b5fd17-51ca4df1-2e81-48af-a948-12e99e1ea32c_b3d513b9-0475-4f2e-b32b-00c9d44c4cfa-912325,L4 Quality Practitioner,"Quality Practitioner, 1 apprentice",HAMPSHIRE COUNTY COUNCIL,,5844.0,GBP,2026-08-27,2026-06-03,award,complete,80000000,https://www.contractsfinder.service.gov.uk/Notice/b3d513b9-0475-4f2e-b32b-00c9d44c4cfa-912325,2026-08-28T19:13:50.630392+00:00
Contracts Finder,ocds-b5fd17-cdfc5586-416f-40b5-b719-74a4391b0800_35981d44-ddba-4567-a214-4ab1170e951b-912319,A66 Northern Trans-Pennine Project (NTP) - Schemes 1 & 2 Road Marking,"Kier Transportation intends to engage experienced and qualified contractors to undertake all road marking works required to facilitate the Scheme 1 & 2 construction works. The scope includes the supply and installation of permanent road markings, road studs, and associated traffic management measures in accordance with the project requirements, design specifications, and relevant highway standards.

The A66 project is to be delivered in collaboration by three Tier 1 contractors, Balfour Beatty",KIER TRANSPORTATION LIMITED,,340000.0,GBP,2026-08-27,2026-09-21,tender,active,34922100,https://www.contractsfinder.service.gov.uk/Notice/35981d44-ddba-4567-a214-4ab1170e951b,2026-08-28T19:13:50.630536+00:00
Contracts Finder,ocds-b5fd17-ab8c0656-3b27-4855-8ac5-cec35d83d7a9_4b54b8c1-6ea2-401d-8090-7c64c598a20d-912317,A66 Northern Trans-Pennine Project (NTP) - Schemes 1 & 2 Fencing Package,"Kier Transportation intends to engage experienced and qualified contractors to undertake the supply and installation of fencing works required across Schemes 1 & 2 on the A66 Northern Trans-Pennine (A66 NTP) Project in Cumbria. 
The works will include the provision, installation, maintenance, alteration, and removal of various fencing systems as required by the design and construction programme, together with all associated materials, plant, labour, and ancillary works necessary to deliver the ",KIER TRANSPORTATION LIMITED,,320000.0,GBP,2026-08-27,2026-09-21,tender,active,34928200,https://www.contractsfinder.service.gov.uk/Notice/4b54b8c1-6ea2-401d-8090-7c64c598a20d,2026-08-28T19:13:50.630679+00:00
Contracts Finder,ocds-b5fd17-1605d4a1-53ef-46f1-90ae-d891f84f6c18_2b8d1a71-cf26-465d-8dac-ba9f76ef6757-912323,L2 Commis Chef,"Commis Chef, 1 apprentice",HAMPSHIRE COUNTY COUNCIL,,9000.0,GBP,2026-08-27,2026-07-27,award,complete,80000000,https://www.contractsfinder.service.gov.uk/Notice/2b8d1a71-cf26-465d-8dac-ba9f76ef6757-912323,2026-08-28T19:13:50.630818+00:00
Contracts Finder,ocds-b5fd17-ec458c1b-96c5-4b00-bddd-e0f509ae114f_f918b02d-0d7e-4ec8-8271-b649612ab530-912324,"QOC831 2026-08-25 (0900) Thurlton - John Grant School, Caister-on-Sea (4 seats and a female PA) (TUPE applies) - AWARD","Suffolk County Council is seeking a mini competition against the following Dynamic Purchasing System: `The supply of Passenger Transport Services`, OJEU Notice Id: 2018/S 031-067685.
      
      QOC831 2026-08-25 (0900) Thurlton - John Grant School, Caister-on-Sea (4 seats and a female PA) (TUPE applies)
      
      Further details can be found in the 'Tenders / My Tenders' area of this website, by selecting the 'View Details' button for this project.
      
      The deadline for return",Suffolk County Council Passenger Transport,,,GBP,2026-08-27,2026-08-25,award,complete,60000000,https://www.contractsfinder.service.gov.uk/Notice/f918b02d-0d7e-4ec8-8271-b649612ab530-912324,2026-08-28T19:13:50.630952+00:00
Contracts Finder,ocds-b5fd17-77219131-eaa4-4e41-8e43-5b82f703793a_91c863c6-8083-4240-8f45-952d05312857-912320,L4 Lead Practitioner in Adult Care,"Lead Practitioner in Adult Care, 1 apprentice",HAMPSHIRE COUNTY COUNCIL,,6615.0,GBP,2026-08-27,2026-08-19,award,complete,80000000,https://www.contractsfinder.service.gov.uk/Notice/91c863c6-8083-4240-8f45-952d05312857-912320,2026-08-28T19:13:50.631090+00:00
Contracts Finder,ocds-b5fd17-14428e42-e965-489a-9e0d-2417561e1be4_268355d0-8f82-4044-8fd2-c70a37a0975f-912322,Taxi and MPV (1-8 seats) Passenger Assistant - Taxi and MPV (1-8 seats) Passenger Assistant,"Vehicle type: Saloon 
Passenger Assistant Required:  Yes 

Proposed Taxi Route:
From:  BN27 2LF
To:   Hazel Court School 

Frequency: Monday - Friday 
Daily School Time: 08:45 - 15:00 
 This opportunity has been distributed on SProc.net",East Sussex County Council,,,GBP,2026-08-27,2026-08-27,award,complete,60000000,https://www.contractsfinder.service.gov.uk/Notice/268355d0-8f82-4044-8fd2-c70a37a0975f-912322,2026-08-28T19:13:50.631226+00:00
Contracts Finder,ocds-b5fd17-9afe530e-56bc-4cd5-9499-410accf3269f_1432c674-03b8-4e2e-b765-481a3e8cb02c-912321,Leashaw Landslip - Repair Works  Holloway,"Land acquisition required to execute landslip stabilization works to open Leashaw Rd Holloway.\r
ocds-h6vhtk-06ed90",Derbyshire County Council,,26520.0,GBP,2026-08-27,2026-08-24,award,complete,45233000,https://www.contractsfinder.service.gov.uk/Notice/1432c674-03b8-4e2e-b765-481a3e8cb02c-912321,2026-08-28T19:13:50.631409+00:00
Contracts Finder,ocds-b5fd17-2472fc65-ce74-4751-b404-64794c43e64b_5031b56b-233b-4aee-85ec-262c1769630a-912318,L4 Lead Practitioner in Adult Care,"Lead Practitioner in Adult Care, 1 apprentice",HAMPSHIRE COUNTY COUNCIL,,7000.0,GBP,2026-08-27,2026-07-20,award,complete,80000000,https://www.contractsfinder.service.gov.uk/Notice/5031b56b-233b-4aee-85ec-262c1769630a-912318,2026-08-28T19:13:50.631564+00:00
Contracts Finder,ocds-b5fd17-dc7d074b-0ef4-4606-a94a-394eb16913f6_75db47a9-8bcb-499a-ac53-e5062a822c98-912314,L3 Lead Adult Care Worker,"Lead Adult Care Worker, 1 apprentice",HAMPSHIRE COUNTY COUNCIL,,4000.0,GBP,2026-08-27,2026-08-19,award,complete,80000000,https://www.contractsfinder.service.gov.uk/Notice/75db47a9-8bcb-499a-ac53-e5062a822c98-912314,2026-08-28T19:13:50.631713+00:00
Contracts Finder,ocds-b5fd17-93327a45-ac8c-428f-a8ee-2355be1802ba_7f887973-f482-443e-9509-efd20a35bd53-912316,CA18390 - Riverside College - Finance Management Software System,"Riverside College require one supplier to fulfil their requirement for the supply, implementation and maintenance of a Finance Management Software System.

To access this competition: 

Registered:
Login to https://suppliers.multiquote.com and view the opportunity CA18390.

Not registered:
Visit https://suppliers.multiquote.com then register and quote CA18390 as the reason for registration. 

 Any queries please contact MultiQuote on 020 3920 8054.",Riverside College Halton,,200000.0,GBP,2026-08-27,2026-09-21,tender,active,72212442,https://www.contractsfinder.service.gov.uk/Notice/7f887973-f482-443e-9509-efd20a35bd53,2026-08-28T19:13:50.631857+00:00
Contracts Finder,ocds-b5fd17-017d7993-96c0-4c1b-ba52-4f5584051239_fd0ebc73-6da2-44d5-a2ef-f60c955b71ec-912315,"2026-08-27 0900 QLT015 Beccles to Horizon Secondary School, Lowestoft (4 seater vehicle - no passenger assistant required) Route operates on Wednesdays and Fridays only. - AWARD","Suffolk County Council is seeking a mini competition against the following Dynamic Purchasing System: `The supply of Passenger Transport Services`, OJEU Notice Id: 2018/S 031-067685.
      
      QLT015 Beccles to Horizon Secondary School, Lowestoft (4 seater vehicle - no passenger assistant required) Route operates on Wednesdays and Fridays only.
      
      Further details can be found in the 'Tenders / My Tenders' area of this website, by selecting the 'View Details' button for this proj",Suffolk County Council Passenger Transport,,,GBP,2026-08-27,2026-08-27,award,complete,60000000,https://www.contractsfinder.service.gov.uk/Notice/fd0ebc73-6da2-44d5-a2ef-f60c955b71ec-912315,2026-08-28T19:13:50.631992+00:00
Contracts Finder,ocds-b5fd17-915dbeaf-8451-42be-8a65-bc528c71a816_32daa4b7-b44a-4e62-91b4-56b9c2720769-912312,L3 Lead Adult Care Worker,"Lead Adult Care Worker, 1 apprentice",HAMPSHIRE COUNTY COUNCIL,,4000.0,GBP,2026-08-27,2026-07-29,award,complete,80000000,https://www.contractsfinder.service.gov.uk/Notice/32daa4b7-b44a-4e62-91b4-56b9c2720769-912312,2026-08-28T19:13:50.632133+00:00
Contracts Finder,ocds-b5fd17-585ab796-a68f-4094-beb1-b36c6d3436c5_c0534d7c-dbe3-418b-bbf0-167afe08eb56-912313,CA18392 - Darlington College - Provision of Building Cleaning Services,"Darlington College require a provider of Building Cleaning Services to an area of 19441m².

To access this competition: 

Registered:
Login to https://suppliers.multiquote.com and view the opportunity CA18392.

Not registered:
Visit https://suppliers.multiquote.com then register and quote CA18392 as the reason for registration. 

 Any queries please contact MultiQuote on 020 3920 8054.",Darlington College,,1890000.0,GBP,2026-08-27,2026-09-22,tender,active,90911200,https://www.contractsfinder.service.gov.uk/Notice/c0534d7c-dbe3-418b-bbf0-167afe08eb56,2026-08-28T19:13:50.632297+00:00
Contracts Finder,ocds-b5fd17-c752de00-d46e-4797-bd9f-77617992687b_514d2ff5-4140-440a-a2b7-97fe653f9ca6-912308,L3 Business Administrator,"Business Administrator, 1 apprentice",HAMPSHIRE COUNTY COUNCIL,,4871.0,GBP,2026-08-27,2026-08-19,award,complete,80000000,https://www.contractsfinder.service.gov.uk/Notice/514d2ff5-4140-440a-a2b7-97fe653f9ca6-912308,2026-08-28T19:13:50.632444+00:00
Contracts Finder,ocds-b5fd17-39a94c5f-498b-435c-ae5e-81f3781ff3d5_2a4d3b9f-2883-4d4f-b629-fa69e3036517-912311,WSX - CDF - Pawlett Hams ESE Lot 2,WSX - CDF - Pawlett Hams ESE Lot 2,Environment Agency,,328902.0,GBP,2026-08-27,2026-05-31,award,complete,71300000,https://www.contractsfinder.service.gov.uk/Notice/2a4d3b9f-2883-4d4f-b629-fa69e3036517-912311,2026-08-28T19:13:50.632585+00:00
Contracts Finder,ocds-b5fd17-ed2c9eb1-1e37-4350-ac43-5df66f620d79_763b6e52-e7c3-4cec-bb44-0eddfd9803cd-912159,"Further competition from DPS for the provision of Domiciliary Care Services (Category 1), Apr - Jun 2026","Provision of domiciliary care services for the Council of the Borough of Kirklees (the ""Council""). Proposals were invited by the Council from shortlisted Capable Economic Operators currently on Category 1 (Kirklees Council) of the Council's Dynamic Purchasing System for the Provision of Domiciliary Care Services(REF:KMCAS-139) during the quarterly period 01 April 2026 to 30th June 2026.",Kirklees Council,,10148394.84,GBP,2026-08-27,2026-03-31,award,complete,85000000,https://www.contractsfinder.service.gov.uk/Notice/763b6e52-e7c3-4cec-bb44-0eddfd9803cd-912159,2026-08-28T19:13:50.632715+00:00
Contracts Finder,ocds-b5fd17-9705463d-a4fc-440b-86ae-e1973469e314_2842b486-bb6f-44fc-9ab1-9156bfddb61f-912309,SW- Higher Brixham Culvert Refurbishment- CDF Lot 2,Higher Brixham Culvert Refurbishment,Environment Agency,,511694.09,GBP,2026-08-27,2026-05-28,award,complete,71530000,https://www.contractsfinder.service.gov.uk/Notice/2842b486-bb6f-44fc-9ab1-9156bfddb61f-912309,2026-08-28T19:13:50.632854+00:00
Contracts Finder,ocds-b5fd17-8a2a8a7c-0a58-4750-99ae-a9c0448ba607_cc5fcfc3-3d6b-4c98-b219-86311f085ccb-912310,PDF Framework - A38 Whitecleave and Mardle Bundle - construction,A38 Whitecleave and Mardle Bundle - construction,National Highways Limited,,382003.08,GBP,2026-08-27,2026-07-30,award,complete,45233210,https://www.contractsfinder.service.gov.uk/Notice/cc5fcfc3-3d6b-4c98-b219-86311f085ccb-912310,2026-08-28T19:13:50.632994+00:00
Contracts Finder,ocds-b5fd17-9c2d2691-8b23-4a42-8512-5fba00786377_28495885-cb9a-45ef-a4f6-e98a8a809281-912307,Contract Award Notice - SE- PSCA_ Hastings to Pevensey Shingle Recycling,"To remove excess shingle recycling from Hastings of approximately 7,000m3  to maintain the design beach profiles and frontage providing a 1 in 400 Standard of Protection (SoP) at Pevensey Bay",Environment Agency,289380.0,400000.0,GBP,2026-08-27,2026-03-02,award,complete,63710000,https://www.contractsfinder.service.gov.uk/Notice/28495885-cb9a-45ef-a4f6-e98a8a809281-912307,2026-08-28T19:13:50.633141+00:00
Contracts Finder,ocds-b5fd17-fbe5db8f-8cdd-4726-9241-d07cc736cd7f_81a5184f-2bfe-4fa8-a53e-1ed4f04bd798-912306,L3 Business Administrator,"Business Administrator, 1 apprentice",HAMPSHIRE COUNTY COUNCIL,,5000.0,GBP,2026-08-27,2026-07-31,award,complete,80000000,https://www.contractsfinder.service.gov.uk/Notice/81a5184f-2bfe-4fa8-a53e-1ed4f04bd798-912306,2026-08-28T19:13:50.633293+00:00
Contracts Finder,ocds-b5fd17-2b185e24-37b7-4e7e-a5b5-4ac27de83818_4a1825f0-e78e-45d7-b424-79f9c6447660-912304,L4 Associate Project Manager,"Associate Project Manager, 1 apprentice",HAMPSHIRE COUNTY COUNCIL,,7000.0,GBP,2026-08-27,2026-08-19,award,complete,80000000,https://www.contractsfinder.service.gov.uk/Notice/4a1825f0-e78e-45d7-b424-79f9c6447660-912304,2026-08-28T19:13:50.633438+00:00
Contracts Finder,ocds-b5fd17-d444232a-5fdb-4288-ae22-81cf1480b678_6c5523d5-9ab8-4cbd-a420-c814970eaff7-912305,SW-DCIS- Direct Award AOMR Lot3-Bude flood defence and river restoration project,SW-DCIS- Direct Award AOMR Lot3-Bude flood defence and river restoration project,Environment Agency,,122193.91,GBP,2026-08-27,2026-08-31,award,complete,71311300,https://www.contractsfinder.service.gov.uk/Notice/6c5523d5-9ab8-4cbd-a420-c814970eaff7-912305,2026-08-28T19:13:50.633578+00:00
Contracts Finder,ocds-b5fd17-9af46249-6e62-4f6d-86af-890ef38365de_25f3980d-0fb3-4682-93c8-5e580832854c-912301,Office Supplies,Call off from RM6299 - Office Solutions framework for a one year award.,THE EXTRACARE CHARITABLE TRUST,80000.0,120000.0,GBP,2026-08-27,2026-08-17,award,complete,30192000,https://www.contractsfinder.service.gov.uk/Notice/25f3980d-0fb3-4682-93c8-5e580832854c-912301,2026-08-28T19:13:50.633718+00:00
Contracts Finder,ocds-b5fd17-f442d625-534e-4c8a-b0ac-d8e3ac70be02_b6128145-27b6-41e9-bfe6-119c6143bb7e-912302,Project Hornbill - Legal Services,Project Hornbill - Legal Services,DEFRA,,300000.0,GBP,2026-08-27,2026-08-14,award,complete,79100000,https://www.contractsfinder.service.gov.uk/Notice/b6128145-27b6-41e9-bfe6-119c6143bb7e-912302,2026-08-28T19:13:50.633860+00:00
Contracts Finder,ocds-b5fd17-74bef40d-4c85-46d1-b8f9-ffb5827a4f7d_27ea23f1-a4a4-4a74-94ee-2e4ec32554d5-912286,European Agency Fuel Cards - Request for Information (RFI),"The Ministry of Defence is undertaking market engagement to inform the potential procurement of European Agency Fuel Card services. The requirement may include access to roadside fuels, vehicle additives and electric vehicle charging across Europe, supported by appropriate card management services, billing, reporting and control arrangements. This Request for Information (RFI) is an information-gathering exercise only and does not constitute a call for competition.",MINISTRY OF DEFENCE,,,GBP,2026-08-27,,planning,planning,30163100,https://www.contractsfinder.service.gov.uk/Notice/27ea23f1-a4a4-4a74-94ee-2e4ec32554d5-912286,2026-08-28T19:13:50.633988+00:00
Contracts Finder,ocds-b5fd17-39a47489-6f63-4669-bfcc-9de37e0794e1_9a43040f-ff09-4d26-a3d6-21bad53807bd-912300,L6 Trading Standards Professional,"Trading Standards Professional, 1 apprentice",HAMPSHIRE COUNTY COUNCIL,,18000.0,GBP,2026-08-27,2026-06-01,award,complete,80000000,https://www.contractsfinder.service.gov.uk/Notice/9a43040f-ff09-4d26-a3d6-21bad53807bd-912300,2026-08-28T19:13:50.634130+00:00
Contracts Finder,ocds-b5fd17-2e5a3803-09f2-48c9-b4b9-fa0abed311e8_6105e8b2-256b-401b-b95f-5b849e1ee6cc-912299,L5 Coaching Professional,"Coaching Professional, 1 apprentice",HAMPSHIRE COUNTY COUNCIL,,5000.0,GBP,2026-08-27,2026-06-10,awardUpdate,complete,80000000,https://www.contractsfinder.service.gov.uk/Notice/6105e8b2-256b-401b-b95f-5b849e1ee6cc-912299,2026-08-28T19:13:50.634279+00:00
Contracts Finder,ocds-b5fd17-efd6bd5e-d40b-43ba-bcae-7a52d95904f1_fd8975ac-39d2-4495-9bb6-37179934a544-912298,L5 Coaching Professional,"Coaching Professional, 1 apprentice",HAMPSHIRE COUNTY COUNCIL,,5000.0,GBP,2026-08-27,2026-07-06,awardUpdate,complete,80000000,https://www.contractsfinder.service.gov.uk/Notice/fd8975ac-39d2-4495-9bb6-37179934a544-912298,2026-08-28T19:13:50.634419+00:00
Contracts Finder,ocds-b5fd17-56018b1d-7d5c-4a33-9941-99c20e20bf4a_ead6705b-d831-45b8-94aa-eda43f423666-912296,EXTRA CARE HOUSING PETERSFIELD,"People are generally happier living as independently as possible in surroundings they are familiar with and staying connected to their families, friends, and neighbours. This preference is at the very heart of Hampshire County Council's vision for Hampshire residents to live long, healthy, and happier lives with the maximum possible independence. Hampshire County Council also recognises that for many older people a time may come when living at home is
no longer safe or comfortable. 
This Mini ",HAMPSHIRE COUNTY COUNCIL,,5929267.0,GBP,2026-08-27,2026-04-23,award,complete,85000000,https://www.contractsfinder.service.gov.uk/Notice/ead6705b-d831-45b8-94aa-eda43f423666-912296,2026-08-28T19:13:50.634568+00:00
Contracts Finder,ocds-b5fd17-c7bf388a-2d55-4dea-a0d3-2917ae5717cd_26bc8a4b-d231-4e17-b5c0-b0f8f1417cb7-911115,BLC0326 - Contract for the Provision of Police AI Interim Delivery Support,"** This is an awarded Contract and not a call for competition**

BlueLight Commercial has awarded a Contract under Lot 3 (Complex and Transformation) of GCA (previously CCS) Framework RM6309 - Management Consultancy 4 for the provision of interim delivery support for PoliceAI. 

This Contract is for a term of 3 (three) months with an optional extension of a further 3 (three) months up to a value of £1,000,000 including VAT. 

Please note that this Contract Award is not an award following t",BLUELIGHT COMMERCIAL LIMITED,600000.0,1000000.0,GBP,2026-08-27,2026-03-31,award,complete,72000000,https://www.contractsfinder.service.gov.uk/Notice/26bc8a4b-d231-4e17-b5c0-b0f8f1417cb7-911115,2026-08-28T19:13:50.634713+00:00
Contracts Finder,ocds-b5fd17-410fe754-2ab9-422b-9e5f-a5f89a977580_9952f494-a273-4c33-b9e4-8a9690c5223e-912295,Risk Information Behavioural Research,Behavioural research services for the delivery of an online experiment related to risk information.,FCA,85510.0,102612.0,GBP,2026-08-27,2026-07-28,award,complete,79310000,https://www.contractsfinder.service.gov.uk/Notice/9952f494-a273-4c33-b9e4-8a9690c5223e-912295,2026-08-28T19:13:50.634856+00:00
Contracts Finder,ocds-b5fd17-c949456d-60b8-4f6a-90ed-e4f7e08bee83_cdbd4f53-32ce-422e-abfd-35957679028e-912293,"QSC240 09:00 2026-08-27 Ipswich to Hillside Special School, Sudbury- 4-seater vehicle, Individual Transport and Passenger Assistant - AWARD","Suffolk County Council is seeking a mini competition against the following Dynamic Purchasing System: `The supply of Passenger Transport Services`, OJEU Notice Id: 2018/S 031-067685.
      
      QSC240 09:00 2026-08-27 Ipswich to Hillside Special School, Sudbury- 4-seater vehicle, Individual Transport and Passenger Assistant
      
      Further details can be found in the 'Tenders / My Tenders' area of this website, by selecting the 'View Details' button for this project.
      
      Th",Suffolk County Council Passenger Transport,,,GBP,2026-08-27,2026-08-27,award,complete,60000000,https://www.contractsfinder.service.gov.uk/Notice/cdbd4f53-32ce-422e-abfd-35957679028e-912293,2026-08-28T19:13:50.634996+00:00
Contracts Finder,ocds-b5fd17-fe5bae46-7d9d-4368-a450-842d56b0a1c6_513f00b0-5d3c-428e-aab3-11690ecf8ef1-912290,"2026-08-17 09:00 - QBE411 Haverhill to Riverwalk School (Sexton's Manor site), Bury St Edmunds - AWARD","Suffolk County Council is seeking a mini competition against the following Dynamic Purchasing System: `The supply of Passenger Transport Services`, OJEU Notice Id: 2018/S 031-067685.
      
      Haverhill to Riverwalk School (Sexton's Manor site), Bury St Edmunds. 
      
      Further details can be found in the 'Tenders / My Tenders' area of this website, by selecting the 'View Details' button for this project.
      
      The deadline for returned submissions is 09:00 Monday 17th Augu",Suffolk County Council Passenger Transport,,,GBP,2026-08-27,2026-08-17,awardUpdate,complete,60000000,https://www.contractsfinder.service.gov.uk/Notice/513f00b0-5d3c-428e-aab3-11690ecf8ef1-912290,2026-08-28T19:13:50.635135+00:00
Contracts Finder,ocds-b5fd17-bd2d2d06-11e4-49e1-9863-3dacb26a9f19_6eb7ebb1-d32f-4d68-a577-988577213a1b-912289,"QBR085 0900 2026-08-26 Lowestoft - Magnum Opus Karting Academy, Ellough (4-seated vehicle required) - AWARD","Suffolk County Council is seeking a mini competition against the following Dynamic Purchasing System: `The supply of Passenger Transport Services`, OJEU Notice Id: 2018/S 031-067685.
      
      QBR085 0900 2026-08-26 Lowestoft - Magnum Opus Karting Academy, Ellough (4-seated vehicle required)
      
      Further details can be found in the 'Tenders / My Tenders' area of this website, by selecting the 'View Details' button for this project.
      
      The deadline for returned submissi",Suffolk County Council Passenger Transport,,,GBP,2026-08-27,2026-08-26,award,complete,60000000,https://www.contractsfinder.service.gov.uk/Notice/6eb7ebb1-d32f-4d68-a577-988577213a1b-912289,2026-08-28T19:13:50.635283+00:00
Contracts Finder,ocds-b5fd17-fc24ee35-f1dd-4c98-b788-b3577048e1ab_a17fdcf3-ffc6-48be-b49a-200fad3be389-912288,Contract for Glazing and Associated Materials,RBC Contract for Glazing and Associated Materials under PfH - Specialist Materials Dynamic Purchasing System Lot 2 Glazing and Associated Products,Redditch Borough Council,,,GBP,2026-08-27,2026-08-25,award,complete,44221000,https://www.contractsfinder.service.gov.uk/Notice/a17fdcf3-ffc6-48be-b49a-200fad3be389-912288,2026-08-28T19:13:50.635424+00:00
Contracts Finder,ocds-b5fd17-7b5a37c5-00c3-40a5-a4ae-aa912a8058c0_94293efb-b833-4b55-b7ff-846723b48525-912287,LAN Hardware & Associated Services (YPO 1229 Network Connectivity & Telecommunication Solutions),For the provision of LAN hardware and associated services including support and maintenance for existing equipment via YPO 1229 Framework for Network Connectivity and Telecommunications Solutions.,Cantium Business Solutions Limited,,800000.0,GBP,2026-08-27,2026-08-26,award,complete,72710000,https://www.contractsfinder.service.gov.uk/Notice/94293efb-b833-4b55-b7ff-846723b48525-912287,2026-08-28T19:13:50.635566+00:00
Contracts Finder,ocds-b5fd17-f776f94c-afa5-4342-ada4-0d138edbd792_10c7b7e0-854b-42c3-8aef-b13acaa9d7d5-912285,Subscription Based Research Services,"Call-off via G-Cloud 14 Framework Agreement (RM1557.14), Lot 3 Cloud Support, for the provision of Subscription Based Research Services for Senior Leadership for a term of 1 year with the option to extend for a further 12 month period (1+1). Total awarded value includes potential extension costs.",ESSEX COUNTY COUNCIL,,72900.0,GBP,2026-08-27,2026-07-28,award,complete,72222300,https://www.contractsfinder.service.gov.uk/Notice/10c7b7e0-854b-42c3-8aef-b13acaa9d7d5-912285,2026-08-28T19:13:50.635708+00:00
Contracts Finder,ocds-b5fd17-780f3a56-007b-4b38-aa17-934b1cca75a0_c1cdabd7-c9d6-46e4-82a8-4502265ed115-912284,QLT327 2026-08-26 (0900) Saxmundham - Include Lowestoft (4 seats and a PA) - AWARD,"Suffolk County Council is seeking a mini competition against the following Dynamic Purchasing System: `The supply of Passenger Transport Services`, OJEU Notice Id: 2018/S 031-067685.
      
      QLT327 2026-08-26 (0900) Saxmundham - Include Lowestoft (4 seats and a PA)
      
      Further details can be found in the 'Tenders / My Tenders' area of this website, by selecting the 'View Details' button for this project.
      
      The deadline for returned submissions is 0900 on 26/08/2026",Suffolk County Council Passenger Transport,,,GBP,2026-08-27,2026-08-26,award,complete,60000000,https://www.contractsfinder.service.gov.uk/Notice/c1cdabd7-c9d6-46e4-82a8-4502265ed115-912284,2026-08-28T19:13:50.635846+00:00
Contracts Finder,ocds-b5fd17-99492d33-8ddb-4665-84a8-7883fb4c9293_38494ba1-ec3a-45b8-97df-4fad14dc05a7-912282,Forward Asset Service Plan (FASP01),Replacement and/or upgrade of building infrastructure mechanical and electrical assets and systems,Defence Science and Technology Laboratory,,15312571.07,GBP,2026-08-27,2026-05-04,awardUpdate,complete,50700000,https://www.contractsfinder.service.gov.uk/Notice/38494ba1-ec3a-45b8-97df-4fad14dc05a7-912282,2026-08-28T19:13:50.636001+00:00
Contracts Finder,ocds-b5fd17-88a2edd4-8980-4b30-90b2-cd06e6f272dd_9a48cdb9-c97f-4922-b39d-c87094858618-912283,Taxi and MPV (1-8 seats) Passenger Assistant - Taxi and MPV (1-8 seats) Passenger Assistant,"Vehicle type: saloon
Passenger Assistant Required: Yes 

Proposed Taxi Route:
From: 
TN37 7EG 
TN40 2SE
To:   Headstart school Ninfield, TN33 9EG

Frequency: Monday-Friday
Daily School Time: 8:45-15-10
 This opportunity has been distributed on SProc.net",East Sussex County Council,,,GBP,2026-08-27,2026-08-27,award,complete,60000000,https://www.contractsfinder.service.gov.uk/Notice/9a48cdb9-c97f-4922-b39d-c87094858618-912283,2026-08-28T19:13:50.636147+00:00
Contracts Finder,ocds-b5fd17-5b85dda1-1ce9-4405-928a-efd93abaf5a7_3f02d3a6-987a-4643-9bde-63bbbb8aa45e-912277,Digital and ICT Strategy Programme Extension,Extension to ICT Programme contract,Borough Council of Kings Lynn and West Norfolk,,37952.0,GBP,2026-08-27,2026-08-26,award,complete,72246000,https://www.contractsfinder.service.gov.uk/Notice/3f02d3a6-987a-4643-9bde-63bbbb8aa45e-912277,2026-08-28T19:13:50.636305+00:00
Contracts Finder,ocds-b5fd17-99382636-154f-4b9a-83aa-0e7f3e558de1_e79437c2-e0b4-4060-a704-583b1987512c-912281,LSF Lot 2 (DA) Hounsome Fields Primary School - Orchard Works - AWARD,"Dear Sir/Madam,
      
      In accordance with the Landscape and External Works Framework 2023-2027 you are invited to tender for the Orchard Works at Hounsome Fields Primary School and have been supplied with the attached documents.
      
      Please download all the documents and read VERY carefully.
      
      Opting In and Out
      Please note you are required to 'Opt In' before you can access the 'My tender Return' to start populating your response. 
      
      The 'Opt Out",Hampshire County Council,,,GBP,2026-08-27,2026-08-07,award,complete,45112700,https://www.contractsfinder.service.gov.uk/Notice/e79437c2-e0b4-4060-a704-583b1987512c-912281,2026-08-28T19:13:50.636450+00:00
Contracts Finder,ocds-b5fd17-74a3f05c-e58d-4d54-8f34-834d96114336_5e767694-72d9-4954-b6e1-556aff194529-912279,"2026-08-24 09:00 - QOC927 Ipswich to Rallysport Engineering Academy, Colchester & Stace Provision, Kersey Mill, Kersey - AWARD","Suffolk County Council is seeking a mini competition against the following Dynamic Purchasing System: `The supply of Passenger Transport Services`, OJEU Notice Id: 2018/S 031-067685.
      
      Ipswich to Rallysport Engineering Academy, Colchester & Stace Provision, Kersey Mill, Kersey. 
      
      Further details can be found in the 'Tenders / My Tenders' area of this website, by selecting the 'View Details' button for this project.
      
      The deadline for returned submissions i",Suffolk County Council Passenger Transport,,,GBP,2026-08-27,2026-08-24,award,complete,60000000,https://www.contractsfinder.service.gov.uk/Notice/5e767694-72d9-4954-b6e1-556aff194529-912279,2026-08-28T19:13:50.636590+00:00
Contracts Finder,ocds-b5fd17-c64b6a41-b6a8-44cc-850d-39d3ba17defa_fec06f45-c1b6-4599-abd7-c4c222ef551e-912278,LSF Lot 2 DA - Hollywater School - Car Park Works - AWARD,"Dear Sir/Madam,
      
      In accordance with the Landscape Framework you are invited to tender for the Hollywater School - Car Park Works and have been supplied with the attached documents.
      
      Please download all the documents and read VERY carefully.
      
      Opting In and Out
      Please note you are required to 'Opt In' before you can access the 'My tender Return' to start populating your response. 
      
      The 'Opt Out' functionality will also be available thr",Hampshire County Council,,44676.28,GBP,2026-08-27,2026-08-13,award,complete,45000000,https://www.contractsfinder.service.gov.uk/Notice/fec06f45-c1b6-4599-abd7-c4c222ef551e-912278,2026-08-28T19:13:50.636730+00:00
Contracts Finder,ocds-b5fd17-346312c7-d8e8-42a2-aa0c-8848307695ed_aace7939-4c49-45ff-b2b3-615386af2aa0-912274,Provision of Insurance Brokerage Services,Provision of Insurance Brokerage Services,Epping Forest District Council,,12500.0,GBP,2026-08-27,2026-07-01,award,complete,66518100,https://www.contractsfinder.service.gov.uk/Notice/aace7939-4c49-45ff-b2b3-615386af2aa0-912274,2026-08-28T19:13:50.636869+00:00
Contracts Finder,ocds-b5fd17-4fe96f82-a50e-4ab2-b0b6-d0f321ba3be7_5f7e9f26-ef0f-4f8f-96b7-02406bf99f48-912275,THRE0082 - International Rail Depot Feasibility and Design Study,"The DfT envisages inviting submissions for a competitive tender process for advisory, feasibility and detailed design services. This work follows the completion of feasibility studies examining site options for a potential new rail maintenance depot and stabling on the HS1 route for international high-speed rail passenger services. Two leading site options have been identified for further work, including the potential for a mixed-use international and domestic site, on which detailed technical f",DfTc - Department for Transport,,112500.0,GBP,2026-08-27,2026-08-05,award,complete,71311200,https://www.contractsfinder.service.gov.uk/Notice/5f7e9f26-ef0f-4f8f-96b7-02406bf99f48-912275,2026-08-28T19:13:50.637007+00:00
Contracts Finder,ocds-b5fd17-5758b661-b016-46f6-8400-0b530afa37b0_d9c48b79-abe7-4940-b2c9-4a4b9e0273db-912010,W4160 The Provision of Apprenticeship Framework 2026,"Specialist Teaching Assistant Level 5 Apprenticeship delivered through a blended delivery model comprising workplace-based learning, tutor-led training and remote learning activities. Training will be delivered to school employees and associated educational settings within Walsall and other agreed workplace locations. The apprenticeship is intended to support workforce development, professional skills progression and the development of the knowledge, skills and behaviours required to undertake s",Walsall Metro Borough Council,,14400.0,GBP,2026-08-27,2026-08-18,award,complete,80570000,https://www.contractsfinder.service.gov.uk/Notice/d9c48b79-abe7-4940-b2c9-4a4b9e0273db-912010,2026-08-28T19:13:50.637146+00:00
Contracts Finder,ocds-b5fd17-a726b38d-ccce-4b57-b998-5e1cdbdb77e6_d8ff820a-4f93-4a32-a808-e0045678e2af-912273,Board Effectiveness Review,This contract is for the provision of an externally facilitated Board Effectiveness Review for the FCA.,FCA,,58692.0,GBP,2026-08-27,2026-07-27,award,complete,79400000,https://www.contractsfinder.service.gov.uk/Notice/d8ff820a-4f93-4a32-a808-e0045678e2af-912273,2026-08-28T19:13:50.637296+00:00
Contracts Finder,ocds-b5fd17-7bd80455-fcaf-4c78-a3b5-a8b2de784c08_747e0208-e6d0-470a-8299-e756de657547-912272,Provision of IT Penetration Testing (NCSC CHECK),Contract for a qualified and experienced supplier to provide CHECK accredited penetration testing services to the IPO.,Intellectual Property Office,,,GBP,2026-08-27,2026-06-24,award,complete,72000000,https://www.contractsfinder.service.gov.uk/Notice/747e0208-e6d0-470a-8299-e756de657547-912272,2026-08-28T19:13:50.637442+00:00
Contracts Finder,ocds-b5fd17-51f7e681-cecb-4415-9e15-2a697adb82dc_eb2e4c6a-2831-4c03-ab3a-cf7efc41c588-911489,ECA Call-Off 003,ECA Call-Off contract 003 for legal advisory services.,UK EXPORT FINANCE,,855000.0,GBP,2026-08-27,2026-06-24,award,complete,79111000,https://www.contractsfinder.service.gov.uk/Notice/eb2e4c6a-2831-4c03-ab3a-cf7efc41c588-911489,2026-08-28T19:13:50.637586+00:00
Contracts Finder,ocds-b5fd17-0f5e4fc0-b41b-41f7-ae55-7f67bdbbc2dd_bd8d1e38-c0e6-4558-95d7-c0cec6ba9106-912007,W4160 The Provision of Apprenticeship Framework 2026,"Specialist Teaching Assistant Level 5 Apprenticeship delivered through a blended delivery model, incorporating remote learning, tutor-led sessions and workplace-based learning. Training will be delivered to school employees working within educational settings across Walsall and associated workplace locations. The apprenticeship will support the development of the knowledge, skills and behaviours required to undertake specialist teaching assistant responsibilities, supporting workforce developmen",Walsall Metro Borough Council,,43200.0,GBP,2026-08-27,2026-08-18,award,complete,80570000,https://www.contractsfinder.service.gov.uk/Notice/bd8d1e38-c0e6-4558-95d7-c0cec6ba9106-912007,2026-08-28T19:13:50.637728+00:00
Contracts Finder,ocds-b5fd17-10c4d6c7-756c-4720-bf36-f7faa1eaebef_c4c70bfc-813a-436e-8134-04930f2dad81-912270,CALL-OFF: Children's Services Re-Opening of the Open Select List 2025 for all Independent Placement,Provision of Supported Accommodation,Lincolnshire County Council,,,GBP,2026-08-27,2025-11-10,award,complete,85000000,https://www.contractsfinder.service.gov.uk/Notice/c4c70bfc-813a-436e-8134-04930f2dad81-912270,2026-08-28T19:13:50.637864+00:00
Contracts Finder,ocds-b5fd17-459f3f63-23d2-4ffd-bef8-ab05c5e2b05b_85190eee-5e2d-4625-80ff-bf9b3fba4673-912262,Provision of Freshworks for Cabinet Office,Provision of Freshworks for Cabinet Office,Cabinet Office,,546100.8,GBP,2026-08-27,2026-08-15,awardUpdate,complete,48000000,https://www.contractsfinder.service.gov.uk/Notice/85190eee-5e2d-4625-80ff-bf9b3fba4673-912262,2026-08-28T19:13:50.638003+00:00
Contracts Finder,ocds-b5fd17-dfffceea-f31e-4ef8-9789-34e51aa01321_f98b8fb9-2ce5-4a5c-bc9b-2b935b97f5eb-912268,Get into Teaching on Campus Events - Con_31995,This is not a call for competition. This is the Contract Award Notice for Get into Teaching on Campus Events. The competition was carried out using the GCA RM6124 Communications Marketplace DPS.,Department for Education,,3176000.0,GBP,2026-08-27,2026-06-08,award,complete,79340000,https://www.contractsfinder.service.gov.uk/Notice/f98b8fb9-2ce5-4a5c-bc9b-2b935b97f5eb-912268,2026-08-28T19:13:50.638144+00:00
Contracts Finder,ocds-b5fd17-4ab2fac9-bfae-4c4c-b738-2b14dd75536c_6de3943f-58e1-452b-8c8e-1b9cdb47d3df-912267,"QSB429 0900 2026-08-26 Ipswich - Centre academy East Anglia, Brettenham (4-seated vehicle required) - AWARD","Suffolk County Council is seeking a mini competition against the following Dynamic Purchasing System: `The supply of Passenger Transport Services`, OJEU Notice Id: 2018/S 031-067685.
      
      QSB429 0900 2026-08-26 Ipswich - Centre academy East Anglia, Brettenham (4-seated vehicle required)
      
      Further details can be found in the 'Tenders / My Tenders' area of this website, by selecting the 'View Details' button for this project.
      
      The deadline for returned submissi",Suffolk County Council Passenger Transport,,,GBP,2026-08-27,2026-08-26,award,complete,60000000,https://www.contractsfinder.service.gov.uk/Notice/6de3943f-58e1-452b-8c8e-1b9cdb47d3df-912267,2026-08-28T19:13:50.638291+00:00
Contracts Finder,ocds-b5fd17-13d7f711-a8bf-4d42-a0aa-a52f9c8607f3_f84c20c3-3fd1-4f3b-b0a6-9004499479fe-912266,RA359859 - Security and Fire Maintenance,"Please find the request for a quote and terms and conditions attached.
1. Agree to the terms and conditions and send your acceptance by email to Caitlyn Murphy caitlyn.murphy@wales.nhs.uk
2. Submit your quote on Multiquote with a clear method statement and proforma invoice as an attachment.
 
No quotes through email are accepted - To access this competition: login to https://suppliers.multiquote.com and view the opportunity RA359859. Not registered on MultiQuote - visit https://suppliers.mul",NHS Wales Shared Services Partnership (NWSSP),,,GBP,2026-08-27,2026-09-03,tenderAmendment,active,35000000,https://www.contractsfinder.service.gov.uk/Notice/f84c20c3-3fd1-4f3b-b0a6-9004499479fe,2026-08-28T19:13:50.638437+00:00
Contracts Finder,ocds-b5fd17-7598ba41-51b4-419a-8ddf-f306685777e3_d4b2fd5b-1770-4b0b-beae-d1586a449e6a-912265,CWC26149 - BCT A461 FBC,"City of Wolverhampton on behalf of Black Country Transport is seeking an organisation to deliver the completion of the Full Business Case (FBC) for the A461 Multi Modal Corridor located in Dudley & Sandwell Borough. This FBC is essential for the project to unlock delivery funding from the West Midlands Combined Authority. 
Utilising ESPO 664_25 Lot5",Wolverhampton City Council,,87410.0,GBP,2026-08-27,2026-08-24,award,complete,71311210,https://www.contractsfinder.service.gov.uk/Notice/d4b2fd5b-1770-4b0b-beae-d1586a449e6a-912265,2026-08-28T19:13:50.638578+00:00
Contracts Finder,ocds-b5fd17-a4a6cee1-fb18-4eab-aa67-01d1d3028362_af512443-0aa9-445d-9c36-bbdafc56d75d-912264,AME Payments - Strategic Platform and Product Development,This contract is to support the Department of Works and Pension (DWP) with the provision of  DDaT resources across Core Digital Services (CDS) specifically supporting the Digital Payment teams in the delivery,Department for Work and Pensions,8500000.0,10625000.0,GBP,2026-08-27,2026-03-26,award,complete,72000000,https://www.contractsfinder.service.gov.uk/Notice/af512443-0aa9-445d-9c36-bbdafc56d75d-912264,2026-08-28T19:13:50.638718+00:00
Contracts Finder,ocds-b5fd17-07fcc91e-78f0-4edd-8f0d-28444572edc4_394bada5-9906-4366-91cc-3312f809ca5b-912263,37213 - ST ANDREWS,"This contract is for the provision of transport services - journey stated in the title of this notice. It has been awarded following a Mini Competition under Council's Dynamic Purchasing System (DPS) PAN3059 - Passenger Transport Services.

 

To find out more about this DPS and how to provide taxi services to the Council, please see Taxi firms tendering for contracts (leicester.gov.uk)

Additional information: 
AT THE POINT OF AWARD, WE ARE NO LONGER SEEKING TENDERS",Leicester City Council,,7332.0,GBP,2026-08-27,2026-08-27,award,complete,60120000,https://www.contractsfinder.service.gov.uk/Notice/394bada5-9906-4366-91cc-3312f809ca5b-912263,2026-08-28T19:13:50.638864+00:00
Contracts Finder,ocds-b5fd17-dbbc3d75-241a-49b4-8357-e5145eb5bd5f_76b742db-74e6-4f52-9073-30640bd42987-912261,BTA2177 - Analytics 360 with GA4 Properties,Web data analytics. Direct Award process via CCS G-Cloud 14 Framework. RM1557.14,British Tourist Authority t/a VisitBritain/VisitEngland,,116100.0,GBP,2026-08-27,2025-10-20,award,complete,72316000,https://www.contractsfinder.service.gov.uk/Notice/76b742db-74e6-4f52-9073-30640bd42987-912261,2026-08-28T19:13:50.639002+00:00
Contracts Finder,ocds-b5fd17-0cbd0bd1-1348-4607-bc7a-06f7a1066b4d_05c8b6e7-3b65-4762-845b-d1b4b691ebc6-912260,Taxi and MPV (1-8 seats) Passenger Assistant - Taxi and MPV (1-8 seats) Passenger Assistant,"Vehicle type: MPV required
Passenger Assistant Required: Yes, PA required.

Proposed Taxi Route: BN10 8RG, BN10 7NE, BN10 7SD, BN10 7SU and BN10 8GB

To:  Northease Manor School, BN7 3EY
Frequency: Monday to Friday
Daily School Time: Mon-Thurs 08:30-16:00 and Fri 08:30-15:00

Comments for Operator: 
PA Required. BN10 7SU is the afternoon pick up only.
 This opportunity has been distributed on SProc.net",East Sussex County Council,,,GBP,2026-08-27,2026-08-28,tender,active,60000000,https://www.contractsfinder.service.gov.uk/Notice/05c8b6e7-3b65-4762-845b-d1b4b691ebc6,2026-08-28T19:13:50.639140+00:00
Contracts Finder,ocds-b5fd17-a863002d-51d8-47a5-9d46-ee0a827428af_4c4f6e0a-4ab1-4435-b8da-ba6505655970-912253,TEL L4.1 FC Sep26 - Castles and Coasts Housing Association - awarded,"This contract award notice is to notify the market that Castles and Coasts Housing Association based in Carlisle, UK have appointed Appello as their Technology Enabled Lives provider for a period of TWO years, with an option to extend for a further TWO a ONE year individual periods. This appointment has been made under the Northern Housing Consortium's Technology Enabled Lives framework. (Contract Award Notice 2024/S 000-000849)",NORTHERN HOUSING CONSORTIUM LIMITED,,279532.96,GBP,2026-08-27,2026-08-17,award,complete,50421000,https://www.contractsfinder.service.gov.uk/Notice/4c4f6e0a-4ab1-4435-b8da-ba6505655970-912253,2026-08-28T19:13:50.639289+00:00
Contracts Finder,ocds-b5fd17-3b19dbf1-98d2-4909-9f69-4ee584d3686d_d64f6bd2-2c18-4e4e-8e4c-ab44c8b6ba08-912259,"QOC945 2026-08-26 (0900) Lowestoft - Red Balloon, Norwich (4 seats) - AWARD","Suffolk County Council is seeking a mini competition against the following Dynamic Purchasing System: `The supply of Passenger Transport Services`, OJEU Notice Id: 2018/S 031-067685.
      
      QOC945 2026-08-26 (0900) Lowestoft - Red Balloon, Norwich (4 seats)
      
      Further details can be found in the 'Tenders / My Tenders' area of this website, by selecting the 'View Details' button for this project.
      
      The deadline for returned submissions is 0900 on 26/08/2026. Pleas",Suffolk County Council Passenger Transport,,,GBP,2026-08-27,2026-08-26,award,complete,60000000,https://www.contractsfinder.service.gov.uk/Notice/d64f6bd2-2c18-4e4e-8e4c-ab44c8b6ba08-912259,2026-08-28T19:13:50.639430+00:00
Contracts Finder,ocds-b5fd17-9926e520-917a-4f6a-80fc-0970994bf6f9_aa5f46f2-f8b5-4a83-8674-ad1a34530d51-912088,C1347 - Graphic Design partner,Graphic design support,NATIONAL WEALTH FUND LIMITED,,,GBP,2026-08-27,2026-07-31,award,complete,79822500,https://www.contractsfinder.service.gov.uk/Notice/aa5f46f2-f8b5-4a83-8674-ad1a34530d51-912088,2026-08-28T19:13:50.639569+00:00
Contracts Finder,ocds-b5fd17-a608ccc5-d106-4105-a481-5eae232e493f_3b9f23c1-f553-4f4c-a7a8-6ef78736e969-912258,ID: 37225 - DSP UNIT OF OAKLANDS SCHOOL,"This contract is for the provision of transport services - journey stated in the title of this notice. It has been awarded following a Mini Competition under Council's Dynamic Purchasing System (DPS) PAN3059 - Passenger Transport Services.

To find out more about this DPS and how to provide taxi services to the Council, please see Taxi firms tendering for contracts (leicester.gov.uk)",Leicester City Council,,19656.0,GBP,2026-08-27,2026-08-27,award,complete,60120000,https://www.contractsfinder.service.gov.uk/Notice/3b9f23c1-f553-4f4c-a7a8-6ef78736e969-912258,2026-08-28T19:13:50.639708+00:00
Contracts Finder,ocds-b5fd17-dfcf45f7-36e6-4029-a0c4-c0c0c657843c_f1990204-280b-4984-8cfb-ee6dfc59d9b7-912257,37211 - ST ANDREWS,"This contract is for the provision of transport services - journey stated in the title of this notice. It has been awarded following a Mini Competition under Council's Dynamic Purchasing System (DPS) PAN3059 - Passenger Transport Services.

 

To find out more about this DPS and how to provide taxi services to the Council, please see Taxi firms tendering for contracts (leicester.gov.uk)

Additional information: 
AT THE POINT OF AWARD, WE ARE NO LONGER SEEKING TENDERS",Leicester City Council,,7332.0,GBP,2026-08-27,2026-08-27,award,complete,60120000,https://www.contractsfinder.service.gov.uk/Notice/f1990204-280b-4984-8cfb-ee6dfc59d9b7-912257,2026-08-28T19:13:50.639845+00:00
Contracts Finder,ocds-b5fd17-bf10bb83-a20f-4c2d-82ee-a43249a961da_fe55e276-5324-4eb6-b31f-f9922bb3d9d8-912256,Manchester International Airport - Demolition Works,"""The planned introduction of longer train services to the Airport in response to future demand growth will mean that double stacking arrangements of trains as currently used will no longer be viable. Through the project's Delivery Steering Group, Northern and TransPennine Express have carried out analysis which has identified that additional platform capacity is needed at the airport in order to realise the full benefit of longer train services serving the airport.
      
      The scheme is p",Kier Transportation - CP7 NWC,50000.0,100000.0,GBP,2026-08-27,2026-09-03,tender,active,45234116,https://www.contractsfinder.service.gov.uk/Notice/fe55e276-5324-4eb6-b31f-f9922bb3d9d8,2026-08-28T19:13:50.639988+00:00
Contracts Finder,ocds-b5fd17-4ef4913f-b656-4dab-aff0-a68aa5bb9d9f_aeb59449-0d88-4591-9e81-0ea3e97ff762-912255,Contract Award Notice for External Assistance for Soft FM Subject Matter Expertise Technical Support to Regional Delivery,Contract Award Notice for 715910478_External Assistance for Soft FM Subject Matter Expertise Technical Support to Regional Delivery,Ministry of Defence,,789659.5,GBP,2026-08-27,2026-08-27,award,complete,71356300,https://www.contractsfinder.service.gov.uk/Notice/aeb59449-0d88-4591-9e81-0ea3e97ff762-912255,2026-08-28T19:13:50.640128+00:00
Contracts Finder,ocds-b5fd17-0155a921-c6a9-4fe3-89fb-dd93d20a54de_a5e9b23a-bfb5-4bd9-9e84-270a0ab880e1-912252,"Lot 2 - DA - Bishopstoke Community Centre, Bordon Library, Basingstoke Canal, Making Space Project Havant - External Decorations Repairs 21-26 - AWARD","Dear Sir/Madam,
      
      In accordance with the Decoration & Minor Pre-decoration Repairs Framework 2024-2028 you are invited to tender for the External Decorations Repairs 21-26 at Bishopstoke Community Centre, Bordon Library, Basingstoke Canal, Making Space Project Havant and have been supplied with the attached documents.
      
      Please download all the documents and read VERY carefully.
      
      Opting In and Out
      Please note you are required to 'Opt In' before you c",Hampshire County Council,,,GBP,2026-08-27,2026-08-25,award,complete,45451000,https://www.contractsfinder.service.gov.uk/Notice/a5e9b23a-bfb5-4bd9-9e84-270a0ab880e1-912252,2026-08-28T19:13:50.640282+00:00
Contracts Finder,ocds-b5fd17-f675b78c-87a1-433b-9184-44eba3d1bb2e_89bc5aaa-f5d9-4b89-9bba-0682c4b4271c-912251,ID: 37218 - DSP UNIT OF OAKLANDS SCHOOL,"This contract is for the provision of transport services - journey stated in the title of this notice. It has been awarded following a Mini Competition under Council's Dynamic Purchasing System (DPS) PAN3059 - Passenger Transport Services.

To find out more about this DPS and how to provide taxi services to the Council, please see Taxi firms tendering for contracts (leicester.gov.uk)",Leicester City Council,,24570.0,GBP,2026-08-27,2026-08-27,award,complete,60120000,https://www.contractsfinder.service.gov.uk/Notice/89bc5aaa-f5d9-4b89-9bba-0682c4b4271c-912251,2026-08-28T19:13:50.640432+00:00
Contracts Finder,ocds-b5fd17-662893a7-14ae-49de-af8e-b0c2b6ff0447_d87bbe2f-eee9-4591-a5f7-2e2d935d9520-912248,Creative Campaign Partner - Student Recruitment Campaign - AWARD,"The City of Liverpool College are going out to tender for a creative agency to develop a campaign that positions The City of Liverpool College as the first-choice college for students who want more. The campaign must work effortlessly across digital, outdoor, and audio, and speak with equal conviction to three different audiences: 16-18 year old students, adult learners, and employers looking to upskill their workforce.
      
      The creative agency contract is for 2 years starting 01/09/20",The City of Liverpool College,43920.0,131760.0,GBP,2026-08-27,2026-07-27,award,complete,79342000,https://www.contractsfinder.service.gov.uk/Notice/d87bbe2f-eee9-4591-a5f7-2e2d935d9520-912248,2026-08-28T19:13:50.640578+00:00
Contracts Finder,ocds-b5fd17-cdd5a85b-6937-40f0-af51-64c963d513e6_0c18feda-e03d-4ce8-8102-d6b271c3405d-912245,ISM MM Enabling Works,ISM MM Enabling Works,National Museums Liverpool,,5999727.0,GBP,2026-08-27,2026-02-28,award,complete,45000000,https://www.contractsfinder.service.gov.uk/Notice/0c18feda-e03d-4ce8-8102-d6b271c3405d-912245,2026-08-28T19:13:50.640720+00:00
Contracts Finder,ocds-b5fd17-316dd7db-ef97-43d1-9e30-959017b9f575_1db51789-35e9-486f-be17-f1f78eeb7843-912247,"12687 - Proposed Single Storey Rear Shower Room Extension at 11b Hillside Avenue, L36 8DR","PROPOSED SINGLE STOREY REAR SHOWER ROOM EXTENSION AT A PROPERTY IN HILLSIDE AVENUE, HUYTON, KNOWSLEY, L36",Knowsley Council,,50000.0,GBP,2026-08-27,2025-09-19,award,complete,45000000,https://www.contractsfinder.service.gov.uk/Notice/1db51789-35e9-486f-be17-f1f78eeb7843-912247,2026-08-28T19:13:50.640859+00:00
Contracts Finder,ocds-b5fd17-0988c28d-476b-44d7-9841-ce4f170970d0_18a03bfe-f010-4fe8-ab24-ce4478dc5b77-912246,ID: 37217 - DSP UNIT OF OAKLANDS SCHOOL,"This contract is for the provision of transport services - journey stated in the title of this notice. It has been awarded following a Mini Competition under Council's Dynamic Purchasing System (DPS) PAN3059 - Passenger Transport Services.

To find out more about this DPS and how to provide taxi services to the Council, please see Taxi firms tendering for contracts (leicester.gov.uk)",Leicester City Council,,20463.0,GBP,2026-08-27,2026-08-27,award,complete,60120000,https://www.contractsfinder.service.gov.uk/Notice/18a03bfe-f010-4fe8-ab24-ce4478dc5b77-912246,2026-08-28T19:13:50.640999+00:00
Contracts Finder,ocds-b5fd17-9dbd3375-7ef8-43f2-97a9-b3d2ea42f635_57d726e2-ac59-47cb-8d09-e1dc80ec67cd-912242,The Provision of ePortfolio Services to the Army Apprenticeship Programme,"NOTE - This is NOT an opportunity - this contract has been AWARDED 

Call-Off Contract against G-Cloud 14 Framework Agreement (RM1557.14) 

The primary purpose of this requirement is to procure an ePortfolio software package to eventually manage the evidence of learning for all apprentices currently in the Army Apprenticeship Programme (AAP). The secondary requirement was to collate all existing learner data on to an MOD managed platform for operational and security purposes.",MINISTRY OF DEFENCE,,3201000.0,GBP,2026-08-27,2026-07-10,awardUpdate,complete,48000000,https://www.contractsfinder.service.gov.uk/Notice/57d726e2-ac59-47cb-8d09-e1dc80ec67cd-912242,2026-08-28T19:13:50.641139+00:00
Contracts Finder,ocds-b5fd17-8234ac32-164a-4a65-a9b7-6f1c4868e4d4_39adf196-0b7e-46d9-b95d-1d9357cedba6-912244,"QLT267 2026-08-19 (0900) Halesworth - Horizon Primary School, Lowestoft (6 seats and a PA) - AWARD","Suffolk County Council is seeking a mini competition against the following Dynamic Purchasing System: `The supply of Passenger Transport Services`, OJEU Notice Id: 2018/S 031-067685.
      
      QLT267 2026-08-19 (0900) Halesworth - Horizon Primary School, Lowestoft (6 seats and a PA)
      
      Further details can be found in the 'Tenders / My Tenders' area of this website, by selecting the 'View Details' button for this project.
      
      The deadline for returned submissions is 09",Suffolk County Council Passenger Transport,,,GBP,2026-08-27,2026-08-19,award,complete,60000000,https://www.contractsfinder.service.gov.uk/Notice/39adf196-0b7e-46d9-b95d-1d9357cedba6-912244,2026-08-28T19:13:50.641284+00:00
Contracts Finder,ocds-b5fd17-973b0974-20ed-4223-bdef-a95e40f75371_1964a25c-7c1c-488a-883a-ae863ebbe711-912243,37210 - INGLEHURST JUNIOR SCHOOL,"This contract is for the provision of transport services - journey stated in the title of this notice. It has been awarded following a Mini Competition under Council's Dynamic Purchasing System (DPS) PAN3059 - Passenger Transport Services.

 

To find out more about this DPS and how to provide taxi services to the Council, please see Taxi firms tendering for contracts (leicester.gov.uk)

Additional information: 
AT THE POINT OF AWARD, WE ARE NO LONGER SEEKING TENDERS",Leicester City Council,,29227.0,GBP,2026-08-27,2026-08-27,award,complete,60120000,https://www.contractsfinder.service.gov.uk/Notice/1964a25c-7c1c-488a-883a-ae863ebbe711-912243,2026-08-28T19:13:50.641434+00:00
Contracts Finder,ocds-b5fd17-8c903e03-5d7b-49cc-872b-738c61a3e8d8_2ac42c99-b839-451f-83bc-e72426c95d7b-912239,Four Courts M&E Consultants,Four Courts M&E Consultants,SOUTHERN HOUSING,,400000.0,GBP,2026-08-27,2026-07-01,award,complete,71334000,https://www.contractsfinder.service.gov.uk/Notice/2ac42c99-b839-451f-83bc-e72426c95d7b-912239,2026-08-28T19:13:50.641573+00:00
Contracts Finder,ocds-b5fd17-72e65a48-0fcb-4226-8b5b-81cc53236e86_9626bb27-eecf-42c6-9cf4-c135f157c6bb-912241,Multi-Disciplinary Consultancy Services 2026-27,Provide Multi -Disciplinary Consultancy Services,Leeds City Council,,450000.0,GBP,2026-08-27,2026-08-03,award,complete,71541000,https://www.contractsfinder.service.gov.uk/Notice/9626bb27-eecf-42c6-9cf4-c135f157c6bb-912241,2026-08-28T19:13:50.641718+00:00
Contracts Finder,ocds-b5fd17-d88539af-752b-41c9-a84a-154d8d321509_8dc5f81c-d634-4098-99f7-09fd01bcdef5-912238,"HRE - EDE/9 - Eden Valley Jn - Kirkby Stephen (Warcop Branch) - Galebars No.1, Waitsby Road","HRE - EDE/9 - Eden Valley Jn - Kirkby Stephen (Warcop Branch) - Galebars No.1, Waitsby Road",National Highways Limited,,148117.98,GBP,2026-08-27,2026-07-31,award,complete,34621000,https://www.contractsfinder.service.gov.uk/Notice/8dc5f81c-d634-4098-99f7-09fd01bcdef5-912238,2026-08-28T19:13:50.641861+00:00
Contracts Finder,ocds-b5fd17-8c53fb14-c604-4252-a68a-08d54986ccaf_e824d941-c5ad-405d-af30-37ec0bbe63f3-912237,Service Now Licenses Renewal 26-30,"Renewal of UKHSA's ServiceNow software licences, which support the organisation's core IT service management, asset management, security operations and digital workflow functions.",UK Health Security Agency,,5678372.91,GBP,2026-08-27,2026-07-30,award,complete,48000000,https://www.contractsfinder.service.gov.uk/Notice/e824d941-c5ad-405d-af30-37ec0bbe63f3-912237,2026-08-28T19:13:50.642001+00:00
Contracts Finder,ocds-b5fd17-743ba2b7-93f3-4b3c-b39c-8f72a1108d31_7f341490-a1df-4717-b7f9-db935c090821-912236,Structural engineer for Four Courts,Structural engineer for Four Courts,SOUTHERN HOUSING,,378000.0,GBP,2026-08-27,2026-07-01,award,complete,71312000,https://www.contractsfinder.service.gov.uk/Notice/7f341490-a1df-4717-b7f9-db935c090821-912236,2026-08-28T19:13:50.642146+00:00
Contracts Finder,ocds-b5fd17-60a76984-792b-4b06-9615-ce8140c61b69_10f6422c-6119-4b54-bfd4-fce67b5ad860-912234,Clinical Coding Consultancy Services,Codex clinical coding support with PwC.,University Hospitals of Leicester NHS Trust,,480000.0,GBP,2026-08-27,2026-08-28,award,complete,79412000,https://www.contractsfinder.service.gov.uk/Notice/10f6422c-6119-4b54-bfd4-fce67b5ad860-912234,2026-08-28T19:13:50.642297+00:00
Contracts Finder,ocds-b5fd17-72a60eff-fc32-4660-bf9a-6ca7f259c92b_db463ade-3632-4575-b468-988d5022a1d6-912233,Engineering Inspection Services,"The Nottingham University Hospitals NHS Trust (The Customer) requires a Supplier provision of engineering inspections of its engineering plant and machinery at its Premises and Locations (The Services).

The Customer's engineering plant and machinery must be inspected regularly to ensure it is safe and compliant with the latest regulatory requirements. 

The Services are a statutory requirement for relevant plant and machinery installations and are required on an annual basis to ensure the C",Nottingham University Hospitals NHS Trust,198000.0,330000.0,GBP,2026-08-27,2026-06-01,award,complete,66519000,https://www.contractsfinder.service.gov.uk/Notice/db463ade-3632-4575-b468-988d5022a1d6-912233,2026-08-28T19:13:50.642447+00:00
Contracts Finder,ocds-b5fd17-b23ae44f-fb70-4e33-9ed0-7e2d01c747cf_a738f1e5-bdf9-44aa-802b-70ad85982312-912232,HRE - AND/15 - Andoversford - Swindon - Ludgershall - Widgerly Down bridge over bridleway,HRE - AND/15 - Andoversford - Swindon - Ludgershall - Widgerly Down bridge over bridleway,National Highways Limited,,12695.66,GBP,2026-08-27,2026-08-21,award,complete,34621000,https://www.contractsfinder.service.gov.uk/Notice/a738f1e5-bdf9-44aa-802b-70ad85982312-912232,2026-08-28T19:13:50.642587+00:00
Contracts Finder,ocds-b5fd17-25e32b25-117c-44aa-b3b6-863b94202722_bd637194-32f9-4be6-9180-b7d12805f488-912231,TPR1725 Testing as a Managed Service,"Service Overview
The Authority requires a Testing as a Managed Service (TaaS) to provide scalable, outcome based testing capabilities operations and project delivery, defined outcome based packages of work.",The Pensions Regulator,,150000.0,GBP,2026-08-27,2026-07-30,award,complete,72000000,https://www.contractsfinder.service.gov.uk/Notice/bd637194-32f9-4be6-9180-b7d12805f488-912231,2026-08-28T19:13:50.642725+00:00
Contracts Finder,ocds-b5fd17-143ae01b-4279-4a78-b324-5e5545695db9_8ddb9101-09ec-4533-8d6f-271594a71a94-912229,"Biddulph Road, Croydon, CR2 6QA - Completion Contract PCSA Stage","Biddulph Road, Croydon, CR2 6QA - Completion Contract PCSA Stage",SOUTHERN HOUSING,,272277.0,GBP,2026-08-27,2026-06-01,award,complete,45400000,https://www.contractsfinder.service.gov.uk/Notice/8ddb9101-09ec-4533-8d6f-271594a71a94-912229,2026-08-28T19:13:50.642862+00:00
Contracts Finder,ocds-b5fd17-4e88f257-3a22-448b-a79a-8e86c0810d60_280e3f03-7b9f-44aa-b55e-b3eceecc478f-912228,Dilapidation Surveys for Fleet House,Dilapidation Surveys for Fleet House,SOUTHERN HOUSING,,100000.0,GBP,2026-08-27,2026-06-01,award,complete,71315300,https://www.contractsfinder.service.gov.uk/Notice/280e3f03-7b9f-44aa-b55e-b3eceecc478f-912228,2026-08-28T19:13:50.643002+00:00
Contracts Finder,ocds-b5fd17-4e97f856-c243-4fa5-84a8-5bad11bd579b_a503b208-3b35-41af-b513-5e76873f4e17-912227,C449994 - BTH25-238 - Sonography Services,Bradford Teaching Hospitals NHS Foundation Trust (BTHFT) requires an agreement to provide a Sonography managed service. This service supplements the Trust's Sonographers with additional capacity for ultrasound scans to meet targets,Bradford Teaching Hospitals NHS Foundation Trust,,293113.33,GBP,2026-08-27,2026-05-31,award,complete,85141000,https://www.contractsfinder.service.gov.uk/Notice/a503b208-3b35-41af-b513-5e76873f4e17-912227,2026-08-28T19:13:50.643152+00:00
Contracts Finder,ocds-b5fd17-47bb69c6-fb96-49a6-9bc4-3eb27ccc88ed_97fb5502-1705-4b17-b86e-cdb8077880ae-912226,"EE309, 2026-08-26 0900, Needham Market - Gipping -Stoke Ash - Thornham - Hartismere School, Eye (16 seats) - AWARD","Suffolk County Council is seeking a mini competition against the following Dynamic Purchasing System: `The supply of Passenger Transport Services`, OJEU Notice Id: 2018/S 031-067685.
      
      EE309, 2026-08-26 0900, Needham Market - Gipping -Stoke Ash - Thornham - Hartismere School, Eye (16 seats)
      
      Further details can be found in the 'Tenders / My Tenders' area of this website, by selecting the 'View Details' button for this project.
      
      The deadline for returned s",Suffolk County Council Passenger Transport,,,GBP,2026-08-27,2026-08-26,award,complete,60000000,https://www.contractsfinder.service.gov.uk/Notice/97fb5502-1705-4b17-b86e-cdb8077880ae-912226,2026-08-28T19:13:50.643297+00:00
Contracts Finder,ocds-b5fd17-75389802-cf40-4a21-a4f6-371ea0d69ad1_9ef7759c-a990-45cd-ae80-7387b51ff491-912224,Operational Fire Fighter Apprenticeship Programme,"RBFRS has been utilising Operational Firefighter Apprenticeships as the preferred development route for a few years. The Fire Service College has been identified from the procurement framework as the only viable option to meet our requirements.
There are eight (8) suppliers in the YPO framework 1086 - Apprenticeships and Associated Training:
• Capita Group Plc - Operational firefighter
• Cornwall Fire Rescue and Community Safety Service
• SFJ Awards The Workforce Development Trust Ltd - Oper",Royal Berkshire Fire & Rescue Service,,,GBP,2026-08-27,2026-08-01,award,complete,80500000,https://www.contractsfinder.service.gov.uk/Notice/9ef7759c-a990-45cd-ae80-7387b51ff491-912224,2026-08-28T19:13:50.643437+00:00
Contracts Finder,ocds-b5fd17-51a793a5-7f6c-4fd9-8d32-3098f108d606_18e1e3bc-e469-4c8e-8c09-8459c43d34cf-912225,"QIP470 0900 2026-08-26 Kesgrave - Woodbridge road academy, Ipswich (4-seated individual vehicle and a PA required) - AWARD","Suffolk County Council is seeking a mini competition against the following Dynamic Purchasing System: `The supply of Passenger Transport Services`, OJEU Notice Id: 2018/S 031-067685.
      
      QIP470 0900 2026-08-26 Kesgrave - Woodbridge road academy, Ipswich (4-seated individual vehicle and a PA required)
      
      Further details can be found in the 'Tenders / My Tenders' area of this website, by selecting the 'View Details' button for this project.
      
      The deadline for re",Suffolk County Council Passenger Transport,,,GBP,2026-08-27,2026-08-26,award,complete,60000000,https://www.contractsfinder.service.gov.uk/Notice/18e1e3bc-e469-4c8e-8c09-8459c43d34cf-912225,2026-08-28T19:13:50.643571+00:00
Contracts Finder,ocds-b5fd17-a634f9c6-1fce-4b7c-a787-c63daefe9303_4de66147-8874-46d1-af81-2f653bf0e8e3-912223,Payroll service for the British Embassy Budapest,"The objective of the procurement is to retender a Payroll service provider that is expected to deliver value for money, to comply with all contractual obligations and national laws, and to offer high quality of services. The main features of services required:  
- calculation of staff and casual workers' salaries, bonuses; 
- calculation of third party contributions;  
- reporting; 
- payslips; 
- management of salary related issues; 
- preparing leaving papers for departing staff; 
- pay",Foreign Commonwealth and Development Office,,35376.94,GBP,2026-08-27,2022-05-05,awardUpdate,complete,79211110,https://www.contractsfinder.service.gov.uk/Notice/4de66147-8874-46d1-af81-2f653bf0e8e3-912223,2026-08-28T19:13:50.643709+00:00
