source,notice_id,title,description,organisation,value_low,value_high,currency,published_date,deadline,notice_type,status,cpv_codes,url,scraped_at
FTS,ocds-h6vhtk-06e2d5_081055-2026,Skills and Capability Analysis,"To support strategic workforce planning (effectively managing the workforce, focusing on having the right people, with the right skills, in the right roles, at the right time, and at the right cost) and to inform the development of a three year Learning and Development Plan (2026-2029), we need robust, organisation wide insight into current workforce skills and future capability needs. At present, we do not have a unified approach for assessing skills, which limits our ability to identify common",JNCC SUPPORT CO,,34000.0,GBP,2026-08-26,2026-09-10,tenderUpdate,active,,https://www.find-tender.service.gov.uk/Notice/081055-2026,2026-08-26T07:42:03.433415+00:00
FTS,ocds-h6vhtk-06ebfd_081054-2026,Provision of Priestfield Mitigations LC084 - Phase 2- Transition Renewal Works for Midland Metro Limited (MML),"A Direct Award for the Provision of Priestfield Mitigations LC084 - Phase 2 - Transition Renewal Works for Midland Metro Limited (MML), using the MML Single Supplier Framework.",West Midlands Combined Authority,,,GBP,2026-08-26,,award,complete,45234116,https://www.find-tender.service.gov.uk/Notice/081054-2026,2026-08-26T07:42:03.433446+00:00
FTS,ocds-h6vhtk-06e8ae_081053-2026,Water Pipe Installation at Aston Rowant NNR,"To install sections of water pipe at Aston Rowant National Nature Reserve, to be installed in October 2026.",Natural England,,20833.0,GBP,2026-08-26,2026-09-04,tenderUpdate,active,,https://www.find-tender.service.gov.uk/Notice/081053-2026,2026-08-26T07:42:03.433453+00:00
FTS,ocds-h6vhtk-06ebfc_081052-2026,Quotes,This procurement is to ensure the continuation of the use of the SolarWinds platform which is used by  Cantium Business Solutions to manage and monitor our security posture and infrastructure.,Kent County Council,,,GBP,2026-08-26,,award,complete,,https://www.find-tender.service.gov.uk/Notice/081052-2026,2026-08-26T07:42:03.433459+00:00
FTS,ocds-h6vhtk-06eadc_081051-2026,Waste Management and Recycling Framework,"The Waste Management and Recycling Framework Agreement will be a multi-supplier Framework Agreement and shall be split into the following nine (9) Lots: 
•Lot 1 – Secure Shredding & Disposal of Confidential Materials
•Lot 2 – Waste Electrical & Electronical Equipment (“WEEE”)
•Lot 3 – Liquid Waste Disposal 
•Lot 4 – Dry Mixed Recycling (“DMR”) Materials
•Lot 5 – Skip Hire
•Lot 6 – Hazardous Waste
•Lot 7 – Metal
•Lot 8 – Chemical & Oil Spills
•Lot 9 – General Waste
The ITT documents are available",ORE Catapult,,,GBP,2026-08-26,2026-09-21,tenderUpdate,active,,https://www.find-tender.service.gov.uk/Notice/081051-2026,2026-08-26T07:42:03.433467+00:00
FTS,ocds-h6vhtk-06ebfb_081050-2026,Provision of ICT Hardware - Capital 26/27,This is a Contracts Award Notice for provision of Laptops and Laptop Trollies under Capital spend 26/27. CPC - ICT Hardware and Peripherals Equipment Framework - Lot 1 - was utilised.,HOPWOOD HALL COLLEGE,,,GBP,2026-08-26,,award,complete,30200000,https://www.find-tender.service.gov.uk/Notice/081050-2026,2026-08-26T07:42:03.433473+00:00
FTS,ocds-h6vhtk-064932_081049-2026,"Targeted Careers Information, Advice and Guidance (TCIAG)","Cumberland Council have commissioned a provider to provide a Targeted Careers Information, Advice and Guidance (TCIAG) provider.
Provision of independent cares advice, information and guidance for target beneficiary groups beginning in Year 9 and progression to aged 18 (or 25 in the care of ECHPs/SEND).
Delivery of the Council's statutory requirements relating to the September Guarantee of all 16-17 year old's having a suitable place of learning/training/employment (including tracking and report",Cumberland Council,,,GBP,2026-08-26,,award,complete,,https://www.find-tender.service.gov.uk/Notice/081049-2026,2026-08-26T07:42:03.433478+00:00
FTS,ocds-h6vhtk-06cfdc_081048-2026,Skip Hire Framework Agreement - Ref 01040,"We are seeking to issue a Framework Agreement for Skip Hire to support Tai Tarian in the delivery of its property maintenance and improvement programmes, across its property portfolio of over 9,000 properties, comprising of domestic housing, flats and sheltered housing complexes.",Tai Tarian Ltd,,700000.0,GBP,2026-08-26,2026-09-07,tenderUpdate,active,,https://www.find-tender.service.gov.uk/Notice/081048-2026,2026-08-26T07:42:03.433493+00:00
FTS,ocds-h6vhtk-06ebfa_081047-2026,Provision of ICT Hardware for Chapel,This is a Contracts Award Notice for provision of Laptops and Monitors for Chapel. CPC - ICT Hardware and Peripherals Equipment Framework was utilised: Lot 1 - Desktop PC and Portable Device Solutions,HOPWOOD HALL COLLEGE,,,GBP,2026-08-26,,award,complete,30200000,https://www.find-tender.service.gov.uk/Notice/081047-2026,2026-08-26T07:42:03.433499+00:00
FTS,ocds-h6vhtk-06ebf9_081046-2026,Family Domestic Abuse Support Advisors,"Cornwall Council is recommissioning the Family Domestic Abuse Support Advisor (FDASA) Service, with a new contract expected to begin January 2027. The FDASA model provides a small team of specialist domestic abuse workers who are based within Family Help teams to offer short-term, focused support to families where domestic abuse is a primary concern. Their role is to increase safety, improve understanding of risk, and support access to wider domestic abuse services, while working alongside—rathe",Cornwall Council,,2185289.0,GBP,2026-08-26,2026-09-28,tender,active,,https://www.find-tender.service.gov.uk/Notice/081046-2026,2026-08-26T07:42:03.433504+00:00
FTS,ocds-h6vhtk-06ebf8_081045-2026,ESFM: The Pines of Millsborough Roof Replacement Works for the British High Commission in Kingston,"Replacement of the shared roof and associated works across a block of townhouses, including waterproofing, AC unit removal and reinstatement, access walkway installation, and remedial measures to resolve water ingress, damp, and mould issues and ensure the long-term integrity and safety of the properties.","Foreign, Commonwealth and Development Office",,,GBP,2026-08-25,,award,complete,,https://www.find-tender.service.gov.uk/Notice/081045-2026,2026-08-26T07:42:03.433509+00:00
FTS,ocds-h6vhtk-06ebf7_081044-2026,ESFM: Pest Control Services supply for the British High Commission in Georgetown,"Provision of pest control and mosquito treatment services, including associated sanitary services, for the British High Commission Georgetown office and residential estate.","Foreign, Commonwealth and Development Office",,,GBP,2026-08-25,,award,complete,,https://www.find-tender.service.gov.uk/Notice/081044-2026,2026-08-26T07:42:03.433513+00:00
FTS,ocds-h6vhtk-06ebf6_081043-2026,"Stoke Road, Henlade","Stonewater are seeking Expressions of Interest from suitably experienced contractors to deliver 39 units on a greenfield site in Henlade, Somerset. 
All works will be let through a JCT contract between the successful Contractor and Stonewater.
The site area is approximately 2.49ha. The proposal consists of 39 dwellings and will accommodate a mixture of affordable tenures with 25% of the homes being secured under the Section 106 agreement, meeting policy compliance. 
The sizes and type of propert",Stonewater Limited,,,GBP,2026-08-25,,planning,planning,,https://www.find-tender.service.gov.uk/Notice/081043-2026,2026-08-26T07:42:03.433517+00:00
FTS,ocds-h6vhtk-06ebf5_081042-2026,Client Transport Services 2026 - 2034 - SEND,"Client Transport Services 2026 - 2034 - SEND : 5 Passengers travelling into Gosden House School with Passenger Assistant for Harmony, Large MPV, Woking to Woking",Surrey County Council,,,GBP,2026-08-25,,award,complete,,https://www.find-tender.service.gov.uk/Notice/081042-2026,2026-08-26T07:42:03.433521+00:00
FTS,ocds-h6vhtk-06ebf4_081041-2026,Strategic Enterprise Modelling Capability  Solution,"NESO is inviting suppliers to take part in pre-market engagement to help us understand market capability, appetite and  enterprise solution options for Strategic Capability for end-to-end Modelling Services.
As NESO continues its transformation into an independent public corporation and advances its strategic data and digital capabilities, it is seeking to establish a modern enterprise CNI technical platform that enables the consistent representation, management and governance of data, models, c",NATIONAL ENERGY SYSTEM OPERATOR LIMITED,,,GBP,2026-08-25,,planning,planning,,https://www.find-tender.service.gov.uk/Notice/081041-2026,2026-08-26T07:42:03.433527+00:00
FTS,ocds-h6vhtk-0677d6_081040-2026,Sports Physiotherapy Services,"The University of Portsmouth has a requirement for delivery of an integrated physiotherapy service supporting University sport and wellbeing at the University. The purpose of this Contract is to provide a high-quality physiotherapy service that supports:
- Student-athlete health, wellbeing and performance
- Injury prevention, rehabilitation and return-to-play
- A holistic, relationship-led approach to care.",University of Portsmouth Higher Education Corporation,,,GBP,2026-08-25,,award,complete,,https://www.find-tender.service.gov.uk/Notice/081040-2026,2026-08-26T07:42:03.433530+00:00
FTS,ocds-h6vhtk-06ebf3_081039-2026,Ask the Question Initiative,"Delivery of the 2026/27 Ask the Question initiative in Barnsley, moving the programme from pilot and implementation into sustainable practice. The service will embed routine enquiry about sexual harm across mainstream and statutory services, strengthen practitioner confidence and post-disclosure responses, develop local train-the-trainer capacity, and improve evidence of service-user journeys and outcomes.",Barnsley Metropolitan Borough Council,,,GBP,2026-08-25,,award,complete,,https://www.find-tender.service.gov.uk/Notice/081039-2026,2026-08-26T07:42:03.433534+00:00
FTS,ocds-h6vhtk-06ebf2_081038-2026,Transport Insurances,West Midlands Combined Authority (WMCA) requires the provision of Insurance services.,West Midlands Combined Authority,,,GBP,2026-08-25,,award,complete,,https://www.find-tender.service.gov.uk/Notice/081038-2026,2026-08-26T07:42:03.433538+00:00
FTS,ocds-h6vhtk-0668bf_081037-2026,NHS National Framework for Aripiprazole prolonged release injection,"Project title: NHS National Framework for Aripiprazole prolonged release injection commencing 1st February 2027
Offer reference number: CM/TNS/26/5741
Period of framework agreement: Dates detailed below, with an option or options to extend (at the discretion of the Authority) up to a maximum of 24 months.
CM/TNS/26/5741 Aripiprazole prolonged release injection
Lot 1 CESW 01/02/2027 to 30/09/2027  (8 months)
Lot 2 NWLN 01/02/2027 to 31/01/2029 (24 months) 
Lot 3 LSNE 01/02/2027 to 31/05/2028 (16 ",NHS England,,,GBP,2026-08-25,,award,complete,,https://www.find-tender.service.gov.uk/Notice/081037-2026,2026-08-26T07:42:03.433542+00:00
FTS,ocds-h6vhtk-06ebf1_081036-2026,-Charing Cross Hospital LINAC CX3 & CX4 Addtl l Refurb,"Provision of additional construction and refurbishment works for the CX3 and CX4 LINAC replacement project at Charing Cross Hospital, including extension of time works, attendance during equipment installation, associated variations, waiting room works, and completion activities",Imperial College Healthcare NHS Trust,,,GBP,2026-08-25,,award,complete,,https://www.find-tender.service.gov.uk/Notice/081036-2026,2026-08-26T07:42:03.433548+00:00
FTS,ocds-h6vhtk-06ebf0_081035-2026,-BMS Interim Extension Services,"Six-month interim extension of the Building Management System (BMS) maintenance contract to ensure continuity of support for mechanical ventilation, heating, hot water systems, flood detection monitoring, and critical environmental controls while a new tender process is completed.",The Hillingdon Hospitals NHS Foundation Trust,,,GBP,2026-08-25,,award,complete,,https://www.find-tender.service.gov.uk/Notice/081035-2026,2026-08-26T07:42:03.433552+00:00
FTS,ocds-h6vhtk-06733b_081034-2026,ITT 34/2025 - Electrical Re Wire and Replacement Heating System at Annalong Community Centre,"Newry, Mourne and Down District Council, through the Community Services, Facilities and Events section, are responsible for the management of:
Annalong Community Centre
Glassdrumman Road
ANNALONG
BT34 4QH
The centre has failed its Fixed Wire Electrical test and is in need of a full rewire. The current heaters are old, and it is hard source replacement parts. The requirement is for the proposed Rewire and New Electric Heating for Annalong Community Centre. The specification consists of the design","Newry, Mourne and Down District Council (NMD)",,,GBP,2026-08-25,,award,complete,,https://www.find-tender.service.gov.uk/Notice/081034-2026,2026-08-26T07:42:03.433556+00:00
FTS,ocds-h6vhtk-050741_081033-2026,Temporary Storage & Relocation for the Bromley Historic Collections (PA23),,,,,GBP,2026-08-25,,tenderCancellation,complete,,https://www.find-tender.service.gov.uk/Notice/081033-2026,2026-08-26T07:42:03.433560+00:00
FTS,ocds-h6vhtk-06ebef_081032-2026,Avishayes SEN Base - external works,Creation of new SEN playground in existing school playground including groundworks and new play equipment,Somerset Council,,,GBP,2026-08-25,,award,complete,,https://www.find-tender.service.gov.uk/Notice/081032-2026,2026-08-26T07:42:03.433563+00:00
FTS,ocds-h6vhtk-06bb65_081031-2026,COV - Corporate Property Annual Asset Valuation 2026,The Council is looking to appoint an external accredited service provider to provide annual asset valuations of property assets in the Coventry City Council’s Asset Register for incorporation into the Council’s annual balance sheet for financial reporting purposes.,Coventry City Council,,,GBP,2026-08-25,,award,complete,,https://www.find-tender.service.gov.uk/Notice/081031-2026,2026-08-26T07:42:03.433568+00:00
FTS,ocds-h6vhtk-06ebee_081030-2026,Peer-Led Harm Reduction Programme,"Camden Council intends to award a contract for the Provision of a Peer-Led Harm Reduction Programme. The service will support residents affected by substance use through peer-led interventions designed to reduce harm, improve engagement with treatment and recovery services, and improve health and wellbeing outcomes.",London Borough of Camden,,150000.0,GBP,2026-08-25,2026-09-11,planning,active,85100000,https://www.find-tender.service.gov.uk/Notice/081030-2026,2026-08-26T07:42:03.433573+00:00
FTS,ocds-h6vhtk-06ebed_081029-2026,– Avonmore Ward External Windows and Doors Replacement,"Principal contractor services for the replacement of external windows and doors at Avonmore Ward, including removal of existing installations, installation of new secure Britplas windows and doors, associated ironmongery, repairs to external walls and internal finishes, waterproofing, and redecoration works",West London NHS Trust,,,GBP,2026-08-25,,award,complete,,https://www.find-tender.service.gov.uk/Notice/081029-2026,2026-08-26T07:42:03.433577+00:00
FTS,ocds-h6vhtk-06ebec_081028-2026,Invitation to tender for a 3-year contract for floral displays for Hertford Town Council,"The Town Council is seeking quotes for a three-year contract for the provision of its floral displays which have provided displays both in summer/autumn (June to October approximately) and winter/spring (October to May approximately).
The contract seeks to maintain the existing high level of floral impact whilst demonstrating commitment to enhancing biodiversity through provision of plants for pollinators.",Hertford Town Council,,50000.0,GBP,2026-08-25,2026-09-15,tender,active,,https://www.find-tender.service.gov.uk/Notice/081028-2026,2026-08-26T07:42:03.433582+00:00
FTS,ocds-h6vhtk-06ebeb_081027-2026,"Specialist decontamination cleaning of mould in castle dungeons, stores and castle keep S540341","Specialist decontamination cleaning of mould in castle dungeons, stores and castle keep S540341
£25,000.00",Norfolk County Council,,,GBP,2026-08-25,,award,complete,,https://www.find-tender.service.gov.uk/Notice/081027-2026,2026-08-26T07:42:03.433587+00:00
FTS,ocds-h6vhtk-06ebea_081026-2026,LGS-Q-0005-2026 Middlesbrough Council First Aid Training,"Middlesbrough Council requires a qualified and experienced training provider to deliver comprehensive First Aid training across all relevant service areas. The provision will include accredited courses such as Emergency First Aid at Work, First Aid at Work (initial and refresher), Paediatric First Aid, and any specialist modules required to meet statutory and operational needs.
The supplier must be able to provide:
•	Consistent availability to meet demand across the year
•	Accredited training al",Middlesbrough Council,,125000.0,GBP,2026-08-25,2026-09-09,tender,active,,https://www.find-tender.service.gov.uk/Notice/081026-2026,2026-08-26T07:42:03.433591+00:00
FTS,ocds-h6vhtk-06c989_081025-2026,NRW Supplementary Plant Supply Framework - Mini Competition 2026,Contract details notice for NRW Supplementary Plant Supply Framework - Mini Competition 2026,Natural Resources Wales,,,GBP,2026-08-25,,award,complete,,https://www.find-tender.service.gov.uk/Notice/081025-2026,2026-08-26T07:42:03.433595+00:00
FTS,ocds-h6vhtk-06ebe9_081024-2026,Adults - Royal Borough of Kingston,Adults - Royal Borough of Kingston,"Sutton, Achieving for Children and Kingston",,,GBP,2026-08-25,,award,complete,60000000,https://www.find-tender.service.gov.uk/Notice/081024-2026,2026-08-26T07:42:03.433600+00:00
FTS,ocds-h6vhtk-06ebe8_081023-2026,SGT Equipment,Supply and Installation of SGT Transformer,SSE plc,,,GBP,2026-08-25,,award,complete,31174000,https://www.find-tender.service.gov.uk/Notice/081023-2026,2026-08-26T07:42:03.433604+00:00
FTS,ocds-h6vhtk-06b5ef_081022-2026,25096 Cambridgeshire County Council - Crisis Payment Scheme,"In 2021, the Household Support Fund (HSF) was established to provide a short-term boost to funding and mitigate the cost-of-living crisis. In Cambridgeshire this money was used to support households experiencing immediate financial hardship, through the provision of financial vouchers or cash payments to help cover the cost of household energy bills and food. In the year from April 2024-March 2025, more than £3.6 million was spent on free school meal holiday provisions, whilst more than £500,000",Cambridgeshire County Council,,3400000.0,GBP,2026-08-25,2026-09-07,tenderUpdate,active,,https://www.find-tender.service.gov.uk/Notice/081022-2026,2026-08-26T07:42:03.433609+00:00
FTS,ocds-h6vhtk-06ebe7_081021-2026,"Development of a Humber Investment Prospectus via ERPS framework Lot 4a Direct Award, at Kingston upon Hull",Hull City Council (The Authority) has appointed Ove Arup & Partners Limited (Company Number 01312453) to provide Services for Development of a Humber Investment Prospectus at Kingston upon Hull. The opportunity was advertised from the Hull City Council ERPS Framework Lot 4a – Economic and Financial Modelling Works of a one stage restricted process using Direct Award in a special circumstance. The contract start date is 19th August 2026 and ending by 9th November 2026. The estimated the overall v,Hull City Council,,,GBP,2026-08-25,,award,complete,,https://www.find-tender.service.gov.uk/Notice/081021-2026,2026-08-26T07:42:03.433615+00:00
FTS,ocds-h6vhtk-06ebe6_081020-2026,Adults - Royal Borough of Kingston,Adults - Royal Borough of Kingston,"Sutton, Achieving for Children and Kingston",,,GBP,2026-08-25,,award,complete,60000000,https://www.find-tender.service.gov.uk/Notice/081020-2026,2026-08-26T07:42:03.433619+00:00
FTS,ocds-h6vhtk-06869c_081019-2026,"Electrical Services (including Lightning Protection Testing, Portable Appliance Testing, Fixed Wire Installation Testing, Electrical Remedials, Solar Panel Maintenance and Improvement)","South Oxfordshire District Council and Vale of White Horse District Council (The Councils) are seeking a suitably qualified Contractor to deliver Lightning Protection Testing (405
items), Portable Appliance Testing (2,281 items), Fixed Wire Installation Testing (272 items), Solar Panel Maintenance (90 Panels), Electrical Remedials and Improvements across Development and Corporate Landlord (DCL) Managed Properties for a period of 2 years.
It is anticipated that the contract will commence in Septe",South Oxfordshire District Council,,,GBP,2026-08-25,,award,complete,,https://www.find-tender.service.gov.uk/Notice/081019-2026,2026-08-26T07:42:03.433625+00:00
FTS,ocds-h6vhtk-06d948_081018-2026,DfI TRAM T-1172 A4 Annaghilla Road Carriageway Resurfacing,"Delivery of a carriageway resurfacing scheme on a 4.35km section of the A4 Annaghilla Road, between Ballygawley and Augher.
The scheme comprises the milling and removal of the existing surface course and binder course with the construction of a new Hot Rolled Asphalt (HRA) surface course. Existing carriageway levels and profiles are to be maintained throughout the works. The extent of the works is generally confined to the existing carriageway footprint. The works may also include regulation of ",DfI Transport and Road Asset Management (TRAM),,1735000.0,GBP,2026-08-25,2026-09-09,tender,active,,https://www.find-tender.service.gov.uk/Notice/081018-2026,2026-08-26T07:42:03.433629+00:00
FTS,ocds-h6vhtk-051a89_081017-2026,Leisure Centre Provision,,City of Lincoln,,,GBP,2026-08-25,,contractAmendment,,,https://www.find-tender.service.gov.uk/Notice/081017-2026,2026-08-26T07:42:03.433633+00:00
FTS,ocds-h6vhtk-066dfb_081016-2026,Pest Control Services and Associated Proofing Works,"West Kent Housing Association is seeking long-term pest control service provider(s), for the treatment of statutory pest infestations relating to:
Lot 1: insects (eg cockroaches and wasps), rodents (eg rats, squirrels, and mice) and similar pests.
Lot 2: birds including pigeons.
Removal of bees’ nests is specifically excluded from this procurement.
The initial contract term will be 5-years, incorporating a break clause for both no-fault and breach of contract, with the provision for extension fo",West Kent Housing Association,,,GBP,2026-08-25,,award,complete,,https://www.find-tender.service.gov.uk/Notice/081016-2026,2026-08-26T07:42:03.433638+00:00
FTS,ocds-h6vhtk-02dfd3_081015-2026,4 year Framework Agreement for the provision of  Civil & Structural Engineering services for new build housing,"Link is seeking to enter into a four-year Framework Agreement with a maximum of six suitably qualified Civil & Structural Engineering Practices for the provision of engineering services. The services may also include the provision of Principal Designer under the Construction (Design and Management) Regulations 2015 where the practice can demonstrate it has the relevant experience to provide this role.
We would expect the principals within the practice to be members of the Institution of Structur",Link Group Ltd,,,GBP,2026-08-25,,award,complete,71300000,https://www.find-tender.service.gov.uk/Notice/081015-2026,2026-08-26T07:42:03.433642+00:00
FTS,ocds-h6vhtk-02dfd3_081014-2026,4 year Framework Agreement for the provision of  Civil & Structural Engineering services for new build housing,"Link is seeking to enter into a four-year Framework Agreement with a maximum of six suitably qualified Civil & Structural Engineering Practices for the provision of engineering services. The services may also include the provision of Principal Designer under the Construction (Design and Management) Regulations 2015 where the practice can demonstrate it has the relevant experience to provide this role.
We would expect the principals within the practice to be members of the Institution of Structur",Link Group Ltd,,,GBP,2026-08-25,,award,complete,71300000,https://www.find-tender.service.gov.uk/Notice/081014-2026,2026-08-26T07:42:03.433646+00:00
FTS,ocds-h6vhtk-069f20_081013-2026,North-South Wales Coach Operator Service (Bangor - Carmarthen),"The Welsh Government (WG) and Transport for Wales (TfW) share a clear ambition to deliver a more accessible, efficient and sustainable transport network across Wales. Along the west coast of Wales, this includes improving public transport connectivity and encouraging a modal shift away from private car use, in line with the National Transport Delivery Plan and Regional Transport Plans.
A Welsh Transport Appraisal Guidance (WelTAG) Stage 3 appraisal identified the introduction of an express coach",Transport for Wales (TfW),,,GBP,2026-08-25,,award,complete,,https://www.find-tender.service.gov.uk/Notice/081013-2026,2026-08-26T07:42:03.433649+00:00
FTS,ocds-h6vhtk-02dfd3_081012-2026,4 year Framework Agreement for the provision of  Civil & Structural Engineering services for new build housing,"Link is seeking to enter into a four-year Framework Agreement with a maximum of six suitably qualified Civil & Structural Engineering Practices for the provision of engineering services. The services may also include the provision of Principal Designer under the Construction (Design and Management) Regulations 2015 where the practice can demonstrate it has the relevant experience to provide this role.
We would expect the principals within the practice to be members of the Institution of Structur",Link Group Ltd,,,GBP,2026-08-25,,award,complete,71300000,https://www.find-tender.service.gov.uk/Notice/081012-2026,2026-08-26T07:42:03.433653+00:00
FTS,ocds-h6vhtk-02dfd3_081011-2026,4 year Framework Agreement for the provision of  Civil & Structural Engineering services for new build housing,"Link is seeking to enter into a four-year Framework Agreement with a maximum of six suitably qualified Civil & Structural Engineering Practices for the provision of engineering services. The services may also include the provision of Principal Designer under the Construction (Design and Management) Regulations 2015 where the practice can demonstrate it has the relevant experience to provide this role.
We would expect the principals within the practice to be members of the Institution of Structur",Link Group Ltd,,,GBP,2026-08-25,,award,complete,71300000,https://www.find-tender.service.gov.uk/Notice/081011-2026,2026-08-26T07:42:03.433658+00:00
FTS,ocds-h6vhtk-06ebe5_081010-2026,SE1271 Netsuite,"Netsuite is the financial system used by Sport England for managing financial controls and preparation of the annual accounts, including the management of all payments made by the organisation. The finance team requires the Environments and licences to work in and manage NetSuite and its financial data. Staff also require it to access the modules to allow them to raise and receipt purchase orders, raise sales order requests, and submit expense claims.
Without access to Netsuite, the financial da",Sport England,,,GBP,2026-08-25,,award,complete,,https://www.find-tender.service.gov.uk/Notice/081010-2026,2026-08-26T07:42:03.433662+00:00
FTS,ocds-h6vhtk-02dfd3_081009-2026,4 year Framework Agreement for the provision of  Civil & Structural Engineering services for new build housing,"Link is seeking to enter into a four-year Framework Agreement with a maximum of six suitably qualified Civil & Structural Engineering Practices for the provision of engineering services. The services may also include the provision of Principal Designer under the Construction (Design and Management) Regulations 2015 where the practice can demonstrate it has the relevant experience to provide this role.
We would expect the principals within the practice to be members of the Institution of Structur",Link Group Ltd,,,GBP,2026-08-25,,award,complete,71300000,https://www.find-tender.service.gov.uk/Notice/081009-2026,2026-08-26T07:42:03.433665+00:00
FTS,ocds-h6vhtk-02dfd3_081008-2026,4 year Framework Agreement for the provision of  Civil & Structural Engineering services for new build housing,"Link is seeking to enter into a four-year Framework Agreement with a maximum of six suitably qualified Civil & Structural Engineering Practices for the provision of engineering services. The services may also include the provision of Principal Designer under the Construction (Design and Management) Regulations 2015 where the practice can demonstrate it has the relevant experience to provide this role.
We would expect the principals within the practice to be members of the Institution of Structur",Link Group Ltd,,,GBP,2026-08-25,,award,complete,71300000,https://www.find-tender.service.gov.uk/Notice/081008-2026,2026-08-26T07:42:03.433669+00:00
FTS,ocds-h6vhtk-02dfd3_081007-2026,4 year Framework Agreement for the provision of  Civil & Structural Engineering services for new build housing,"Link is seeking to enter into a four-year Framework Agreement with a maximum of six suitably qualified Civil & Structural Engineering Practices for the provision of engineering services. The services may also include the provision of Principal Designer under the Construction (Design and Management) Regulations 2015 where the practice can demonstrate it has the relevant experience to provide this role.
We would expect the principals within the practice to be members of the Institution of Structur",Link Group Ltd,,,GBP,2026-08-25,,award,complete,71300000,https://www.find-tender.service.gov.uk/Notice/081007-2026,2026-08-26T07:42:03.433673+00:00
FTS,ocds-h6vhtk-06ebe4_081006-2026,Home Care Spot Purchasing,"This contract relates to the spot purchasing of adult social care services to meet an identified individual's assessed care and support needs. The placement has been commissioned following assessment in accordance with the Care Act 2014 and is intended to deliver appropriate care, support, supervision and wellbeing outcomes tailored to the person's individual requirements.
The contract has been awarded to a provider to ensure continuity of care and the timely delivery of services within an indiv",West Northamptonshire Council,,,GBP,2026-08-25,,award,complete,,https://www.find-tender.service.gov.uk/Notice/081006-2026,2026-08-26T07:42:03.433676+00:00
FTS,ocds-h6vhtk-052590_081005-2026,Herring and Haven Bridge,"Norfolk County Council is responsible for the maintenance of the Haven Bridge, and the maintenance and operation of the Herring Bridge, which are both twin-leaf lifting bridges located in the port town of Great Yarmouth. The Haven Bridge is operated by Peel Ports on behalf of Great Yarmouth Port Authority, who have a statutory obligation to operate the bridge for navigation.
On 19 November 2025, the Minister of State for Local Government and Homelessness made a written statement [UIN HCWS1071] s",Norfolk County Council,,6720000.0,GBP,2026-08-25,2026-09-28,tender,active,,https://www.find-tender.service.gov.uk/Notice/081005-2026,2026-08-26T07:42:03.433682+00:00
FTS,ocds-h6vhtk-06ebe3_081004-2026,Provision of a Consultant Occupational Health Physician Service ,"Hywel Dda University Health Board (HDUHB) wishes to appoint a suitably qualified and experienced provider to deliver a Consultant Occupational Health Physician Service.
The service will support the Health Board's Occupational Health Team through the provision of specialist occupational medicine advice and clinical assessments for approximately one (1) eight-hour day per week (equivalent to an average of four (4) days per month).
The successful provider will undertake a range of occupational heal",Hywel Dda University Health Board,,160000.0,GBP,2026-08-25,2026-09-14,tender,active,,https://www.find-tender.service.gov.uk/Notice/081004-2026,2026-08-26T07:42:03.433685+00:00
FTS,ocds-h6vhtk-06c964_081003-2026,Zenith Multi Academy Trust - Dynamic Market Electricity,Procurement tender for HH and NHH electricity supplies and associated management services.,Zenith Multi Academy Trust,,,GBP,2026-08-25,,award,complete,,https://www.find-tender.service.gov.uk/Notice/081003-2026,2026-08-26T07:42:03.433689+00:00
FTS,ocds-h6vhtk-06ebe2_081002-2026,Additional Rapid Adaptation Pathway Assessments (RAPAs),WMCA are awarding a supplier to provide consultancy advice on and deliver three neighbourhood adaptation pathway assessment workshops throughout the West Midlands.,West Midlands Combined Authority,,,GBP,2026-08-25,,award,complete,,https://www.find-tender.service.gov.uk/Notice/081002-2026,2026-08-26T07:42:03.433693+00:00
FTS,ocds-h6vhtk-06ebe1_081001-2026,Hammersmith & Fulham MHU Refurbishment Painting Works,"internal and external painting and refurbishment works across the Hammersmith & Fulham Mental Health Unit site, including wards, bedrooms, communal areas, wet rooms and external courtyards",West London NHS Trust,,,GBP,2026-08-25,,award,complete,,https://www.find-tender.service.gov.uk/Notice/081001-2026,2026-08-26T07:42:03.433698+00:00
FTS,ocds-h6vhtk-06ebe0_081000-2026,Passenger Transport Services 2026 - Route Based (1-8 Seat Provision),"Passenger Transport Services 2026 - Route Based (1-8 Seat Provision) : EC-SPRING5
1 passenger, no PA
Mondays, Tuesdays, Thursdays, Fridays
11:59   West Ridge, Northampton, NN2 7QZ
12:24   CE Academy - Spring Gardens, Spring Gardens, Wellingborough, NN8 2AA
15:00   CE Academy - Spring Gardens, Spring Gardens, Wellingborough, NN8 2AA
15:30   West Ridge, Northampton, NN2 7QZ
Wednesdays
08:31   West Ridge, Northampton, NN2 7QZ
09:00   CE Academy - Spring Gardens, Spring Gardens, Wellingborough, NN8 ",West Northamptonshire Council,,,GBP,2026-08-25,,award,complete,,https://www.find-tender.service.gov.uk/Notice/081000-2026,2026-08-26T07:42:03.433701+00:00
FTS,ocds-h6vhtk-06ebdf_080999-2026,MPA Membership 2026-2027,"MPA Membership Renewal 2026/2027
From 01/08/2026 to 31/07/2027
Agreed with Tim Wightman 20/03/2026 no workflow required for these records. Sourcing done by SSCL",Department for Work & Pensions,,,GBP,2026-08-25,,award,complete,,https://www.find-tender.service.gov.uk/Notice/080999-2026,2026-08-26T07:42:03.433705+00:00
FTS,ocds-h6vhtk-066883_080998-2026,SWFTCS SOFT FM,"The contract will include, but is not limited to, the delivery of:
• Domestic and Clinical Cleaning Services
• Portering and Logistics Services
• Catering and Patient Hospitality Services
• Security and Reception Services
• Infection Prevention & Control support in all service areas",South Warwickshire NHS Foundation Trust,,,GBP,2026-08-25,,awardUpdate,complete,,https://www.find-tender.service.gov.uk/Notice/080998-2026,2026-08-26T07:42:03.433708+00:00
FTS,ocds-h6vhtk-06b39f_080997-2026,IWM/2627/Ops/3502: Radio System Maintenance for Imperial War Museums - AWARD NOTICE,The Contractor shall provide a comprehensive maintenance and support service for the Motorola digital radio systems installed across all IWM sites.,Imperial War Museum,,,GBP,2026-08-25,,award,complete,,https://www.find-tender.service.gov.uk/Notice/080997-2026,2026-08-26T07:42:03.433712+00:00
FTS,ocds-h6vhtk-0512c5_080996-2026,Logistics Services for Accompanied Goods (Project Chaperone) - 001,"FCDO Services intends to award a Call-Off Contract under the Logistics Services for Accompanied Goods (Project Chaperone) framework (XLYPA/056/25FW) to provide freight forwarding services in specified locations
FCDO Services is responsible for the provision of the Accompanied Diplomatic Bag (ADB) service. This service involves the movement of goods accompanied by a nominated Government Officer. The service is delivered typically on a Port to Port basis, although Port to Door may be required.",FCDO Services,,,GBP,2026-08-25,,award,complete,,https://www.find-tender.service.gov.uk/Notice/080996-2026,2026-08-26T07:42:03.433715+00:00
FTS,ocds-h6vhtk-06ebde_080995-2026,Agency staff S539613,"Agency staff S539613
£75,000.00",Norfolk County Council,,,GBP,2026-08-25,,award,complete,,https://www.find-tender.service.gov.uk/Notice/080995-2026,2026-08-26T07:42:03.433720+00:00
FTS,ocds-h6vhtk-06ebdd_080994-2026,NH2632 - Supply & Install temporary boilers at Berwick Infirmary,To install containerised gas boilers that will be more cost effective and will be located on the exiting Berwick hospital site.,Northumbria Healthcare Facilities Management,,,GBP,2026-08-25,,award,complete,,https://www.find-tender.service.gov.uk/Notice/080994-2026,2026-08-26T07:42:03.433724+00:00
FTS,ocds-h6vhtk-06b3ef_080993-2026,ScM Smith Centre Cooling System,,,,,GBP,2026-08-25,,tenderCancellation,complete,,https://www.find-tender.service.gov.uk/Notice/080993-2026,2026-08-26T07:42:03.433728+00:00
FTS,ocds-h6vhtk-06c702_080992-2026,Adapting for energy and carbon efficiency workshops (UID 307),"Historic England is inviting tenders for the development and delivery of 4 online workshops for Historic England staff. These workshops will form part or a programme of training being delivered to support HEAN18 and will cover Adapting for energy and carbon efficiency. 
For this project, the training has been split into the following training packages which are open to tender individually as lots: 
•	Lot 1 Mini workshop: Other measures including renders
•	Lot 2 Mini workshop: Insulation
•	Lot 3 ",Historic England,,,GBP,2026-08-25,,award,complete,,https://www.find-tender.service.gov.uk/Notice/080992-2026,2026-08-26T07:42:03.433732+00:00
FTS,ocds-h6vhtk-06ebdc_080991-2026,HiCrIS Full Design & Build,"The following summary is not intended as a complete or definitive specification of the requirement. A purpose of this engagement is to seek information from the market to help refine our understanding and aid the development of a future specification.
The Hi-CrIS project is being developed under the Spherical Tokamak for Energy Production (STEP) programme. STEP plasma will be confined by electromagnets based on high temperature superconductors (SC). These magnetic components will form a substant",UK Fusion Energy Ltd.,,,GBP,2026-08-25,,planning,planning,,https://www.find-tender.service.gov.uk/Notice/080991-2026,2026-08-26T07:42:03.433739+00:00
FTS,ocds-h6vhtk-06ebdb_080990-2026,POW-DCO-64034 - C790 Solar PV Remediation Works,"There are a number of existing Solar PV arrays at Bronllys Hospital, many of the inverters for these systems are failing. Ones that are still running are unable to communicate with our portals for monitoring and benefits realisation purposes.
The proposal is to replace all inverters with new high-efficiency models which provide a reliable output and have communications modules that can link to monitoring portals.
To get the scheme off the ground and on site soon, the intent is to appoint via the",Powys Teaching Health Board,,,GBP,2026-08-25,,award,complete,,https://www.find-tender.service.gov.uk/Notice/080990-2026,2026-08-26T07:42:03.433743+00:00
FTS,ocds-h6vhtk-06ebda_080989-2026,Middleton Gymnastics Bowness Road Demolition,"Rochdale Council is seeking to appoint a suitably qualified contractor for the Middleton Gymnastics Bowness Road Demolition
For a full specification for this opportunity, please register you interest.
Submissions shall be received by the Council by the closing date and time stated within the Instruction for Tendering document. No submission received after the closing date and time will be accepted other than where there are exceptional circumstances which may be considered by the Director of STA",Rochdale Borough Council,,,GBP,2026-08-25,,award,complete,,https://www.find-tender.service.gov.uk/Notice/080989-2026,2026-08-26T07:42:03.433747+00:00
FTS,ocds-h6vhtk-0663cd_080988-2026,RBGKEW1455 - Catering Services - Kew Gardens,"Royal Botanic Gardens, Kew is seeking Tenders for the provision of our Day Visitor Catering contract which comprises a single tender package for the operation of six fixed catering outlets, namely The Orangery Restaurant, The Pavilion Bar & Grill, Family Kitchen & Shop, Botanical Brasserie, Victoria Plaza Café, Brentford Gate Kiosk and mobile catering within Kew Gardens. 
The contract will operate on a fully commercial concession basis wherein the appointed Caterer, under a contract for the rele","Royal Botanic Gardens, Kew",,,GBP,2026-08-25,,award,complete,,https://www.find-tender.service.gov.uk/Notice/080988-2026,2026-08-26T07:42:03.433750+00:00
FTS,ocds-h6vhtk-06ebd9_080987-2026,Telecare Alarm Receiving Centre and Customer Management System,"Portsmouth City Council's (PCC) Safe at Home (Telecare) Service would like to investigate the market for a combined package of Alarm Receiving Centre (ARC) and customer management System for Telecare alarm monitoring. 
Portsmouth City Council provides an in-house Telecare Service branded as ""Safe at Home"" with approximately 1,000 customers.
All telecare devices installed are SIM operated (digital switch over of equipment was undertaken by the service in 2022). 
Telecare equipment provided throug",Portsmouth City Council,,300000.0,GBP,2026-08-25,,planning,planning,,https://www.find-tender.service.gov.uk/Notice/080987-2026,2026-08-26T07:42:03.433754+00:00
FTS,ocds-h6vhtk-060d4b_080986-2026,Lot 8 Electrical requirements via existing closed framework,New lot 8 (not lot 7 as per error on UK6 notice) which relates to the electrical materials requirements for the College.,The City of Liverpool College,,,GBP,2026-08-25,,award,complete,,https://www.find-tender.service.gov.uk/Notice/080986-2026,2026-08-26T07:42:03.433758+00:00
FTS,ocds-h6vhtk-06ebd8_080985-2026,TENDER FOR UPGRADE WORKS AT TEEMORE AND ERRIGAL CIARAN GAA CLUBS. PEACEPLUS FUNDED UPGRADE WORKS - REISSUE,"Fermanagh and Omagh District Council invites Tenders from suitably qualified Contractors for the upgrade and refurbishment of works to Teemore GAA Club, Co. Fermanagh and Errigal Ciaran GAA club, Co. Tyrone . The estimated Contract Period is 14 weeks. This is a funded project through the PEACEPLUS Local Action Plan Theme 1 – Local Community Regeneration and Transformation 1.1 ‘Enhancement to Existing Community Spaces/Halls’ Programme.",Fermanagh and Omagh District Council,,,GBP,2026-08-25,2026-09-16,tender,active,,https://www.find-tender.service.gov.uk/Notice/080985-2026,2026-08-26T07:42:03.433762+00:00
FTS,ocds-h6vhtk-06a000_080984-2026,The provision of recycling and waste collection services including destruction of confidential wastepaper from Shropshire Council owned/run sites,"This procurement covers the provision of recycling and residual waste collection services, together with the secure destruction of confidential wastepaper, where instructed, from Shropshire Council owned and/or operated properties across the county of Shropshire. 
The fundamental objective of the procurement will be to secure a reliable, efficient, and compliant waste management service capable of meeting the diverse operational needs of the Council’s estate. This includes the consistent deliver",Shropshire Council,,,GBP,2026-08-25,2026-08-28,tenderUpdate,active,,https://www.find-tender.service.gov.uk/Notice/080984-2026,2026-08-26T07:42:03.433766+00:00
FTS,ocds-h6vhtk-065705_080983-2026,"Airfield Clearance, Sweeping and De-Icing Vehicles",,,,,GBP,2026-08-25,,implementation,,,https://www.find-tender.service.gov.uk/Notice/080983-2026,2026-08-26T07:42:03.433769+00:00
FTS,ocds-h6vhtk-0663c8_080982-2026,RBGKEW1530 - Catering Services Wakehurst,"Royal Botanic Gardens, Kew is seeking Tenders for the provision of our Day Visitor Catering at Wakehurst which comprises the operation of three fixed catering outlets, namely Seeds Café, Stables Kitchen and Stables Pantry, together with provision of mobile catering within the grounds of Wakehurst.
The contract will operate on a fully commercial concession basis wherein the appointed Caterer shall pay a percentage of sales turnover to the Client by way of a turnover-based commission supported by ",Royal Botanic Gardens,,,GBP,2026-08-25,,award,complete,,https://www.find-tender.service.gov.uk/Notice/080982-2026,2026-08-26T07:42:03.433773+00:00
FTS,ocds-h6vhtk-04eda0_080981-2026,Guildhall Arts Centre Clock Tower Repairs,,,,,GBP,2026-08-25,,contractTermination,,,https://www.find-tender.service.gov.uk/Notice/080981-2026,2026-08-26T07:42:03.433778+00:00
FTS,ocds-h6vhtk-06794d_080980-2026,Contract BC26-173 Comercializadora Landa,"Contract BC26-173 comercializadora Landa provide IT parts, consumables",British Council,,,GBP,2026-08-25,,award,complete,,https://www.find-tender.service.gov.uk/Notice/080980-2026,2026-08-26T07:42:03.433782+00:00
FTS,ocds-h6vhtk-02dfd9_080979-2026,4 year Framework Agreement for the provision of CDM Advisor services for new build housing,"Link is seeking to enter into a four-year Framework Agreement with a maximum of four suitably qualified CDM Advisors for the provision of CDM Advisor services.
Link works in partnership with a number of subsidiary companies who will also be entitled to purchase services from the Framework Agreement. The subsidiaries of the Link Group Ltd currently include Link Housing Association Ltd, Link Living, Horizon Housing Association Ltd, Larkfield Housing Association Ltd and West Highland Housing Associ",Link Group Ltd,,,GBP,2026-08-25,,award,complete,71200000,https://www.find-tender.service.gov.uk/Notice/080979-2026,2026-08-26T07:42:03.433785+00:00
FTS,ocds-h6vhtk-06ebd7_080978-2026,Staff Recruitment Advertising Services,Coventry University is seeking to appoint a suitably qualified staff Recruitment Advertising Services Supplier to support the recruitment of Staff. The Appointed bidder will be expected to work with the University Central People team ( Talent Acquisition). Procurement and other department of the university Group to Provide a Proactive strategic and tactical media buying Services to complement the University`s core recruitment activities.,Coventry University,,,GBP,2026-08-25,,award,complete,79600000,https://www.find-tender.service.gov.uk/Notice/080978-2026,2026-08-26T07:42:03.433789+00:00
FTS,ocds-h6vhtk-02dfd1_080977-2026,4 year Framework Agreement for the provision of  Quantity Surveying services for new build housing,"Link is seeking to enter into a four-year Framework Agreement with a maximum of eight suitably qualified Quantity Surveying Practices for the provision of Quantity Surveying, Employer's Agent & Client Representative services.
Successful Practices should be RICS registered (or their equivalent organisations within the country the Applicant is registered).
Link works in partnership with a number of subsidiary companies who will also be entitled to purchase services from the Framework Agreement. Th",Link Group Ltd,,,GBP,2026-08-25,,award,complete,71324000,https://www.find-tender.service.gov.uk/Notice/080977-2026,2026-08-26T07:42:03.433793+00:00
FTS,ocds-h6vhtk-06ebd6_080976-2026,"Vehicle Lease, Fleet Management and Salary Sacrifice","Provision of a salary sacrifice car scheme including vehicle leasing, fleet management and associated vehicle services for Coventry University employees.",Coventry University,,,GBP,2026-08-25,,award,complete,50111100,https://www.find-tender.service.gov.uk/Notice/080976-2026,2026-08-26T07:42:03.433796+00:00
FTS,ocds-h6vhtk-06bf3a_080975-2026,SPS-02372 Conservation Strategy for Selected SPS Historic Estate Assets,"The Scottish Prison Service (SPS) requires a suitably qualified multidisciplinary supplier to prepare three (3) Conservation Strategies for selected historic assets across its estate.  The commission will cover the following sites: HMP Barlinnie (Glasgow), HMP Castle Huntly (near Dundee) and HMP Perth (Perth). The Conservation Strategies will act as practical, significance-led management tools to support maintenance, repair, operation, adaptation, and future decision-making for historic and list",Scottish Prison Service,,,GBP,2026-08-25,2026-10-06,tender,active,92522000,https://www.find-tender.service.gov.uk/Notice/080975-2026,2026-08-26T07:42:03.433800+00:00
FTS,ocds-h6vhtk-02dfd1_080974-2026,4 year Framework Agreement for the provision of  Quantity Surveying services for new build housing,"Link is seeking to enter into a four-year Framework Agreement with a maximum of eight suitably qualified Quantity Surveying Practices for the provision of Quantity Surveying, Employer's Agent & Client Representative services.
Successful Practices should be RICS registered (or their equivalent organisations within the country the Applicant is registered).
Link works in partnership with a number of subsidiary companies who will also be entitled to purchase services from the Framework Agreement. Th",Link Group Ltd,,,GBP,2026-08-25,,award,complete,71324000,https://www.find-tender.service.gov.uk/Notice/080974-2026,2026-08-26T07:42:03.433809+00:00
FTS,ocds-h6vhtk-02dfd1_080973-2026,4 year Framework Agreement for the provision of  Quantity Surveying services for new build housing,"Link is seeking to enter into a four-year Framework Agreement with a maximum of eight suitably qualified Quantity Surveying Practices for the provision of Quantity Surveying, Employer's Agent & Client Representative services.
Successful Practices should be RICS registered (or their equivalent organisations within the country the Applicant is registered).
Link works in partnership with a number of subsidiary companies who will also be entitled to purchase services from the Framework Agreement. Th",Link Group Ltd,,,GBP,2026-08-25,,award,complete,71324000,https://www.find-tender.service.gov.uk/Notice/080973-2026,2026-08-26T07:42:03.433812+00:00
FTS,ocds-h6vhtk-02dfd1_080972-2026,4 year Framework Agreement for the provision of  Quantity Surveying services for new build housing,"Link is seeking to enter into a four-year Framework Agreement with a maximum of eight suitably qualified Quantity Surveying Practices for the provision of Quantity Surveying, Employer's Agent & Client Representative services.
Successful Practices should be RICS registered (or their equivalent organisations within the country the Applicant is registered).
Link works in partnership with a number of subsidiary companies who will also be entitled to purchase services from the Framework Agreement. Th",Link Group Ltd,,,GBP,2026-08-25,,award,complete,71324000,https://www.find-tender.service.gov.uk/Notice/080972-2026,2026-08-26T07:42:03.433816+00:00
FTS,ocds-h6vhtk-06ebd5_080971-2026,Vehicle Conversions,"The Scottish Ambulance Service is issuing this Prior Information Notice (PIN) to inform the market of a potential future procurement requirement for the conversion, modification and fit-out of specialist operational vehicles.
The purpose of this PIN is to:
-	Notify the market of a potential future procurement opportunity.
-	Seek market intelligence and supplier feedback.
-	Understand current vehicle conversion capabilities, capacity and innovation within the sector.
-	Identify suppliers capable ",Scottish Ambulance Service,,,GBP,2026-08-25,,planning,planned,50117100,https://www.find-tender.service.gov.uk/Notice/080971-2026,2026-08-26T07:42:03.433821+00:00
FTS,ocds-h6vhtk-069193_080970-2026,Digital Diabetes Prevention and Primary Hypertension Programme,"NHS Scotland intends to establish a national Framework Agreement for the provision of a Digital Diabetes Prevention and Primary Hypertension Programme. The programme will support individuals identified as being at risk of developing Type 2 Diabetes and/or those diagnosed with primary hypertension, through the delivery of evidence-based, digitally enabled lifestyle and behaviour change interventions.
The Authority intends to appoint a single supplier to a national Framework Agreement. The procure",The Common Services Agency (more commonly known as Public Services Delivery Scotland) (PSD Scotland),,4800000.0,GBP,2026-08-25,2026-09-24,tender,active,85100000,https://www.find-tender.service.gov.uk/Notice/080970-2026,2026-08-26T07:42:03.433825+00:00
FTS,ocds-h6vhtk-06ebd4_080969-2026,BLC0348-Out of Court Resolution (OOCR),"The Home Office and National Police Chiefs’ Council (NPCC) have commissioned BlueLight Commercial to explore how technology and services could support the future delivery of Out of Court Resolutions (OOCRs). The project is seeking to understand what products and capabilities currently exist within the market to support areas such as OOCR management, decision support, referrals, reporting and oversight.",BLUELIGHT COMMERCIAL LIMITED,,,GBP,2026-08-25,,planning,planned,,https://www.find-tender.service.gov.uk/Notice/080969-2026,2026-08-26T07:42:03.433829+00:00
FTS,ocds-h6vhtk-02dfd1_080968-2026,4 year Framework Agreement for the provision of  Quantity Surveying services for new build housing,"Link is seeking to enter into a four-year Framework Agreement with a maximum of eight suitably qualified Quantity Surveying Practices for the provision of Quantity Surveying, Employer's Agent & Client Representative services.
Successful Practices should be RICS registered (or their equivalent organisations within the country the Applicant is registered).
Link works in partnership with a number of subsidiary companies who will also be entitled to purchase services from the Framework Agreement. Th",Link Group Ltd,,,GBP,2026-08-25,,award,complete,71324000,https://www.find-tender.service.gov.uk/Notice/080968-2026,2026-08-26T07:42:03.433834+00:00
FTS,ocds-h6vhtk-02dfd1_080967-2026,4 year Framework Agreement for the provision of  Quantity Surveying services for new build housing,"Link is seeking to enter into a four-year Framework Agreement with a maximum of eight suitably qualified Quantity Surveying Practices for the provision of Quantity Surveying, Employer's Agent & Client Representative services.
Successful Practices should be RICS registered (or their equivalent organisations within the country the Applicant is registered).
Link works in partnership with a number of subsidiary companies who will also be entitled to purchase services from the Framework Agreement. Th",Link Group Ltd,,,GBP,2026-08-25,,award,complete,71324000,https://www.find-tender.service.gov.uk/Notice/080967-2026,2026-08-26T07:42:03.433838+00:00
FTS,ocds-h6vhtk-06c8de_080966-2026,IWM/2627/EPS/3505: DUX Electrical Infrastructure Upgrade - AWARD NOTICE,"Imperial War Museums (""IWM"") was seeking a suitably qualified and experienced contractor to undertake the design, supply, installation, testing and commissioning of a new electrical distribution network at IWM Duxford.
The works are to be delivered as a fully coordinated design-and-build package, including all surveys, statutory approvals, temporary works, testing, commissioning, documentation and handover requirements.",Imperial War Museum,,,GBP,2026-08-25,,award,complete,,https://www.find-tender.service.gov.uk/Notice/080966-2026,2026-08-26T07:42:03.433841+00:00
FTS,ocds-h6vhtk-02dfd1_080965-2026,4 year Framework Agreement for the provision of  Quantity Surveying services for new build housing,"Link is seeking to enter into a four-year Framework Agreement with a maximum of eight suitably qualified Quantity Surveying Practices for the provision of Quantity Surveying, Employer's Agent & Client Representative services.
Successful Practices should be RICS registered (or their equivalent organisations within the country the Applicant is registered).
Link works in partnership with a number of subsidiary companies who will also be entitled to purchase services from the Framework Agreement. Th",Link Group Ltd,,,GBP,2026-08-25,,award,complete,71324000,https://www.find-tender.service.gov.uk/Notice/080965-2026,2026-08-26T07:42:03.433845+00:00
FTS,ocds-h6vhtk-06ebd3_080964-2026,Haematology Analyser for the Welsh Blood Service ,"The Welsh Blood Service (WBS) is seeking to engage with the market regarding the future procurement of an advanced automated haematology analysis system to support blood donor assessment, blood component quality monitoring, research and innovation activities. The proposed solution will be required to provide automated full blood count (FBC) analysis, 5-part white cell differential capability and integrated reticulocyte analysis on the primary analyser. Of particular interest are systems capable ",Velindre University NHS Trust,,379845.85,GBP,2026-08-25,,planning,planning,,https://www.find-tender.service.gov.uk/Notice/080964-2026,2026-08-26T07:42:03.433849+00:00
FTS,ocds-h6vhtk-06ebd2_080963-2026,Criminal Exploitation and Serious Youth Violence,"The service provides a range of flexible, trauma-informed interventions, including:
Direct 1:1 Intensive Support: A 6-month programme of weekly face-to-face mentoring.
Resettlement Support: Targeted intervention for young people transitioning from custody back into the local community.
Crisis and Emergency Response: Rapid wrap-around support following high-risk incidents or threats to life.
Consultancy and Safety Planning: Expert advice for partners following critical incidents, particularly tho",ACHIEVING FOR CHILDREN COMMUNITY INTEREST COMPANY,,,GBP,2026-08-25,,award,complete,,https://www.find-tender.service.gov.uk/Notice/080963-2026,2026-08-26T07:42:03.433852+00:00
FTS,ocds-h6vhtk-02dfd1_080962-2026,4 year Framework Agreement for the provision of  Quantity Surveying services for new build housing,"Link is seeking to enter into a four-year Framework Agreement with a maximum of eight suitably qualified Quantity Surveying Practices for the provision of Quantity Surveying, Employer's Agent & Client Representative services.
Successful Practices should be RICS registered (or their equivalent organisations within the country the Applicant is registered).
Link works in partnership with a number of subsidiary companies who will also be entitled to purchase services from the Framework Agreement. Th",Link Group Ltd,,,GBP,2026-08-25,,award,complete,71324000,https://www.find-tender.service.gov.uk/Notice/080962-2026,2026-08-26T07:42:03.433858+00:00
FTS,ocds-h6vhtk-06aa35_080961-2026,Village Hall Rain Garden Little Blakenham,Suffolk County Council has requested quotations for the provision of the Little Blakenham Village Hall Rain Garden and is now awarding a contract.,Suffolk County Council,,,GBP,2026-08-25,,award,complete,,https://www.find-tender.service.gov.uk/Notice/080961-2026,2026-08-26T07:42:03.433863+00:00
FTS,ocds-h6vhtk-02dfd1_080960-2026,4 year Framework Agreement for the provision of  Quantity Surveying services for new build housing,"Link is seeking to enter into a four-year Framework Agreement with a maximum of eight suitably qualified Quantity Surveying Practices for the provision of Quantity Surveying, Employer's Agent & Client Representative services.
Successful Practices should be RICS registered (or their equivalent organisations within the country the Applicant is registered).
Link works in partnership with a number of subsidiary companies who will also be entitled to purchase services from the Framework Agreement. Th",Link Group Ltd,,,GBP,2026-08-25,,award,complete,71324000,https://www.find-tender.service.gov.uk/Notice/080960-2026,2026-08-26T07:42:03.433867+00:00
FTS,ocds-h6vhtk-06ebd1_080959-2026,CLI-FTS-63874 Ophthalmology & Vision Care Consumables,"Provision of Ophthalmology consumables and associated products, including Ophthalmic Surgical Consumables, Ophthalmic Implants and Devices, Ophthalmic Diagnostic and Treatment Consumables, and Ophthalmology Capital Equipment",NHS Wales Shared Services Partnership-Procurement Services (hosted by Velindre University NHS Trust),,50000000.0,GBP,2026-08-25,,planning,planning,,https://www.find-tender.service.gov.uk/Notice/080959-2026,2026-08-26T07:42:03.433870+00:00
FTS,ocds-h6vhtk-051a89_080958-2026,Leisure Centre Provision ,"The appointment of a preferred provider by direct award to deliver outdoor and indoor leisure
centre provision at Yarborough Leisure Centre and Birchwood Leisure Centre Lincoln. The
award will be for a period of 24 months with effect from 1st July 2025 with the option to
extend by one further period of 12 months.",City of Lincoln Council,,,GBP,2026-08-25,,award,complete,,https://www.find-tender.service.gov.uk/Notice/080958-2026,2026-08-26T07:42:03.433874+00:00
FTS,ocds-h6vhtk-06b96b_080957-2026,A Kentish Ceremony,,,,,GBP,2026-08-25,,tenderCancellation,cancelled,,https://www.find-tender.service.gov.uk/Notice/080957-2026,2026-08-26T07:42:03.433877+00:00
FTS,ocds-h6vhtk-067a85_080956-2026,UKRI-5955 IUK Venture Builder Pilot,The Venture Builder pilot takes validated deep-tech teams in three Industrial Strategy priority sectors and works intensively to bring them to the point where an investor can make a decision.,UK Research & Innovation,,,GBP,2026-08-25,,award,complete,,https://www.find-tender.service.gov.uk/Notice/080956-2026,2026-08-26T07:42:03.433880+00:00
Contracts Finder,ocds-b5fd17-6fc09fa4-8e19-4d58-afc2-13a1d749b26f_95ddc36e-ce36-4be2-9c16-08ddd79abfdb-912056,Taxi and MPV (1-8 seats) Passenger Assistant - Taxi and MPV (1-8 seats) Passenger Assistant,"Vehicle type: 6 seater
Passenger Assistant Required: PA required

Proposed Taxi Route: 
From: TN22 3SP, BN8 5FP and BN8 5PD
To: Wallands School, BN7 1PU

Frequency: Monday to Friday
Daily School Time: Mon - Fri 08:55-15:20

Comments for Operator: 
PA required

 This opportunity has been distributed on SProc.net",East Sussex County Council,,,GBP,2026-08-25,2026-08-28,tender,active,60000000,https://www.contractsfinder.service.gov.uk/Notice/95ddc36e-ce36-4be2-9c16-08ddd79abfdb,2026-08-26T07:42:05.764083+00:00
Contracts Finder,ocds-b5fd17-8e38014e-e5f0-4388-8d9a-692e77d8fc62_dfa17f36-79ea-4e8b-87a1-c0c60790e25c-912055,NHDC01133773,"This public sector decarbonisation project is split over the following two sites in North Hertfordshire:
•	Hitchin Town Hall and North Herts Museum, Brand St, Hitchin SG5 1HX
•	North Herts Leisure Centre, Baldock Rd, Letchworth Garden City SG6 2ER

Hitchin Town Hall and North Herts Museum
The project is to provide improvement to Hitchin Town Hall and North Herts Museum with particular emphasis on the reduction of energy and carbon use in its operation. Funding for the decarbonisation works ",NORTH HERTFORDSHIRE DISTRICT COUNCIL,76328.15,1519891.9,GBP,2026-08-25,2026-08-18,award,complete,45315000,https://www.contractsfinder.service.gov.uk/Notice/dfa17f36-79ea-4e8b-87a1-c0c60790e25c-912055,2026-08-26T07:42:05.764320+00:00
Contracts Finder,ocds-b5fd17-37d14fb8-c934-474d-93ce-864fcab3f58e_2b828d25-4766-4d07-8962-1937e8cf894a-912053,GovAssure Independent Audit for One Login,"GDS wishes to procure a supplier to conduct an independent assurance 		review of GDS self-assessed assessment of one returns against the National 	Cyber Security Centre's Cyber Assessment Framework.

Following GDS completing a self-assessment of One Login against an appropriate government profile (enhanced) under the National Cyber Security Centre's Cyber Assessment Framework, a supplier will conduct an assessment of One Login, assessing the completed self-assessment and provided evidence to a",DSIT,,21125.0,GBP,2026-08-25,2026-03-09,award,complete,72222300,https://www.contractsfinder.service.gov.uk/Notice/2b828d25-4766-4d07-8962-1937e8cf894a-912053,2026-08-26T07:42:05.764520+00:00
Contracts Finder,ocds-b5fd17-b55277e8-5cea-471a-9760-4f125017b824_4d2841df-9226-4a55-88ba-a15f4da87121-912050,Thurnham Radar- Radome maintenance,Thurnham Radar - Radome maintenance,Met Office,,23082.15,GBP,2026-08-25,2026-01-20,award,complete,51215000,https://www.contractsfinder.service.gov.uk/Notice/4d2841df-9226-4a55-88ba-a15f4da87121-912050,2026-08-26T07:42:05.764720+00:00
Contracts Finder,ocds-b5fd17-1f34c023-8f56-42c6-8c83-04738f049f78_84c6e747-ce88-405a-b99e-0f202a53ea34-912052,CA17454 - ITT 34/2025 - Electrical Re Wire and Replacement Heating System at Annalong Community Centre,"Newry, Mourne and Down District Council, through the Community Services, Facilities and Events section, are responsible for the management of:

Annalong Community Centre
Glassdrumman Road
ANNALONG
BT34 4QH

The centre has failed its Fixed Wire Electrical test and is in need of a full rewire. The current heaters are old, and it is hard source replacement parts. The requirement is for the proposed Rewire and New Electric Heating for Annalong Community Centre. The specification consists of t","Newry, Mourne and Down District Council (NMD)",,,GBP,2026-08-25,2026-06-10,awardUpdate,complete,45311100,https://www.contractsfinder.service.gov.uk/Notice/84c6e747-ce88-405a-b99e-0f202a53ea34-912052,2026-08-26T07:42:05.764912+00:00
Contracts Finder,ocds-b5fd17-0eeefe15-219c-4603-a242-5736bcf168b6_9f379061-19aa-4c5b-9255-9df6cbfe1d89-912051,IT Peripherals Managed Catalogue,It peripherals managed catalogue.,University Hospitals of Leicester NHS Trust,,950000.0,GBP,2026-08-25,2026-08-26,award,complete,30237200,https://www.contractsfinder.service.gov.uk/Notice/9f379061-19aa-4c5b-9255-9df6cbfe1d89-912051,2026-08-26T07:42:05.765132+00:00
Contracts Finder,ocds-b5fd17-acb0bee8-3b04-4c95-aaf6-4167fec87e0d_943acc8f-6571-46e3-a4cd-b7a202ffba42-912049,Fire safety risk management system (Farynor),Fire safety risk management system (Farynor),West Sussex County Council,,336480.0,GBP,2026-08-25,2023-09-22,award,complete,72260000,https://www.contractsfinder.service.gov.uk/Notice/943acc8f-6571-46e3-a4cd-b7a202ffba42-912049,2026-08-26T07:42:05.765328+00:00
Contracts Finder,ocds-b5fd17-ea4ebfca-c1d9-4c96-b953-a2b84c7261ce_85fc79e9-e2b4-4d28-853c-c3f1ea0ff644-912047,Chenies Radar - Radome maintenance,Chenies Radar - Radome maintenance,Met Office,,23082.15,GBP,2026-08-25,2026-01-20,award,complete,51215000,https://www.contractsfinder.service.gov.uk/Notice/85fc79e9-e2b4-4d28-853c-c3f1ea0ff644-912047,2026-08-26T07:42:05.765537+00:00
Contracts Finder,ocds-b5fd17-7a219bf8-2191-4152-94e5-077dd9d5a892_bc42477b-aed4-4e22-94d5-cadc58e47e31-912048,Call off Contract Under Prison Education Dynamic Purchasing System for Scaffolding Courses for Prisoners at HMP Birmingham,Call off Contract Under Prison Education Dynamic Purchasing System for Scaffolding Courses for Prisoners at HMP Birmingham. The supplier will deliver an accredited scaffolding training programme to support prisoners in gaining fully accredited licences/tickets to support employment into the construction industry on release .,Ministry of Justice,,16200.0,GBP,2026-08-25,2026-08-07,award,complete,80000000,https://www.contractsfinder.service.gov.uk/Notice/bc42477b-aed4-4e22-94d5-cadc58e47e31-912048,2026-08-26T07:42:05.765728+00:00
Contracts Finder,ocds-b5fd17-826ba280-f463-4fa2-9fae-d814d1259cb2_d1e10d8d-82df-4403-946a-44a71aced052-912044,Hameldon Hill Radar - Radome maintenance,Hameldon Hill Radar - Radome maintenance,Met Office,,22304.1,GBP,2026-08-25,2026-01-20,award,complete,51215000,https://www.contractsfinder.service.gov.uk/Notice/d1e10d8d-82df-4403-946a-44a71aced052-912044,2026-08-26T07:42:05.765934+00:00
Contracts Finder,ocds-b5fd17-7f8398aa-221b-426e-bd49-fc04909e4374_e288999c-7b55-4f09-bfce-c7e0dee51a40-912046,Legal Advisor to the DESNZ Advanced Nuclear Policy and Delivery team,"The Authority has awarded a contract for Legal Advisor to support the Authority's Advanced Nuclear Policy and Delivery (""ANPD"") team in engagement and negotiations with Advanced Nuclear project developers regarding potential financial support mechanisms in the pre-Final Investment Decision (""pre-FID"") stage of Advanced Nuclear projects. This follows their successful entry onto the UK Advanced Nuclear Pipeline.",DESNZ,,6750000.0,GBP,2026-08-25,2026-08-03,award,complete,79111000,https://www.contractsfinder.service.gov.uk/Notice/e288999c-7b55-4f09-bfce-c7e0dee51a40-912046,2026-08-26T07:42:05.766128+00:00
Contracts Finder,ocds-b5fd17-eb5c6941-d172-4906-b610-87595dde7339_faad9fa0-d5b7-45df-9d78-778af8f8b096-912045,GB-Manchester: Analyst Support Partner,"Transport for the North (TfN) intends to commission a new Analyst Support Partner to provide consultant resources to the Technical Assurance, Modelling and Economics (TAME) team to assist their support to the Northern Powerhouse Rail (NPR) programme. This is a contract for flexible provision of individuals, with specialist expertise, to cover specific roles within the team, on a call-off basis.",Transport for the North,,3600000.0,GBP,2026-08-25,2026-03-31,award,complete,71621000,https://www.contractsfinder.service.gov.uk/Notice/faad9fa0-d5b7-45df-9d78-778af8f8b096-912045,2026-08-26T07:42:05.766314+00:00
Contracts Finder,ocds-b5fd17-1fcd9da6-6cf1-456a-90a7-1c60f960e34b_6ee0157c-7065-4cfd-8865-9f1cfaced4e2-911620,CampusM App Renewal 2024,"2 Yr Exlibris CampusM App Renewal.

SBS /19/AB/WAB/9411 FRAMEWORK",BATH SPA UNIVERSITY,,98633.88,GBP,2026-08-25,2024-03-22,award,complete,48000000,https://www.contractsfinder.service.gov.uk/Notice/6ee0157c-7065-4cfd-8865-9f1cfaced4e2-911620,2026-08-26T07:42:05.766497+00:00
Contracts Finder,ocds-b5fd17-db51a01a-b502-462f-8e73-1bd7b3959f61_a34e953e-7b17-4f7d-bcc8-0e00f4d1574c-912043,Cobbacombe Radar - Radome maintenance,Cobbacombe Radar - Radome maintenance,Met Office,,23082.15,GBP,2026-08-25,2026-01-20,award,complete,51215000,https://www.contractsfinder.service.gov.uk/Notice/a34e953e-7b17-4f7d-bcc8-0e00f4d1574c-912043,2026-08-26T07:42:05.766679+00:00
Contracts Finder,ocds-b5fd17-39c7cedb-be2a-438b-88fa-b7594b8f6aa6_f682dcda-4fd5-43af-a3b6-78c8a37fb7f3-911640,Class Collaborate subscription license,"Class Collaborate subscription license Annual Fee
A web based conferencing tool, via the SBS NHS Framework.

SBS /19/AB/WAB/9411 FRAMEWORK",BATH SPA UNIVERSITY,,54800.04,GBP,2026-08-25,2025-07-31,award,complete,48000000,https://www.contractsfinder.service.gov.uk/Notice/f682dcda-4fd5-43af-a3b6-78c8a37fb7f3-911640,2026-08-26T07:42:05.766861+00:00
Contracts Finder,ocds-b5fd17-40b6c412-1f39-40e8-87d6-c34a8bbda771_40d4c8c6-d7d3-4b38-a2aa-ad3f4053f37f-912039,Predannack Radar - Radome maintenance,Predannack Radar - Radome maintenance,Met Office,,24447.15,GBP,2026-08-25,2026-01-20,award,complete,51215000,https://www.contractsfinder.service.gov.uk/Notice/40d4c8c6-d7d3-4b38-a2aa-ad3f4053f37f-912039,2026-08-26T07:42:05.767075+00:00
Contracts Finder,ocds-b5fd17-a741b254-29f5-4196-a04b-941a322a9d68_a13a6615-6e06-4d8c-94d6-702d4698aaf0-911628,Blackboard Renewal,"Blackboard 12 Months: 
Direct Data Access Environment
Blackboard Additional SaaS Storage 1TB
COLLABORATE ENTERPRISE USER LICENSE - 1 YEAR
Blackboard Learning Core Package - SaaS Plus
Anthology Ally Package for Learn
SBS /19/AB/WAB/9411 FRAMEWORK",BATH SPA UNIVERSITY,,198100.8,GBP,2026-08-25,2024-07-31,award,complete,48000000,https://www.contractsfinder.service.gov.uk/Notice/a13a6615-6e06-4d8c-94d6-702d4698aaf0-911628,2026-08-26T07:42:05.767263+00:00
Contracts Finder,ocds-b5fd17-10700cb3-eaec-4835-9639-87a249c38397_490c5453-a670-4f5b-b19f-22de78fe436c-912041,audio visual technology consultancy services,audio visual technology consultancy services,West Sussex County Council,,183894.0,GBP,2026-08-25,2023-03-20,award,complete,72224000,https://www.contractsfinder.service.gov.uk/Notice/490c5453-a670-4f5b-b19f-22de78fe436c-912041,2026-08-26T07:42:05.767444+00:00
Contracts Finder,ocds-b5fd17-1962b15c-d4bd-45c9-b90b-77b28a8c86bb_957ced3c-3aef-48eb-a24e-68ff2d86649e-911849,SITS Student Record System Support and Maintenance,"Direct award to Tribal Education Limited for the provision of Tribal's annual support / annual subscription for SITS

Annual service charge for SITS student record system.",BATH SPA UNIVERSITY,,232144.78,GBP,2026-08-25,2024-07-31,award,complete,48781000,https://www.contractsfinder.service.gov.uk/Notice/957ced3c-3aef-48eb-a24e-68ff2d86649e-911849,2026-08-26T07:42:05.767627+00:00
Contracts Finder,ocds-b5fd17-8306724c-1447-4ba6-9b1e-bfedb33eb655_084e1939-1ac9-43d2-b9e2-df156bc2d42e-912040,A66 Elton IC to Yarm Road IC - VRS & Sign,A66 Elton IC to Yarm Road IC - VRS & Sign,National Highways Limited,,77385.78,GBP,2026-08-25,2026-07-27,award,complete,45233210,https://www.contractsfinder.service.gov.uk/Notice/084e1939-1ac9-43d2-b9e2-df156bc2d42e-912040,2026-08-26T07:42:05.767811+00:00
Contracts Finder,ocds-b5fd17-fd8421a9-8399-40e1-b78b-6557830c1363_657754d6-17a5-454b-ab3a-3bfbfa1e04a3-911854,SITS Student Record System Support and Maintenance,"Direct award to Tribal Education Limited for the provision of Tribal's annual support / annual subscription for SITS

Annual service charge for SITS student record system.",BATH SPA UNIVERSITY,,304198.08,GBP,2026-08-25,2023-07-30,award,complete,48781000,https://www.contractsfinder.service.gov.uk/Notice/657754d6-17a5-454b-ab3a-3bfbfa1e04a3-911854,2026-08-26T07:42:05.768015+00:00
Contracts Finder,ocds-b5fd17-80581650-1474-48fd-ae4c-f6c6527ef7d6_46948843-5ff0-4af8-b146-5511a7402eab-912038,Digital CYPMH,"Midlands Partnership University NHS Foundation Trust (MPFT) is seeking supplier input to support the development of a service specification and inform its procurement strategy for digital CYP Mental Health Services.

MPFT intends to conduct preliminary market engagement to inform the model of the future provision of digital support for CYP Mental Health Services in South Staffordshire. We are inviting suppliers with relevant experience and capability to express interest in participating in thi",Midlands Partnership NHS Foundation Trust,,,GBP,2026-08-25,,planning,planning,85100000,https://www.contractsfinder.service.gov.uk/Notice/46948843-5ff0-4af8-b146-5511a7402eab-912038,2026-08-26T07:42:05.768193+00:00
Contracts Finder,ocds-b5fd17-9843a0a5-d5c3-45fb-98cb-12ed331aab5a_c3f1e97f-b7dc-4140-8501-d09d99635123-896913,Large Broadcast Video Camera Order,Large Broadcast Video Camera Order,BATH SPA UNIVERSITY,,45146.55,GBP,2026-08-25,2024-08-15,award,complete,32210000,https://www.contractsfinder.service.gov.uk/Notice/c3f1e97f-b7dc-4140-8501-d09d99635123-896913,2026-08-26T07:42:05.768379+00:00
Contracts Finder,ocds-b5fd17-65204c0c-37bb-4afc-89b4-54da095ec9f9_d220a837-b9c7-4132-95b7-19d2b7b9402e-912037,Data Compliance and Assurance Software,The Council requires data compliance and assurance software to manage its housing electrical compliance and maintenance activities across its property portfolio.,ST ALBANS CITY AND DISTRICT COUNCIL,,54300.0,GBP,2026-08-25,2026-05-18,award,complete,48000000,https://www.contractsfinder.service.gov.uk/Notice/d220a837-b9c7-4132-95b7-19d2b7b9402e-912037,2026-08-26T07:42:05.768562+00:00
Contracts Finder,ocds-b5fd17-0738fdae-78f6-49c5-a066-caf3b1fa2c26_e2f739a1-b2ca-4e61-afb1-41a3a2b88291-912036,Cafe Concessionaire,"Saltash Town Council are seeking expressions of interest from those interested in running a cafe at Isambard House, Saltash Railway Station.  To obtain a copy of the application form together with guidance notes please visit the following site:

https://www.saltash.gov.uk/tenders.php",Saltash Town Council,,20000.0,GBP,2026-08-25,2026-09-18,tender,active,15000000,https://www.contractsfinder.service.gov.uk/Notice/e2f739a1-b2ca-4e61-afb1-41a3a2b88291,2026-08-26T07:42:05.768758+00:00
Contracts Finder,ocds-b5fd17-484e1dfa-c665-4169-8498-878be88feadb_068c9ba9-9832-48a9-bb91-0bcfac5984bc-912031,HP Devices - April 2024,"30 x Elitebook 650 Configured HP Device

NDNA Framework",BATH SPA UNIVERSITY,,46944.0,GBP,2026-08-25,2024-04-28,award,complete,30000000,https://www.contractsfinder.service.gov.uk/Notice/068c9ba9-9832-48a9-bb91-0bcfac5984bc-912031,2026-08-26T07:42:05.768964+00:00
Contracts Finder,ocds-b5fd17-3a619a61-22ab-4cdc-ae5d-2ed843c517d0_1e4189d9-d3fa-41df-bc30-233c5253cda0-912035,Configured P Devices - March 2024,"Elitebook 640/650 Configured HP Device

NDNA Framework",BATH SPA UNIVERSITY,,46764.0,GBP,2026-08-25,2024-03-07,award,complete,30000000,https://www.contractsfinder.service.gov.uk/Notice/1e4189d9-d3fa-41df-bc30-233c5253cda0-912035,2026-08-26T07:42:05.769156+00:00
Contracts Finder,ocds-b5fd17-bc878766-69dc-4a07-93e8-b28acd52f487_d444b088-8a5d-4e96-99ae-61e8fd452e23-912033,Electronic Signature Solution,The Council is looking for a suitable supplier who can provide a software platform to handle electronic signatures on documents.,ST ALBANS CITY AND DISTRICT COUNCIL,,43151.72,GBP,2026-08-25,2026-06-22,award,complete,48000000,https://www.contractsfinder.service.gov.uk/Notice/d444b088-8a5d-4e96-99ae-61e8fd452e23-912033,2026-08-26T07:42:05.769338+00:00
Contracts Finder,ocds-b5fd17-dce133d5-ca6c-474a-baa7-f11e4c230407_a673b1c4-b3f5-48f2-b300-8e29ddd8de0e-912032,GB-St.Helens: Contract Award Notice - Domestic Gas and Electrical Safety Training,Training services for engineers across Torus Group.,Torus62 Limited,,31644.0,GBP,2026-08-25,2026-07-16,award,complete,80530000,https://www.contractsfinder.service.gov.uk/Notice/a673b1c4-b3f5-48f2-b300-8e29ddd8de0e-912032,2026-08-26T07:42:05.769520+00:00
Contracts Finder,ocds-b5fd17-4969fa6a-0836-49b0-ad3f-8521d8fb75c3_db2de9db-8790-4d2b-ada2-dc6d4c166fc5-912030,"Provision National Digital Twins Programme - Data Pipelines, Analytics and Visualisation PIN","Short Description 

This Notice signals BIST&apos;s intention to go to market for the provision of Data Pipelines, Analytics and Visualisation (DPAV) services in support of the National Digital Twin Programme (NDTP) and is for Market Engagement purposes only.  

The National Digital Twin Programme is a BIST led programme developing trusted, secure and reusable digital twin capabilities across government and wider public sector partners. The programme develops open source technologies, intero",Department for Business and Trade,,10500000.0,GBP,2026-08-25,,planning,planned,72300000,https://www.contractsfinder.service.gov.uk/Notice/db2de9db-8790-4d2b-ada2-dc6d4c166fc5-912030,2026-08-26T07:42:05.769694+00:00
Contracts Finder,ocds-b5fd17-389362d3-274b-4c18-acb3-e2d238632fa0_9218771b-e7fc-4f5b-99f2-187b1eab2940-912028,"Homes England - Property, Financial and Development Monitoring Services Framework 2026 - 2030 - Lot 2 - Project Skylark Subsidy Control Assessment","We are currently progressing a pilot transaction, Project Skylark, under the Guarantees Programme for the National Housing Bank.\r
Homes England would like the consultant to build upon existing analysis through the assessment of how the loan guarantee is likely to be assessed from a Subsidy Control Act (SCA) perspective.",Homes England (the name adopted by the Homes and Communities Agency),,50000.0,GBP,2026-08-25,2026-08-24,award,complete,66000000,https://www.contractsfinder.service.gov.uk/Notice/9218771b-e7fc-4f5b-99f2-187b1eab2940-912028,2026-08-26T07:42:05.769874+00:00
Contracts Finder,ocds-b5fd17-51c9afd2-fd58-4c33-ab84-3159b7571212_649c9815-201d-4796-b43b-f3759763ccf9-912027,Public Access System for Central Ticket Office,"Public Access System for CTO that links in with PenTIP

Call off using CCS RM6259 Vertical Application Solutions Framework",Greater Manchester Police,,106982.73,GBP,2026-08-25,2026-06-01,award,complete,48000000,https://www.contractsfinder.service.gov.uk/Notice/649c9815-201d-4796-b43b-f3759763ccf9-912027,2026-08-26T07:42:05.770077+00:00
Contracts Finder,ocds-b5fd17-8180b879-b21a-4611-a042-29cc49995b83_21059fc7-dfd2-4f85-9123-037b4a3c2a5b-897248,Locksbrook Lab Refresh - G19 / G09,"Locksbrook Lab Refresh - G19 / G09

HP Workstations via NDNA Framework",BATH SPA UNIVERSITY,,64147.2,GBP,2026-08-25,2024-04-30,award,complete,30000000,https://www.contractsfinder.service.gov.uk/Notice/21059fc7-dfd2-4f85-9123-037b4a3c2a5b-897248,2026-08-26T07:42:05.770264+00:00
Contracts Finder,ocds-b5fd17-8746dc45-aff5-4afe-8d4c-d5a0f59ee46c_7ad90123-f968-4476-833a-f340e819e557-912026,Bue Badges - APS Group,Provisions of Blue Badges,Liverpool City Council,,40000.0,GBP,2026-08-25,2026-08-19,award,complete,79811000,https://www.contractsfinder.service.gov.uk/Notice/7ad90123-f968-4476-833a-f340e819e557-912026,2026-08-26T07:42:05.770449+00:00
Contracts Finder,ocds-b5fd17-c5f5c5b2-2d5e-4366-8028-b7c5fc5516a8_06a62354-85e0-4564-820e-77b21f246c83-912025,BTA2229 - Data & Analytics Platform Architecture and Change Assurance service,"The British Tourist Authority (BTA), operating as VisitBritain and VisitEngland, requires 
specialist Data & Analytics Platform Architecture and Change Assurance support. The 
requirement will provide independent technical oversight, architecture assurance and 
strategic advisory services across BTA's Azure and Databricks-based data platform.",British Tourist Authority t/a VisitBritain/VisitEngland,,,GBP,2026-08-25,2026-06-25,award,complete,72222300,https://www.contractsfinder.service.gov.uk/Notice/06a62354-85e0-4564-820e-77b21f246c83-912025,2026-08-26T07:42:05.770626+00:00
Contracts Finder,ocds-b5fd17-3ca07e40-1d03-46c8-b321-ffeab41202e3_267f541b-1b43-4fec-99c0-cad6a2ed27d7-892987,HP Devices - Dec 2025,Purchase of laptops via NDNA SUPC Stone Award,BATH SPA UNIVERSITY,,97956.0,GBP,2026-08-25,2025-12-18,award,complete,30000000,https://www.contractsfinder.service.gov.uk/Notice/267f541b-1b43-4fec-99c0-cad6a2ed27d7-892987,2026-08-26T07:42:05.770807+00:00
Contracts Finder,ocds-b5fd17-7017253e-348b-4622-aa5f-688d62811782_42c4d928-2999-4911-9cae-7086de5acc09-912024,Maintenance of Station End Equipment (FRS) plus partial equipment refresh,Maintenance of Station End Equipment (FRS) plus partial equipment refresh,West Sussex County Council,,480000.0,GBP,2026-08-25,2026-03-18,award,complete,50312000,https://www.contractsfinder.service.gov.uk/Notice/42c4d928-2999-4911-9cae-7086de5acc09-912024,2026-08-26T07:42:05.771012+00:00
Contracts Finder,ocds-b5fd17-f58c7b5f-1974-4136-a633-414a3d62bde0_b7fea4c2-d1e9-46b4-817c-83e40d92991c-912023,"QFX035 2026-08-24 (0900) Felixstowe - Projection Education, Felixstowe (4 seats) - AWARD","Suffolk County Council is seeking a mini competition against the following Dynamic Purchasing System: `The supply of Passenger Transport Services`, OJEU Notice Id: 2018/S 031-067685.
      
      QFX035 2026-08-24 (0900) Felixstowe - Projection Education, Felixstowe (4 seats)
      
      Further details can be found in the 'Tenders / My Tenders' area of this website, by selecting the 'View Details' button for this project.
      
      The deadline for returned submissions is 0900 on 24/0",Suffolk County Council Passenger Transport,,,GBP,2026-08-25,2026-08-24,award,complete,60000000,https://www.contractsfinder.service.gov.uk/Notice/b7fea4c2-d1e9-46b4-817c-83e40d92991c-912023,2026-08-26T07:42:05.771211+00:00
Contracts Finder,ocds-b5fd17-1e418721-d098-4bd5-b62c-7adf1aebae0e_ffd3db89-6b2e-4bdf-ae99-52ee7729d04e-912022,"QBR083 0900 2026-08-21 Lowestoft - Learning in nature, Beccles (4-seated vehicle and a PA required) - AWARD","Suffolk County Council is seeking a mini competition against the following Dynamic Purchasing System: `The supply of Passenger Transport Services`, OJEU Notice Id: 2018/S 031-067685.
      
      QBR083 0900 2026-08-21 Lowestoft - Learning in nature, Beccles (4-seated vehicle and a PA required)
      
      Further details can be found in the 'Tenders / My Tenders' area of this website, by selecting the 'View Details' button for this project.
      
      The deadline for returned submissi",Suffolk County Council Passenger Transport,,,GBP,2026-08-25,2026-08-21,award,complete,60000000,https://www.contractsfinder.service.gov.uk/Notice/ffd3db89-6b2e-4bdf-ae99-52ee7729d04e-912022,2026-08-26T07:42:05.771389+00:00
Contracts Finder,ocds-b5fd17-fd56ca30-f3c4-4b3d-b075-1643b50f1b53_91b29a39-f961-4295-9f12-e02ce067a728-912021,PL0362 Greenhill Lodge - Fire Compliance and Refurbishment Works - Design & Build Contract,"Adult Social Care services are currently split across 35 Worth Crescent, Pershore Short Breaks, and Worcester Resource Centre; these properties are ageing and require significant investment to address fire safety and compliance issues. 

The service has reviewed its property asset strategy, and it is proposed to amalgamate these current service provisions into a newly refurbished facility at Green Hill Lodge. 

Works to be completed are fire compliance and refurbishment works.

Sourced via",Worcestershire County Council,,1498629.2,GBP,2026-08-25,2026-03-24,awardUpdate,complete,45343000,https://www.contractsfinder.service.gov.uk/Notice/91b29a39-f961-4295-9f12-e02ce067a728-912021,2026-08-26T07:42:05.771569+00:00
Contracts Finder,ocds-b5fd17-b3f6ec72-de64-4e60-abff-ddcaa372d9eb_c6b92dc8-bbc6-4511-b75a-00c912386de0-912018,TEL L1 DA Dec26 South Derbyshire District Council - awarded,"This contract award notice is to notify the market that South Derbyshire District Council based in Derbyshire, UK have appointed Enovation as their Technology Enabled Lives provider for a period of TWO years, with an option to extend for a further TWO x ONE year individual periods. This appointment has been made under the Northern Housing Consortium's Technology Enabled Lives framework. (Contract Award Notice 2024/S 000-000849)",NORTHERN HOUSING CONSORTIUM LIMITED,,154522.4,GBP,2026-08-25,2026-08-24,award,complete,50421000,https://www.contractsfinder.service.gov.uk/Notice/c6b92dc8-bbc6-4511-b75a-00c912386de0-912018,2026-08-26T07:42:05.771749+00:00
Contracts Finder,ocds-b5fd17-8740212f-0f14-42d5-90fa-0f93058750f9_4aa29787-96f3-443e-bfa1-094f5b3c9031-912020,"QFX034 2026-08-24 (0900) Ipswich - Projection Education, Felixstowe (4 seats and a female PA) - AWARD","Suffolk County Council is seeking a mini competition against the following Dynamic Purchasing System: `The supply of Passenger Transport Services`, OJEU Notice Id: 2018/S 031-067685.
      
      QFX034 2026-08-24 (0900) Ipswich - Projection Education, Felixstowe (4 seats and a female PA)
      
      Further details can be found in the 'Tenders / My Tenders' area of this website, by selecting the 'View Details' button for this project.
      
      The deadline for returned submissions is",Suffolk County Council Passenger Transport,,,GBP,2026-08-25,2026-08-24,award,complete,60000000,https://www.contractsfinder.service.gov.uk/Notice/4aa29787-96f3-443e-bfa1-094f5b3c9031-912020,2026-08-26T07:42:05.771948+00:00
Contracts Finder,ocds-b5fd17-0b5efc22-b3b4-480a-b8d2-287efbd4d9f8_92be452a-f4f6-4700-af71-6d0426bc230d-912016,Contingent Labour,Temporary assignment of Contingent Labour.,The National Archives,,45796.0,GBP,2026-08-25,2026-02-20,awardUpdate,complete,79620000,https://www.contractsfinder.service.gov.uk/Notice/92be452a-f4f6-4700-af71-6d0426bc230d-912016,2026-08-26T07:42:05.772137+00:00
Contracts Finder,ocds-b5fd17-6d15cf17-701b-4112-b077-d6e2666a1a5e_f956867a-f099-4234-8645-f7d4884fb59d-912019,HMP Styal - MBU & Nightingale (FSI) - 600/20/2209,"Following a review of the Custodial Estate, a priority list detailing the Fire Safety Improvement Requirements) has been agreed with His Majesty's Prison and Probation Service (HMPPS) and Crown Premises Fire Safety Inspectorate. HMP Styal is a female adult and young offenders' prison with both an open and closed population. The MBU and Nightingale house blocks are not purpose-built prison accommodation and significant upgrades are required to the house blocks to rectify fire safety issues.",Ministry of Justice,,3809240.0,GBP,2026-08-25,2025-06-13,award,complete,45000000,https://www.contractsfinder.service.gov.uk/Notice/f956867a-f099-4234-8645-f7d4884fb59d-912019,2026-08-26T07:42:05.772320+00:00
Contracts Finder,ocds-b5fd17-e3548af6-9c6d-4253-a027-0c421c5061fe_9ed5c4d7-2329-4864-a6b6-3e3c22842232-912017,Ashbourne,Ashbourne,Environment Agency,,164071.24,GBP,2026-08-25,2026-07-21,award,complete,45246400,https://www.contractsfinder.service.gov.uk/Notice/9ed5c4d7-2329-4864-a6b6-3e3c22842232-912017,2026-08-26T07:42:05.772501+00:00
Contracts Finder,ocds-b5fd17-1fb1a59a-33ad-40df-b137-11cc9f0ce4d0_c1ae31c9-d3ff-4242-ba30-9e02fcf776b9-912015,Taxi and MPV (1-8 seats) Passenger Assistant - Taxi and MPV (1-8 seats) Passenger Assistant,"Vehicle type: 8 Seater
Passenger Assistant Required: 1 x epilepsy trained PA required

Proposed Taxi Route:
From: TN21 0FL, TN21 9DQ, TN21 8BT and TN6 3GP
To: St Marys Wrestwood, TN40 2LU
Frequency: Monday to Friday
Daily School Time: Mon-Thurs 08:40 to 16:00 and Fri 08:40-14:30

Comments for Operator: 
1 epilepsy trained PA required.
TUPE may apply
 This opportunity has been distributed on SProc.net",East Sussex County Council,,,GBP,2026-08-25,2026-07-20,award,complete,60000000,https://www.contractsfinder.service.gov.uk/Notice/c1ae31c9-d3ff-4242-ba30-9e02fcf776b9-912015,2026-08-26T07:42:05.772676+00:00
Contracts Finder,ocds-b5fd17-3998499c-090a-4267-82ef-1ab12cdfd276_85683819-49ec-4fe8-a8da-b8a61c0f8cd7-912014,TN103 2026-08-19 09.00  Ixworth High School to Coney Weston  PM Only 22 Seats - AWARD,"Suffolk County Council is seeking a mini competition against the following Dynamic Purchasing System: `The supply of Passenger Transport Services`, OJEU Notice Id: 2018/S 031-067685.
      
      TN103 2026-08-19 09.00  Ixworth High School to Coney Weston  PM Only 22 Seats
      
      Further details can be found in the 'Tenders / My Tenders' area of this website, by selecting the 'View Details' button for this project.
      
      The deadline for returned submissions is WEDNESDAY 19TH ",Suffolk County Council Passenger Transport,,,GBP,2026-08-25,2026-08-19,award,complete,60000000,https://www.contractsfinder.service.gov.uk/Notice/85683819-49ec-4fe8-a8da-b8a61c0f8cd7-912014,2026-08-26T07:42:05.772853+00:00
Contracts Finder,ocds-b5fd17-d00a429c-3328-4720-b5aa-38a0b2183853_83ad4fdb-74b9-4dad-9b90-7049431fb3c4-912013,For the Provision of Surfacing Works,For the provision to join Dynamic Marker membership fir surfacing works at LondonEnergy's 8 Sites,LondonEnergy Ltd,,100000.0,GBP,2026-08-25,2026-09-30,tender,active,45233251,https://www.contractsfinder.service.gov.uk/Notice/83ad4fdb-74b9-4dad-9b90-7049431fb3c4,2026-08-26T07:42:05.773058+00:00
Contracts Finder,ocds-b5fd17-22b8b373-93c9-4177-b11c-f9fa87f38635_36f3348e-2a97-478d-8ce5-b7b5ad7bb50c-912012,TROP89-E03 Financial Advisors to support Rail Contracts & Projects,Financial Advisors to support Rail Contracts & Projects,DfTc - Department for Transport,,375295.0,GBP,2026-08-25,2026-08-14,award,complete,66171000,https://www.contractsfinder.service.gov.uk/Notice/36f3348e-2a97-478d-8ce5-b7b5ad7bb50c-912012,2026-08-26T07:42:05.773246+00:00
Contracts Finder,ocds-b5fd17-6d42c279-2040-4e7c-bf92-8a9d1e92cdfe_b5450c47-768e-4a87-a440-d25e6cdb72af-912008,PRTC,We would like to replace a timber multiplay unit with a like for like and replace the surfacing as well.  Please note the short timeframe for this quote due to a Risk Assessment report.,Princes Risborough Town Council,25000.0,30000.0,GBP,2026-08-25,2026-09-10,tender,active,37535200,https://www.contractsfinder.service.gov.uk/Notice/b5450c47-768e-4a87-a440-d25e6cdb72af,2026-08-26T07:42:05.773432+00:00
Contracts Finder,ocds-b5fd17-6022c270-6dfa-482c-923b-03e4d1cd9a82_0af0ec85-2a51-41b2-9bc4-64fb762743cc-912011,Harrington Drain,Harrington Drain,Environment Agency,,59198.41,GBP,2026-08-25,2026-08-31,award,complete,45246400,https://www.contractsfinder.service.gov.uk/Notice/0af0ec85-2a51-41b2-9bc4-64fb762743cc-912011,2026-08-26T07:42:05.773612+00:00
Contracts Finder,ocds-b5fd17-5209ac18-bf53-4a52-aea0-db0f4659fe6b_40e7f65c-8750-45fd-b640-07d4c021a646-912009,Quality Monitoring Software,"'The Quality Monitoring team will support continuous improvement throughout the SIA through the development and delivery of focused quality assurance tools.'
 
This new Quality monitoring (QM) software/ product will,  in combination with the supporting quality monitoring scorecard, provide teams with an objective tool to:
 
•	assess the quality of their service
•	identify good practice
•	identify vulnerabilities with processes
•	identify individual and organisational training and developm",Security Industry Authority,,39795.84,GBP,2026-08-25,2023-12-11,awardUpdate,complete,48000000,https://www.contractsfinder.service.gov.uk/Notice/40e7f65c-8750-45fd-b640-07d4c021a646-912009,2026-08-26T07:42:05.773793+00:00
Contracts Finder,ocds-b5fd17-2d06eeea-3fe7-448d-a886-2e50b402f5ba_ade73643-d424-415a-ad1a-336e6774b62c-912006,ID: 37209 - ROSE EDUCATION PROVISION,"This contract is for the provision of transport services - journey stated in the title of this notice. It has been awarded following a Mini Competition under Council's Dynamic Purchasing System (DPS) PAN3059 - Passenger Transport Services.

To find out more about this DPS and how to provide taxi services to the Council, please see Taxi firms tendering for contracts (leicester.gov.uk)",Leicester City Council,,41418.0,GBP,2026-08-25,2026-08-25,award,complete,60120000,https://www.contractsfinder.service.gov.uk/Notice/ade73643-d424-415a-ad1a-336e6774b62c-912006,2026-08-26T07:42:05.773992+00:00
Contracts Finder,ocds-b5fd17-ac802535-b5d5-40f8-8747-0dd7bd007378_db68e784-6c4d-4ee1-9137-e9985d47d503-912003,Customer Satisfaction Research,This project is to appoint a supplier who can deliver customer and user research in order to measure satisfaction levels and evaluate the experience of individuals applying for an SIA licence.,Security Industry Authority,,115920.0,GBP,2026-08-25,2024-07-24,awardUpdate,complete,79310000,https://www.contractsfinder.service.gov.uk/Notice/db68e784-6c4d-4ee1-9137-e9985d47d503-912003,2026-08-26T07:42:05.774180+00:00
Contracts Finder,ocds-b5fd17-177c8dfc-a89c-48b8-810c-999ce770d165_1941d010-cd36-4403-bba1-c548c1db39a9-912005,"QSC236 09:00 2026-08-20 Haverhill to Hillside Special School, Sudbury - 4-seater vehicle & PA required - AWARD","Suffolk County Council is seeking a mini competition against the following Dynamic Purchasing System: `The supply of Passenger Transport Services`, OJEU Notice Id: 2018/S 031-067685.
      
      QSC236 09:00 2026-08-20 Haverhill to Hillside Special School, Sudbury - 4-seater vehicle & PA required
      
      Further details can be found in the 'Tenders / My Tenders' area of this website, by selecting the 'View Details' button for this project.
      
      The deadline for returned submi",Suffolk County Council Passenger Transport,,,GBP,2026-08-25,2026-08-20,awardUpdate,complete,60000000,https://www.contractsfinder.service.gov.uk/Notice/1941d010-cd36-4403-bba1-c548c1db39a9-912005,2026-08-26T07:42:05.774355+00:00
Contracts Finder,ocds-b5fd17-7b296700-7b09-4f6f-aa33-670189dfd20a_d62ddb79-5b3d-4103-ab86-6f0cd1b0ccc2-912004,Taxi and MPV (1-8 seats) - Taxi and MPV (1-8 seats),"Vehicle type: Saloon 
Passenger Assistant Required:  No

Proposed Taxi Route:
From:  BN2 8EL
To:   LVS Hassocks, BN6 9HT

Frequency: Monday-Friday
Daily School Time: Mon-Thurs - 9:30-16:00
Fri - 9:30-14:30
 This opportunity has been distributed on SProc.net",East Sussex County Council,,,GBP,2026-08-25,2026-08-23,award,complete,60000000,https://www.contractsfinder.service.gov.uk/Notice/d62ddb79-5b3d-4103-ab86-6f0cd1b0ccc2-912004,2026-08-26T07:42:05.774530+00:00
Contracts Finder,ocds-b5fd17-b6df5670-4671-4386-bdd0-8225c81e9d39_ffa9dd6c-4d02-4c37-8587-f85118c9a6a1-912002,Auditors for the Renewables Obligation (RO) Cost to Exchequer,Provision of independent audit and assurance services to verify that Renewable Obligations (RO) cost reductions funded by the Exchequer have been accurately applied by energy suppliers and passed through to consumers,DESNZ,,3000000.0,GBP,2026-08-25,2026-04-22,award,complete,71314000,https://www.contractsfinder.service.gov.uk/Notice/ffa9dd6c-4d02-4c37-8587-f85118c9a6a1-912002,2026-08-26T07:42:05.774709+00:00
Contracts Finder,ocds-b5fd17-6e4633f3-ddde-4f50-9cce-8c8b79abae48_e294a795-b20d-4a56-bcd7-43207bcdf44c-912001,Social Media Management,Social Media Management Software,Security Industry Authority,,48000.0,GBP,2026-08-25,2023-12-01,awardUpdate,complete,48000000,https://www.contractsfinder.service.gov.uk/Notice/e294a795-b20d-4a56-bcd7-43207bcdf44c-912001,2026-08-26T07:42:05.774890+00:00
Contracts Finder,ocds-b5fd17-06567ae8-a40f-4686-9767-cc82dda586e7_c2c04d12-a78d-405a-8ffa-c7ce368ea40d-912000,WMD Eels Pass Programme 2026,WMD Eels Pass Programme 2026,Environment Agency,,369483.12,GBP,2026-08-25,2026-07-23,award,complete,45246400,https://www.contractsfinder.service.gov.uk/Notice/c2c04d12-a78d-405a-8ffa-c7ce368ea40d-912000,2026-08-26T07:42:05.775108+00:00
Contracts Finder,ocds-b5fd17-f4a3a8fa-0558-4c07-9e95-3088830225ae_163a4258-42b2-4b50-a587-1656303cb77b-911996,GB-Liverpool: Accommodation and Decant Managed Services,Accommodation and Decant Managed Services,BIP SOLUTIONS LIMITED,,70000.0,GBP,2026-08-25,2026-08-07,award,complete,55110000,https://www.contractsfinder.service.gov.uk/Notice/163a4258-42b2-4b50-a587-1656303cb77b-911996,2026-08-26T07:42:05.775292+00:00
Contracts Finder,ocds-b5fd17-928df1bc-e226-41cf-a8cc-a6e33b5d5c3a_d5e84888-2369-487a-8f00-4bc231f908ce-911997,Transcription Services,Provision of  transcription services,Security Industry Authority,,63000.0,GBP,2026-08-25,2024-10-22,awardUpdate,complete,79530000,https://www.contractsfinder.service.gov.uk/Notice/d5e84888-2369-487a-8f00-4bc231f908ce-911997,2026-08-26T07:42:05.775473+00:00
Contracts Finder,ocds-b5fd17-39cdfcd8-c963-4da8-a07c-9d7ed2815a2c_0e7bb156-d4b5-4911-a9b5-ad37814dd6d4-911993,IT Network and Security Equipment,"IT Network and Security Equipment
GCA Technology Products & Associated Services 2 Framework RM6098 (Lot 2: Hardware).",NHS PROPERTY SERVICES LIMITED,,340230.96,GBP,2026-08-25,2026-08-13,award,complete,30100000,https://www.contractsfinder.service.gov.uk/Notice/0e7bb156-d4b5-4911-a9b5-ad37814dd6d4-911993,2026-08-26T07:42:05.775655+00:00
Contracts Finder,ocds-b5fd17-01b038ea-8dc5-47ce-a35f-1ed17ed2d2c6_8adea05d-0b83-439b-b918-701098c71cc2-911995,"QOC001 0900 2026-08-20 Lowestoft - Lab media, Hellesdon, Norfolk (4-seated individual vehicle required) - AWARD","Suffolk County Council is seeking a mini competition against the following Dynamic Purchasing System: `The supply of Passenger Transport Services`, OJEU Notice Id: 2018/S 031-067685.
      
      QOC001 0900 2026-08-20 Lowestoft - Lab media, Hellesdon, Norfolk (4-seated individual vehicle required)
      
      Further details can be found in the 'Tenders / My Tenders' area of this website, by selecting the 'View Details' button for this project.
      
      The deadline for returned subm",Suffolk County Council Passenger Transport,,,GBP,2026-08-25,2026-08-20,award,complete,60000000,https://www.contractsfinder.service.gov.uk/Notice/8adea05d-0b83-439b-b918-701098c71cc2-911995,2026-08-26T07:42:05.775831+00:00
Contracts Finder,ocds-b5fd17-87b7876f-a020-4a44-8eed-8f8b33aaed56_4f40cf48-777e-430f-8849-dc35d3c095e6-911994,ETAFFCSFSW013 - Devon And Cornwall 1-1 On Farm Advice Programme 2026,"The advice activities included in this specification, supports the farming industry in protecting water and air quality in the Lot 4: South West Catchment Sensitive Farming (CSF) Priority Catchments whilst maximising the opportunities for 'win-wins' which help farm businesses to become more resource efficient, improve farm infrastructure and leave a strong environmental legacy.",Natural England,,83400.0,GBP,2026-08-25,2026-08-03,award,complete,90713000,https://www.contractsfinder.service.gov.uk/Notice/4f40cf48-777e-430f-8849-dc35d3c095e6-911994,2026-08-26T07:42:05.776038+00:00
Contracts Finder,ocds-b5fd17-d1f8674f-6dd8-4a46-998e-a453bcd98938_a321c63e-dd7d-4c54-8504-a63ca8ecab33-911992,Taxi and MPV (1-8 seats) Passenger Assistant - Taxi and MPV (1-8 seats) Passenger Assistant,"Vehicle type: Saloon
Passenger Assistant Required:  Yes

Proposed Taxi Route:
From:  TN39 4EZ
To:   TN34 3NW
Frequency: Tuesday to Friday
Daily School Time: 08:50 - 15:00

Comments for Operator:  Hearing Impairment, Goldenhar Syndrome, Dyspraxia, ASD

 This opportunity has been distributed on SProc.net",East Sussex County Council,,,GBP,2026-08-25,2026-08-25,award,complete,60000000,https://www.contractsfinder.service.gov.uk/Notice/a321c63e-dd7d-4c54-8504-a63ca8ecab33-911992,2026-08-26T07:42:05.776227+00:00
Contracts Finder,ocds-b5fd17-30fb8c0f-6e7b-4834-8f6e-2381366b6ab2_63d0258e-1a82-4bb0-b775-75e9ab2d4a96-911991,Natural Flood Management Data Monitoring - Business as Usual Project,Natural Flood Management Data Monitoring - Business as Usual Project,Environment Agency,,76523.81,GBP,2026-08-25,2026-07-07,award,complete,72212326,https://www.contractsfinder.service.gov.uk/Notice/63d0258e-1a82-4bb0-b775-75e9ab2d4a96-911991,2026-08-26T07:42:05.776411+00:00
Contracts Finder,ocds-b5fd17-32034397-5683-4672-8693-66b95c4a4320_da34cc07-d410-4ffc-8fa4-9781f239e2d5-911910,CSP26756,"***Please note this is an award notice, not a call for competition***

UK Research and Innovation have a requirement to bring in a Principal Enterprise Architect on a temporary basis. This has been sourced via direct award against CCS RM6277 Non Clinical Staffing.",UK SHARED BUSINESS SERVICES LIMITED,,291456.0,GBP,2026-08-25,2026-08-06,awardUpdate,complete,79620000,https://www.contractsfinder.service.gov.uk/Notice/da34cc07-d410-4ffc-8fa4-9781f239e2d5-911910,2026-08-26T07:42:05.776592+00:00
Contracts Finder,ocds-b5fd17-18501d47-0c12-4e43-b4f7-238c1efc0841_53b880fc-3ce1-4a0a-9208-833f25f7c903-911989,Awarded Contract,"Tamworth Borough Council has awarded a contract to Softcat PLC using the NOE CPC Provision of Total Technology Solutions Framework to provide Zscaler products and services. The contract term will be 2 years with the option to extend for a further 1 year. The contract commenced on the 31 July 2026. The value of the contract will be £52,313.62.",Tamworth Borough Council,,52313.62,GBP,2026-08-25,2026-07-30,award,complete,48000000,https://www.contractsfinder.service.gov.uk/Notice/53b880fc-3ce1-4a0a-9208-833f25f7c903-911989,2026-08-26T07:42:05.776775+00:00
Contracts Finder,ocds-b5fd17-f8c2b825-36aa-43b9-87db-3518b2d158d0_11d4cf63-e077-4dd3-9ab9-df251cbc12f7-911990,PDF Framework - A66 Ramsay Brow to Stainburn Rbt,PDF Framework - A66 Ramsay Brow to Stainburn Rbt,National Highways Limited,,492815.16,GBP,2026-08-25,2026-07-27,award,complete,45233210,https://www.contractsfinder.service.gov.uk/Notice/11d4cf63-e077-4dd3-9ab9-df251cbc12f7-911990,2026-08-26T07:42:05.776979+00:00
Contracts Finder,ocds-b5fd17-fa402fdc-6cbf-4777-bf75-7c98d2efdac0_ad136038-7e22-4686-bd4c-6ed05af8c4b4-911817,Parking Correspondence System,"An automated correspondence system to support parking enforcement and PCN processing, enabling the consistent, accurate and policy compliant generation of response letters to motorists across all stages of enforcement.

Call Off from GCA Framework agreement RM1557.14.",North Yorkshire Council,,88512.0,GBP,2026-08-25,2026-03-31,award,complete,98351110,https://www.contractsfinder.service.gov.uk/Notice/ad136038-7e22-4686-bd4c-6ed05af8c4b4-911817,2026-08-26T07:42:05.777170+00:00
Contracts Finder,ocds-b5fd17-a31c0f70-fd84-4eb2-bef3-5b2913374df2_a4bb5bf1-6ffd-4878-97e7-2a08da28dea3-911988,Social Media Management Tool,"Social media management solution for effective management of all outbound social media content, evaluation and social media contact. 

Call off from the BLC-0189 Social Media Management Platform Framework.",Greater Manchester Police,,106104.6,GBP,2026-08-25,2026-08-01,award,complete,48000000,https://www.contractsfinder.service.gov.uk/Notice/a4bb5bf1-6ffd-4878-97e7-2a08da28dea3-911988,2026-08-26T07:42:05.777353+00:00
Contracts Finder,ocds-b5fd17-7deb34b9-f0a4-46d0-b6b9-e4d79e05ffca_19d8bef5-3937-421d-9a5b-13c1bcab27ac-911987,Taxi and MPV (1-8 seats) Passenger Assistant - Taxi and MPV (1-8 seats) Passenger Assistant,"Vehicle type: WAV vehicle
Passenger Assistant Required: PA required.

Proposed Taxi Route: 
From: BN22 9SF
To: St Catherines College, BN23 7EJ
Frequency: Monday to Friday
Daily School Time: Mon - Fri 08:40-15:25

Comments for Operator: 
PA required and wheelchair folding manual Invacare. Action 3 Junior Evolutive 21K05004383 13kg.
 This opportunity has been distributed on SProc.net",East Sussex County Council,,,GBP,2026-08-25,2026-08-25,award,complete,60000000,https://www.contractsfinder.service.gov.uk/Notice/19d8bef5-3937-421d-9a5b-13c1bcab27ac-911987,2026-08-26T07:42:05.777529+00:00
Contracts Finder,ocds-b5fd17-293ac6f0-6fe3-4ab8-b264-b247af3b0c5b_4c63fb66-9003-448c-b880-8c85931c2c1b-911984,Provision of i2 Licences and Associated Services,"The SIA is accessing Bluelight Commercial Limited's contract - 2024/S 000-034517 VEAT notice refers.
BlueLight Commercial Ltd (the ""Authority"") intends to enter into an agreement with Commerce Decisions Ltd (the ""Supplier"") for the provision of i2 licences, support, consultancy and associated services for i2 products. The Authority is entering into this contract as a national contracting body for UK Policing and wider public sector agencies who have expressed an interest in participating in a s",Security Industry Authority,,145000.31,GBP,2026-08-25,2024-10-01,awardUpdate,complete,48100000,https://www.contractsfinder.service.gov.uk/Notice/4c63fb66-9003-448c-b880-8c85931c2c1b-911984,2026-08-26T07:42:05.777710+00:00
Contracts Finder,ocds-b5fd17-f584cd29-baa1-44d6-9c6e-9045bd1661f2_a1ef451a-29c9-4b33-b74b-08d9873adcec-911985,GB-York: Sports Campus Padel Canopy Installation,"With the recent addition of an outdoor Padel facility, and plans to expand, the University is now seeking to contract for the supply and installation of a canopy to protect the facility and decrease weather‐related shutdowns. York St John intends that the facility remains operational for as much of the construction period as is reasonably practicable.

Additional information: The contracting authority considers that this contract may be suitable for economic operators that are small or medium ",York St John University,100000.0,500000.0,GBP,2026-08-25,2026-09-14,tender,active,45212200,https://www.contractsfinder.service.gov.uk/Notice/a1ef451a-29c9-4b33-b74b-08d9873adcec,2026-08-26T07:42:05.777897+00:00
Contracts Finder,ocds-b5fd17-32f14338-4cb5-4d97-a039-228da0dc3576_239675ad-1dda-4599-a6ba-bfaee5f5416c-911982,Events booking service,"Venue Find & Supporting Services for Meetings, Conferences & Events",Security Industry Authority,,480000.0,GBP,2026-08-25,2026-01-05,awardUpdate,complete,55100000,https://www.contractsfinder.service.gov.uk/Notice/239675ad-1dda-4599-a6ba-bfaee5f5416c-911982,2026-08-26T07:42:05.778103+00:00
Contracts Finder,ocds-b5fd17-0b2f217a-bc92-4558-b15a-86c4c441b3d0_8f7e5ce7-4628-416a-80b2-fb52bbc52c9e-911980,Gregory Batch 16,"Adaption work across multiple residential buildings, works include:\r
Stairlifts, Level Access Showers and a Wash-Dry Toilet.

Additional information: 
https://londonconstructionprogramme.co.uk/services/dynamic-purchasing-systems/",London Borough of Haringey,,65000.0,GBP,2026-08-25,2026-09-03,tender,active,45000000,https://www.contractsfinder.service.gov.uk/Notice/8f7e5ce7-4628-416a-80b2-fb52bbc52c9e,2026-08-26T07:42:05.778291+00:00
Contracts Finder,ocds-b5fd17-d27ff5f4-0a2e-49b0-9e61-6051231d8964_3432372e-3cea-4f32-bc0c-199912fdb937-911978,AHP Agency - Hard to Fill Roles - PSL,"Provision of Agency Support for AHP hard to fill roles as a tier 2 PSL supplier. Via RM6281 - Provision of Clinical and Healthcare Staffing: Lot 3 AHP, HSS and Emergency",United Lincolnshire Teaching Hospitals NHS Trust,53615.0,250000.0,GBP,2026-08-25,2026-06-22,award,complete,79000000,https://www.contractsfinder.service.gov.uk/Notice/3432372e-3cea-4f32-bc0c-199912fdb937-911978,2026-08-26T07:42:05.778473+00:00
Contracts Finder,ocds-b5fd17-27d4da7f-3016-42fa-8545-e91cf594466e_3fc841c9-1c44-4d28-81fc-16eb8986c902-884784,Proactive UK Supply Order - Sept 2025,"Call off order via NWUPC Broadcasting Equipment and Integration Services- Lot 1 

Sony a7 IV Mirrorless Camera with 24-105	
Sony XLRK3M Audio Adapter Kit	
Sony NP-FZ100 Rechargeable Lithium-Ion B	
Sony BC-ZD1 Dual Battery Charger - FZ100	
Manfrotto MVH500AH & 190X ALU VIDEO KIT	
K&F Concept 77mm Variable ND2-32 Filter	
Sachtler Shell Camera Backpack	
SmallRig Basic Cage Kit for Sony Alpha 7	
Sennheiser HD 200 PRO Stereo headphones	
Sony FE 70-200mm F/4 G OSS Lens	
Sirui SVM Rapid Sys",BATH SPA UNIVERSITY,,65984.4,GBP,2026-08-25,2025-09-15,award,complete,32000000,https://www.contractsfinder.service.gov.uk/Notice/3fc841c9-1c44-4d28-81fc-16eb8986c902-884784,2026-08-26T07:42:05.778663+00:00
Contracts Finder,ocds-b5fd17-2c8a39d0-c985-409c-9903-c139142c4ad6_53e8f7be-bbac-424a-bd05-3151ea44502d-911977,GB-Sheffield: Project Sky,"Legal service Project Sky this has been procured inline with the banks standard financial instruction.

Additional information: British Business Bank Plc, registered in England and Wales, registration number 08616013, registered office Steel City House, West Street, Sheffield, S1 2GQ, a development bank wholly owned by the HM Government. It and its subsidiaries are not banking institutions and do not operate as such. With the exception of BBB Investment Services Limited they are not authorised",British Patient Capital Ltd,,42000.0,GBP,2026-08-25,2026-08-01,award,complete,79100000,https://www.contractsfinder.service.gov.uk/Notice/53e8f7be-bbac-424a-bd05-3151ea44502d-911977,2026-08-26T07:42:05.778855+00:00
Contracts Finder,ocds-b5fd17-72a5c1f3-94aa-47c9-a192-53e3e56ee127_f130e01c-3c82-4eff-95e2-c90018faef90-911975,GB-Sheffield: Project Black,"Legal service Project Black has been procured inline with the banks standard financial instruction.

Additional information: British Business Bank Plc, registered in England and Wales, registration number 08616013, registered office Steel City House, West Street, Sheffield, S1 2GQ, a development bank wholly owned by the HM Government. It and its subsidiaries are not banking institutions and do not operate as such. With the exception of BBB Investment Services Limited they are not authorised or",British Business Investments Limited,,60000.0,GBP,2026-08-25,2026-06-18,award,complete,79100000,https://www.contractsfinder.service.gov.uk/Notice/f130e01c-3c82-4eff-95e2-c90018faef90-911975,2026-08-26T07:42:05.779058+00:00
Contracts Finder,ocds-b5fd17-540b3fc4-cdf6-4f4d-a509-2247408c597d_be58fd8e-451a-4669-8848-3c3cb258394f-911974,Provision of Interview Recording/Body Worn Video Devices,"This requirement is to supply services and goods for devices/hardware and software for the operational use of PACE compliant interview recording/Body Worn Video devices by the Security Industry Authority. The solution must be provided as a cloud hosted solution, preferably via the Software as a Service (SaaS) delivery model.",Security Industry Authority,,47342.4,GBP,2026-08-25,2025-03-06,awardUpdate,complete,32000000,https://www.contractsfinder.service.gov.uk/Notice/be58fd8e-451a-4669-8848-3c3cb258394f-911974,2026-08-26T07:42:05.779246+00:00
Contracts Finder,ocds-b5fd17-0b95b913-c262-45e9-90b8-280cc8199dbf_8638f826-dfc9-413a-be6b-d46efef4b413-911971,Grounds Tender EPT-85046,"The upkeep of sports field grass and general grass areas to ensure they remain safe, tidy, and visually appealing. Sports fields are maintained with appropriate marking for activities and the installation and care of sports field posts as required. Hedges and shrubs across all sites are trimmed and shaped regularly to maintain aesthetics and safety. Weed control is carried out using approved treatments across grassed and hard-surfaced areas. Where applicable, astro turf surfaces are cleaned and ",ST BART'S MULTI ACADEMY TRUST,,92000.0,GBP,2026-08-25,2026-05-08,award,complete,77314000,https://www.contractsfinder.service.gov.uk/Notice/8638f826-dfc9-413a-be6b-d46efef4b413-911971,2026-08-26T07:42:05.779428+00:00
Contracts Finder,ocds-b5fd17-4608b242-d81f-4271-a4f5-e923a53e06a2_7bd00de4-d10f-41a8-8274-012310f74fad-910426,Explorance Blue - Student Module Evaluation System,"Explorance Blue Subscription - a fully integrated platform that helps automate the collection, analysis, and distribution of insights from Student Module feedback initiatives. 

Maximum term of five (5) years on a 3 +1 +1 agreement",BATH SPA UNIVERSITY,,140958.0,GBP,2026-08-25,2023-06-30,award,complete,48000000,https://www.contractsfinder.service.gov.uk/Notice/7bd00de4-d10f-41a8-8274-012310f74fad-910426,2026-08-26T07:42:05.779609+00:00
Contracts Finder,ocds-b5fd17-81f2da03-4461-4583-b297-b3ddf2b9a25a_6c9bb667-5051-449b-87eb-af708e3f05a6-911973,Provision of DX Courier Services,The CPS requirement for the provision of courier services was awarded to DX Network Services Limited on 1st April 2026 for the contract value of £553840 (excluding VAT).,CPS,,553840.0,GBP,2026-08-25,2026-03-24,award,complete,64110000,https://www.contractsfinder.service.gov.uk/Notice/6c9bb667-5051-449b-87eb-af708e3f05a6-911973,2026-08-26T07:42:05.779790+00:00
Contracts Finder,ocds-b5fd17-cbc27f15-adf3-4dfa-870b-0da28e13ea91_757efca8-f662-4914-bac6-87cf3150607b-894339,POC Radios,Implementation of a UK wide digital radio system to support the work of frontline operational staff.,Security Industry Authority,,81831.6,GBP,2026-08-25,2026-02-11,award,complete,32000000,https://www.contractsfinder.service.gov.uk/Notice/757efca8-f662-4914-bac6-87cf3150607b-894339,2026-08-26T07:42:05.779991+00:00
Contracts Finder,ocds-b5fd17-2a917551-a33e-4aee-a912-7ef888c4cb76_0c585a4c-2b88-449f-b38b-d5e850aec7f0-911972,AB Scientific Consumables Contract,AB Scientific Consumables Contract,UK Health Security Agency,,25000.0,GBP,2026-08-25,2026-08-17,award,complete,33696500,https://www.contractsfinder.service.gov.uk/Notice/0c585a4c-2b88-449f-b38b-d5e850aec7f0-911972,2026-08-26T07:42:05.780179+00:00
Contracts Finder,ocds-b5fd17-b3233bd6-6c4a-49a5-aa59-abbd233e393a_3ce2d795-dd89-4a6c-9273-724cea815b04-909726,TD2364 - Legal Case Management system,The contract to supply Legal Case Management and Time Recording software and associated services was awarded via a Call-Off from the G-Cloud 14 Framework.,DERBY CITY COUNCIL,146600.0,336184.0,GBP,2026-08-25,2026-06-17,award,complete,48000000,https://www.contractsfinder.service.gov.uk/Notice/3ce2d795-dd89-4a6c-9273-724cea815b04-909726,2026-08-26T07:42:05.780362+00:00
Contracts Finder,ocds-b5fd17-116cea1c-db79-4201-945d-1878e3c537d5_5e7bffea-dee2-4e7f-a80c-21efbcb70cd8-910221,ENQ1369 - Procurement of an Apprenticeship Programme,"This contract was awarded for the procurement of the following Apprenticeship Programme:

Environmental Health Practitioner, Level 6.

Call off from Commercial Services Apprenticeship Provider Dynamic Marketplace Framework (RM6102)",DERBY CITY COUNCIL,,22000.0,GBP,2026-08-25,2026-08-07,award,complete,80300000,https://www.contractsfinder.service.gov.uk/Notice/5e7bffea-dee2-4e7f-a80c-21efbcb70cd8-910221,2026-08-26T07:42:05.780543+00:00
Contracts Finder,ocds-b5fd17-351b5f30-2aa5-4a07-b43d-d18ef7de9810_8775eb18-7460-485f-8491-8d513b599e37-911970,"QOC935 0900 2026-08-21 Reydon -  Kings Dam project, Gillingham (4-seated vehicle required) - AWARD","Suffolk County Council is seeking a mini competition against the following Dynamic Purchasing System: `The supply of Passenger Transport Services`, OJEU Notice Id: 2018/S 031-067685.
      
      QOC935 0900 2026-08-21 Reydon -  Kings Dam project, Gillingham (4-seated vehicle required)
      
      Further details can be found in the 'Tenders / My Tenders' area of this website, by selecting the 'View Details' button for this project.
      
      The deadline for returned submissions is 09",Suffolk County Council Passenger Transport,,,GBP,2026-08-25,2026-08-21,award,complete,60000000,https://www.contractsfinder.service.gov.uk/Notice/8775eb18-7460-485f-8491-8d513b599e37-911970,2026-08-26T07:42:05.780728+00:00
Contracts Finder,ocds-b5fd17-6e0e860d-c5c3-4de7-8c7f-6967f3de417a_65cc4d7c-569c-444b-aa8e-4c97c04399e5-910234,ENQ1371 - Procurement of seven Apprenticeship Programmes,"This contract was awarded for the procurement of the following seven Apprenticeship Programmes:

Children, Young People and Family Manager, Level 5 - 2 places.

Children Young People and Families Practitioner, Level 4 - 5 places.

Call off from Commercial Services Apprenticeship Provider Dynamic Marketplace Framework (RM6102)",DERBY CITY COUNCIL,,42000.0,GBP,2026-08-25,2026-07-15,award,complete,80300000,https://www.contractsfinder.service.gov.uk/Notice/65cc4d7c-569c-444b-aa8e-4c97c04399e5-910234,2026-08-26T07:42:05.780910+00:00
Contracts Finder,ocds-b5fd17-e3b8fb23-ab6d-4e25-87d0-fe2aee76baa2_f947a60d-82c9-48b2-af99-b1f5464aef7e-911969,WHTHT - PMOK WACS Water Treatment Maintenance,Contract for PMOK WACS Water Treatment Maintenance for WHTHT. Procured under the Reference SBS10509 Lot 4,WEST HERTFORDSHIRE TEACHING HOSPITALS NHS TRUST,50550.0,60000.0,GBP,2026-08-25,2026-06-16,award,complete,45232430,https://www.contractsfinder.service.gov.uk/Notice/f947a60d-82c9-48b2-af99-b1f5464aef7e-911969,2026-08-26T07:42:05.781137+00:00
Contracts Finder,ocds-b5fd17-6948eff8-5143-44c3-b5ce-a4f364c18d61_ceb1a6bb-4fb2-4238-8573-cc0fefe0e1ab-910205,ENQ1368 - Procurement of Apprenticeship Programme,"This contract was awarded for the procurement of the following four Apprenticeship Programmes:

Business and Administration, Level 3 - 2 places.

Team Leader, Level 3 - 2 places.

Call off from YPO Apprenticeships 1086",DERBY CITY COUNCIL,,20000.0,GBP,2026-08-25,2026-04-22,award,complete,80200000,https://www.contractsfinder.service.gov.uk/Notice/ceb1a6bb-4fb2-4238-8573-cc0fefe0e1ab-910205,2026-08-26T07:42:05.781322+00:00
Contracts Finder,ocds-b5fd17-c31e9ab5-d65c-4d7b-9a1f-c74b79e87af0_3465e140-f440-4b16-96f8-c5a1f285b11d-911964,Provision of Cisco Enterprise Agreement for hardware and software plus support and maintenance,"Provision of Cisco Enterprise Agreement for the supply of support and maintenance for existing hardware and software, plus software subscription licensing including Splunk (£23M incl. VAT). 

In addition, there is the optional capability to supply new hardware, software and subscription licences plus associated support and maintenance as required over the 5 year term (£29.8M incl. VAT).",BANK OF ENGLAND,,52800000.0,GBP,2026-08-25,2026-06-17,award,complete,72500000,https://www.contractsfinder.service.gov.uk/Notice/3465e140-f440-4b16-96f8-c5a1f285b11d-911964,2026-08-26T07:42:05.781505+00:00
Contracts Finder,ocds-b5fd17-87709084-32dc-4334-8c17-1cc98ec5332b_e799b938-55d0-4705-862d-22729585a389-911966,Ordnance Munitions and Explosives Apprenticeship,Training Provider for the Ordnance Munitions and Explosives Apprenticeship. The provider will be responsible for delivering both the academic element and apprenticeship training in accordance with the Skills England standards ST0833 & ST0574 (academic levels 4 and 6 respectively).,Ministry of Defence,,980000.0,GBP,2026-08-25,2026-05-13,award,complete,79632000,https://www.contractsfinder.service.gov.uk/Notice/e799b938-55d0-4705-862d-22729585a389-911966,2026-08-26T07:42:05.781688+00:00
Contracts Finder,ocds-b5fd17-e7958bd0-e28c-46b0-ad07-84346889375a_85f10c6f-6373-4dfc-afc1-e5f126a0cef3-911960,ECA Call-Off 002,ECA Call-Off contract 002 for legal advisory services.,UK EXPORT FINANCE,,428000.0,GBP,2026-08-25,2026-07-15,award,complete,79111000,https://www.contractsfinder.service.gov.uk/Notice/85f10c6f-6373-4dfc-afc1-e5f126a0cef3-911960,2026-08-26T07:42:05.781869+00:00
Contracts Finder,ocds-b5fd17-4c71f4a3-750b-490c-8661-2ee0b093bdbb_c7661eed-c538-407e-b3ae-fbf8240e5826-911962,Remedial roofing and other related works at Avondale Park Primary School,"Urgent remedial works is required at Avondale Park Primary School to ensure the building is watertight, safe, and fit for continued use.

The scope of works includes:

-	Access and enabling works, including scaffolding
-	Flat and pitched roof renewal and repairs
-	Replacement of defective windows, doors and cladding
-	Associated brickwork and stonework repairs
-	Improvements to waterproofing, drainage and roof detailing

Additional information: 
The procurement process was undertaken ",Westminster City Council,,442809.08,GBP,2026-08-25,2026-06-25,award,complete,45261910,https://www.contractsfinder.service.gov.uk/Notice/c7661eed-c538-407e-b3ae-fbf8240e5826-911962,2026-08-26T07:42:05.782076+00:00
Contracts Finder,ocds-b5fd17-05a5a70c-3123-4046-803e-87a96e5d767a_d44b54f1-2371-4f7f-971e-e9c8cebe9e55-911961,Scanner Support & Maintenance,"Microfilm scanning equipment and associated service/support.
Canon & Konica scanning machines with twice yearly servicing.

Additional information: 
Contract awarded in March 2024 following open and fair mini-competition via Crown Commercial Service Framework RM6098 Lot 1.
Notice issued for compliance regulation.",Home Office,,78137.0,GBP,2026-08-25,2024-02-01,award,complete,30216110,https://www.contractsfinder.service.gov.uk/Notice/d44b54f1-2371-4f7f-971e-e9c8cebe9e55-911961,2026-08-26T07:42:05.782265+00:00
Contracts Finder,ocds-b5fd17-1d5c99e3-1493-4eac-a5c1-bd7ac97431ba_d71425fa-8f18-4022-9a1f-92d8bd52dd39-911959,Tenable One,Tenable One software renewal,Met Office,,244974.84,GBP,2026-08-25,2026-06-16,award,complete,48700000,https://www.contractsfinder.service.gov.uk/Notice/d71425fa-8f18-4022-9a1f-92d8bd52dd39-911959,2026-08-26T07:42:05.782448+00:00
Contracts Finder,ocds-b5fd17-7988c6f2-7bfb-449d-9858-27b3a2c6c0cc_86477c1c-be53-483f-81d0-3d1f80d32d57-910199,ENQ1367 - Procurement of 1 x AAT L3 Apprenticeship,"This contract was awarded for the procurement of the following Apprenticeship Programme:

Assistant Accountant, Level 3.

Call off from Commercial Services Apprenticeship Provider Dynamic Marketplace Framework (RM6102)",DERBY CITY COUNCIL,,12000.0,GBP,2026-08-25,2026-06-19,award,complete,80200000,https://www.contractsfinder.service.gov.uk/Notice/86477c1c-be53-483f-81d0-3d1f80d32d57-910199,2026-08-26T07:42:05.782637+00:00
Contracts Finder,ocds-b5fd17-d44b7900-b2d4-4d67-8131-4add38423187_ea4def39-daa4-4a90-b35a-bb87e9693a1f-910194,ENQ1366 - Procurement of Apprenticeship Programmes,"This contract was awarded for the procurement of the following four Apprenticeship Programmes:

Chartered Manager Level 6 - 4 places.

Call off from YPO Apprenticeships and Associated Training Framework - 1086",DERBY CITY COUNCIL,,88000.0,GBP,2026-08-25,2026-08-07,award,complete,80300000,https://www.contractsfinder.service.gov.uk/Notice/ea4def39-daa4-4a90-b35a-bb87e9693a1f-910194,2026-08-26T07:42:05.782819+00:00
Contracts Finder,ocds-b5fd17-37cf28d3-ccd2-4aa4-bf28-c37be59f5eaf_08c2985b-17be-4e68-bcf7-988f4fa3df25-910181,ENQ1365 - Apprenticeship Programme Procurement,"This contract was awarded for the procurement of the following six Apprenticeship Programmes:

Team Leader Level 3 - 3 places.

Operations Manager Level 5 - 3 places.

Call off from YPO Apprenticeships and Associated Training Framework - 1086",DERBY CITY COUNCIL,,42000.0,GBP,2026-08-25,2026-06-29,award,complete,80200000,https://www.contractsfinder.service.gov.uk/Notice/08c2985b-17be-4e68-bcf7-988f4fa3df25-910181,2026-08-26T07:42:05.783020+00:00
Contracts Finder,ocds-b5fd17-56718c9c-979d-4fc2-86db-59b95dbab65f_3945b39e-0e95-416d-91b9-8bac7df0f8e4-911955,Castleford Five Towns Skills Hub PCSA,"Pre-construction services agreement for design and refurbishment of Five Towns building for educational purposes in Castleford, West Yorkshire.",WAKEFIELD COUNCIL,,480083.59,GBP,2026-08-25,2026-05-29,award,complete,71530000,https://www.contractsfinder.service.gov.uk/Notice/3945b39e-0e95-416d-91b9-8bac7df0f8e4-911955,2026-08-26T07:42:05.783207+00:00
Contracts Finder,ocds-b5fd17-e0220343-6177-4ee8-b1e3-3623b87b0eb1_30a9dac2-47be-4265-97dc-c8794e03e78c-910162,ENQ1364 - Procure Apprenticeship Programmes,"This contract was awarded for the procurement of the following six Apprenticeship Programmes:

Team Leader, Level 3 - 5 places.

Occupational Therapy Assistant Practitioner, Level 5 - 1 place.",DERBY CITY COUNCIL,,49000.0,GBP,2026-08-25,2026-05-16,award,complete,80000000,https://www.contractsfinder.service.gov.uk/Notice/30a9dac2-47be-4265-97dc-c8794e03e78c-910162,2026-08-26T07:42:05.783388+00:00
Contracts Finder,ocds-b5fd17-78ba0233-1955-4583-a237-dacd6f89a9e3_addc0e03-3e5f-461b-b944-46f5fba39ed0-911958,Radiology Dicom Studies Lung Cancer Screening test,Radiology Dicom Studies Lung Cancer Screening test. The test enable potential modules and areas of concern from low-dose CT scans.,The Leeds Teaching Hospitals NHS Trust,600000.0,1575000.0,GBP,2026-08-25,2026-08-26,award,complete,72000000,https://www.contractsfinder.service.gov.uk/Notice/addc0e03-3e5f-461b-b944-46f5fba39ed0-911958,2026-08-26T07:42:05.783573+00:00
Contracts Finder,ocds-b5fd17-3915afee-9810-4968-ba3f-ef85f415436e_873476fe-770a-43e2-b6bb-829348f9f98c-911957,Dungeness A Boilers Project - Demolition of DAMAL Laboratory,Award notice for Dungeness A Boilers Project - Demolition of DAMAL Laboratory C27586,Nuclear Restoration Services,,1233124.0,GBP,2026-08-25,2026-04-02,award,complete,45111000,https://www.contractsfinder.service.gov.uk/Notice/873476fe-770a-43e2-b6bb-829348f9f98c-911957,2026-08-26T07:42:05.783754+00:00
Contracts Finder,ocds-b5fd17-a6239f03-8dbf-47fe-8758-03cbfa7bc254_fab8d2ee-e924-45c9-94ab-c75807c2df7a-911954,New retaining wall to Carlton Parish Church,"Removal of existing church boundary retaining wall and pier and erection of new retaining wall and pier using existing bricks and capping stones where possible.

Additional information: The job involves work in the Highway, so any contractor will be required to comply with Leics CC regulations regarding licences and qualified operatives.

The existing retained soil will be battered back at 45 degrees, the Austrian pine tree will be removed and the wall will be taken down to ground level by v",HAYWARD ARCHITECTS LIMITED,,20000.0,GBP,2026-08-25,2026-09-25,tender,active,45000000,https://www.contractsfinder.service.gov.uk/Notice/fab8d2ee-e924-45c9-94ab-c75807c2df7a,2026-08-26T07:42:05.783958+00:00
Contracts Finder,ocds-b5fd17-90a89c3f-963b-480b-aa68-4f34d164d69d_da9c80f1-0914-496e-9954-948472340e6b-911953,UKHSA Unified Infection Dataset (UID) support,Support service for ongoing maintenance and development of the Unified Infection Dataset (UID),UK Health Security Agency,,63000.0,GBP,2026-08-25,2026-08-21,award,complete,72000000,https://www.contractsfinder.service.gov.uk/Notice/da9c80f1-0914-496e-9954-948472340e6b-911953,2026-08-26T07:42:05.784148+00:00
Contracts Finder,ocds-b5fd17-679170f5-3b3c-4c86-83eb-d04db6646daf_c6e1c7fd-3bfd-4a1f-ac28-bf9297d74962-911950,Invitation to Tender - Communities of Practice Development,"CONTEXT
Nature Towns and Cities is a UK-wide mission to bring nature and green space to urban areas for everyone's benefit. It is backed by coalition of public, private and third sector organisations committed to putting accessible nature at the heart of vibrant, healthy, resilient places and communities, focusing on those areas that will benefit the most. Over the next 10 years we're aiming to help 5 million more people enjoy better access to green and blue space close to home, and 1 million m",THE NATIONAL TRUST FOR PLACES OF HISTORIC INTEREST OR NATURAL BEAUTY,,50000.0,GBP,2026-08-25,2026-09-18,tender,active,73000000,https://www.contractsfinder.service.gov.uk/Notice/c6e1c7fd-3bfd-4a1f-ac28-bf9297d74962,2026-08-26T07:42:05.784333+00:00
Contracts Finder,ocds-b5fd17-d24a7c35-6e85-446e-a7f8-1e921b50ea51_33fd091a-36b6-4787-9413-70b5c8fca9e1-911952,Contract Award - Art Transport - Black Planet (Lot 4),Award of Contract for Worldwide Fine Art Transport and Dispersal Services for Project A Black Planet,The Mayor and Commonalty and Citizens of the City of London,,215289.03,GBP,2026-08-25,2026-07-28,award,complete,60000000,https://www.contractsfinder.service.gov.uk/Notice/33fd091a-36b6-4787-9413-70b5c8fca9e1-911952,2026-08-26T07:42:05.784519+00:00
Contracts Finder,ocds-b5fd17-80f6b396-1101-42f3-88ec-38c383d28f2a_9bbbef38-99d8-489a-9cff-f341246cfa03-911951,Salary Sacrifice Additional Voluntary Contributions,Salary Sacrifice Additional Voluntary Contributions,Milton Keynes Council,,150000.0,GBP,2026-08-25,2026-06-12,award,complete,66520000,https://www.contractsfinder.service.gov.uk/Notice/9bbbef38-99d8-489a-9cff-f341246cfa03-911951,2026-08-26T07:42:05.784700+00:00
Contracts Finder,ocds-b5fd17-ac9b56e6-75cd-4399-877a-ad138f193302_f63b34a6-d5c5-4a8e-9bfc-c4a05d2299a2-911949,"QIP410 0900 2026-08-19 Wattisfield - New skill centre, Ipswich (4-seated vehicle required) - AWARD","Suffolk County Council is seeking a mini competition against the following Dynamic Purchasing System: `The supply of Passenger Transport Services`, OJEU Notice Id: 2018/S 031-067685.
      
      QIP410 0900 2026-08-19 Wattisfield - New skill centre, Ipswich (4-seated vehicle required)
      
      Further details can be found in the 'Tenders / My Tenders' area of this website, by selecting the 'View Details' button for this project.
      
      The deadline for returned submissions is  0",Suffolk County Council Passenger Transport,,,GBP,2026-08-25,2026-08-19,award,complete,60000000,https://www.contractsfinder.service.gov.uk/Notice/f63b34a6-d5c5-4a8e-9bfc-c4a05d2299a2-911949,2026-08-26T07:42:05.784874+00:00
Contracts Finder,ocds-b5fd17-d4d3159e-9540-4948-b5f5-1c5b24af80fb_04a01d5a-11f8-43f6-8095-9d721ab1d328-911895,Web Access Gateway,"92,000 Forcepoint Web Security Licences and enterprise support.",H M REVENUE & CUSTOMS,,1797831.18,GBP,2026-08-25,2026-06-05,award,complete,72700000,https://www.contractsfinder.service.gov.uk/Notice/04a01d5a-11f8-43f6-8095-9d721ab1d328-911895,2026-08-26T07:42:05.785077+00:00
Contracts Finder,ocds-b5fd17-188fce11-6969-4a72-ab74-250698d3609d_229e8779-d63f-4598-98f5-9b97f5f173fc-911948,Call off Contract Under Prison Education Dynamic Purchasing System for Barbering Courses for Prisoners at HMP Stafford,"Call off Contract Under Prison Education Dynamic Purchasing System for Barbering Courses for Prisoners at HMP Stafford. The supplier will deliver a barbering programme for prisoners that supports the development of vocational skills, employability, and progression into employment on release.",Ministry of Justice,,11825.0,GBP,2026-08-25,2026-08-10,award,complete,80000000,https://www.contractsfinder.service.gov.uk/Notice/229e8779-d63f-4598-98f5-9b97f5f173fc-911948,2026-08-26T07:42:05.785264+00:00
Contracts Finder,ocds-b5fd17-6022b504-d7f2-4eee-b133-f2c3866508cb_02039488-31df-4693-8bf1-53ba0d487839-911105,Druid's Heath Estate Regeneration Scheme - Contract Uplifts,"Birmingham City Council (the Council) awarded a contract procurement reference: P0540 - Druid's Heath Estate Regeneration Scheme - Contract Uplifts under the Framework agreement NHS Shared Business Services Healthcare Planning, Construction Consultancy and Ancillary Services Framework Agreement (NHS SBS).

The Council has carried out a contract modification, and the modifications are:-
• Modification to contract value

Reason for the variation:
To increase the contract value by £80,000 com",BIRMINGHAM CITY COUNCIL,,80000.0,GBP,2026-08-25,2023-01-03,award,complete,79111000,https://www.contractsfinder.service.gov.uk/Notice/02039488-31df-4693-8bf1-53ba0d487839-911105,2026-08-26T07:42:05.785445+00:00
Contracts Finder,ocds-b5fd17-05574374-c3cc-4b7d-b217-0133ed28b57d_a22fd657-281c-4516-9933-608ead2c31d9-911947,Provision of Neurophysiology Clinics,Provision of Neurophysiology Clinics,The Walton Centre NHS Foundation Trust,120000.0,240000.0,GBP,2026-08-25,2026-07-31,award,complete,85100000,https://www.contractsfinder.service.gov.uk/Notice/a22fd657-281c-4516-9933-608ead2c31d9-911947,2026-08-26T07:42:05.785628+00:00
Contracts Finder,ocds-b5fd17-c7b27292-91a4-48b0-8dfb-65ed5ecdc713_4b8b8c54-91f1-4203-b838-e46617c99d6b-911946,Call off Contract Under Prison Education Dynamic Purchasing System for Employability Courses for Prisoners at HMP Garth,Call off Contract Under Prison Education Dynamic Purchasing System for Employability Courses for Prisoners at HMP Garth. The supplier will deliver bespoke personal development and employability qualifications to prisoners working in our industry workshops which will provide them with industry recognised accreditation to evidence their experience for future employment on release.,Ministry of Justice,,16999.92,GBP,2026-08-25,2026-05-28,award,complete,80000000,https://www.contractsfinder.service.gov.uk/Notice/4b8b8c54-91f1-4203-b838-e46617c99d6b-911946,2026-08-26T07:42:05.785810+00:00
Contracts Finder,ocds-b5fd17-506e617a-a518-4c98-86d1-93e844822d42_3f20a5c8-463a-4752-8ab3-5e5508976251-911932,Cost-benefit Analysis for Telecoms Needs of Infrastructure Services,Cost-benefit Analysis for Telecoms Needs of Infrastructure Services Project,HM TREASURY,,182200.0,GBP,2026-08-25,2026-07-09,award,complete,73000000,https://www.contractsfinder.service.gov.uk/Notice/3f20a5c8-463a-4752-8ab3-5e5508976251-911932,2026-08-26T07:42:05.786010+00:00
Contracts Finder,ocds-b5fd17-4b4ed322-641f-4956-9ef5-de61de329af7_4cbff14e-c0cf-464b-aeae-37298e957e6d-911933,The Supply of a Digital Forensics Service,The Supply of a Digital Forensics Service,"Police, Fire & Crime Commissioner for Staffordshire",,,GBP,2026-08-25,2026-06-30,award,complete,79720000,https://www.contractsfinder.service.gov.uk/Notice/4cbff14e-c0cf-464b-aeae-37298e957e6d-911933,2026-08-26T07:42:05.786193+00:00
Contracts Finder,ocds-b5fd17-4673bc16-892e-453f-8fb9-c7d552168489_20f5ed1a-200b-4178-a991-e5ee771a4466-911931,Compliance & Facilities Officer,"Contingent Labour - This is for an interim role, Compliance & Facilities Officer to cover within MCA Estates.",MCA - Maritime and Coastguard Agency,,23930.4,GBP,2026-08-25,2026-07-19,award,complete,79620000,https://www.contractsfinder.service.gov.uk/Notice/20f5ed1a-200b-4178-a991-e5ee771a4466-911931,2026-08-26T07:42:05.786382+00:00
Contracts Finder,ocds-b5fd17-907b1945-bca1-4025-bf4f-fb3085201514_fe9e0b31-4c18-4734-bc99-05c88f4222ce-911930,37176 -ELLESMERE COLLEGE,"This contract is for the provision of transport services - journey stated in the title of this notice. It has been awarded following a Mini Competition under Council's Dynamic Purchasing System (DPS) PAN3059 - Passenger Transport Services.

 

To find out more about this DPS and how to provide taxi services to the Council, please see Taxi firms tendering for contracts (leicester.gov.uk)



Additional information: 
At the point of award, we are no longer seeking tenders.",Leicester City Council,,46800.0,GBP,2026-08-25,2026-08-25,award,complete,60120000,https://www.contractsfinder.service.gov.uk/Notice/fe9e0b31-4c18-4734-bc99-05c88f4222ce-911930,2026-08-26T07:42:05.786563+00:00
Contracts Finder,ocds-b5fd17-e81b992e-f32d-49a9-9215-847bef742d4c_c81d531d-b6e8-42b2-89de-7a264f95ee67-911927,Contaminated Land Remediation Consultancy,"Additional Ground Investigations and Development of Remediation Strategy for New Bradwell HWRC Contaminated Land
•	Tranche 1 - Further Characterisation and Assessment: Investigation and Development of Remediation Strategy (July-September)
•	Tranche 2 - Remediation Contractor Procurement Support: Earthworks Specification and Procurement for Main Works (August - October)",Milton Keynes Council,,61819.04,GBP,2026-08-25,2026-06-19,award,complete,71351200,https://www.contractsfinder.service.gov.uk/Notice/c81d531d-b6e8-42b2-89de-7a264f95ee67-911927,2026-08-26T07:42:05.786745+00:00
Contracts Finder,ocds-b5fd17-25a20a8b-caa9-4a19-8855-39aa247c7b10_2e0a383e-5397-40b2-94d7-d174dd9c2fad-911929,C2P Programme - Business Analyst,Business Analyst Contractor for the C2P Programme.,MCA - Maritime and Coastguard Agency,,78575.68,GBP,2026-08-25,2026-07-29,award,complete,79620000,https://www.contractsfinder.service.gov.uk/Notice/2e0a383e-5397-40b2-94d7-d174dd9c2fad-911929,2026-08-26T07:42:05.786947+00:00
Contracts Finder,ocds-b5fd17-c6baba2d-e3fa-4dda-bae4-d7e5241a48c3_9f4c37b1-d42b-4369-a495-088bff34c0cb-911928,School improvement and Universal RISE Survey_proj_10421,To conduct cross-sectional surveys of school leaders on school improvement.  This is one component of a wider evaluation plan for the government's Universal RISE (Regional Improvement for Standards and Excellence) school improvement service.,Department for Education,,148497.0,GBP,2026-08-25,2026-06-12,award,complete,73000000,https://www.contractsfinder.service.gov.uk/Notice/9f4c37b1-d42b-4369-a495-088bff34c0cb-911928,2026-08-26T07:42:05.787141+00:00
Contracts Finder,ocds-b5fd17-fe5b6ae7-b531-4ad0-868d-ff2ea093d28d_a32c67bc-0438-4c8e-91b9-3f03d459e8dc-911926,Bangladesh Carbon Market Governance & Readiness Sprint,"The UK Government's Partnering for Accelerated Climate Transitions (UK PACT) programme is inviting proposals from qualified suppliers or consortia to deliver technical assistance to the government of Bangladesh. 

Bangladesh is establishing the foundations for participation in high-integrity carbon markets, including Article 6, CORSIA and voluntary carbon markets. While progress has been made through the establishment of a carbon market framework and supporting governance arrangements, further",PALLADIUM INTERNATIONAL LIMITED,,250000.0,GBP,2026-08-25,2026-09-22,tender,active,09000000,https://www.contractsfinder.service.gov.uk/Notice/a32c67bc-0438-4c8e-91b9-3f03d459e8dc,2026-08-26T07:42:05.787332+00:00
Contracts Finder,ocds-b5fd17-5581759f-38c2-48a3-ab09-26be94f509c4_5c135410-22c1-4a26-af2c-a97d3bf7aea4-911925,CST280 Supply of a Cloud-hosted Legal Case Management System,"Supply of a Cloud-hosted Legal Case Management System and Associated Services
Procured under GCA G-Cloud 14 (RM1557.14)",Derbyshire County Council,,289124.0,GBP,2026-08-25,2026-04-30,award,complete,48000000,https://www.contractsfinder.service.gov.uk/Notice/5c135410-22c1-4a26-af2c-a97d3bf7aea4-911925,2026-08-26T07:42:05.787515+00:00
Contracts Finder,ocds-b5fd17-650f308a-3c11-4292-913a-cee38f6cde5d_bf4d46c3-116c-4ec6-93d9-e873c6de96d2-911924,PLACE1224ET SEND Summer 26 South Batch 3 Brackenfield - A Call-Off from the PLACE059 Passenger Transport DPS,"SEND Specialised Transport Routes. This is a call-off from the PLACE059 Passenger Transport DPS. The tender is made up of 2 service areas that are required within the region. Providers are invited to bid on one or multiple services (where applicable) by including pricing based in mileage within the Appendix B Price Schedule.\r
\r
Contracts run for 2 academic years with an option to extend by 12 months. Closing date for bids is Wednesday 1st July 2026 at 09:00\r
\r
***See revised section 37 i",Derbyshire County Council,,89304.0,GBP,2026-08-25,2026-06-26,award,complete,60100000,https://www.contractsfinder.service.gov.uk/Notice/bf4d46c3-116c-4ec6-93d9-e873c6de96d2-911924,2026-08-26T07:42:05.787704+00:00
Contracts Finder,ocds-b5fd17-f42510ad-ee20-4d10-9e7d-767242522190_7cc9621c-39bd-42c1-9c06-9627d0b7e439-911923,CA18382 - Hopwood Hall College - Stationery Supply,"The contract is for stationery supplies was awarded under the CPC Stationery, Paper and Education Supplies Framework, Lot 1. As there is only one supplier appointed to this lot, a Direct Award is available and fully compliant with the framework provisions.


To access this competition: 

Registered:
Login to https://suppliers.multiquote.com and view the opportunity CA18382.

Not registered:
Visit https://suppliers.multiquote.com then register and quote CA18382 as the reason for registra",Hopwood Hall College,,100000.0,GBP,2026-08-25,2026-08-25,award,complete,30192700,https://www.contractsfinder.service.gov.uk/Notice/7cc9621c-39bd-42c1-9c06-9627d0b7e439-911923,2026-08-26T07:42:05.787886+00:00
Contracts Finder,ocds-b5fd17-aab92b6a-b8da-491e-8f45-698f0084f80c_47d95fb1-a3f7-4f1b-9785-7c8eece20ea4-911919,Adults Digital Directory,"People, Places, Lives (PPL) has been selected to deliver our Adults Digital Directory as they best fit the required specification for MKCC.",Milton Keynes Council,,80050.0,GBP,2026-08-25,2026-08-20,award,complete,48000000,https://www.contractsfinder.service.gov.uk/Notice/47d95fb1-a3f7-4f1b-9785-7c8eece20ea4-911919,2026-08-26T07:42:05.788102+00:00
Contracts Finder,ocds-b5fd17-78163e59-a2be-4cb1-a59f-4060eac98d76_43a7d778-00c6-4cad-8d79-4722d9f45d78-911921,Fire Damper Panel Works for Guy's Hospital,"The Trust has a requirement to replace its fire damper panels as part of the Guy's Hospital site.

This was awarded through the NHS SBS framework for Building Safety and Fire Compliance, SBS10509, Lot 1.2 Active Fire Safety.",Guy's and St Thomas' NHS Foundation Trust,188000.0,188411.0,GBP,2026-08-25,2025-12-21,award,complete,45343220,https://www.contractsfinder.service.gov.uk/Notice/43a7d778-00c6-4cad-8d79-4722d9f45d78-911921,2026-08-26T07:42:05.788297+00:00
Contracts Finder,ocds-b5fd17-110d3cf1-425f-480e-a86a-397d79479628_ea5e0d3f-85c9-4e5a-8ec5-8649bedcae34-911920,Microsoft Enterprise and Azure Agreement Award Notice,"This contract is for our Microsoft Enterprise Agreement and Azure storage.

Additional information: 
This contract was awarded under a CCS aggregated procurement using RM6098 Technology Products & Associated Services 2, Lot 3: Software and Associated Services

The award value quoted in this award notice allows for potential growth in both licensing, products and storage over the life of the contract.",OFCOM,,11014141.0,GBP,2026-08-25,2026-01-14,award,complete,48000000,https://www.contractsfinder.service.gov.uk/Notice/ea5e0d3f-85c9-4e5a-8ec5-8649bedcae34-911920,2026-08-26T07:42:05.788479+00:00
Contracts Finder,ocds-b5fd17-bcb6599c-1009-4c6f-940c-323663bcb32a_3c9674a0-15f1-4c91-a4e4-29eeb17cddfa-911917,Building Safety Levy Regulations Module,"North Tyneside Council intends to procure a Building Safety Levy software module to support compliance with the new levy requirements and ensure the service is ready in advance of the 1st October 2026 go-live date. The proposed BSL module is designed to support the administration of BSL cases, integrate with Building Control and finance systems, assist with calculation and audit trail requirements, support reporting and returns through the government DELTA process, and provide ongoing maintenanc",NORTH TYNESIDE COUNCIL,,25000.0,GBP,2026-08-25,2026-07-27,award,complete,48517000,https://www.contractsfinder.service.gov.uk/Notice/3c9674a0-15f1-4c91-a4e4-29eeb17cddfa-911917,2026-08-26T07:42:05.788667+00:00
Contracts Finder,ocds-b5fd17-cf1ffed2-a0f3-4bea-87e5-4eafe02eb49b_83572d8b-9be1-4b87-8f41-a1081af66c7b-911918,"C463793 - SLAM Licence, Support and Maintenance","Bradford Teaching Hospitals NHS Foundation Trust (BTHFT) requires access to the SLAM contract and income management software. This is used by the trust to price, monitor and effectively manage our activities and costs in line with contract requirements.",Bradford Teaching Hospitals NHS Foundation Trust,,16550.63,GBP,2026-08-25,2026-08-20,award,complete,48517000,https://www.contractsfinder.service.gov.uk/Notice/83572d8b-9be1-4b87-8f41-a1081af66c7b-911918,2026-08-26T07:42:05.788850+00:00
Contracts Finder,ocds-b5fd17-14830cf9-7e62-473c-b530-d7c54c041520_ed496d70-3c25-450f-bb95-ee17ebcec2a5-911911,Accelerating AI Adoption in Government Finance,Contract support to accelerate and build understanding of AI use cases in the Government Finance Function to automate tasks and drive efficiency.,HM TREASURY,,280000.0,GBP,2026-08-25,2026-07-30,award,complete,72262000,https://www.contractsfinder.service.gov.uk/Notice/ed496d70-3c25-450f-bb95-ee17ebcec2a5-911911,2026-08-26T07:42:05.789051+00:00
Contracts Finder,ocds-b5fd17-06e651fb-bb8d-44eb-9881-36e39100d775_23f4d912-6c48-40b8-9c5c-3c8f0934597c-911916,DVI ITHC Testing,"Disaster Victim Identification (DVI) require a contract (effective date 1 May 2026) to enable IT Health Checks for the DVI application (CHECK test) to establish and improve the security position of the latest version hosted on the Home Office strategic platform for law enforcement (LECP). 
Security is critical to defend the Police Data that the Home Office processes on behalf of Police and a key component of the PPPT security approach is to conduct extensive and rigorous security testing (IT He",Home Office,,28000.0,GBP,2026-08-25,2026-03-30,award,complete,72610000,https://www.contractsfinder.service.gov.uk/Notice/23f4d912-6c48-40b8-9c5c-3c8f0934597c-911916,2026-08-26T07:42:05.789240+00:00
Contracts Finder,ocds-b5fd17-9a5cbd4b-7e98-46d6-9c32-4c56fa73882e_4bb6a13b-de5d-4839-af6f-3b6b76b63f50-911915,"2026-08-24 0900 QIP182 Rushmere St Andrew to One Sixth Form College, Ipswich (4 seated wheelchair accessible vehicle with a passenger assistant required) - AWARD","Suffolk County Council is seeking a mini competition against the following Dynamic Purchasing System: `The supply of Passenger Transport Services`, OJEU Notice Id: 2018/S 031-067685.
      
      QIP182 Rushmere St Andrew to One Sixth Form College, Ipswich (4 seated wheelchair accessible vehicle with a passenger assistant required).
      
      Further details can be found in the 'Tenders / My Tenders' area of this website, by selecting the 'View Details' button for this project.
      
 ",Suffolk County Council Passenger Transport,,,GBP,2026-08-25,2026-08-24,award,complete,60000000,https://www.contractsfinder.service.gov.uk/Notice/4bb6a13b-de5d-4839-af6f-3b6b76b63f50-911915,2026-08-26T07:42:05.789419+00:00
Contracts Finder,ocds-b5fd17-dabd4af1-8d15-4c88-80d1-bf7fa40d0a0e_d6b1ce3c-558d-4379-8d69-cf28fe52d6bd-911914,"QLT352 2026-08-24 (0900) Henstead - Blundeston Church of England Voluntary Controlled Primary School, Blundeston (4 seats) - AWARD","Suffolk County Council is seeking a mini competition against the following Dynamic Purchasing System: `The supply of Passenger Transport Services`, OJEU Notice Id: 2018/S 031-067685.
      
      QLT352 2026-08-24 (0900) Henstead - Blundeston Church of England Voluntary Controlled Primary School, Blundeston (4 seats)
      
      Further details can be found in the 'Tenders / My Tenders' area of this website, by selecting the 'View Details' button for this project.
      
      The deadlin",Suffolk County Council Passenger Transport,,,GBP,2026-08-25,2026-08-24,award,complete,60000000,https://www.contractsfinder.service.gov.uk/Notice/d6b1ce3c-558d-4379-8d69-cf28fe52d6bd-911914,2026-08-26T07:42:05.789594+00:00
Contracts Finder,ocds-b5fd17-972eb463-0768-4c68-a6c1-d148a6b675d6_0cc61d3f-c1d9-40a0-94df-a73da9cbb14f-911912,Junior and Teen Play Equipment,"Tenders are invited for the design, supply and installation of junior and teen play equipment within Winchcombe Park, Winchcombe, Gloucestershire, GL54 5GD.

A tender specification and application documents can be obtained by contacting:
The Clerk, Winchcombe Town Council, Abbey Fields Community Centre, Back Lane, Winchcombe, GL54 5QH.
01242 604087
clerk@winchcombetowncouncil.co.uk

Tenders are to be submitted no later than 12noon on 
Wednesday 16 September 2026.

Any hard copy tenders",Winchcombe Town Council,,100000.0,GBP,2026-08-25,2026-10-18,tenderAmendment,active,37416000,https://www.contractsfinder.service.gov.uk/Notice/0cc61d3f-c1d9-40a0-94df-a73da9cbb14f,2026-08-26T07:42:05.789779+00:00
Contracts Finder,ocds-b5fd17-4be6dffb-ff11-4dbb-b49d-747029f68e01_74837465-bce9-4c4e-a67d-bb1278b1fb5f-911913,BRE030 - Brandon Creek Embankment Repairs,BRE030 - Brandon Creek Embankment Repairs,Environment Agency,,63657.01,GBP,2026-08-25,2026-06-30,award,complete,71311000,https://www.contractsfinder.service.gov.uk/Notice/74837465-bce9-4c4e-a67d-bb1278b1fb5f-911913,2026-08-26T07:42:05.789983+00:00
Contracts Finder,ocds-b5fd17-212878b5-51bf-47ac-ac4b-d4d369865f1d_69632254-6ed1-4736-a08e-96df83ae2063-911821,Gartner subscription for IT leaders,"Access to Technology based research in the form of a library of documents  which are kept up to date and added to, as well as unlimited to calls to experts to discuss our current and future projects. 

Call Off from GCA Framework agreement RM1557.14. No optional extensions available",North Yorkshire Council,,443700.0,GBP,2026-08-25,2026-06-30,award,complete,72000000,https://www.contractsfinder.service.gov.uk/Notice/69632254-6ed1-4736-a08e-96df83ae2063-911821,2026-08-26T07:42:05.790177+00:00
Contracts Finder,ocds-b5fd17-47ba14b5-7906-48f9-b7a9-b4f05870e9ad_26201e19-fdb7-488d-9587-ecafdd626ea7-911909,BRE032 - SLBB Badger Repairs 2026-2027,EAN - AOMR - Lot 1 - Cambs and Beds Civil Engineering Direct Awards 26/27,Environment Agency,,174787.72,GBP,2026-08-25,2026-08-06,award,complete,71311000,https://www.contractsfinder.service.gov.uk/Notice/26201e19-fdb7-488d-9587-ecafdd626ea7-911909,2026-08-26T07:42:05.790359+00:00
Contracts Finder,ocds-b5fd17-729bd21a-a4d6-4623-9a49-2a4ed8b86787_4b719864-6fd0-4588-9bfb-134b043a48b3-911908,TENDER FOR SECURITY SERVICES,"The Council wishes to invite tenders for the supply of services in respect of Security services- the Council are looking for a service provider with a good knowledge of the area and the capability to attend relevant sites within 20 minutes.  The majority of services are currently based in Grantham, however coverage will be required at other locations across the district.",South Kesteven District Council,,250000.0,GBP,2026-08-25,2024-07-17,award,complete,79710000,https://www.contractsfinder.service.gov.uk/Notice/4b719864-6fd0-4588-9bfb-134b043a48b3-911908,2026-08-26T07:42:05.790537+00:00
Contracts Finder,ocds-b5fd17-de55b6fb-d7b1-4fe1-8984-7010e2a87c8b_16926aa2-bb03-4ff3-ba8f-75d82d69ca36-911907,Data Transmission Network (DTN) HS2,"The HS2 Data Transmission Network (DTN) will provide network transport services and specific central service functions necessary for the reliable operation of trains on HS2. 
      
      The DTN shall fulfil the following high-level requirements:
      •	Provision of a Critical network for safety-related connected sub-systems: DTN-Critical
      •	Provision of a Protected network (DTN-P), distinct from the critical DTN network, connecting non-safety-related subsystems.
      •	Provision of",Siemens Mobility Ltd,5000000.0,10000000.0,GBP,2026-08-25,2026-09-07,tender,active,32412100,https://www.contractsfinder.service.gov.uk/Notice/16926aa2-bb03-4ff3-ba8f-75d82d69ca36,2026-08-26T07:42:05.790723+00:00
Contracts Finder,ocds-b5fd17-fb7f31eb-ea1a-4c33-aa62-00aabef358b7_9d79d12b-56ee-4d7b-b95b-9b2abec3c56d-911865,The Supply of Bespoke Blank White Access Control Legic Smart Cards,"Unite Procurement UK Limited (part of Unite Holding SE), on behalf of the Ministry of Defence, is seeking suppliers to join the Unite Procurement Platform to support the supply of bespoke blank white access control legic smart cards. 

Requirement Details
The procurement covers the following products and services:

BESPOKE Blank White Access Control Legic Smart Cards Encoded
High-security smart cards with Legic encoding capability for access control systems. Cards must be blank white CR80 ",UNITE PROCUREMENT UK LIMITED,35000.0,140000.0,GBP,2026-08-25,2026-09-14,tender,active,30236000,https://www.contractsfinder.service.gov.uk/Notice/9d79d12b-56ee-4d7b-b95b-9b2abec3c56d,2026-08-26T07:42:05.790908+00:00
