source,notice_id,title,description,organisation,value_low,value_high,currency,published_date,deadline,notice_type,status,cpv_codes,url,scraped_at
FTS,ocds-h6vhtk-06de99_075067-2026,Cleaning and Maintenance of Cultural Objects,"Manchester City Council's Public Realm Team is seeking to engage with the market to inform the potential procurement of a contract for the cleaning and maintenance of the Council's 103 heritage assets. These assets, many of which are listed structures, are located across the city and include war memorials, public artworks, and a variety of other historic structures.
The proposed contract will provide for the regular cleaning, inspection, and maintenance of these assets in accordance with an agre",Manchester City Council,,250000.0,GBP,2026-08-07,,planningUpdate,planning,,https://www.find-tender.service.gov.uk/Notice/075067-2026,2026-08-07T08:10:40.131820+00:00
FTS,ocds-h6vhtk-04fc53_075066-2026,NSDC-1495 Environmental Enforcement Services,"The Council invited tenders to provide Environmental Enforcement Services throughout the borough of Newark & Sherwood.
The aim of this contract is to improve environmental standards and reduce anti-social behaviours borough-wide through effective enforcement of fixed penalty notices compliant with applicable laws.",Newark And Sherwood District Council,,,GBP,2026-08-07,,award,complete,,https://www.find-tender.service.gov.uk/Notice/075066-2026,2026-08-07T08:10:40.131850+00:00
FTS,ocds-h6vhtk-06de9a_075065-2026,Fire stopping - following bolster reports,Fire stopping - following bolster reports at various courts.,HOUSING 21,,,GBP,2026-08-07,,award,complete,,https://www.find-tender.service.gov.uk/Notice/075065-2026,2026-08-07T08:10:40.131856+00:00
FTS,ocds-h6vhtk-06de99_075064-2026,Cleaning and Maintenance of Cultural Objects,"Manchester City Council's Public Realm Team is seeking to engage with the market to inform the potential procurement of a contract for the cleaning and maintenance of the Council's 103 heritage assets. These assets, many of which are listed structures, are located across the city and include war memorials, public artworks, and a variety of other historic structures.
The proposed contract will provide for the regular cleaning, inspection, and maintenance of these assets in accordance with an agre",Manchester City Council,,250000.0,GBP,2026-08-07,,planning,planning,,https://www.find-tender.service.gov.uk/Notice/075064-2026,2026-08-07T08:10:40.131862+00:00
FTS,ocds-h6vhtk-068b39_075063-2026,The Supply of Impulse Ice Cream,The Supply of Impulse Ice Cream to Leeds City Council establishments,Leeds City Council,,,GBP,2026-08-07,,award,complete,,https://www.find-tender.service.gov.uk/Notice/075063-2026,2026-08-07T08:10:40.131867+00:00
FTS,ocds-h6vhtk-06de98_075062-2026,HR & Payroll Cloud Solution,Provision of iTrent HR & Payroll Cloud licences and support,Corporate Officer of the House of Lords,,,GBP,2026-08-07,,award,complete,,https://www.find-tender.service.gov.uk/Notice/075062-2026,2026-08-07T08:10:40.131872+00:00
FTS,ocds-h6vhtk-06952c_075061-2026,DN Colleges Group - Provision of Student Transport Services ,"North Lindsey College, of Kingsway, Scunthorpe, DN17 1AJ requires the provision of reliable, safe, and compliant student transport services for designated Route 642.
The Service Provider shall deliver a fully managed transport service, including vehicles, drivers, operational management, and all supporting systems required to meet the needs of the College and its learners.
The appointed Service Provider will be considered the approved supplier of Student Transport services route 642.",DN Colleges Group,,,GBP,2026-08-07,,award,complete,,https://www.find-tender.service.gov.uk/Notice/075061-2026,2026-08-07T08:10:40.131877+00:00
FTS,ocds-h6vhtk-06d3de_075060-2026,Mums Matter - Specialist Community Perinatal Mental Health Service,"The Mums Matter programme is a well evidenced, co produced intervention designed with mums for mums, directly addressing a significant service gap for women experiencing mild to moderate perinatal mental health difficulties. With national data showing that up to 20% of women experience perinatal mental health problems and fewer than half receive adequate support, the need for accessible, community-based provision is clear. Mums Matter offers a structured six week programme incorporating CBT info",CHESHIRE AND WIRRAL PARTNERSHIP NHS FOUNDATION TRUST,,,GBP,2026-08-07,,tenderUpdate,,85112000,https://www.find-tender.service.gov.uk/Notice/075060-2026,2026-08-07T08:10:40.131890+00:00
FTS,ocds-h6vhtk-06de97_075059-2026,Client Transport Services 2026 - 2034 - SEND,"Client Transport Services 2026 - 2034 - SEND : West Hill Primary School 
x3 students 
No PA
x1 MPV small (5 passenger seats)
Location of school: Leatherhead 
Location of students: Woking",Surrey County Council,,,GBP,2026-08-07,,award,complete,,https://www.find-tender.service.gov.uk/Notice/075059-2026,2026-08-07T08:10:40.131897+00:00
FTS,ocds-h6vhtk-06de96_075058-2026,SDS Employment Land Broad Locations Opportunities Advice,"The procurement of consultancy services to set out the potential scope of further work to refine the position and evidence on employment land, and potential strategic employment sites, to feed into the SDS Employment Land Broad Locations Opportunities Advice.",Liverpool City Region Combined Authority,,,GBP,2026-08-07,,award,complete,,https://www.find-tender.service.gov.uk/Notice/075058-2026,2026-08-07T08:10:40.131904+00:00
FTS,ocds-h6vhtk-06de95_075057-2026,Microsoft Threat Analysis Centre (MTAC) 26 - 28,"Microsoft Threat Analysis Centre (MTAC)
Focus: Detects and disrupts nation-state cyber threats, digital espionage, and automated influence operations. Placement: Operates under Microsoft Global Affairs and Corporate, External, and Legal Affairs (CELA).Role: Analyses cross-platform data to expose how digital tools and AI are weaponized against democracies.",Ministry of Defence,,,GBP,2026-08-07,,award,,72261000,https://www.find-tender.service.gov.uk/Notice/075057-2026,2026-08-07T08:10:40.131908+00:00
FTS,ocds-h6vhtk-06de94_075056-2026,Provision of bus service - Route 670,QX100002,LONDON BUS SERVICES LIMITED,,,GBP,2026-08-07,,award,complete,60112000,https://www.find-tender.service.gov.uk/Notice/075056-2026,2026-08-07T08:10:40.131912+00:00
FTS,ocds-h6vhtk-06de93_075055-2026,"Digital Leadership and Transformation, and Research & Innovation Consultancy Open Framework","Jisc is establishing an open framework to enable Jisc to purchase consultancy. This consultancy focuses on the needs of digital leadership, transformation, libraries and research & innovation in the UK non-profit organisation sector (tertiary education, charities, funding).
Jisc consultancy supports a range of organisations with the development and implementation of digital leadership and transformation, and research & innovation at both strategic and operational levels across all areas of busin",JISC,,1000000.0,GBP,2026-08-07,,planning,planning,,https://www.find-tender.service.gov.uk/Notice/075055-2026,2026-08-07T08:10:40.131917+00:00
FTS,ocds-h6vhtk-06de92_075054-2026,Contact and Pipeline Management for Investments Business,"THIS IS A PLANNED PROCUREMENT NOTICE - NOT AN OPPORTUNITY TO BID.
The British Business Bank investment business deploys government-backed capital through fund of funds investment products, acting as both a General and Limited Partner and direct/co-investment programmes to improve access to finance for smaller UK businesses. The Investments Business includes 115 front office full time equivalents (FTE) and a wider set of functions require the ability to view the information held within its Contac",British Business Bank Plc,,700000.0,GBP,2026-08-07,2026-09-29,planning,planned,,https://www.find-tender.service.gov.uk/Notice/075054-2026,2026-08-07T08:10:40.131922+00:00
FTS,ocds-h6vhtk-06d847_075053-2026,V2C26028 - External Staircase Renewal,Multiple External Staircase Renewals at V2C properties.,Barcud Shared Services,,1100000.0,GBP,2026-08-07,2026-08-26,tenderUpdate,active,,https://www.find-tender.service.gov.uk/Notice/075053-2026,2026-08-07T08:10:40.131927+00:00
FTS,ocds-h6vhtk-06de91_075052-2026,Client Transport Services 2026 - 2034 - SEND,"Client Transport Services 2026 - 2034 - SEND : School - Burstow park School Redhill
x 1 students
x1 PA for behaviour
x1 MPV Medium (7 passenger seats)
Location of students - West Molesey
Location of school - Redhill RH1 5HS",Surrey County Council,,,GBP,2026-08-07,,award,complete,,https://www.find-tender.service.gov.uk/Notice/075052-2026,2026-08-07T08:10:40.131932+00:00
FTS,ocds-h6vhtk-06de90_075051-2026,Provision of bus service - Route E1,QC99801,LONDON BUS SERVICES LIMITED,,,GBP,2026-08-07,,award,complete,60112000,https://www.find-tender.service.gov.uk/Notice/075051-2026,2026-08-07T08:10:40.131937+00:00
FTS,ocds-h6vhtk-06de8f_075050-2026,Management Training,Essential Management training,Met Office,,,GBP,2026-08-07,,award,complete,,https://www.find-tender.service.gov.uk/Notice/075050-2026,2026-08-07T08:10:40.131941+00:00
FTS,ocds-h6vhtk-056184_075049-2026,South Bank Train Station - demolition of existing footbridge and installation of a new interim footbridge,,,,,GBP,2026-08-07,,contractTermination,,,https://www.find-tender.service.gov.uk/Notice/075049-2026,2026-08-07T08:10:40.131945+00:00
FTS,ocds-h6vhtk-06de8e_075048-2026,"C339/2025/2026 Line Management, Leadership & Personal Effectiveness Learning & Development Offer","C339/2025/2026 Line Management, Leadership & Personal Effectiveness Learning & Development Offer - to enable Welsh Government to invest in developing, improving and maintaining a broad range of skills, knowledge and experience to ensure Welsh Government staff have the capability and expertise required to successfully deliver current and future policies, services and commitments, alongside our statutory duties as an employer.",Llywodraeth Cymru / Welsh Government,,788000.0,GBP,2026-08-07,2026-09-08,tender,active,,https://www.find-tender.service.gov.uk/Notice/075048-2026,2026-08-07T08:10:40.131950+00:00
FTS,ocds-h6vhtk-06de8d_075047-2026,Client Transport Services 2026 - 2034 - SEND,"Client Transport Services 2026 - 2034 - SEND : School - NESCOT 14-16 Provision
x 1 students
No PA
x1 Saloon (4 passenger seats)
Location of students - Horley RH6
Location of school - Epsom KT17",Surrey County Council,,,GBP,2026-08-07,,award,complete,,https://www.find-tender.service.gov.uk/Notice/075047-2026,2026-08-07T08:10:40.131954+00:00
FTS,ocds-h6vhtk-056811_075046-2026,Construction Manager - Thicket Crescent and Thicket Road Energy Efficient Retrofit Works,"London Borough of Sutton (LBS) is the Contracting Authority. Sutton Housing Partnership (SHP) is a Housing Company (Arms Length Management Organisation), established by the London Borough of Sutton, to manage and maintain its 6000 Council homes and 1400 leasehold properties. 
Further details regarding SHP can be found at:
https://www.suttonhousingpartnership.org.uk/
The contract is for a construction manager to manager contractors engaged on the retrofit project on behalf  of SHP. The project wi",London Borough of Sutton,,,GBP,2026-08-07,,award,complete,,https://www.find-tender.service.gov.uk/Notice/075046-2026,2026-08-07T08:10:40.131958+00:00
FTS,ocds-h6vhtk-06de8c_075045-2026,Client Transport Services 2026 - 2034 - SEND,"Client Transport Services 2026 - 2034 - SEND : Reigate to Forest Row, Kent
1 pupil - saloon vehicle required",Surrey County Council,,,GBP,2026-08-07,,award,complete,,https://www.find-tender.service.gov.uk/Notice/075045-2026,2026-08-07T08:10:40.131962+00:00
FTS,ocds-h6vhtk-06de8b_075044-2026,Provision of bus service - Route E3,QC99802,LONDON BUS SERVICES LIMITED,,,GBP,2026-08-07,,award,complete,60112000,https://www.find-tender.service.gov.uk/Notice/075044-2026,2026-08-07T08:10:40.131966+00:00
FTS,ocds-h6vhtk-06d25f_075043-2026,Drone Airspace Unified Traffic Management,Provision of uncrewed or unified traffic (UTM) services via ADJ Soft Limited t/as Dronecloud. Use of UTM is to ensure drone flights which are beyond visual line of sight remain safe and can be de-conflicted from other airspace users. Payment of service is by monthly subscription.,British Transport Police Authority,,,GBP,2026-08-07,,award,complete,,https://www.find-tender.service.gov.uk/Notice/075043-2026,2026-08-07T08:10:40.131971+00:00
FTS,ocds-h6vhtk-06de8a_075042-2026,Mathematica License,Renewal of license for the Mathematica Software.,University of Portsmouth Higher Education Corporation,,,GBP,2026-08-07,,award,complete,48900000,https://www.find-tender.service.gov.uk/Notice/075042-2026,2026-08-07T08:10:40.131976+00:00
FTS,ocds-h6vhtk-06965f_075041-2026,Tenant Satisfaction Measures Survey,"Ipswich Borough Council are currently out to tender for the provision of Tenant Satisfaction Measures Survey.
This opportunity is available in the 'Current Tenders' area of portal. Interested parties are invited to express their interest to gain full access to the tender documentation.
The deadline date for submissions of the tender is 11am 8 June 2026. Please note late returns will NOT be permitted
The deadline for clarification questions is 1 June 2026 which must be generated via the correspon",Ipswich Borough Council,,,GBP,2026-08-07,,award,complete,,https://www.find-tender.service.gov.uk/Notice/075041-2026,2026-08-07T08:10:40.131980+00:00
FTS,ocds-h6vhtk-06de89_075040-2026,Zoom License Renewal,The procurement is for the renewal of the University's Zoom Licensing agreement to ensure continuity of service when the current license expires.,University of Portsmouth Higher Education Corporation,,,GBP,2026-08-07,,award,complete,48500000,https://www.find-tender.service.gov.uk/Notice/075040-2026,2026-08-07T08:10:40.131984+00:00
FTS,ocds-h6vhtk-06de88_075039-2026,Maintenance & back office systems for EV Chargepoints,Maintenance & back office systems for EV Chargepoints owned by the Council,Wychavon District Council,,,GBP,2026-08-07,,award,complete,,https://www.find-tender.service.gov.uk/Notice/075039-2026,2026-08-07T08:10:40.131988+00:00
FTS,ocds-h6vhtk-06de87_075038-2026,Passenger Transport Services 2026 - Route Based (1-8 Seat Provision),"Passenger Transport Services 2026 - Route Based (1-8 Seat Provision) : S724  
8-seater
With PA
Outbound - AM
07:48  Wordsworth Close, Brackley, NN13 5GF
08:18  HunsburyClose, Northampton, NN4 9UE
08:23 Woodpecker Way, Northampton, NN4 0QP
08:27  Marlowe Close, Northampton, NN4 0QQ
08:33  Peppercorn Way, Northampton, NN4 0TT
08:41  The Ridings, Grange Park, NN4 5BN
09:00 - Canto Learning - Willis House, Northampton, NN3 8HU
Return - PM
15:00 - Canto Learning - Willis House, Northampton, NN3 8HU
1",West Northamptonshire Council,,,GBP,2026-08-07,,award,complete,,https://www.find-tender.service.gov.uk/Notice/075038-2026,2026-08-07T08:10:40.131994+00:00
FTS,ocds-h6vhtk-06de14_075037-2026,Langley Wood National Nature Reserve - tree felling contract,"Background to the job:
Natural England is managing ash dieback and hazardous trees along roads and footpaths. It is important that work is carried out sensitively and as specified, ensuring unnecessary damage to the woodland is avoided.
Timing:
Work must be completed by 28th February 2027, to avoid disturbance to nesting birds.
Nature of the job:
•	Climbing ash trees is not permitted.
•	The supplier will have the responsibility for carrying out checks of PRFs (Potential Roost Features). The supp",Natural England,,49000.0,GBP,2026-08-07,2026-08-31,tenderUpdate,active,,https://www.find-tender.service.gov.uk/Notice/075037-2026,2026-08-07T08:10:40.131999+00:00
FTS,ocds-h6vhtk-06b44c_075036-2026,Support Work to promote the Education of Previously Looked-After Children,"Support Work to promote the Education of Previously Looked-After Children (PLAC).
This contract is an enhanced, individual offer to run alongside our advice, guidance and trauma-informed training offers for schools and families.
The total value of this contracts initial 36 month term is £90,000 (ex VAT).",Bath & North East Somerset Council,,,GBP,2026-08-07,,award,complete,,https://www.find-tender.service.gov.uk/Notice/075036-2026,2026-08-07T08:10:40.132003+00:00
FTS,ocds-h6vhtk-06de86_075035-2026,Cyber Insurance,Cyber Insurance cover,Wychavon District Council,,,GBP,2026-08-07,,award,complete,,https://www.find-tender.service.gov.uk/Notice/075035-2026,2026-08-07T08:10:40.132007+00:00
FTS,ocds-h6vhtk-06de85_075034-2026,Passenger Transport Services 2026 - Route Based (1-8 Seat Provision),"Passenger Transport Services 2026 - Route Based (1-8 Seat Provision) : S723
6-seater
With PA
Outbound - AM
08:08  Rosehip court, Daventry, NN11 4RQ
08:29  High Street, Kislingbury, NN7 4AQ
08:52  Hervey Close, Northampton, NN3 2TD
09:00 - Canto Learning - Willis House, Northampton, NN3 8HU
Return - PM
15:00 - Canto Learning - Willis House, Northampton, NN3 8HU
15:08  Hervey Close, Northampton, NN3 2TD
15:34  High Street, Kislingbury, NN7 4AQ
15:55  Rosehip court, Daventry, NN11 4RQ
* West Northa",West Northamptonshire Council,,,GBP,2026-08-07,,award,complete,,https://www.find-tender.service.gov.uk/Notice/075034-2026,2026-08-07T08:10:40.132011+00:00
FTS,ocds-h6vhtk-06de84_075033-2026,Lift replacement 51 Laverstoke Gardens,Lift replacement at 51 Laverstoke Gardens.,Southern Housing,,,GBP,2026-08-07,,award,complete,,https://www.find-tender.service.gov.uk/Notice/075033-2026,2026-08-07T08:10:40.132016+00:00
FTS,ocds-h6vhtk-06aede_075032-2026,Strategic Flood Risk Assessment,"ABC is looking to procure a suitably qualified and experienced consultant to prepare a Level 1 Strategic Flood Risk Assessment (SFRA) for Ashford borough in accordance with national policy, relevant national guidance and best practice.",Ashford Borough Council,,,GBP,2026-08-07,,award,complete,,https://www.find-tender.service.gov.uk/Notice/075032-2026,2026-08-07T08:10:40.132021+00:00
FTS,ocds-h6vhtk-066b4d_075031-2026,Manchester Airport Border Control Post provision of Official Veterinary Surgeon Service,"MCC are procuring the provision of contracted services regarding Portal Official Veterinary Surgeons (OVS's) to undertake veterinary checks on products of animal origin, which may include fishery products on occasions, at a Border Control Post (BCP) to protect animal and public health.",Manchester City Council,,,GBP,2026-08-07,,award,complete,,https://www.find-tender.service.gov.uk/Notice/075031-2026,2026-08-07T08:10:40.132025+00:00
FTS,ocds-h6vhtk-06d719_075030-2026,Data Protection Services,"The ExtraCare Charitable Trust is seeking to appoint an experienced provider to deliver outsourced Data Protection services to support and strengthen the organisation's data protection, privacy and information governance arrangements.
All information regarding the tender can be found within the tender documents. Please email  procurement.team@extracare.org.uk, quoting the FTS Reference and Tender Title, for further clarification.
The procurement process will be conducted electronically via e-mai",THE EXTRACARE CHARITABLE TRUST,,250000.0,GBP,2026-08-07,2026-08-25,tenderUpdate,active,,https://www.find-tender.service.gov.uk/Notice/075030-2026,2026-08-07T08:10:40.132029+00:00
FTS,ocds-h6vhtk-06de81_075029-2026,Firewall & Web Filtering - TLT,"The Trust's objectives are to procure a solution that:
• Provides secure and reliable internet access across all relevant sites
• Protects users, devices and services from cyber threats and inappropriate content
• Supports safeguarding responsibilities through effective monitoring, alerting and reporting
• Enables centralised management while accommodating site-specific operational needs where appropriate
• Supports users and devices both on Trust premises and when operating remotely
• Represent",TOGETHER LEARNING TRUST,,,GBP,2026-08-07,,award,complete,,https://www.find-tender.service.gov.uk/Notice/075029-2026,2026-08-07T08:10:40.132033+00:00
FTS,ocds-h6vhtk-06de83_075028-2026,Provision of Pest Control,"Hopwood Hall College is seeking a Supplier for a provision of Provision of Pest Control. For more information, please review attached documents.",Hopwood Hall College,,75000.0,GBP,2026-08-07,2026-09-11,tender,active,,https://www.find-tender.service.gov.uk/Notice/075028-2026,2026-08-07T08:10:40.132039+00:00
FTS,ocds-h6vhtk-06de82_075027-2026,EBCT 453 Tender for the provision of Building Investment including Decoration and Improvements at Ilkeston and Long Eaton Town Halls,"Erewash Borough Council (""The Council"") is continuing with its on-going investment, decoration and improvements programme and works are now required at the following locations:
• Ilkeston Town Hall
• Long Eaton Town Hall
• Long Eaton Civic Centre
The Council is seeking to appoint a suitable Contractor to carry out the works required.
Full details can be found within the invitation to tender document.",Erewash Borough Council,,80000.0,GBP,2026-08-07,2026-09-14,tender,active,,https://www.find-tender.service.gov.uk/Notice/075027-2026,2026-08-07T08:10:40.132044+00:00
FTS,ocds-h6vhtk-06de81_075026-2026,Firewall & Web Filtering - TLT,"The Trust's objectives are to procure a solution that:
•	Provides secure and reliable internet access across all relevant sites
•	Protects users, devices and services from cyber threats and inappropriate content
•	Supports safeguarding responsibilities through effective monitoring, alerting and reporting
•	Enables centralised management while accommodating site-specific operational needs where appropriate
•	Supports users and devices both on Trust premises and when operating remotely
•	Represent",TOGETHER LEARNING TRUST,,,GBP,2026-08-07,,award,complete,,https://www.find-tender.service.gov.uk/Notice/075026-2026,2026-08-07T08:10:40.132048+00:00
FTS,ocds-h6vhtk-05f704_075025-2026,Provision of IT Managed Service,"The contracting authority is seeking to engage a qualified service provider to deliver comprehensive IT management, support, and consultancy across its operations.
Scope of Services
Will include, but is not limited to:
• 24/7 IT helpdesk support
• Proactive monitoring and maintenance of networks, servers, and end-user devices
• Cybersecurity management, including threat detection and response
• Cloud services management and optimisation
• Software and hardware asset management
• IT consultancy a",County Durham and Darlington Fire and Rescue Authority,,1875000.0,GBP,2026-08-07,,planning,planned,,https://www.find-tender.service.gov.uk/Notice/075025-2026,2026-08-07T08:10:40.132052+00:00
FTS,ocds-h6vhtk-06de80_075024-2026,Client Transport Services 2026 - 2034 - SEND,"Client Transport Services 2026 - 2034 - SEND : Linden Bridge
6 x Pupils
1 x PA
1 x Large MPV
Epsom
Worcester Park
PA to be trained in Asthma Awareness. Student unable to self-administer their inhaler. 
Asthma Awareness training link for PA's:
https://www.educationforhealth.org/learn-with-us/learning-academy/additional-learning-materials/",Surrey County Council,,,GBP,2026-08-07,,award,complete,,https://www.find-tender.service.gov.uk/Notice/075024-2026,2026-08-07T08:10:40.132056+00:00
FTS,ocds-h6vhtk-06de7f_075023-2026,Architectural Services - RIBA Stages 3-6,"Buckinghamshire New University (""the University"") intends to directly award a contract for the provision of architectural services to undertake RIBA Stages 3-6 design development for retrofit of the former Uxbridge Central Library.
The appointment follows the Supplier's previous delivery of RIBA Stage 1 Building Appraisal & Stage 2 Engagement, Consultation and Concept Design services. The University requires the further input of a multi disciplinary architecture firm for RIBA Stage 3 Developed D",Buckinghamshire New University,,,GBP,2026-08-07,,award,complete,,https://www.find-tender.service.gov.uk/Notice/075023-2026,2026-08-07T08:10:40.132060+00:00
FTS,ocds-h6vhtk-06de7f_075022-2026,Architectural Services - RIBA Stages 3-6,"Buckinghamshire New University (""the University"") intends to directly award a contract for the provision of architectural services to undertake RIBA Stages 3-6 design development for retrofit of the former Uxbridge Central Library. 
The appointment follows the Supplier's previous delivery of RIBA Stage 1 Building Appraisal & Stage 2 Engagement, Consultation and Concept Design services.  The University requires the further input of a multi disciplinary architecture firm for RIBA Stage 3 Developed",Buckinghamshire New University,,,GBP,2026-08-06,,award,complete,,https://www.find-tender.service.gov.uk/Notice/075022-2026,2026-08-07T08:10:40.132064+00:00
FTS,ocds-h6vhtk-06bfc6_075021-2026,Unit4 Enterprise Resource Planning,"Buckinghamshire New University (the ""University"") has been using the Unit4 Enterprise Resource Planning (ERP) software since 2017 with the technology now profoundly integrated and pivotal to the financial operations of the University .
This renewal will ensure continuity of services, access to support which is crucial to maintaining operational efficiency.",Buckinghamshire New University,,,GBP,2026-08-06,,award,complete,,https://www.find-tender.service.gov.uk/Notice/075021-2026,2026-08-07T08:10:40.132068+00:00
FTS,ocds-h6vhtk-06de7e_075020-2026,Client Transport Services 2026 - 2034 - SEND,"Client Transport Services 2026 - 2034 - SEND : West Hill Primary School 
x2 students
No PA
x1 Saloon (4 passenger seats)
Location of school: Leatherhead 
Location of students: Dorking",Surrey County Council,,,GBP,2026-08-06,,award,complete,,https://www.find-tender.service.gov.uk/Notice/075020-2026,2026-08-07T08:10:40.132072+00:00
FTS,ocds-h6vhtk-06de7d_075019-2026,DGM/2062 105mm Illumination Shells - UK3,Supply of 105mm illumination Shells to be delivered via delivery schedule,Defence Equipment and Support,,,GBP,2026-08-06,2026-12-18,planning,planned,,https://www.find-tender.service.gov.uk/Notice/075019-2026,2026-08-07T08:10:40.132076+00:00
FTS,ocds-h6vhtk-06a06a_075018-2026,P762 Westminster City Council - Waste Treatment Contracts,"Westminster City Council (WCC) is looking to procure services for two Waste Treatment contracts – The Treatment of Dry Recycling (Lot 1) and the Treatment of Organic Waste (Lot 2). The contracts are due to start in April 2027, for a period of 3 years (with the option to extend for an additional 2-year period at the Council’s discretion).  The intended route to market is open tender, and the procurement is intended to comprise of two lots.  
Lot 1 – Treatment of Dry Recycling – contract details p",Westminster City Council,,34460000.0,GBP,2026-08-06,2026-10-01,planning,planned,,https://www.find-tender.service.gov.uk/Notice/075018-2026,2026-08-07T08:10:40.132083+00:00
FTS,ocds-h6vhtk-06d8ba_075017-2026,MBC-1665 Supported Housing Assessment,"Melton Borough Council is seeking suppliers who are able to carry out a supported housing assessment to map the current availability of supported housing in Leicester City Council, the Leicestershire local housing authorities (Blaby District Council; Charnwood Borough Council; Harborough District Council; Hinckley and Bosworth District Council; Melton Borough Council; North West Leicestershire District Council; Oadby and Wigston District Council) and Rutland County Council areas and assess the l",Melton Borough Council,,108800.0,GBP,2026-08-06,2026-09-01,tenderUpdate,active,,https://www.find-tender.service.gov.uk/Notice/075017-2026,2026-08-07T08:10:40.132087+00:00
FTS,ocds-h6vhtk-06de7c_075016-2026,DGM2062 supply of 105mm Illumination Shells (retender),Supply of 105mm Illumination Shells to be deilvered via delivery schedule value £56M,Defence Equipment and Support,,,GBP,2026-08-06,,planning,planned,,https://www.find-tender.service.gov.uk/Notice/075016-2026,2026-08-07T08:10:40.132091+00:00
FTS,ocds-h6vhtk-06d8ba_075015-2026,MBC-1665 Supported Housing Assessment,"Melton Borough Council is seeking suppliers who are able to carry out a supported housing assessment to map the current availability of supported housing in Leicester City Council, the Leicestershire local housing authorities (Blaby District Council; Charnwood Borough Council; Harborough District Council; Hinckley and Bosworth District Council; Melton Borough Council; North West Leicestershire District Council; Oadby and Wigston District Council) and Rutland County Council areas and assess the l",Melton Borough Council,,108800.0,GBP,2026-08-06,2026-08-31,tender,active,,https://www.find-tender.service.gov.uk/Notice/075015-2026,2026-08-07T08:10:40.132096+00:00
FTS,ocds-h6vhtk-06de7b_075014-2026,PRJ_31139 - Maintain and Manage 951 AC Shared Supply Resident EV Charge Points,"Since Westminster City Council (WCC) carried out a pilot test of shared power supply charge points, or lamp column charge points (LCCP), alongside resident parking bays in 2017, the council has embarked on several significant expansion programmes resulting in a total of 2,332 LCCP being present on the WCC maintained public highway as of July 2026.  This service is predominantly aimed at the Westminster residents, with just over 30% of parking permit holders owning an EV.
This contract is current",Westminster City Council,,2400000.0,GBP,2026-08-06,2027-02-14,planning,planned,,https://www.find-tender.service.gov.uk/Notice/075014-2026,2026-08-07T08:10:40.132100+00:00
FTS,ocds-h6vhtk-06de7b_075013-2026,Market Engagement - PRJ_31139 - Maintain and Manage 951 AC Shared Supply Resident EV Charge Points,"Since Westminster City Council (WCC) carried out a pilot test of shared power supply charge points, or lamp column charge points (LCCP), alongside resident parking bays in 2017, the council has embarked on several significant expansion programmes resulting in a total of 2,332 LCCP being present on the WCC maintained public highway as of July 2026.  This service is predominantly aimed at the Westminster residents, with just over 30% of parking permit holders owning an EV.
This contract is current",Westminster City Council,,2400000.0,GBP,2026-08-06,,planning,planning,,https://www.find-tender.service.gov.uk/Notice/075013-2026,2026-08-07T08:10:40.132104+00:00
FTS,ocds-h6vhtk-06d8ba_075012-2026,MBC-1665 Supported Housing  Assessment,"Melton Borough Council is seeking suppliers who are able to carry out a supported housing assessment to map the current availability of supported housing in Leicester City Council, the Leicestershire local housing authorities and Rutland County Council areas and assess the likely need (including current unmet need) for supported housing for a period of five years from the date that the strategy is published. The first strategy must be published by 31 March 2027.
Leicester City Council, the Leice",Melton Borough Council,,130000.0,GBP,2026-08-06,,planningUpdate,planning,,https://www.find-tender.service.gov.uk/Notice/075012-2026,2026-08-07T08:10:40.132108+00:00
FTS,ocds-h6vhtk-06b595_075011-2026,Occupational Therapy Services,Occupational Therapy Services under PSR Direct Award C,Cambridgeshire & Peterborough NHS Foundation Trust,,,GBP,2026-08-06,,tenderUpdate,,85100000,https://www.find-tender.service.gov.uk/Notice/075011-2026,2026-08-07T08:10:40.132112+00:00
FTS,ocds-h6vhtk-06de79_075010-2026,5085.SH.JN - Advanced Nano-Mechanical Characterisation System with Integrated Fluorescence,"The University of Sheffield, supported by the Wolfson Light Microscopy Facility (LMF), is seeking the supply, installation and commissioning of a high-throughput nanoindentation platform for the quantitative mechanical characterisation of biological samples and biomaterials.
The instrument will provide a centrally managed research resource supporting investigators from across the Faculties of Health, Science and Engineering, together with external academic and industrial collaborators. The syste",University of Sheffield,,,GBP,2026-08-06,2026-09-09,tenderUpdate,active,,https://www.find-tender.service.gov.uk/Notice/075010-2026,2026-08-07T08:10:40.132117+00:00
FTS,ocds-h6vhtk-06de7a_075009-2026,PROC141 The Watch House Cromer,"North Norfolk District Council (the Council) is seeking to appoint a suitably qualified contractor to carry out works, including the installation of gabions, to stabilise the cliffs on the land of The Watch House, Cromer
NOTE - A below-threshold open tender was published via NNDC's Delta platform - unable to publish Contract Details Notice on there (hence why unable to link).
The contract was signed today but the works begun on 1st June 2026 - as the contract hadn't been signed prior to then, un",North Norfolk District Council,,,GBP,2026-08-06,,award,complete,,https://www.find-tender.service.gov.uk/Notice/075009-2026,2026-08-07T08:10:40.132121+00:00
FTS,ocds-h6vhtk-06de79_075008-2026,5085.SH.JN - Advanced Nano-Mechanical Characterisation System with Integrated Fluorescence,"The University of Sheffield, supported by the Wolfson Light Microscopy Facility (LMF), is seeking the supply, installation and commissioning of a high-throughput nanoindentation platform for the quantitative mechanical characterisation of biological samples and biomaterials.
The instrument will provide a centrally managed research resource supporting investigators from across the Faculties of Health, Science and Engineering, together with external academic and industrial collaborators. The syste",University of Sheffield,,,GBP,2026-08-06,2026-09-09,tender,active,,https://www.find-tender.service.gov.uk/Notice/075008-2026,2026-08-07T08:10:40.132126+00:00
FTS,ocds-h6vhtk-06de78_075007-2026,Client Transport Services 2026 - 2034 - SEND,"Client Transport Services 2026 - 2034 - SEND : 4 Passengers travelling into Burpham Primary School with Passenger Assistant, Medium MPV, Woking to Guildford",Surrey County Council,,,GBP,2026-08-06,,award,complete,,https://www.find-tender.service.gov.uk/Notice/075007-2026,2026-08-07T08:10:40.132130+00:00
FTS,ocds-h6vhtk-06de77_075006-2026,25/0417/H,level access shower,Borough of Telford & Wrekin,,,GBP,2026-08-06,,award,complete,,https://www.find-tender.service.gov.uk/Notice/075006-2026,2026-08-07T08:10:40.132134+00:00
FTS,ocds-h6vhtk-06de76_075005-2026,25/0355/H,Shower over bath,Borough of Telford & Wrekin,,,GBP,2026-08-06,,award,complete,,https://www.find-tender.service.gov.uk/Notice/075005-2026,2026-08-07T08:10:40.132138+00:00
FTS,ocds-h6vhtk-06de75_075004-2026,Framework Agreement for the Procurement of Occupational Health Counselling Services,"Framework Agreement for the Procurement of Occupational Health Counselling services- A Below Threshold Contract regulated of the Procurement Act 2023 within the light touch category.
Gloucestershire County Council 'GCC' are looking to procure Occupational Health Counselors who will work with us to ensure the delivery of occupational health services and supporting the health and wellbeing of our workforces.",Gloucestershire County Council,,370000.0,GBP,2026-08-06,2026-09-01,tender,active,,https://www.find-tender.service.gov.uk/Notice/075004-2026,2026-08-07T08:10:40.132143+00:00
FTS,ocds-h6vhtk-052485_075003-2026,Waste Service Mobile Plant,"Background:
Essex is a large county with almost 1.5 million residents generating approximately 700,000 tonnes of local authority collected waste per annum. As the statutory Waste Disposal Authority for Essex, Essex County Council (the Authority) is responsible for providing a range of infrastructure and arrangements for the management of waste.
The Authority operate 21 Recycling Centres for Household Waste (RCHW) and 5 Waste Transfer Stations (WTS), and work closely with the 12 borough, city and",Essex County Council,,,GBP,2026-08-06,,planning,planned,,https://www.find-tender.service.gov.uk/Notice/075003-2026,2026-08-07T08:10:40.132147+00:00
FTS,ocds-h6vhtk-06de74_075002-2026,25/0408/H,level access shower,Borough of Telford & Wrekin,,,GBP,2026-08-06,,award,complete,,https://www.find-tender.service.gov.uk/Notice/075002-2026,2026-08-07T08:10:40.132151+00:00
FTS,ocds-h6vhtk-06de73_075001-2026,25/0195/H,level access shower,Borough of Telford & Wrekin,,,GBP,2026-08-06,,award,complete,,https://www.find-tender.service.gov.uk/Notice/075001-2026,2026-08-07T08:10:40.132155+00:00
FTS,ocds-h6vhtk-06de72_075000-2026,25/0227/H,Level access shower,Borough of Telford & Wrekin,,,GBP,2026-08-06,,award,complete,,https://www.find-tender.service.gov.uk/Notice/075000-2026,2026-08-07T08:10:40.132159+00:00
FTS,ocds-h6vhtk-06de71_074999-2026,24/0489/H,Single storey flat roof shower room extension,Borough of Telford & Wrekin,,,GBP,2026-08-06,,award,complete,,https://www.find-tender.service.gov.uk/Notice/074999-2026,2026-08-07T08:10:40.132165+00:00
FTS,ocds-h6vhtk-05115a_074998-2026,Nishkam School West London,"Nishkam School West London is currently out to tender for the provision of a full daily catering service.
The services at the school are a mix of in-house and outsourced provision.
The Contractor will be responsible for the provision of a full school food catering service for the pupils and staff at the school. This will consist of morning breaks and a full lunch service for the school day.
Nishkam is an egg, meat, fish and nut-free school.
The catering facilities at the school include the main ",Nishkam School West London,,,GBP,2026-08-06,,award,complete,,https://www.find-tender.service.gov.uk/Notice/074998-2026,2026-08-07T08:10:40.132170+00:00
FTS,ocds-h6vhtk-06de70_074997-2026,Managed Service Desk & Infrastructure Management,"Continuation of Managed Service Desk, Infrastructure Management, and Service Management Office services.",Watford Borough Council,,,GBP,2026-08-06,,award,complete,,https://www.find-tender.service.gov.uk/Notice/074997-2026,2026-08-07T08:10:40.132174+00:00
FTS,ocds-h6vhtk-06de6f_074996-2026,Client Transport Services 2026 - 2034 - SEND,"Client Transport Services 2026 - 2034 - SEND : School - West Ewell Primary School
x 4 students
No PA
x1 MPV Medium (7 passenger seats)
Location of students - x 1 Walton-on-Thames, x 3 West Molesey
Location of school - Epsom,KT19 0UY",Surrey County Council,,,GBP,2026-08-06,,award,complete,,https://www.find-tender.service.gov.uk/Notice/074996-2026,2026-08-07T08:10:40.132178+00:00
FTS,ocds-h6vhtk-06de6e_074995-2026,Dental area upgrade and external windows and door replacement at St Johns Health Centre,"Construction work, Internal upgrade works and window and door replacements at St Johns Health Centre",NHS Property Services Limited,,,GBP,2026-08-06,,award,complete,,https://www.find-tender.service.gov.uk/Notice/074995-2026,2026-08-07T08:10:40.132183+00:00
FTS,ocds-h6vhtk-06ca5e_074994-2026,National Space Operations Centre: Global Data Marketplace (NSpOC GDM),"The National Space Operations Centre (NSpOC) is seeking a supplier for a live operational platform that can provide SDA data across a range of different phenomenologies. The requirement is for a platform that:
* Connects to a global supplier network covering multiple SDA phenomenologies
* Supports rapid tasking of that network (within 1 hour of order being placed)
* Supports rapid data delivery and high re-visit rates for target objects
* Capable of automated delivery, either via a UDL or via AP","Department for Science, Innovation & Technology",,,GBP,2026-08-06,,award,complete,,https://www.find-tender.service.gov.uk/Notice/074994-2026,2026-08-07T08:10:40.132186+00:00
FTS,ocds-h6vhtk-06de6d_074993-2026,Office Maintenance Services,"The GDC  invites qualified and experienced service providers to submit tenders for the provision of comprehensive office maintenance services at its premises. The objective of this contract is to ensure that office facilities are maintained in a safe, functional, professional, and efficient condition to support business operations.
The successful provider will be responsible for delivering planned preventative maintenance and reactive repair services across office premises, including:
 - General",General Dental Council,,117500.0,GBP,2026-08-06,2026-09-01,tender,active,,https://www.find-tender.service.gov.uk/Notice/074993-2026,2026-08-07T08:10:40.132191+00:00
FTS,ocds-h6vhtk-06de6c_074992-2026,ESF DCT consensus support,"The purpose of this commission is to provide independent expert review and validation of the developing NICE Evidence Standards Framework for Digital Health Technologies (ESF DCT) (https://www.nice.org.uk/what-nice-does/digital-health/evidence-standards-framework-esf-for-digital-health-technologies). The commissioned supplier will support NICE by designing, delivering and reporting a structured expert consensus process to assess, refine and validate draft framework content developed by NICE. The",National Institute for Health and Care Excellence,,40000.0,GBP,2026-08-06,2026-08-26,tender,active,,https://www.find-tender.service.gov.uk/Notice/074992-2026,2026-08-07T08:10:40.132196+00:00
FTS,ocds-h6vhtk-06de6b_074991-2026,Delivery of Apprenticeship Levy Transfer Service,"The West Yorkshire Combined Authority (Combined Authority) are looking to contract a Consultant to deliver a fully managed apprenticeship levy transfer service, including the receiving and matching of pledges along with providing ongoing support to employers and training providers as required.",West Yorkshire Combined Authority,,120000.0,GBP,2026-08-06,2026-08-28,tender,active,,https://www.find-tender.service.gov.uk/Notice/074991-2026,2026-08-07T08:10:40.132203+00:00
FTS,ocds-h6vhtk-06d051_074990-2026,Gamma Spectroscopy Analysis and Reporting,The UK Atomic Energy Authority has a requirement for the provision of gamma spectroscopy analysis and reporting on up to 600 drums. Full details of the requirement are available by downloading the tender documents and specification from the link in this notice.,UK Atomic Energy Authority,,90000.0,GBP,2026-08-06,2026-08-21,tenderUpdate,active,,https://www.find-tender.service.gov.uk/Notice/074990-2026,2026-08-07T08:10:40.132208+00:00
FTS,ocds-h6vhtk-06de6a_074989-2026,Maintenance and repair of Nurse Call System - Cheltenham General Hospital,"Provision of planned and reactive maintenance for nurse call system, repair and 24hour call out",GLOUCESTERSHIRE HOSPITALS SUBSIDIARY COMPANY LIMITED,,,GBP,2026-08-06,,award,complete,,https://www.find-tender.service.gov.uk/Notice/074989-2026,2026-08-07T08:10:40.132212+00:00
FTS,ocds-h6vhtk-06de69_074988-2026,Maintenance of Laboratory Sterilizer Autoclaves- Gloucestershire Royal Hospital,"Planned preventative maintenance and fully
comprehensive repair service for two 15 cu ft laboratory sterilizers",GLOUCESTERSHIRE HOSPITALS SUBSIDIARY COMPANY LIMITED,,,GBP,2026-08-06,,award,complete,,https://www.find-tender.service.gov.uk/Notice/074988-2026,2026-08-07T08:10:40.132216+00:00
FTS,ocds-h6vhtk-06dc44_074987-2026,Consultation and Engagement Consultant - Lymington Sea Water Baths,"Lymington and Pennington Town Council is seeking to appoint one suitably experienced Consultation and Engagement Consultant to design, manage and deliver an inclusive public and stakeholder engagement programme for Phase 1 of the Lymington Sea Water Baths Restoration Project.
The project is supported by the National Lottery Heritage Fund and will develop the technical, heritage, community, business and operational evidence required to inform the future restoration and sustainable use of the Bath",Lymington and Pennington Town Council,,23500.0,GBP,2026-08-06,2026-09-01,tenderUpdate,active,,https://www.find-tender.service.gov.uk/Notice/074987-2026,2026-08-07T08:10:40.132221+00:00
FTS,ocds-h6vhtk-06b555_074986-2026,105042 - Transportation and Storage for Artworks Everywhere Programme,"A procurement by the Department for Culture, Media and Sport (DCMS) to establish a specialist Fine Art transport agent for the Government Art Collection (GAC). The agent will be required to manage the distribution and temporary storage of up to 2,000 artworks to approximately 900 non-traditional gallery sites (500 schools and 400 hospitals) across England.","Department for Culture, Media and Sport",,,GBP,2026-08-06,,award,complete,,https://www.find-tender.service.gov.uk/Notice/074986-2026,2026-08-07T08:10:40.132225+00:00
FTS,ocds-h6vhtk-0612f2_074985-2026,P0303A HYWEL DDA ARTS REFERRAL PATHWAY (HARP),,Hywel Dda University Health Board,,,GBP,2026-08-06,,awardUpdate,,85140000,https://www.find-tender.service.gov.uk/Notice/074985-2026,2026-08-07T08:10:40.132230+00:00
FTS,ocds-h6vhtk-06de68_074984-2026,Ashbourne Cemetery Resurfacing Works & Darley Dale Cemetery Footpath Works,"Derbyshire Dales District Council has awarded a contract following the conclusion of a closed invitation to tender procedure for a principal contractor for the following works:
Ashbourne Cemetery
Road resurfacing works to the main track in the cemetery from the Lych gate to the North West corner of site as well as full reconstruction of a track joining Watery Lane with a permeable paving system.
Darley Dale Cemetery
Permeable footpath construction in the cemetery, one footpath will connect an ex",Derbyshire Dales District Council,,,GBP,2026-08-06,,award,complete,,https://www.find-tender.service.gov.uk/Notice/074984-2026,2026-08-07T08:10:40.132234+00:00
FTS,ocds-h6vhtk-06de67_074983-2026,NEPO Call-Off for NEPRO Innovation,"NEPO is entering into a Call-Off Contract under NEPRO Innovation with Constellia as the Delivery Partner. Constellia will provide a managed service for procuring goods, works, services, technology, and research and development requirements.
The initial requirement under the framework relates to the identification of technology providers to support a data-led project, however, NEPO may procure other projects under this Call-Off.
Use of the framework enables NEPO to access a marketplace of technol",The Association of North East Councils Limited (NEPO),,,GBP,2026-08-06,,award,complete,,https://www.find-tender.service.gov.uk/Notice/074983-2026,2026-08-07T08:10:40.132238+00:00
FTS,ocds-h6vhtk-06de66_074982-2026,Client Transport Services 2026 - 2034 - SEND,"Client Transport Services 2026 - 2034 - SEND : West Hill Primary School 
x2 students
x1 PA trained in first aid, asthma awareness and administration of inhaler when required and seizure awareness, administration of emergency medication following the care plan.
x1 MPV Medium (7 passenger seats)
Please note, one student is now travelling in the car seat and not the wheelchair. The parents and school staff will need to carry out the transfer from wheelchair to car seat. Please note, the wheelchair ",Surrey County Council,,,GBP,2026-08-06,,award,complete,,https://www.find-tender.service.gov.uk/Notice/074982-2026,2026-08-07T08:10:40.132242+00:00
FTS,ocds-h6vhtk-06de65_074981-2026,Register Buildings,"Refurbishment works to retail units, external facade works",Sunderland City Council,,,GBP,2026-08-06,,award,complete,45212000,https://www.find-tender.service.gov.uk/Notice/074981-2026,2026-08-07T08:10:40.132246+00:00
FTS,ocds-h6vhtk-06a391_074980-2026,Supply and Installation of On-Street Modular Bin Hubs and Associated Waste Infrastructure,The Council intends to upgrade the existing 850 communal bin sites with new hubs which will shroud the bins in a new housing containing messages for residents around correct usage of the bins and generally approve the aesthetic,Liverpool City Council,,,GBP,2026-08-06,,award,complete,,https://www.find-tender.service.gov.uk/Notice/074980-2026,2026-08-07T08:10:40.132250+00:00
FTS,ocds-h6vhtk-0612f2_074979-2026,P0303A HYWEL DDA ARTS REFERRAL PATHWAY (HARP),,Hywel Dda University Health Board,,,GBP,2026-08-06,,awardUpdate,,85140000,https://www.find-tender.service.gov.uk/Notice/074979-2026,2026-08-07T08:10:40.132255+00:00
FTS,ocds-h6vhtk-0612f2_074978-2026,P0303A HYWEL DDA ARTS REFERRAL PATHWAY (HARP),,Hywel Dda University Health Board,,,GBP,2026-08-06,,awardUpdate,,85140000,https://www.find-tender.service.gov.uk/Notice/074978-2026,2026-08-07T08:10:40.132260+00:00
FTS,ocds-h6vhtk-06d16c_074977-2026,Durham Coast SSSI  Condition Assessment of the Non-Breeding Bird Assemblage,"The survey will collect data on the abundance and distribution non-breeding waterbirds on Durham Coast, in particular Purple Sandpiper (Calidris maritima), Sanderling (Calidris alba) and Turnstone (Arenaria interpres).
Please note: It is mandatory for suppliers to provide costs for all scenarios",Natural England,,58000.0,GBP,2026-08-06,2026-08-17,tenderUpdate,active,,https://www.find-tender.service.gov.uk/Notice/074977-2026,2026-08-07T08:10:40.132263+00:00
FTS,ocds-h6vhtk-06de64_074976-2026,GMC2558 Freedom to speak up guardian service,The GMC are looking to appoint a freedom to speak up guardian. ,General Medical Council (GMC),,400000.0,GBP,2026-08-06,,planning,planning,,https://www.find-tender.service.gov.uk/Notice/074976-2026,2026-08-07T08:10:40.132267+00:00
FTS,ocds-h6vhtk-06de63_074975-2026,DN814861 External Fire Safety Remedial Works Specialist Consultant,External walls surveys.,London Borough of Hackney,,,GBP,2026-08-06,,award,complete,71000000,https://www.find-tender.service.gov.uk/Notice/074975-2026,2026-08-07T08:10:40.132270+00:00
FTS,ocds-h6vhtk-06de62_074974-2026,Client Transport Services 2026 - 2034 - SEND,"Client Transport Services 2026 - 2034 - SEND : Q22B/26
More House School
MPV Small vehicle required for 4 pupils + 1 PA
PA required - administration of EpiPen for allergies and Gastronomy Tube Awareness.",Surrey County Council,,,GBP,2026-08-06,,award,complete,,https://www.find-tender.service.gov.uk/Notice/074974-2026,2026-08-07T08:10:40.132274+00:00
FTS,ocds-h6vhtk-06de61_074973-2026,DN782229 External Fire Safety Remedial Works Specialist Consultant,External Fire Safety Remedial Works Specialist Consultant.,London Borough of Hackney,,,GBP,2026-08-06,,award,complete,71000000,https://www.find-tender.service.gov.uk/Notice/074973-2026,2026-08-07T08:10:40.132277+00:00
FTS,ocds-h6vhtk-06de57_074972-2026,Body Storage Contingency,"Provision of a deceased contingency storage and transfer service for Mid and South Essex NHS Foundation Trust (MSEFT), including flexible mortuary storage capacity, transportation of deceased between Trust mortuary sites and contingency facilities, bariatric transfers, and support during periods of increased demand. The contract includes governance, audit, incident management, and performance review requirements, commencing on 11 January 2027 for an initial 3-year term ending 10 January 2030, wi",Mid and South Essex NHS Foundation Trust,,500000.0,GBP,2026-08-06,2026-08-27,tender,active,,https://www.find-tender.service.gov.uk/Notice/074972-2026,2026-08-07T08:10:40.132281+00:00
FTS,ocds-h6vhtk-059d59_074971-2026,Events Support Services Framework,"Culture Liverpool delivers the Major Outdoor events and Cultural programme for Liverpool City Council will commence procurement processes for a Framework for infrastructure and suppliers for Culture Liverpool, in order to provisionally secure all of the key infrastructure required to deliver the Events programme, as identified in the planning stages.",Liverpool City Council,,32000000.0,GBP,2026-08-06,2026-10-09,tender,active,,https://www.find-tender.service.gov.uk/Notice/074971-2026,2026-08-07T08:10:40.132285+00:00
FTS,ocds-h6vhtk-06de60_074970-2026,Microfiltration at Coral Reef,install microfiltration system at Coral Reef to improve backwash and save energy.,Bracknell Forest Borough Council,,,GBP,2026-08-06,,award,complete,,https://www.find-tender.service.gov.uk/Notice/074970-2026,2026-08-07T08:10:40.132288+00:00
FTS,ocds-h6vhtk-06de5f_074969-2026,ISO11 Fumigation Lobby Replacement Project - Civil Works and CDM Principal Designer/Principal Contractor Role,"This opportunity (“Contract”) is for a single supplier to provide:
1.	Civil Works and CDM Principal Designer/Principal Contractor Role for the ISO11 Fumigation Lobby Replacement Project.
2.	Conversion of Structural Engineer’s drawings to Construction Drawings.
3.	Liaison with Local Authority to ensure compliance with Building Control.  This will include providing drawings and information as required by the Local Authority and hosting them during site visits.  Fees for Building Control will be pa",THE PIRBRIGHT INSTITUTE,,154166.0,GBP,2026-08-06,2026-09-23,tender,active,,https://www.find-tender.service.gov.uk/Notice/074969-2026,2026-08-07T08:10:40.132292+00:00
FTS,ocds-h6vhtk-06de5e_074968-2026,WBS-ITT-63804 Hydraulic Lifting Table,"To supply and install a electric hydraulic lifting table with a capacity of 3000kg at Welsh Blood Service.
Full information can be obtained from ITT documents on the eTender Wales Portal.
Please note this procurement is on behalf of Welsh Blood Service which is a division of Velindre University NHS Trust. The Procurement process is managed by NHS Wales Shared Services Partnership (hosted by Velindre University NHS Trust).",Velindre University NHS Trust,,85000.0,GBP,2026-08-06,2026-08-25,tender,active,,https://www.find-tender.service.gov.uk/Notice/074968-2026,2026-08-07T08:10:40.132297+00:00
Contracts Finder,ocds-b5fd17-6cd688ca-0687-4c76-97e1-6fe1c55994aa_60d50354-0baf-4274-8014-aed9d59df91e-909787,CityConnect Programme Evaluation,"The aim is to produce a programme-level evaluation of CityConnect covering all three phases, and assess the local and overall impacts of these on active travel in the region, to the best standard permitted by new and existing data. 

A programme-specific evaluation framework has been developed by the Combined Authority in line with internal and central government guidance, and the evaluation should be conducted in line with this. The evaluation framework also includes a comprehensive overview ",West Yorkshire Combined Authority,,117970.0,GBP,2026-08-06,2026-06-02,award,complete,79419000,https://www.contractsfinder.service.gov.uk/Notice/60d50354-0baf-4274-8014-aed9d59df91e-909787,2026-08-07T08:10:43.828989+00:00
Contracts Finder,ocds-b5fd17-727aab4e-ed22-44cc-ae1f-4d3a44e81bb9_516ee5e4-4c5c-44a8-8d23-56a6d0db0a0f-909786,University of Sheffield - Energy Centre & Heat Network Decarbonisation: Supplier Engagement Webinar.  Premarket Engagement,"University of Sheffield - Energy Centre & Heat Network Decarbonisation: Supplier Engagement Webinar

The University of Sheffield is undertaking a major programme to decarbonise a significant part of its heat and energy supply, replacing plant at the the campus energy centre with low carbon heat generation and extending the associated heat network to additional buildings.

 

Ahead of taking this programme to market, we are inviting interested contractors and suppliers to a short engagement",UNIVERSITY OF SHEFFIELD,,,GBP,2026-08-06,,planning,planning,45262640,https://www.contractsfinder.service.gov.uk/Notice/516ee5e4-4c5c-44a8-8d23-56a6d0db0a0f-909786,2026-08-07T08:10:43.829210+00:00
Contracts Finder,ocds-b5fd17-14c3e0fc-5c28-49c9-80e7-e2d1d7abf8c4_cfd1b610-d852-4290-adfa-5aa4335676f4-909785,SEN19234,SEN taxi contract to Sir Jonathan North College,Leicestershire County Council,,12156.0,GBP,2026-08-06,2026-08-06,tender,active,60000000,https://www.contractsfinder.service.gov.uk/Notice/cfd1b610-d852-4290-adfa-5aa4335676f4,2026-08-07T08:10:43.829407+00:00
Contracts Finder,ocds-b5fd17-c68cfea2-68c7-40a6-9fd4-3edbb75d9cbf_d791aad9-bddc-4b59-8d45-8012f561fec1-909784,"QLT328 2026-08-06 (0900) Bungay - The Ashley School, Lowestoft (8 seats and a passenger assistant) - AWARD","Suffolk County Council is seeking a mini competition against the following Dynamic Purchasing System: `The supply of Passenger Transport Services`, OJEU Notice Id: 2018/S 031-067685.
      
      QLT328 2026-08-06 (0900) Bungay - The Ashley School, Lowestoft (8 seats and a passenger assistant)
      
      Further details can be found in the 'Tenders / My Tenders' area of this website, by selecting the 'View Details' button for this project.
      
      The deadline for returned submissio",Suffolk County Council Passenger Transport,,,GBP,2026-08-06,2026-08-06,award,complete,60000000,https://www.contractsfinder.service.gov.uk/Notice/d791aad9-bddc-4b59-8d45-8012f561fec1-909784,2026-08-07T08:10:43.829605+00:00
Contracts Finder,ocds-b5fd17-ba68b3b3-0328-4fed-bcec-581e67be2783_32e64805-7259-4ce3-9c6d-edfc5e5979a9-909783,Network Charging Modelling Options Review,"Ofgem recently published a call for Input detailing some options for Network
Charging Reform. Over the next few months, Ofgem is looking to further the
understanding of these areas, in order to eventually short list Ofgem's Network
Charging Reform options later in the year. This work will contribute to wider DESNZ
Reformed National Pricing work (as referenced within their recent Delivery Plan) looking
at other levers to deliver the Strategic Spatial Energy Plan.
This work is intended to fu",Ofgem,,99000.0,GBP,2026-08-06,2026-01-01,award,complete,79411000,https://www.contractsfinder.service.gov.uk/Notice/32e64805-7259-4ce3-9c6d-edfc5e5979a9-909783,2026-08-07T08:10:43.829797+00:00
Contracts Finder,ocds-b5fd17-c9abe5fe-6c1e-4454-9163-92e6a3fb7da0_0cb15b42-aba2-4976-95b2-ef9a4ae99fa2-909782,Mids - AOMR Lot 2 - EMD Machinery Directive Bundle,The objective of these projects is to ensure that the Agency is compliant with the Machinery Directive at these sites and therefore to ensure that the site is safe for people to use weed screens and for weed screen maintenance.,DEFRA,,62439618.0,GBP,2026-08-06,2026-06-19,award,complete,45246410,https://www.contractsfinder.service.gov.uk/Notice/0cb15b42-aba2-4976-95b2-ef9a4ae99fa2-909782,2026-08-07T08:10:43.829980+00:00
Contracts Finder,ocds-b5fd17-b783f9fd-75fe-4cda-8069-9ad0fb7b4dbf_610a9628-3e10-49d9-b01f-0344ff9d9c8b-909781,"QLT348 2026-08-06 (0900) Lowestoft - Warren School, Lowestoft (8 seats and a passenger assistant) - AWARD","Suffolk County Council is seeking a mini competition against the following Dynamic Purchasing System: `The supply of Passenger Transport Services`, OJEU Notice Id: 2018/S 031-067685.
      
      QLT348 2026-08-06 (0900) Lowestoft - Warren School, Lowestoft (8 seats and a passenger assistant)
      
      Further details can be found in the 'Tenders / My Tenders' area of this website, by selecting the 'View Details' button for this project.
      
      The deadline for returned submission",Suffolk County Council Passenger Transport,,,GBP,2026-08-06,2026-08-06,award,complete,60000000,https://www.contractsfinder.service.gov.uk/Notice/610a9628-3e10-49d9-b01f-0344ff9d9c8b-909781,2026-08-07T08:10:43.830159+00:00
Contracts Finder,ocds-b5fd17-3b9c96c1-a36b-41da-a1fc-64c13975e97b_9dec3987-bb51-4dfd-b4cb-aeaf54aba7ab-909780,Intelligent Automation (RPA) Capability Development and Automation Delivery Partner,"Oldham Council is seeking to appoint a specialist Intelligent Automation partner to establish a sustainable Robotic Process Automation capability while delivering a programme of automations across Council services. 

The Council's objective is not simply to buy development resource. The requirement is to build an internal automation capability that can be sustained beyond the initial contract period through knowledge transfer, governance, training, reusable assets and operational enablement. ",Oldham Council,,215000.0,GBP,2026-08-06,2026-09-04,tender,active,72200000,https://www.contractsfinder.service.gov.uk/Notice/9dec3987-bb51-4dfd-b4cb-aeaf54aba7ab,2026-08-07T08:10:43.830363+00:00
Contracts Finder,ocds-b5fd17-a7992eff-dd62-43d3-bf54-4ed98883f045_baecd8ea-2b23-40d1-965b-9b46b029c7a4-909776,DWIT - Lot 4 Feed Factory Migration,Provision of Feed Migration Factory services to support the migration of data feeds and related services from legacy platforms to a new cloud-based data platform.,H M REVENUE & CUSTOMS,,75000000.0,GBP,2026-08-06,2026-03-20,award,complete,72000000,https://www.contractsfinder.service.gov.uk/Notice/baecd8ea-2b23-40d1-965b-9b46b029c7a4-909776,2026-08-07T08:10:43.830549+00:00
Contracts Finder,ocds-b5fd17-f71f232d-89b8-4edd-9b2d-39ff089e9f59_78d1fd53-621b-4ce8-96bf-754df700707c-909779,Consultation on Greater Oxford Development Corporation - Growth Parameters,Services provided to Homes England by Metro Dynamics in undertaking growth parameters forecasting and input into the development of spatial options which will inform the evidence needed for the Greater Oxford Development Corporation consultation,Homes England (the name adopted by the Homes and Communities Agency),,172987.0,GBP,2026-08-06,2026-07-02,award,complete,79000000,https://www.contractsfinder.service.gov.uk/Notice/78d1fd53-621b-4ce8-96bf-754df700707c-909779,2026-08-07T08:10:43.830744+00:00
Contracts Finder,ocds-b5fd17-5c586e7f-1c41-429b-8b07-b6000946a4f2_5543a245-bf86-43e7-9e3b-bafa71068546-909778,Contract Award Notice,Contract Award Notice for a contract placed on the GCA Network Services 3 Framework (RM6116).,Ministry of Defence,,178790.26,GBP,2026-08-06,2026-07-23,award,complete,32344280,https://www.contractsfinder.service.gov.uk/Notice/5543a245-bf86-43e7-9e3b-bafa71068546-909778,2026-08-07T08:10:43.830925+00:00
Contracts Finder,ocds-b5fd17-fa10d697-85b8-4072-b647-e18ca8d9e541_1320bd87-e9ab-41e1-8e09-fba90aaa6a42-909777,Web based GIS digital mapping service,"The Council has awarded a contract for  a  Web based GIS digital mapping service.

The contract is a call off without re-opening competition using the GCA  G Cloud 14 Framework (RM1557.14) Lot 2 Cloud Software.",Derbyshire Dales District Council,,48000.0,GBP,2026-08-06,2026-06-15,award,complete,48000000,https://www.contractsfinder.service.gov.uk/Notice/1320bd87-e9ab-41e1-8e09-fba90aaa6a42-909777,2026-08-07T08:10:43.831101+00:00
Contracts Finder,ocds-b5fd17-7544131f-383e-4de8-b100-8ce88d2bd264_b3935f73-6348-4c89-8160-074f557e7a09-909704,DDaT26265  - Business process modelling platform,"***** THIS IS AN AWARD NOTICE, NOT A CALL FOR COMPETITION *****
 UK Shared Business Services Ltd (UKSBS) had a requirement for the provision of a Business Process Modelling Platform. The maximum Call-Off Contract Value for the 12-month Call-Off Contract Term shall not exceed £15,054.00 excluding VAT. In addition, a non-committed contingency value of up to £20,000.00 excluding VAT may be utilised at the Buyer's discretion for the purchase of additional IBM Blueworks Live licences during the Call",UK SHARED BUSINESS SERVICES LIMITED,,15054.0,GBP,2026-08-06,2026-08-02,award,complete,48000000,https://www.contractsfinder.service.gov.uk/Notice/b3935f73-6348-4c89-8160-074f557e7a09-909704,2026-08-07T08:10:43.831280+00:00
Contracts Finder,ocds-b5fd17-f479bba2-9fa0-454c-97c8-0803f9009ef7_0ac69ece-4228-48ad-9038-25469e87d44a-909672,DDaT26320 - Storage Back Up Solution,"***** THIS IS AN AWARD NOTICE, NOT A CALL FOR COMPETITION ***** UK Shared Business Services (UKSBS) had a requirement for the provision of Veeam Data Platform licensing and associated OEM support to support its existing enterprise backup and recovery platform. The initial contract value is £69,140.95 excluding VAT. The Contract includes an optional extension period of up to 12 months. The maximum aggregate contract value, including any extension period, shall not exceed £164,140.95 excluding VAT",UK SHARED BUSINESS SERVICES LIMITED,,69140.95,GBP,2026-08-06,2026-07-24,award,complete,48000000,https://www.contractsfinder.service.gov.uk/Notice/0ac69ece-4228-48ad-9038-25469e87d44a-909672,2026-08-07T08:10:43.831457+00:00
Contracts Finder,ocds-b5fd17-831b0b96-b736-477f-9518-ccc4e5c24035_ea6ff9c5-7d97-4d72-bc89-eb5bcfb887d9-909648,DaT26245 - Cloud Security Subscription,"***** THIS IS AN AWARD NOTICE, NOT A CALL FOR COMPETITION ***** UK Shared business Serviced Ltd  (UKSBS) had a requirement for the provision of cloud security services.
This procurement is being concluded following a mini-competition under the Software Licence Reseller & Consultancy
Services ITS4052 SU - Lot 4

The initial contract value is £819,999.10 excluding VAT, with a non-committed contingency allowance of £130,000.90 excluding VAT. The total maximum contract value is £950,000.00 exclu",UK SHARED BUSINESS SERVICES LIMITED,,819999.1,GBP,2026-08-06,2026-07-24,award,complete,48000000,https://www.contractsfinder.service.gov.uk/Notice/ea6ff9c5-7d97-4d72-bc89-eb5bcfb887d9-909648,2026-08-07T08:10:43.831643+00:00
Contracts Finder,ocds-b5fd17-98823169-1072-4243-94fc-0751296dc3dd_3f0b40e9-6e30-4b86-a061-b513c91d8f06-909775,Euston Temporary Gantry Cranes,"The supplier will be responsible for the design, manufacture, fabrication, supply, installation and maintenance of approximately 9 gantry cranes.",SCS JV,2500000.0,5000000.0,GBP,2026-08-06,2026-08-17,tender,active,42414000,https://www.contractsfinder.service.gov.uk/Notice/3f0b40e9-6e30-4b86-a061-b513c91d8f06,2026-08-07T08:10:43.831827+00:00
Contracts Finder,ocds-b5fd17-d281f1eb-ee2d-4b53-8994-2ce39ddcb3dd_01be9d6c-7e6b-4ed8-9be1-657318875543-909770,Document Management System Support and Maintenance,"A contract has been awarded for the provision of  NEC Document Management Software as a Service.

The contract is a call off without re-opening competition using the GCA  RM6259 Vertical Application Solutions framework  Lot 1 Business Applications.

The contract value is excluding VAT and annual Indexation.",Derbyshire Dales District Council,,229722.99,GBP,2026-08-06,2026-05-29,award,complete,48000000,https://www.contractsfinder.service.gov.uk/Notice/01be9d6c-7e6b-4ed8-9be1-657318875543-909770,2026-08-07T08:10:43.832004+00:00
Contracts Finder,ocds-b5fd17-93a45ffd-0fce-4062-ba83-74eaa7ed97e3_7998e7aa-666f-4ca8-bd5e-70c026f1a138-909774,DWIT - Lot 1 Service Integrator,"Provision of Service Integration services to coordinate, govern and assure the delivery of multiple internal and external suppliers supporting HMRC's Data Warehouse Transformation programme. The service integrator will ensure effective collaboration and delivery of end-to-end services across the programme ecosystem.",H M REVENUE & CUSTOMS,,35000000.0,GBP,2026-08-06,2026-03-20,awardUpdate,complete,72000000,https://www.contractsfinder.service.gov.uk/Notice/7998e7aa-666f-4ca8-bd5e-70c026f1a138-909774,2026-08-07T08:10:43.832181+00:00
Contracts Finder,ocds-b5fd17-993b247a-2206-44ae-9b5d-9f89f70dcf29_d001c887-b0a8-4087-8ee2-c7fccaf0c76b-909772,Homecare Service Placement - ID190441 - Lot 3,Homecare Service Placement - ID190441 - Lot 3,Darlington Borough Council,,69709.12,GBP,2026-08-06,2026-07-21,award,complete,85000000,https://www.contractsfinder.service.gov.uk/Notice/d001c887-b0a8-4087-8ee2-c7fccaf0c76b-909772,2026-08-07T08:10:43.832357+00:00
Contracts Finder,ocds-b5fd17-a4f1bc2b-69c6-402b-9bd9-f2a81006acb6_974ae26f-223e-4f2c-8ce8-2a0e72200b5a-909773,CGH BMS Upgrade Project 2026/2027,"This project will upgrade some of the most critical areas of the hospital's building services controls. The outstations listed below will be upgraded to Schneider Struxuware and the graphical representations and alarms transferred to the EcoStruxure supervisor platform.

- Pathology Basement plantroom (LTHW) - labour only
- Pathology roof plantroom (AHUs) - labour only
- Radiopharmacy AHU BMS field devices
- Theatre Block CSSD AHU BMS field devices
- St Lukes 2 ground floor plant room - la",Gloucestershire Hospital Subsidiary Company,,198830.0,GBP,2026-08-06,2026-06-29,award,complete,71314100,https://www.contractsfinder.service.gov.uk/Notice/974ae26f-223e-4f2c-8ce8-2a0e72200b5a-909773,2026-08-07T08:10:43.832530+00:00
Contracts Finder,ocds-b5fd17-ae30936b-b19b-4b82-ad9c-a34b944d4655_392f529d-303b-4da2-8562-a1fc25c3d279-909760,CCSN26A01 -The Provision of Pillars of Independent Living Focus Groups (P12320),"The Buyer invites bids for qualitative research and analysis with disabled people focused around
the 12 pillars of independent living. The research will focus on discussions with disabled people
exploring their views on different areas of life as defined by the 12 pillars of independent living.
The findings will be used to develop the evidence base and inform future data collection plans.",Government Commercial Agency,,68162.71,GBP,2026-08-06,2026-07-07,award,complete,73210000,https://www.contractsfinder.service.gov.uk/Notice/392f529d-303b-4da2-8562-a1fc25c3d279-909760,2026-08-07T08:10:43.832722+00:00
Contracts Finder,ocds-b5fd17-c2a71351-cd82-420c-a001-538b276e9f03_997924b1-eb92-47b6-9808-2fc17378ddb0-909765,Supply of Office Furniture,Supply  of office furniture for remote and hybrid workers,"OFFICE FOR STANDARDS IN EDUCATION, CHILDRENS SERVICES AND SKILLS",,454966.2,GBP,2026-08-06,2026-04-22,award,complete,39100000,https://www.contractsfinder.service.gov.uk/Notice/997924b1-eb92-47b6-9808-2fc17378ddb0-909765,2026-08-07T08:10:43.832903+00:00
Contracts Finder,ocds-b5fd17-9f34f067-4ce6-4448-8a66-88a806c9313e_3d11a375-d9f4-4df2-ba2b-f6c7c0fdf031-909768,Homecare Service Placement - ID178112 - Lot 3,Homecare Service Placement - ID178112 - Lot 3,Darlington Borough Council,,69709.12,GBP,2026-08-06,2026-07-26,award,complete,85000000,https://www.contractsfinder.service.gov.uk/Notice/3d11a375-d9f4-4df2-ba2b-f6c7c0fdf031-909768,2026-08-07T08:10:43.833079+00:00
Contracts Finder,ocds-b5fd17-02ab3ede-3735-4f6d-a280-5b5eea766387_792d1f23-b4d2-4138-94a1-8f3a9c0c5f54-909357,UKRI Penetration Testing Services,"***Please note this is an award notice, not a call for competition*** UK Research and Innovation had a requirement for Penetration Testing Services. This has been sourced via direct award against the RM1557.14 G-Cloud 14 framework.

***Variation 001 has been conducted to include additional services required for implementation off security assessments, utilising built in contingency as per the call-off contract. This variation is totalled at £52,480.00 excluding VAT. ***

***Variation 002 has",UK SHARED BUSINESS SERVICES LIMITED,,64000.0,GBP,2026-08-06,2024-09-25,awardUpdate,complete,72212984,https://www.contractsfinder.service.gov.uk/Notice/792d1f23-b4d2-4138-94a1-8f3a9c0c5f54-909357,2026-08-07T08:10:43.833255+00:00
Contracts Finder,ocds-b5fd17-a09e4005-0fee-4442-8da8-492b9553a524_e257168f-1c0e-42ef-bda0-3432df7e329b-909767,Renew 24 Hour Security Operations Centre (SOC) and Cyber Monitoring Service,"Provision of a 24 Hour / 365 Day Security Operations Centre (SOC) and Cyber Monitoring Service for Torbay Council's ICT environment, including continuous cyber threat detection, monitoring, alerting and incident response services.",TORBAY COUNCIL,,151482.74,GBP,2026-08-06,2026-07-31,award,complete,72000000,https://www.contractsfinder.service.gov.uk/Notice/e257168f-1c0e-42ef-bda0-3432df7e329b-909767,2026-08-07T08:10:43.833429+00:00
Contracts Finder,ocds-b5fd17-b5706c6b-7fd0-446e-9f2d-dd26524c8c2e_7c8d2072-1543-4afa-aa1e-2ba61571d78a-909763,Homecare Service Placement - ID410491 - Lot 3,Homecare Service Placement - ID410491 - Lot 3,Darlington Borough Council,,224456.96,GBP,2026-08-06,2026-07-20,award,complete,85000000,https://www.contractsfinder.service.gov.uk/Notice/7c8d2072-1543-4afa-aa1e-2ba61571d78a-909763,2026-08-07T08:10:43.833619+00:00
Contracts Finder,ocds-b5fd17-82bbd98e-5a8b-471d-9fca-6aab0612ecbf_e4dc7afe-9546-4b6a-9f2c-d9f8984c8199-909749,Lot 3 Data Lakehouse Develop  and Run,"Provision of services to develop, operate and continuously improve HMRC's cloud-based Data Lakehouse platform, including support for data migration, data ingestion, platform management and ongoing optimisation as part of the Data Warehouse Transformation (DWIT) programme.",H M REVENUE & CUSTOMS,,100000000.0,GBP,2026-08-06,2026-03-20,award,complete,72000000,https://www.contractsfinder.service.gov.uk/Notice/e4dc7afe-9546-4b6a-9f2c-d9f8984c8199-909749,2026-08-07T08:10:43.833798+00:00
Contracts Finder,ocds-b5fd17-c42beddd-a15e-47fd-9d62-7b8998330ecb_2bc8c307-892c-4977-ae51-4c17a32915bf-909762,BDEC Contract Renewal,"HMRC needs Cloud software developers to maintain and enhance Buk Data Exploitation Capability.
The contract will be a 2-year fixed term with 1 option to extend by a maximum of 12 months.",H M REVENUE & CUSTOMS,,7106550.0,GBP,2026-08-06,2026-04-30,awardUpdate,complete,72300000,https://www.contractsfinder.service.gov.uk/Notice/2bc8c307-892c-4977-ae51-4c17a32915bf-909762,2026-08-07T08:10:43.833971+00:00
Contracts Finder,ocds-b5fd17-bdb367cd-d536-4f65-b822-fe6f060df9d1_4dade4f1-6434-4777-a45b-5a543c307bc6-909764,Taxi and MPV (1-8 seats) - Taxi and MPV (1-8 seats),"Vehicle type: 4 seat car
Passenger Assistant Required:  no

Proposed Taxi Route:
From:  The Keys, Station Hill, Wadhurst, TN5 6RZ
To: Wadhurst C of E Primary School, TN5 6SR
Frequency: Mon-Fri
Daily School Time: 08:50 - 15:20
 This opportunity has been distributed on SProc.net",East Sussex County Council,,,GBP,2026-08-06,2026-08-05,award,complete,60000000,https://www.contractsfinder.service.gov.uk/Notice/4dade4f1-6434-4777-a45b-5a543c307bc6-909764,2026-08-07T08:10:43.834142+00:00
Contracts Finder,ocds-b5fd17-ca9b2298-0bbc-4e08-8188-5a656255eee9_d01d8755-bb60-4c68-95a4-d2ef60b4987e-909761,CP2775-26 Early Help Case Management Solution,"The Local Authority is statutorily required to meet the needs of the Early Help. This requirement involves partnership working with Education, Health and Social Care professionals both internal and external in order to deliver a universal offer for Early Help at level 1 and 2. A case management solution is required to meet this requirement.  Year one costs £55,300.  2 x 12 months contract extensions available at 57k per annum",Devon County Council,,57000.0,GBP,2026-08-06,2026-03-16,award,complete,72000000,https://www.contractsfinder.service.gov.uk/Notice/d01d8755-bb60-4c68-95a4-d2ef60b4987e-909761,2026-08-07T08:10:43.834315+00:00
Contracts Finder,ocds-b5fd17-9ddfa399-fbff-4d80-aa8c-de4b37a07204_11a748e1-ff9f-4e1e-a0bf-bea5d76d25b6-908594,Office supplies,Basics office supplies,Government Legal Department,,60000.0,GBP,2026-08-06,2026-01-19,award,complete,30192000,https://www.contractsfinder.service.gov.uk/Notice/11a748e1-ff9f-4e1e-a0bf-bea5d76d25b6-908594,2026-08-07T08:10:43.834488+00:00
Contracts Finder,ocds-b5fd17-d13a02ea-cf00-4c24-a74e-cf15c784d132_0129e59d-46fb-4af4-bd66-53d4b4b44e75-909759,C461259 - General Legal Advisory File for Human Resources- Capsticks,Bradford Teaching Hospitals NHS Foundation Trust require Legal Advisory services to assist with internal decisions.,Bradford Teaching Hospitals NHS Foundation Trust,,10000.0,GBP,2026-08-06,2026-06-30,award,complete,79100000,https://www.contractsfinder.service.gov.uk/Notice/0129e59d-46fb-4af4-bd66-53d4b4b44e75-909759,2026-08-07T08:10:43.834673+00:00
Contracts Finder,ocds-b5fd17-5d300cf0-6806-4ff7-b1d8-4e1db22cf6f9_3abb0e87-29bd-45ef-bc05-62709cca0e41-909753,Blacklight Technology Partners (BTP) - S3 Partners   Short interest data,Procurement of additional metrics to display in Market Data dashboard,BANK OF ENGLAND,,31813.0,GBP,2026-08-06,2026-07-07,award,complete,48000000,https://www.contractsfinder.service.gov.uk/Notice/3abb0e87-29bd-45ef-bc05-62709cca0e41-909753,2026-08-07T08:10:43.834848+00:00
Contracts Finder,ocds-b5fd17-bffe5b2f-ab83-42c9-a8e4-6862f6c1e329_0780dcb4-a459-4d62-8fc9-b247a7dbb4ea-909758,GB-London: PA0054 - AI Strategy,AI Solution to assess and prioritise asset risk,Peabody Trust,,2246400.0,GBP,2026-08-06,2026-07-14,award,complete,72260000,https://www.contractsfinder.service.gov.uk/Notice/0780dcb4-a459-4d62-8fc9-b247a7dbb4ea-909758,2026-08-07T08:10:43.835024+00:00
Contracts Finder,ocds-b5fd17-32202561-b34e-43eb-820b-54b087157841_5922b817-23dc-4758-9660-af204c5c91b3-909757,C461266 - General Legal Advisory File for Human Resources- DAC Beachcroft,Bradford Teaching Hospitals NHS Foundation Trust require Legal Advisory services to assist with internal decisions.,Bradford Teaching Hospitals NHS Foundation Trust,,10000.0,GBP,2026-08-06,2026-06-30,award,complete,79100000,https://www.contractsfinder.service.gov.uk/Notice/5922b817-23dc-4758-9660-af204c5c91b3-909757,2026-08-07T08:10:43.835199+00:00
Contracts Finder,ocds-b5fd17-2f4134d2-94ce-4153-984d-478665c6fe34_228a699c-378f-49d0-b792-54bade91ebe5-909755,Apprenticeship Levy DR850007299,Delivery of the L6 Professional Arboriculturist apprenticeship standard for 2 learners,EAST RIDING OF YORKSHIRE COUNCIL,1000.0,44000.0,GBP,2026-08-06,2026-06-30,award,complete,80000000,https://www.contractsfinder.service.gov.uk/Notice/228a699c-378f-49d0-b792-54bade91ebe5-909755,2026-08-07T08:10:43.835380+00:00
Contracts Finder,ocds-b5fd17-0bf0e8d3-4cfa-4ab9-adfc-5984c27c38e1_1e7258f8-f9ee-473d-bcb6-587750099bfd-909754,Homecare Service Placement - ID362380 - Lot 1,Homecare Service Placement - ID362380 - Lot 1,Darlington Borough Council,,69247.36,GBP,2026-08-06,2026-08-02,award,complete,85000000,https://www.contractsfinder.service.gov.uk/Notice/1e7258f8-f9ee-473d-bcb6-587750099bfd-909754,2026-08-07T08:10:43.835553+00:00
Contracts Finder,ocds-b5fd17-50e98f68-de57-4bc7-a05a-0f506e7b1932_8b8d9d59-5ac5-49e5-ace9-ae03cfa0bb83-909752,Level 4 Software Tester Apprenticeship Rapid Award,Delivery of the Level 4 Software Tester Apprenticeship to DWP employees. This contract was awarded from the Framework RM6102,Department for Work and Pensions,,,GBP,2026-08-06,2026-07-24,award,complete,80511000,https://www.contractsfinder.service.gov.uk/Notice/8b8d9d59-5ac5-49e5-ace9-ae03cfa0bb83-909752,2026-08-07T08:10:43.835732+00:00
Contracts Finder,ocds-b5fd17-050de63d-513b-4231-b457-c2e94cd1b034_493f08d7-d1f8-4e14-a425-26ff8f6469f5-909751,Contact Centre Solution System,"Contract for the provision of an omnichannel to support the Councils Contact Centres.

Awarded under G-Cloud 14 (RM1557.14)",BASINGSTOKE & DEANE BOROUGH COUNCIL,,186043.0,GBP,2026-08-06,2026-02-27,awardUpdate,complete,48510000,https://www.contractsfinder.service.gov.uk/Notice/493f08d7-d1f8-4e14-a425-26ff8f6469f5-909751,2026-08-07T08:10:43.835909+00:00
Contracts Finder,ocds-b5fd17-123e07f1-72f7-4797-a6e0-7f08b009960e_4e106408-5759-4437-bce4-912fbcdafd7e-909750,CP2851-26 Note Taking Tool,"The Children's Leadership Team ran a pilot for an AI product called Magic Notes.\r
Following a successful pilot, the Authority is awarding a contract for an initial 13-month term to deliver the service on an ongoing basis, reflecting on the outcomes achieved during the pilot period.

Additional information: 
The awarded contract value for the initial term is £92,000.  If 1 x 12 month extension taken the overall value will be £179,500 (exc VAT)",Devon County Council,,92000.0,GBP,2026-08-06,2026-07-13,award,complete,48000000,https://www.contractsfinder.service.gov.uk/Notice/4e106408-5759-4437-bce4-912fbcdafd7e-909750,2026-08-07T08:10:43.836083+00:00
Contracts Finder,ocds-b5fd17-77884b07-b5d1-4831-91df-2fa6b2455886_94b3d955-4831-479c-b5d6-ed4a05eab52e-909748,Homecare Service Placement - ID385276 - Lot 1,Homecare Service Placement - ID385276 - Lot 1,Darlington Borough Council,,66859.52,GBP,2026-08-06,2026-07-10,award,complete,85000000,https://www.contractsfinder.service.gov.uk/Notice/94b3d955-4831-479c-b5d6-ed4a05eab52e-909748,2026-08-07T08:10:43.836258+00:00
Contracts Finder,ocds-b5fd17-9bf95198-bd7f-410e-b776-afa3060133a4_d0ba6875-be53-4800-9aaa-bb7cd5a10d0c-909746,PLACE1250ET SEND Summer 26 South Batch 13,SEND Specialised Transport Routes. This is a call-off from the PLACE059 Passenger Transport DPS. The tender is made up of 1 service area that is required within the region. Contract will run for 2 academic years with an option to extend by 12 months.,Derbyshire County Council,,98704.0,GBP,2026-08-06,2026-07-20,award,complete,60100000,https://www.contractsfinder.service.gov.uk/Notice/d0ba6875-be53-4800-9aaa-bb7cd5a10d0c-909746,2026-08-07T08:10:43.836433+00:00
Contracts Finder,ocds-b5fd17-6dee2b83-e685-4a86-9243-2ad7466a91e1_cdc5f8c3-f5a5-4c9c-90cb-7ea44c14be91-909744,Consultation on Greater Oxford Development Corporation - Evidence Base & Spatial Options,Services provided to Homes England to prepare a consolidated evidence base of data across Oxfordshire and to develop a number of spatial options for shortlisting for the boundary of the Greater Oxford Development Corporation,Homes England (the name adopted by the Homes and Communities Agency),,169698.0,GBP,2026-08-06,2026-07-01,award,complete,71000000,https://www.contractsfinder.service.gov.uk/Notice/cdc5f8c3-f5a5-4c9c-90cb-7ea44c14be91-909744,2026-08-07T08:10:43.836623+00:00
Contracts Finder,ocds-b5fd17-49af4713-1b20-4340-935a-adf2afe486f0_0c5988d1-d8b7-4bbb-9e9b-b5b86a8ef4d0-909742,709284450 - Design Services Contract 2,Notification of contract award of Design Services Contract v2.,Ministry of Defence,,153500000.0,GBP,2026-08-06,2025-03-01,award,complete,72222300,https://www.contractsfinder.service.gov.uk/Notice/0c5988d1-d8b7-4bbb-9e9b-b5b86a8ef4d0-909742,2026-08-07T08:10:43.836802+00:00
Contracts Finder,ocds-b5fd17-e7ebef20-ee90-4efa-ac50-cfdeaa54e1f6_d3d2477b-a5ec-423e-bef9-c7444e14cd14-909741,Patient Letters (Digital and Hybrid mail),Bradford Teaching Hospitals NHS Foundation Trust (BTHFT) has a requirement to provide patient letters to clients in both digital and hybrid mail formats.  This must link in directly with our electronic patient record (EPR) and the NHS App to allow communication.,Bradford Teaching Hospitals NHS Foundation Trust,,513151.95,GBP,2026-08-06,2026-02-08,award,complete,48517000,https://www.contractsfinder.service.gov.uk/Notice/d3d2477b-a5ec-423e-bef9-c7444e14cd14-909741,2026-08-07T08:10:43.836976+00:00
Contracts Finder,ocds-b5fd17-1b605a22-ce5d-447c-8835-9cdb91a323a4_9334424b-0f5e-44f1-8052-f69e68a3497c-909740,LAMP testing (Loop-mediated isothermal amplification),"Procurement of LAMP (Loop-mediated isothermal amplification) assay for DPYD, CYP2C19 and HFE testing.

Additional information: 
The bidder must be able to provide an assay which detects the variants for DPYD, CYP2C19 and HFE as stated on the national genomics test directory. Please note: due to the laboratory's UKAS 15189; 2022 accreditation we require any kits to be CE marked. The assay must be ready for clinical use.

The bidder must provide full details of the validation of this solution",Manchester University NHS Foundation Trust,,230000.0,GBP,2026-08-06,,planning,planning,33696300,https://www.contractsfinder.service.gov.uk/Notice/9334424b-0f5e-44f1-8052-f69e68a3497c-909740,2026-08-07T08:10:43.837141+00:00
Contracts Finder,ocds-b5fd17-ffd1d236-86ed-4d78-b46e-7ea2bfceb79f_50511fd7-f976-494b-ae5d-9bb88dc09286-909739,PLACE1223ET SEND Summer 26 South Batch 2 Bannerley Fields - A Call-Off from the PLACE059 Passenger Transport DPS,SEND Specialised Transport Routes. This is a call-off from the PLACE059 Passenger Transport DPS. The tender is made up of 4 service areas that are required within the region. Contracts run for 2 academic years with an option to extend by 12 months.,Derbyshire County Council,,369040.27,GBP,2026-08-06,2026-07-01,award,complete,60100000,https://www.contractsfinder.service.gov.uk/Notice/50511fd7-f976-494b-ae5d-9bb88dc09286-909739,2026-08-07T08:10:43.837316+00:00
Contracts Finder,ocds-b5fd17-50b10671-31d2-4b76-8e35-b3e89e8a77e0_252efb04-a1c0-4caf-b931-2452c0731d5e-909737,Homecare Service Placement - ID190975 - Lot 1,Homecare Service Placement - ID190975 - Lot 1,Darlington Borough Council,,83807.36,GBP,2026-08-06,2026-07-27,award,complete,85000000,https://www.contractsfinder.service.gov.uk/Notice/252efb04-a1c0-4caf-b931-2452c0731d5e-909737,2026-08-07T08:10:43.837491+00:00
Contracts Finder,ocds-b5fd17-17cfd870-e781-4e25-8ad7-96b67bba5bb5_d751811a-2b60-49e2-80be-c9dad3571629-909531,Replacement Data Centre,"The Crown Hosting II / 10002651 Framework has been called off from. 
The supplier will provide Data Centre Hosting and Connectivity.

This is an award notice.",HERTFORDSHIRE COUNTY COUNCIL,,1034190.7,GBP,2026-08-06,2026-06-19,award,complete,72222300,https://www.contractsfinder.service.gov.uk/Notice/d751811a-2b60-49e2-80be-c9dad3571629-909531,2026-08-07T08:10:43.837681+00:00
Contracts Finder,ocds-b5fd17-b2913765-84c1-4c5a-bfab-536fad41f08f_c7cc2f95-2f24-4710-a710-aaf6ba56aa56-909736,Faygate Gas Scheme 2026,"Procurement of a contractor to drill 55 new gas wells at Faygate (closed) landfill site, installing connecting pipework, and relocating a gas flare located at another site, to Faygate, and repurposing it in a new compound.",West Sussex County Council,,450000.0,GBP,2026-08-06,2026-06-12,award,complete,45333000,https://www.contractsfinder.service.gov.uk/Notice/c7cc2f95-2f24-4710-a710-aaf6ba56aa56-909736,2026-08-07T08:10:43.837860+00:00
Contracts Finder,ocds-b5fd17-f8110d70-e610-4d17-92fd-5c4866b3d503_0da9833d-ce69-474f-9191-5dcc8f3df548-909734,Homecare Service Placement - ID297595 - Lot 1,Homecare Service Placement - ID297595 - Lot 1,Darlington Borough Council,,33429.76,GBP,2026-08-06,2026-07-21,award,complete,85000000,https://www.contractsfinder.service.gov.uk/Notice/0da9833d-ce69-474f-9191-5dcc8f3df548-909734,2026-08-07T08:10:43.838036+00:00
Contracts Finder,ocds-b5fd17-9716bde6-8384-4cc1-827a-e93eb1b2ba92_c924e47e-69b1-4e61-99c8-477b1b18b2ed-909735,TN104 2026-07-21 09.00 Bury St.Edmunds to Thurston Community School - AWARD,"Suffolk County Council is seeking a mini competition against the following Dynamic Purchasing System: `The supply of Passenger Transport Services`, OJEU Notice Id: 2018/S 031-067685.
      
      TN104 2026-07-21 09.00 Bury St.Edmunds to Thurston Community School
      
      Further details can be found in the 'Tenders / My Tenders' area of this website, by selecting the 'View Details' button for this project.
      
      The deadline for returned submissions is TUESDAY 21ST JULY 2026 AT",Suffolk County Council Passenger Transport,,,GBP,2026-08-06,2026-07-21,award,complete,60000000,https://www.contractsfinder.service.gov.uk/Notice/c924e47e-69b1-4e61-99c8-477b1b18b2ed-909735,2026-08-07T08:10:43.838206+00:00
Contracts Finder,ocds-b5fd17-af4b17ca-80a4-4982-b194-81acf13ef929_8ec9242f-5ee4-485a-b955-a277d6993bd2-909733,Homecare Service Placement - ID312568 - Lot 1,Homecare Service Placement - ID312568 - Lot 1,Darlington Borough Council,,41787.2,GBP,2026-08-06,2026-07-14,award,complete,85000000,https://www.contractsfinder.service.gov.uk/Notice/8ec9242f-5ee4-485a-b955-a277d6993bd2-909733,2026-08-07T08:10:43.838382+00:00
Contracts Finder,ocds-b5fd17-2969f240-d01a-4b23-b1c5-4923fc44304b_d7b4d842-aafe-4f67-9592-ef910bdfe616-909731,Homecare Service Placement - ID5017152 - Lot 1,Homecare Service Placement - ID5017152 - Lot 1,Darlington Borough Council,,33429.76,GBP,2026-08-06,2026-07-20,award,complete,85000000,https://www.contractsfinder.service.gov.uk/Notice/d7b4d842-aafe-4f67-9592-ef910bdfe616-909731,2026-08-07T08:10:43.838557+00:00
Contracts Finder,ocds-b5fd17-9732aa33-40fd-465d-8618-4883a69ed3c2_6d814328-cccb-4cac-86ff-7acf3a815909-909727,Board Meeting Module & Risk Management Software,Board meeting module and Risk Management Software for Salix Homes,Salix Homes Limited,,64612.0,GBP,2026-08-06,2026-07-25,award,complete,48000000,https://www.contractsfinder.service.gov.uk/Notice/6d814328-cccb-4cac-86ff-7acf3a815909-909727,2026-08-07T08:10:43.838743+00:00
Contracts Finder,ocds-b5fd17-13f0e87e-06d9-4a43-88fa-1670f703a39b_df420683-c6cb-459c-be4d-6fcc727c2912-909732,"QOC899 0900 2026-08-06 Brandon - Aurora Eccles School, Quidenham, Norfolk (4-seated vehicle and a PA required) - AWARD","Suffolk County Council is seeking a mini competition against the following Dynamic Purchasing System: `The supply of Passenger Transport Services`, OJEU Notice Id: 2018/S 031-067685.
      
      QOC899 0900 2026-08-06 Brandon - Aurora Eccles School, Quidenham, Norfolk (4-seated vehicle and a PA required)
      
      Further details can be found in the 'Tenders / My Tenders' area of this website, by selecting the 'View Details' button for this project.
      
      The deadline for return",Suffolk County Council Passenger Transport,,,GBP,2026-08-06,2026-08-06,award,complete,60000000,https://www.contractsfinder.service.gov.uk/Notice/df420683-c6cb-459c-be4d-6fcc727c2912-909732,2026-08-07T08:10:43.838920+00:00
Contracts Finder,ocds-b5fd17-8dee7cf4-3f23-4107-8600-e7568072da33_4c100d70-d4c8-4e4c-a47d-20f50307f574-909730,Highway Design Engineer - Consultancy Engineer Support,Provision of Highways Design Engineer to support South Gloucestershire Council with the delivery of 'CRSTS' projects across South Gloucestershire. This is a call off from the West of England Combined Authority (WECA) Professional Services Framework 2 (PSF2).,South Gloucestershire Council,,43000.0,GBP,2026-08-06,2026-05-22,award,complete,71311210,https://www.contractsfinder.service.gov.uk/Notice/4c100d70-d4c8-4e4c-a47d-20f50307f574-909730,2026-08-07T08:10:43.839096+00:00
Contracts Finder,ocds-b5fd17-174ade84-9a53-40fc-81bf-b03789fee061_383b99aa-f8b8-4b3c-87a6-3f742b9e9099-909729,Procurement for Telehandlers for Defra Group 2025,Procurement for Telehandlers for Defra Group 2025,Environment Agency,,8060100.0,GBP,2026-08-06,2026-02-06,award,complete,16000000,https://www.contractsfinder.service.gov.uk/Notice/383b99aa-f8b8-4b3c-87a6-3f742b9e9099-909729,2026-08-07T08:10:43.839272+00:00
Contracts Finder,ocds-b5fd17-216ed8b9-991c-40d1-a932-319b35cf045a_e531b352-70e0-49bc-9aec-b5a30a8b7594-909728,Traffic Signals 2026,Highways signals equipment operations and maintenance,West Sussex County Council,,25000000.0,GBP,2026-08-06,2026-04-17,award,complete,50232200,https://www.contractsfinder.service.gov.uk/Notice/e531b352-70e0-49bc-9aec-b5a30a8b7594-909728,2026-08-07T08:10:43.839447+00:00
Contracts Finder,ocds-b5fd17-7b74b034-a957-41c9-9bd1-fa227b0bacd2_6dd722ce-3de1-4e41-931f-04829b2ec18e-909714,Provision of a Digital Payment Platform for the Herefordshire Council Crisis and Resilience Fund,"Herefordshire Council has awarded a call-off contract under the Procurement for Housing (PfH) Electronic Payment Services framework to Evouchers Limited for the provision, implementation and operation of a secure, scalable and compliant digital payment platform to support the Council's Crisis and Resilience Fund.

The platform will enable Council employees and authorised partner organisations to distribute emergency financial assistance to eligible individuals and families through a range of p",Herefordshire Council,,1500000.0,GBP,2026-08-06,2026-08-04,award,complete,66170000,https://www.contractsfinder.service.gov.uk/Notice/6dd722ce-3de1-4e41-931f-04829b2ec18e-909714,2026-08-07T08:10:43.839634+00:00
Contracts Finder,ocds-b5fd17-722cd3d3-3ef3-487a-a665-918eef6c48c3_4b1ef15d-1181-4a34-ad74-ca0ad3841794-909725,Sizewell A Ponds Building Roof Refurbishment,Refurbisment of the Ponds Buikding roof,Nuclear Restoration Services,,697538.71,GBP,2026-08-06,2026-04-14,award,complete,45261900,https://www.contractsfinder.service.gov.uk/Notice/4b1ef15d-1181-4a34-ad74-ca0ad3841794-909725,2026-08-07T08:10:43.839811+00:00
Contracts Finder,ocds-b5fd17-1077d209-9c04-4187-87e3-40bc80e356b1_1450a78b-954c-498b-a6d0-4a518628d700-909724,Further Competition RM6098 Tepas 2 Lot 3 - Microsoft Licensing,Microsoft Licensing,Rotherham Doncaster and South Humber NHS Foundation Trust,,261000.0,GBP,2026-08-06,2026-07-17,award,complete,48000000,https://www.contractsfinder.service.gov.uk/Notice/1450a78b-954c-498b-a6d0-4a518628d700-909724,2026-08-07T08:10:43.839984+00:00
Contracts Finder,ocds-b5fd17-b982c115-f514-40da-8906-394e36b1da85_bc290396-8225-4835-a894-82b7fef9188e-909722,Red Teaming,"Provision of specialist Red Teaming services to support the Home Office Science and Technology unit. The services will deliver independent, adversary simulated assessments of selected sites and systems, testing physical and digital security controls and identifying vulnerabilities.",Home Office,,1500000.0,GBP,2026-08-06,2026-07-02,award,complete,73300000,https://www.contractsfinder.service.gov.uk/Notice/bc290396-8225-4835-a894-82b7fef9188e-909722,2026-08-07T08:10:43.840158+00:00
Contracts Finder,ocds-b5fd17-865a58e8-a127-439a-8afe-59d6b60cc157_a895ddc5-92b0-43bc-a103-5ac6b70e8e91-909721,New Hospital Programme - Hospital 2.0 Alliance (H2A) Framework  Call-Off Contract for Hillingdon Hospital Redevelopment,"NHS England (NHSE) has concluded a competitive dialogue procurement under the Public Contracts Regulations 2015 for the establishment of the Hospital 2.0 Alliance Framework (""H2A Framework"") and the Hospital 2.0 Alliance Agreement. These two instruments form the basis of a multi-supplier integrated delivery model 
created to deliver the New Hospital Programme (NHP). The H2A Framework provides the mechanism for NHS Trusts to award Call-Off Contracts for schemes forming part of the New Hospital P",The Hillingdon Hospitals NHS Foundation Trust,,1958000.0,GBP,2026-08-06,2026-07-29,award,complete,71300000,https://www.contractsfinder.service.gov.uk/Notice/a895ddc5-92b0-43bc-a103-5ac6b70e8e91-909721,2026-08-07T08:10:43.840328+00:00
Contracts Finder,ocds-b5fd17-bbc06b68-bbb5-4410-b6ea-9b878a3af978_99d18c99-2fbe-4d9f-90de-21f9d3b49e53-909720,Works at Alexandra Gardens - External Refurbishment to 3 No. Residential Blocks of Flats,"Sutton Housing Partnership, on behalf of the London Borough of Sutton (LBS) is issuing a Request For Quotation (RFQ) for the Works to Alexandra Gardens - External Refurbishment to 3 No. Residential Blocks of Flats.\r
\r
Sutton Housing Partnership (SHP) Ltd. is an Arm's Length Management Organisation (ALMO), which was established in April 2006 to manage council housing owned by the London Borough of Sutton.\r
\r
While Sutton Council owns the homes and takes responsibility for housing policy a",London Borough of Sutton,,850000.0,GBP,2026-08-06,2024-12-02,award,complete,45000000,https://www.contractsfinder.service.gov.uk/Notice/99d18c99-2fbe-4d9f-90de-21f9d3b49e53-909720,2026-08-07T08:10:43.840506+00:00
Contracts Finder,ocds-b5fd17-97859e78-35e7-4f48-8465-bbfdf9da92c4_06d2a1fd-8c3e-4860-a8eb-967d1c48295b-909719,P3464 - Highways Technical Support (Part 2) - AWARD,"Birmingham City Council (the Council) has awarded a further competition exercise contract to Ove Arup & Partners Ltd under the Eastern Shires Purchasing Organisation (ESPO) Consultancy Services Framework Agreement reference 664_25 Lot 5 Highways, Traffic and Transport for the provision of P3464 Highways Technical Support (Part 2).",Birmingham City Council,,,GBP,2026-08-06,2026-05-01,awardUpdate,complete,71311210,https://www.contractsfinder.service.gov.uk/Notice/06d2a1fd-8c3e-4860-a8eb-967d1c48295b-909719,2026-08-07T08:10:43.840691+00:00
Contracts Finder,ocds-b5fd17-5bf9026a-2a9c-4f53-b14f-1a9fa138af6b_0e542401-a778-4a67-9f9f-b4d51155c4e6-909717,CA17983 - ITT 26/2026 - PEACEPLUS PP2021 - Ballyhorman Community Association 3G Pitch Spectator Seating - Retender,"Applications are invited from Contractors, under the terms of the NEC4 ECSC Short Contract, for the following PEACEPLUS project:  Ballyhornan Community Association - Spectator Seating PP2021: Supply and installation of a 50 seater spectator stand to the side of 3G Pitch at Ballyhornan Community Association site. 

To access this competition: 

Registered:
Login to https://suppliers.multiquote.com and view the opportunity CA17983.

Not registered:
Visit https://suppliers.multiquote.com th","Newry, Mourne and Down District Council (NMD)",,,GBP,2026-08-06,2026-07-28,awardUpdate,complete,45111220,https://www.contractsfinder.service.gov.uk/Notice/0e542401-a778-4a67-9f9f-b4d51155c4e6-909717,2026-08-07T08:10:43.840865+00:00
Contracts Finder,ocds-b5fd17-f5b5f070-882e-4151-a3a6-6db3c25107b2_1667cb10-00bc-4787-82b7-4a9d42746211-909716,CA17414 - Salford College-Design and construction of a cladding refurbishment,"Salford College - Design and construction of a cladding refurbishment @ Chatsworth Road, Eccles, Manchester, M30 9FJ


To access this competition: 

Registered:
Login to https://suppliers.multiquote.com and view the opportunity CA17414.

Not registered:
Visit https://suppliers.multiquote.com then register and quote CA17414 as the reason for registration. 

 Any queries please contact MultiQuote on 020 3920 8054.",Salford City College,,,GBP,2026-08-06,2026-06-21,award,complete,45262650,https://www.contractsfinder.service.gov.uk/Notice/1667cb10-00bc-4787-82b7-4a9d42746211-909716,2026-08-07T08:10:43.841039+00:00
Contracts Finder,ocds-b5fd17-e33ad1d3-cba6-4317-a541-a31e778bcdaf_1bc4e2d7-4c1d-4103-91a5-41cd60043164-909715,Stryker Operon Operating Table,"Stryker Operon Operating Table for Hull Royal Infirmary, theatr 5 General surgery via the Trust capital replacement allocation utilising NHSSC FRAMEWORK REF: 2024/S 000-017010",Hull University Teaching Hospitals NHS Foundation Trust,,35828.61,GBP,2026-08-06,2026-08-05,award,complete,33192230,https://www.contractsfinder.service.gov.uk/Notice/1bc4e2d7-4c1d-4103-91a5-41cd60043164-909715,2026-08-07T08:10:43.841215+00:00
Contracts Finder,ocds-b5fd17-237252c3-1022-40b9-903c-50d898896667_2375427c-6174-48ea-9bb1-6dca14761f9f-909713,Tunnel Segment Production Monitoring System,"This project involves the manufacturing, transportation and installation of approximately 39000 precast concrete tunnel segments. The segments will be produced at Avonmouth tunnel precast factory, transported through a multi-modal logistics network (truck and train interfaces), stored across 4 facilities (TPF, Railhead, ACA and TLC), ultimately installed within three TBMs serving two intake tunnels and one outfall tunnel configuration.
      This operation requires complete end-to-end visibilit",Sizewell C Limited,250000.0,500000.0,GBP,2026-08-06,2026-08-14,tender,active,45221247,https://www.contractsfinder.service.gov.uk/Notice/2375427c-6174-48ea-9bb1-6dca14761f9f,2026-08-07T08:10:43.841400+00:00
Contracts Finder,ocds-b5fd17-87258f7f-68b4-4446-a52c-f38355e36cda_5ad14660-1fe1-48a9-bca8-734cd30c86f1-909710,LCC CORP - Lancashire Careers Hub Services - LCC36007,"Lancashire County Council (The Authority) are inviting tenders on the terms set out in the tender documents to deliver Lancashire Careers Hub Servcices.  The contract is to deliver in the wider Lancashire area, including Blackpool and Blackburn with Darwen boroughs. The contract is anticipated to commence on 1st September 2024 for an initial period of 12 months. Subject to further funding becoming available, there is the option to extens the contract by up to a further 24 months (maximum potenti",Lancashire County Council,647000.0,1941000.0,GBP,2026-08-06,2024-06-11,awardUpdate,complete,79634000,https://www.contractsfinder.service.gov.uk/Notice/5ad14660-1fe1-48a9-bca8-734cd30c86f1-909710,2026-08-07T08:10:43.841576+00:00
Contracts Finder,ocds-b5fd17-7fc8e369-5748-4036-bd0d-9b25f47a7ea5_d43f3c6a-07d1-4342-b5da-e12b83a3d621-909712,CA18035 - Trafford & Stockport College Group Student Transport Services,"Trafford & Stockport College Group Marple Buses Student Transport Services

To access this competition: 

Registered:
Login to https://suppliers.multiquote.com and view the opportunity CA18035.

Not registered:
Visit https://suppliers.multiquote.com then register and quote CA18035 as the reason for registration. 

 Any queries please contact MultiQuote on 020 3920 8054.",Trafford College,,1000500.0,GBP,2026-08-06,2026-07-03,award,complete,60000000,https://www.contractsfinder.service.gov.uk/Notice/d43f3c6a-07d1-4342-b5da-e12b83a3d621-909712,2026-08-07T08:10:43.841765+00:00
Contracts Finder,ocds-b5fd17-9489e4cd-57e0-4f6f-bb6e-a7fa29c8485e_ce678602-01b2-4927-9ead-bb9d16731e00-909711,CA17880 - Stockport Canopy Tender,"Stockport Canopy Tender for Enclosed Canopy Structure and Snack Outlet

To access this competition: 

Registered:
Login to https://suppliers.multiquote.com and view the opportunity CA17880.

Not registered:
Visit https://suppliers.multiquote.com then register and quote CA17880 as the reason for registration. 

 Any queries please contact MultiQuote on 020 3920 8054.",Trafford College,,300000.0,GBP,2026-08-06,2026-06-30,award,complete,45421144,https://www.contractsfinder.service.gov.uk/Notice/ce678602-01b2-4927-9ead-bb9d16731e00-909711,2026-08-07T08:10:43.841940+00:00
Contracts Finder,ocds-b5fd17-9d7cbdef-74a3-4d58-a009-6ecd69dd5a77_12719c94-80f8-4f65-8f40-f3955b36fc73-909709,"QBE037 09:00 2026-08-06 Lakenheath, Mildenhall & Bury St Edmunds to West Suffolk College (Minden House), Bury St Edmunds - 6-seater with a PA - AWARD","Suffolk County Council is seeking a mini competition against the following Dynamic Purchasing System: `The supply of Passenger Transport Services`, OJEU Notice Id: 2018/S 031-067685.
      
      QBE037 09:00 2026-08-06 Lakenheath, Mildenhall & Bury St Edmunds to West Suffolk College (Minden House), Bury St Edmunds - 6-seater with a PA
      
      Further details can be found in the 'Tenders / My Tenders' area of this website, by selecting the 'View Details' button for this project.
      ",Suffolk County Council Passenger Transport,,,GBP,2026-08-06,2026-08-06,award,complete,60000000,https://www.contractsfinder.service.gov.uk/Notice/12719c94-80f8-4f65-8f40-f3955b36fc73-909709,2026-08-07T08:10:43.842110+00:00
Contracts Finder,ocds-b5fd17-8d7c0f64-f342-43d6-bb04-ec1add11f898_75b7419f-36ce-4ba5-bec3-b53dd9a9802d-909708,DPKI Support Services,Contract Award Notice for DPKI Support Services Contract,Ministry of Defence,,4989600.0,GBP,2026-08-06,2026-06-12,award,complete,35700000,https://www.contractsfinder.service.gov.uk/Notice/75b7419f-36ce-4ba5-bec3-b53dd9a9802d-909708,2026-08-07T08:10:43.842284+00:00
Contracts Finder,ocds-b5fd17-daced36d-cf43-4403-92fb-8aec35093493_855be69f-a6b0-453c-832f-fd43169b3a78-909678,Exacom Software Annual Maintenance for CIL and S106,"Planning Agreement Software, annual maintenance. Procured via G- Cloud 14.",Swale Borough Council,,24161.66,GBP,2026-08-06,2026-03-31,award,complete,48000000,https://www.contractsfinder.service.gov.uk/Notice/855be69f-a6b0-453c-832f-fd43169b3a78-909678,2026-08-07T08:10:43.842456+00:00
Contracts Finder,ocds-b5fd17-3ff0e53c-2b6a-4fe8-b9ca-e5c3fc865c1c_8b7edb91-086d-4d18-a75c-fff1c63f3a58-909707,"QIP328 0900 2026-08-06 Rendlesham  - WS Training, Ipswich (6-seated electric wheelchair accessible vehicle required) - AWARD","Suffolk County Council is seeking a mini competition against the following Dynamic Purchasing System: `The supply of Passenger Transport Services`, OJEU Notice Id: 2018/S 031-067685.
      
      QIP328 0900 2026-08-06 Rendlesham  - WS Training, Ipswich (6-seated electric wheelchair accessible vehicle required)
      
      Further details can be found in the 'Tenders / My Tenders' area of this website, by selecting the 'View Details' button for this project.
      
      The deadline for ",Suffolk County Council Passenger Transport,,,GBP,2026-08-06,2026-08-06,award,complete,60000000,https://www.contractsfinder.service.gov.uk/Notice/8b7edb91-086d-4d18-a75c-fff1c63f3a58-909707,2026-08-07T08:10:43.842635+00:00
Contracts Finder,ocds-b5fd17-96fd511c-ed4e-47a7-8c41-7213ff0f1ac6_5c83a05b-e11d-4c99-9713-75f6035a4731-909706,Workforce Solutions,"A contract for the provision of services to source interim contractors and consultants.

A contract for the provision of services to source interim contractors and consultants. We have previously contracted with AMS via the previous framework and are now transitioning to the new framework - RM6288 Workforce Solutions

Additional information: 
Call off from GCA Framework RM6288 Workforce Solutions",Pension Protection Fund,,2040000.0,GBP,2026-08-06,2025-07-14,award,complete,79600000,https://www.contractsfinder.service.gov.uk/Notice/5c83a05b-e11d-4c99-9713-75f6035a4731-909706,2026-08-07T08:10:43.842811+00:00
Contracts Finder,ocds-b5fd17-db75388a-1621-443c-ab57-ee3e321932d5_b3512e58-ccde-4803-b50c-ae05d9d2d36d-909705,LeDeR Web Platform,"This contract responds to a requirement to support the continuation of the LeDeR (Learning from lives and deaths - People with a learning disability and autistic people) Platform beyond 2026. 

The LeDeR web-based platform covers the whole of England, with its primary purpose to enable effective notification of deaths of people with a learning disability and autistic people. This data flows through the system to notify ICBs of Deaths so that reviews can be undertaken, including at a Sub-ICB le",NHS England,20000.0,628000.0,GBP,2026-08-06,2026-05-21,award,complete,48000000,https://www.contractsfinder.service.gov.uk/Notice/b3512e58-ccde-4803-b50c-ae05d9d2d36d-909705,2026-08-07T08:10:43.842987+00:00
Contracts Finder,ocds-b5fd17-00f6b17a-50d5-4f65-98ba-f324e35b5c0a_4773ae11-09e4-4110-a3cb-41c40fefbdb4-909649,Service Contract for Sterrad System,"County Durham & Darlington NHS Foundation Trust (CDDFT) have awarded a contract to Advanced Sterilization Products (UK) Limited through a call-off without competition via NHS Supply Chain Maintenance, Repair and Calibration of Medical Equipment Framework: 2021/S000-021535 (expiring 30th September 2028), URN: CQ-0000327929 for a period of 36 months (extensions not applicable).",County Durham and Darlington NHS Foundation Trust,,72888.04,GBP,2026-08-06,2026-06-22,award,complete,50421000,https://www.contractsfinder.service.gov.uk/Notice/4773ae11-09e4-4110-a3cb-41c40fefbdb4-909649,2026-08-07T08:10:43.843165+00:00
Contracts Finder,ocds-b5fd17-c21c3ae1-60c2-4bd9-9f08-10c35b4f581d_427688e7-bb61-4a92-9da0-28236cd29135-909703,S196 -Mainstream Taxi - Ibstock School,S196 -Mainstream Taxi - Ibstock School,Leicestershire County Council,,46.8,GBP,2026-08-06,2026-08-06,award,complete,60000000,https://www.contractsfinder.service.gov.uk/Notice/427688e7-bb61-4a92-9da0-28236cd29135-909703,2026-08-07T08:10:43.843339+00:00
Contracts Finder,ocds-b5fd17-c8b4e353-af60-49b0-9552-0b3bba5d59b6_f9d28a87-1fdb-4758-a951-5d10e5af1de2-909702,QBE096 09:00 2026-08-06 Gt Cornard & Sudbury to West Suffolk College (Minden House) Bury St Edmunds - 8-seater with a PA required - AWARD,"Suffolk County Council is seeking a mini competition against the following Dynamic Purchasing System: `The supply of Passenger Transport Services`, OJEU Notice Id: 2018/S 031-067685.
      
      QBE096 09:00 2026-08-06 Gt Cornard & Sudbury to West Suffolk College (Minden House) Bury St Edmunds - 8-seater with a PA required
      
      Further details can be found in the 'Tenders / My Tenders' area of this website, by selecting the 'View Details' button for this project.
      
      The ",Suffolk County Council Passenger Transport,,,GBP,2026-08-06,2026-08-06,award,complete,60000000,https://www.contractsfinder.service.gov.uk/Notice/f9d28a87-1fdb-4758-a951-5d10e5af1de2-909702,2026-08-07T08:10:43.843510+00:00
Contracts Finder,ocds-b5fd17-d2a26305-c820-4f37-863c-3703090d8f0e_a5c1e21f-6ad3-4b9d-8c0b-1c96acbebfbc-909695,NCC1832 Cash in Transit,"The requirements of this contract are to provide the provision of the collection, sorting, storage and deposit of cash, bulk coin, cheques and postal orders from various sites throughout Northumberland on behalf of Northumberland County Council.",Northumberland County Council,,72000.0,GBP,2026-08-06,2026-07-31,award,complete,60100000,https://www.contractsfinder.service.gov.uk/Notice/a5c1e21f-6ad3-4b9d-8c0b-1c96acbebfbc-909695,2026-08-07T08:10:43.843693+00:00
Contracts Finder,ocds-b5fd17-2fae090f-2eb2-424e-bc84-928ddcb845e5_0b639aaa-7771-42d6-861c-4816d58f213b-909700,UWQ357 -Microtome and Ancillary Equipment  - AWARD,"This mini-competition is for the supply of a microtome and ancillary equipment using the London University Purchasing Consortium (LUPC) framework for Laboratory Equipment (General) and Associated Services, LAB5093 LU, Lot 6 Environmental Storage - Other Equipment. This mini-competition is being run on behalf of the School of Science and the Environment.",University Of Worcester,,16926.35,GBP,2026-08-06,2026-06-12,award,complete,38000000,https://www.contractsfinder.service.gov.uk/Notice/0b639aaa-7771-42d6-861c-4816d58f213b-909700,2026-08-07T08:10:43.843868+00:00
Contracts Finder,ocds-b5fd17-af91c490-a5b1-4c71-98c5-c679cb7feda7_5dad0f00-9c55-427e-963b-63eb14b53636-909699,DN801613-Single Homelessness Pathway-ESPO 664_25 Lot8e,"Creation of a Single Homelessness Pathway regional blueprint to serve as a strategic framework for consistent access across the region.

Call off from ESPO 664_25 Lot 8e

Procured by Nottinghamshire County Council on behalf of EMCCA",Nottinghamshire County Council,,83364.6,GBP,2026-08-06,2026-02-02,award,complete,73000000,https://www.contractsfinder.service.gov.uk/Notice/5dad0f00-9c55-427e-963b-63eb14b53636-909699,2026-08-07T08:10:43.844045+00:00
Contracts Finder,ocds-b5fd17-8ef5e179-4e07-4716-84d3-efb762884049_dd7d6309-b0d3-481a-adc2-2bfa60daede8-909698,"CA16831 - Hartlepool College of Further Education are seeking Project Management, Design and Build via the  CPC/JO/01/2025: Minor Works Dynamic Purchasing System 2 - Lots 1 & 2.","Hartlepool College of Further Education are seeking Project Management, Design and Build via the  CPC/JO/01/2025: Minor Works Dynamic Purchasing System 2 - Lots 1 & 2.

The work is split into 3 tender lots : 
Lot 1.  - Reception, Lanes & Cafe
Lot 2.  - Air Conditioning, Air Handling Units, and Building Management System
Lot 3. -  Curriculum Catering Kitchen (Flagship) and Food Court 

Includes Lots: 
Lot 1: General Building Works
Lot 2: Mechanical Works

To access this competition: 
",Hartlepool College of Further Education,,,GBP,2026-08-06,2026-01-19,award,complete,45220000,https://www.contractsfinder.service.gov.uk/Notice/dd7d6309-b0d3-481a-adc2-2bfa60daede8-909698,2026-08-07T08:10:43.844217+00:00
Contracts Finder,ocds-b5fd17-ee78859b-1de7-4a4d-b812-b69941f1a166_1636f0ec-2344-4618-ae6b-a3ca3b694090-909697,Web Hosted Case Management System,Birmingham City Council have awarded a contract for a Web Hosted Case Management System,BIRMINGHAM CITY COUNCIL,,170334.0,GBP,2026-08-06,2026-05-01,award,complete,48000000,https://www.contractsfinder.service.gov.uk/Notice/1636f0ec-2344-4618-ae6b-a3ca3b694090-909697,2026-08-07T08:10:43.844389+00:00
Contracts Finder,ocds-b5fd17-a5cc1e65-723b-43b1-8262-687bdff46c67_c06f339c-32bf-4279-b9d9-c38b1fbe406b-909696,Merton Park Primary School Heating Controls Replacement Works,"Heating control replacement works at Merton Park Primary School. Programme 4 weeks to start 24th September 2026 and complete by 22nd October 2026.

All tender correspondence and queries must be done via the London Tenders Portal",London Borough of Merton,,25000.0,GBP,2026-08-06,2026-09-03,tender,active,45000000,https://www.contractsfinder.service.gov.uk/Notice/c06f339c-32bf-4279-b9d9-c38b1fbe406b,2026-08-07T08:10:43.844568+00:00
Contracts Finder,ocds-b5fd17-b442a035-dd47-45f9-a02a-95641838d436_163a8b09-99e6-4cf1-8a74-e8df2fa637b0-909692,Leisure Management System,Birmingham City Council have awarded a contract for a Leisure Management System using the Government Commercial Agency Gcloud14 framework,BIRMINGHAM CITY COUNCIL,,87413.0,GBP,2026-08-06,2026-03-02,award,complete,48000000,https://www.contractsfinder.service.gov.uk/Notice/163a8b09-99e6-4cf1-8a74-e8df2fa637b0-909692,2026-08-07T08:10:43.844753+00:00
Contracts Finder,ocds-b5fd17-f7b0f8c3-dc13-4093-b671-df6490271ade_b222d564-53d5-42eb-8bcb-a941f38bece1-909694,37113 - LEICESTER COLLEGE,"This contract is for the provision of transport services - journey stated in the title of this notice. It has been awarded following a Mini Competition under Council's Dynamic Purchasing System (DPS) PAN3059 - Passenger Transport Services.

To find out more about this DPS and how to provide taxi services to the Council, please see Taxi firms tendering for contracts (leicester.gov.uk)


Additional information: 
At the point of award, we are no longer seeking tenders.",Leicester City Council,,24570.0,GBP,2026-08-06,2026-08-06,award,complete,60120000,https://www.contractsfinder.service.gov.uk/Notice/b222d564-53d5-42eb-8bcb-a941f38bece1-909694,2026-08-07T08:10:43.844936+00:00
Contracts Finder,ocds-b5fd17-1c5ae35a-0b28-4e12-8daa-7c27496956c7_b640ba88-bf4e-408b-be32-ce1cd6b543f5-909693,"QBE024 09:00 2026-08-06 Haverhill to West Suffolk College, Minden House, Bury St Edmunds -4-seater vehicle & PA required - AWARD","Suffolk County Council is seeking a mini competition against the following Dynamic Purchasing System: `The supply of Passenger Transport Services`, OJEU Notice Id: 2018/S 031-067685.
      
      QBE024 09:00 2026-08-06 Haverhill to West Suffolk College, Minden House, Bury St Edmunds -4-seater vehicle & PA required
      
      Further details can be found in the 'Tenders / My Tenders' area of this website, by selecting the 'View Details' button for this project.
      
      The deadline ",Suffolk County Council Passenger Transport,,,GBP,2026-08-06,2026-08-06,award,complete,60000000,https://www.contractsfinder.service.gov.uk/Notice/b640ba88-bf4e-408b-be32-ce1cd6b543f5-909693,2026-08-07T08:10:43.845107+00:00
Contracts Finder,ocds-b5fd17-01cef947-393f-40ab-9c29-5f90e6c94ca5_cec3b755-f954-4f43-a4c5-b4d56e40643b-909680,Installation of Warden Call Systems,Installation of Warden Call Systems and associated Works,Sanctuary Housing Association,8000000.0,14000000.0,GBP,2026-08-06,2026-01-14,award,complete,50330000,https://www.contractsfinder.service.gov.uk/Notice/cec3b755-f954-4f43-a4c5-b4d56e40643b-909680,2026-08-07T08:10:43.845289+00:00
Contracts Finder,ocds-b5fd17-83ce4366-8c00-415c-a8ec-a25e96971d25_1669804b-d80a-4a39-8eea-5fcbad78f4e0-909689,NCC1390 Stair Lift Supply & Installation,"Stairlifts, Hoists and Disabled Adaptations.
EEM not-for-profit procurement consortium
EEM0050 Lot 2 Stairlifts, Hoists and Disabled Adaptations.",Northumberland County Council,,400000.0,GBP,2026-08-06,2026-07-22,award,complete,44115600,https://www.contractsfinder.service.gov.uk/Notice/1669804b-d80a-4a39-8eea-5fcbad78f4e0-909689,2026-08-07T08:10:43.845466+00:00
Contracts Finder,ocds-b5fd17-82486a8a-6733-45c1-8bf4-af4998650023_581c8122-283d-4942-918c-62edbc7b8796-909691,SOFTWARE & SERVICES AGREEMENT,SOFTWARE & SERVICES AGREEMENT,SOUTHERN HOUSING,,105000.0,GBP,2026-08-06,2024-04-01,award,complete,48000000,https://www.contractsfinder.service.gov.uk/Notice/581c8122-283d-4942-918c-62edbc7b8796-909691,2026-08-07T08:10:43.845651+00:00
Contracts Finder,ocds-b5fd17-306c3275-3205-47a0-af0a-92a1f8503e43_134d913a-91d7-4298-ab87-cf5f94eca7a3-909677,Provision of Furniture at Catterick Integrated Care Centre (CICC),"1. The purpose of this procurement is to purchase furniture to support the opening of CICC on 1st September 2026.

2. A thorough condition assessment of the existing furniture in the current healthcare facilities was conducted by the Facilities Officer, who concluded that most items have exceeded their serviceable life. The furniture is no longer fit for purpose, cannot be safely dismantled or moved to the new facility, and presents potential health and safety hazards due to structural deterio",MINISTRY OF DEFENCE,,287484.0,GBP,2026-08-06,2026-06-10,award,complete,33192000,https://www.contractsfinder.service.gov.uk/Notice/134d913a-91d7-4298-ab87-cf5f94eca7a3-909677,2026-08-07T08:10:43.845830+00:00
Contracts Finder,ocds-b5fd17-20424760-43f6-4c83-9ff2-5193f2e415f0_1ac75da7-1611-4114-bd03-47fb20778428-909690,Carriageway Ste Assessments,carriageway assessments,Leicestershire County Council,,80000.0,GBP,2026-08-06,2026-07-09,award,complete,71311210,https://www.contractsfinder.service.gov.uk/Notice/1ac75da7-1611-4114-bd03-47fb20778428-909690,2026-08-07T08:10:43.846005+00:00
Contracts Finder,ocds-b5fd17-902ac96c-3551-4ecc-b3ba-217227b26f4f_fd02361c-8b2d-4004-93fb-8a4130352d0f-909688,Window and Communal Cleaning at various LiveWest Locations.,"Window and Communal Cleaning at various LiveWest Locations.

Please see attached documents.",LiveWest Homes Limited,,,GBP,2026-08-06,2026-09-07,tender,active,90910000,https://www.contractsfinder.service.gov.uk/Notice/fd02361c-8b2d-4004-93fb-8a4130352d0f,2026-08-07T08:10:43.846180+00:00
Contracts Finder,ocds-b5fd17-9681381a-a810-4a25-bbed-05e93a97358a_aafe241e-84c5-49f7-a3ff-e252cccd9402-909686,Ultima CardiO2/PFX and Ergoselect 200,"Supply of Cardiopulmonary Exercise Testing (CPET) System

Additional information: 
Supply of Cardiopulmonary Exercise Testing (CPET) System",NHS Gloucestershire Shared Services,50249.21,0.01,GBP,2026-08-06,2026-08-03,award,complete,33100000,https://www.contractsfinder.service.gov.uk/Notice/aafe241e-84c5-49f7-a3ff-e252cccd9402-909686,2026-08-07T08:10:43.846357+00:00
Contracts Finder,ocds-b5fd17-0585ba5a-a1a9-4ab0-8728-9e29f00f78ea_8097a717-598f-4497-8bdb-abc7cd1a2b71-909685,Aperture Data Studio - Data Quality Tooling,Aperture Data Studio - Data Quality Tooling,SOUTHERN HOUSING,,615451.13,GBP,2026-08-06,2026-04-01,award,complete,48000000,https://www.contractsfinder.service.gov.uk/Notice/8097a717-598f-4497-8bdb-abc7cd1a2b71-909685,2026-08-07T08:10:43.846531+00:00
Contracts Finder,ocds-b5fd17-f42ad071-af93-4c53-b2ba-15985aaa6263_89888c5f-7633-4409-a9c7-44087cb14f6a-909684,Director of People and Organisational Culture,"Recruitment services for the position of 'Director of People and Organisational Culture', direct award to Faerfield Recruitment Group via ESPO Framework Reference 3S_26 Strategic HR and Recruitment Services LOT 2c. Approved by authorised Officer.",Sheffield City Council,,,GBP,2026-08-06,2026-08-06,award,complete,79600000,https://www.contractsfinder.service.gov.uk/Notice/89888c5f-7633-4409-a9c7-44087cb14f6a-909684,2026-08-07T08:10:43.846717+00:00
Contracts Finder,ocds-b5fd17-d8f0d425-c1e1-49d7-bd57-ef8b97a30c42_553ddbd3-41a1-4471-b9db-967bc8262dd1-909683,UOW990 - Nutrition Analysis Software  - AWARD,"This requirement for a Nutrition Analysis Software for the institute of School of Health and Wellbeing, to be used in the teaching of multiple courses, including 'Nutrition and Lifestyle Medicine' and 'Nutrition and Dietetics'.",University Of Worcester,,10800.0,GBP,2026-08-06,2026-06-12,award,complete,48100000,https://www.contractsfinder.service.gov.uk/Notice/553ddbd3-41a1-4471-b9db-967bc8262dd1-909683,2026-08-07T08:10:43.846894+00:00
Contracts Finder,ocds-b5fd17-64cecf63-fcc1-48c8-8fd1-962f76b64a69_fb50fe08-d584-4f32-84b2-4d3bd47dc783-909681,ENHT - Ward 6B South Refurbishment Works,Ward 6B South Refurbishment Works at East and North Hertfordshire Teaching NHS Trust (ENHT) - procured under the GCA LVPS Framework RM6237,East and North Hertfordshire Teaching NHS Trust,90000.0,110000.0,GBP,2026-08-06,2026-07-27,award,complete,45453100,https://www.contractsfinder.service.gov.uk/Notice/fb50fe08-d584-4f32-84b2-4d3bd47dc783-909681,2026-08-07T08:10:43.847071+00:00
Contracts Finder,ocds-b5fd17-e1dc815e-ce55-4009-bcf2-cf817debef19_862a589d-7f04-439d-b678-ac956b2ceadc-909679,"Communal Heating Boiler Replacement Works - Arkwright House, Huntingdon Gardens and Chelmsford Court","Project to procure and appoint a suitably qualified contractor to deliver communal heating boiler replacement and associated heating works at Arkwright House, Huntingdon Gardens and Chelmsford Court. The works include the replacement of existing gas-fired boiler plant, associated flues, controls, pipework modifications, hot water storage cylinders, heat interface units and associated mechanical, electrical and builders works, as more fully described in the Invitation to Tender, specifications, d",Platform Housing Group,,1000000.0,GBP,2026-08-06,2026-07-10,award,complete,45300000,https://www.contractsfinder.service.gov.uk/Notice/862a589d-7f04-439d-b678-ac956b2ceadc-909679,2026-08-07T08:10:43.847246+00:00
Contracts Finder,ocds-b5fd17-70822a33-b53e-4bcb-933d-44b3408571e4_b52636bf-b496-4221-b712-7cd800b9c41a-909676,"CA17172 - Chesterfield College - HR, Payroll and Workforce Development Tender","Chesterfield College - HR, Payroll and Workforce Development System Tender

To access this competition: 

Registered:
Login to https://suppliers.multiquote.com and view the opportunity CA17172.

Not registered:
Visit https://suppliers.multiquote.com then register and quote CA17172 as the reason for registration. 

 Any queries please contact MultiQuote on 020 3920 8054.",Chesterfield College,,,GBP,2026-08-06,2026-03-09,awardUpdate,complete,79414000,https://www.contractsfinder.service.gov.uk/Notice/b52636bf-b496-4221-b712-7cd800b9c41a-909676,2026-08-07T08:10:43.847418+00:00
Contracts Finder,ocds-b5fd17-0ab84bc9-c8f8-4a70-bfaf-eca4e5cb7c87_f6f481cc-0a6d-4dd9-99bf-a464b5d230c7-909675,CA17813 - Chesterfield College - Internal Audit Tender via CPC Framework CPC/RL/01/24,"Chesterfield College - Internal Audit Tender via CPC Framework Audit and Financial Services


To access this competition: 

Registered:
Login to https://suppliers.multiquote.com and view the opportunity CA17813.

Not registered:
Visit https://suppliers.multiquote.com then register and quote CA17813 as the reason for registration. 

 Any queries please contact MultiQuote on 020 3920 8054.",Chesterfield College,,60000.0,GBP,2026-08-06,2026-07-31,award,complete,79212200,https://www.contractsfinder.service.gov.uk/Notice/f6f481cc-0a6d-4dd9-99bf-a464b5d230c7-909675,2026-08-07T08:10:43.847602+00:00
Contracts Finder,ocds-b5fd17-9c7303f3-4749-4dce-8677-f854f272106b_9d8c81f0-8f5e-4cc1-848f-971babf9930a-909674,"CA18324 - Chesterfield College - Computers and Display Screens direct award via CPC Framework, ICT Hardware and Peripherals Equipment. Lot 1","Chesterfield College - Computers and Display Screens direct award via CPC Framework, ICT Hardware and Peripherals Equipment. Lot 1 Desktop PC and Portable Solutions

To access this competition: 

Registered:
Login to https://suppliers.multiquote.com and view the opportunity CA18324.

Not registered:
Visit https://suppliers.multiquote.com then register and quote CA18324 as the reason for registration. 

 Any queries please contact MultiQuote on 020 3920 8054.",Chesterfield College,,133000.0,GBP,2026-08-06,2026-07-08,award,complete,30231300,https://www.contractsfinder.service.gov.uk/Notice/9d8c81f0-8f5e-4cc1-848f-971babf9930a-909674,2026-08-07T08:10:43.847779+00:00
Contracts Finder,ocds-b5fd17-76d68a90-923d-485b-8fb4-d07ee0def0f9_3a66836f-c5fc-4662-9186-39daafbc94f2-909673,"Heating Metering, Billing Installation & Service","Contract award to support in-house billing services for residential heat networks. The provider to collect, manage, and report heat consumption data, ensuring compliance with Ofgem regulations and industry standards. Key requirements include remote meter reading with data capture accuracy, minimal meter installations where needed, and deployment of wireless connectivity hardware. The duration of the contract is 3 years, subject to the right of the City (at its sole discretion) to exercise its ri",The Mayor and Commonalty and Citizens of the City of London,,1013415.14,GBP,2026-08-06,2025-12-19,award,complete,09300000,https://www.contractsfinder.service.gov.uk/Notice/3a66836f-c5fc-4662-9186-39daafbc94f2-909673,2026-08-07T08:10:43.847955+00:00
Contracts Finder,ocds-b5fd17-aee76dbb-d13b-4d69-a671-aa17e1f8d709_959190eb-ded8-424a-8ded-d321b3a22a33-908874,Provision of Agency Staff,Award of a contract for the supply of temporary and permanent academic and administrative staff.,Tyne Coast College,,3000000.0,GBP,2026-08-06,2026-06-25,award,complete,79620000,https://www.contractsfinder.service.gov.uk/Notice/959190eb-ded8-424a-8ded-d321b3a22a33-908874,2026-08-07T08:10:43.848130+00:00
Contracts Finder,ocds-b5fd17-562d0e07-841d-4637-b0ab-2a4c091d43ac_07de8ffa-192b-43f2-acb4-e044cfd924bc-909671,S125 Mainstream Taxi to Burbage Junior School,Taxi 4 passenger seats excluding driver from Burbage and Sapcote to Burbage Junior School,Leicestershire County Council,,58.0,GBP,2026-08-06,2026-08-03,award,complete,60000000,https://www.contractsfinder.service.gov.uk/Notice/07de8ffa-192b-43f2-acb4-e044cfd924bc-909671,2026-08-07T08:10:43.848303+00:00
Contracts Finder,ocds-b5fd17-f34a5a72-0b98-4309-aaac-aca48eced8d6_82c189e6-aacd-460f-b916-9146100e09f5-909670,Saw Blades,"Orthopaedic Consumables saw blades  , drill , burrs

Additional information: 
This is a call off contract from framework Total Orthopaedic Solutions 3 NHS Supply Chain Framework 2023/S 000-000661 and values are estimated based on usages.",East Sussex Healthcare NHS Trust,,94491.0,GBP,2026-08-06,2026-07-20,award,complete,33140000,https://www.contractsfinder.service.gov.uk/Notice/82c189e6-aacd-460f-b916-9146100e09f5-909670,2026-08-07T08:10:43.848483+00:00
Contracts Finder,ocds-b5fd17-c85f10e6-fe62-4324-b82e-4ec95fe3b290_3fa42545-0b8c-4270-812f-65544b6e1cb1-909669,Pastures Road Skate Park - BXBC,"Construction of skat park to Pastures Road Recreation Ground.

Procurement undertaken by Notts County Council on behalf opf Broxtowe Borrough Council",Nottinghamshire County Council,,200000.0,GBP,2026-08-06,2024-11-29,award,complete,45212000,https://www.contractsfinder.service.gov.uk/Notice/3fa42545-0b8c-4270-812f-65544b6e1cb1-909669,2026-08-07T08:10:43.848673+00:00
Contracts Finder,ocds-b5fd17-e3e008cc-48ae-4c4c-ae2f-dad6dbb191f0_07813da9-fb22-447d-b5cb-ec7e23885283-909668,Audio Visual Implementation,"For audio visual implementation services and equipment. 

This was tendered via further competition under a framework.",UK Atomic Energy Authority,,,GBP,2026-08-06,2026-08-06,award,complete,32321200,https://www.contractsfinder.service.gov.uk/Notice/07813da9-fb22-447d-b5cb-ec7e23885283-909668,2026-08-07T08:10:43.848846+00:00
Contracts Finder,ocds-b5fd17-01bdf472-e040-4caf-bb83-d4aff558d50e_90ee038d-9cde-4581-b094-a87258c9be62-909667,Democratic Management System - Ashfield District Council,Provision of a SAAS democratic management system for Ashfield district Council. Awarded through CCS Framework RM6259 Lot 4,Nottinghamshire County Council,,95000.0,GBP,2026-08-06,2026-07-08,award,complete,48000000,https://www.contractsfinder.service.gov.uk/Notice/90ee038d-9cde-4581-b094-a87258c9be62-909667,2026-08-07T08:10:43.849023+00:00
Contracts Finder,ocds-b5fd17-cbd59406-a34b-4744-99e2-898a02fb2682_e045c6bc-c5bf-4dd5-b856-207d79634daf-909655,"Provisions of External Decoration, Painting and Repair services","Provisions of External Decoration, Painting and Repair services",mhs homes group,,1000000.0,GBP,2026-08-06,2026-06-05,award,complete,45261210,https://www.contractsfinder.service.gov.uk/Notice/e045c6bc-c5bf-4dd5-b856-207d79634daf-909655,2026-08-07T08:10:43.849201+00:00
Contracts Finder,ocds-b5fd17-7a7339fe-c003-43dc-af7f-4d81e55a93c2_68588876-6935-44b6-a898-f8ee80dd0965-909666,S30126 Lorry Parking Support task including monitoring and evaluation,"Road freight underpins the UK economy, with almost 80% of all freight 
transported by road and the sector contributing approximately £12 billion 
annually. Supporting the continued growth and resilience of this industry is a key 
priority, and investment is being directed toward initiatives that strengthen the 
freight and road haulage sector. A central focus of this effort is improving 
facilities for HGV drivers, including enhanced welfare provision, better on site 
and driver security, ",National Highways Limited,,200000.0,GBP,2026-08-06,2026-06-24,award,complete,73220000,https://www.contractsfinder.service.gov.uk/Notice/68588876-6935-44b6-a898-f8ee80dd0965-909666,2026-08-07T08:10:43.849380+00:00
Contracts Finder,ocds-b5fd17-fd3f332e-82a0-4c84-8576-ec1e07baaf58_f76cc5c0-9a17-4b85-a0b3-c07a58cb6fe4-909662,Digital XT Warden Call Systems to Housing Schemes Provision and Installation,Digital XT Warden Call Systems to 22 Housing Schemes - provision and installation,Darlington Borough Council,,901235.0,GBP,2026-08-06,2026-06-16,award,complete,51000000,https://www.contractsfinder.service.gov.uk/Notice/f76cc5c0-9a17-4b85-a0b3-c07a58cb6fe4-909662,2026-08-07T08:10:43.849557+00:00
Contracts Finder,ocds-b5fd17-db11d9ed-035c-47d3-8006-2fa02844ddb2_49dbde4f-e7ed-4218-a1d7-988ebe841e2f-909661,37098 - netherhall mead academy,"This contract is for the provision of transport services - journey stated in the title of this notice. It has been awarded following a Mini Competition under Council's Dynamic Purchasing System (DPS) PAN3059 - Passenger Transport Services.

 

To find out more about this DPS and how to provide taxi services to the Council, please see Taxi firms tendering for contracts (leicester.gov.uk)

Additional information: 
At the point of award, we are no longer seeking tenders",Leicester City Council,,16731.0,GBP,2026-08-06,2026-08-06,award,complete,60120000,https://www.contractsfinder.service.gov.uk/Notice/49dbde4f-e7ed-4218-a1d7-988ebe841e2f-909661,2026-08-07T08:10:43.849745+00:00
Contracts Finder,ocds-b5fd17-32572f50-6c27-4507-9aa7-aa690634fbbb_db182e85-e37e-49b2-b876-c06c71bcb308-909660,"WAN, LAN and Wi-Fi (London Office)","WAN, LAN and Wi-Fi",Construction Industry Training Board,,949980.67,GBP,2026-08-06,2026-07-28,award,complete,32412100,https://www.contractsfinder.service.gov.uk/Notice/db182e85-e37e-49b2-b876-c06c71bcb308-909660,2026-08-07T08:10:43.849922+00:00
Contracts Finder,ocds-b5fd17-07d0d9b2-5dab-415a-9c04-73cbe64f42c5_e86d3b5b-15ee-42f0-a333-889d878845a6-909652,CRM System,"Aim of the service delivery 
2.1	The Service Provider will be required to provide: 
•	A customer relationship management system (CRM) to enable Connect to Work Participants to be tracked individually on their journey through the Programme, monitor the performance of Delivery Partners, generate templates, and reporting
•	The ability to export all data to .CSV and/or Excel files in the required format and structure for DWP and York and North Yorkshire Combined Authority requirements
•	Setup an",CITY OF YORK COUNCIL,,146282.74,GBP,2026-08-06,2026-03-18,award,complete,72600000,https://www.contractsfinder.service.gov.uk/Notice/e86d3b5b-15ee-42f0-a333-889d878845a6-909652,2026-08-07T08:10:43.850099+00:00
Contracts Finder,ocds-b5fd17-b680fb62-059f-44b1-8497-3d23fef59787_149f98d1-1c53-41e9-aec1-44e47d993a87-904971,Outdoor Bins,"The supply of 10 blue and 200 x 145ltr black galvanised steel litter bins, slight peaked lid, with ashtray on top and 'Litter and Dog Waste' in gold on all 4 sides. Also with concrete plinth to weigh the bins down.

Further Competition YPO Framework - Fitted Furniture, Libraries, Residential and Outdoor Furniture Framework - 1244",Swale Borough Council,,43890.0,GBP,2026-08-06,2026-06-30,award,complete,39224340,https://www.contractsfinder.service.gov.uk/Notice/149f98d1-1c53-41e9-aec1-44e47d993a87-904971,2026-08-07T08:10:43.850281+00:00
Contracts Finder,ocds-b5fd17-35caeb12-7655-45f2-985a-a10ed2500f4b_f75864be-fbfe-4685-9a62-1337562f4210-909658,Total Energy - Daventry Leisure Centre,Supply of public utilities to the premise,West Northamptonshire Council,,642000.0,GBP,2026-08-06,2026-08-06,award,complete,65000000,https://www.contractsfinder.service.gov.uk/Notice/f75864be-fbfe-4685-9a62-1337562f4210-909658,2026-08-07T08:10:43.850456+00:00
Contracts Finder,ocds-b5fd17-62f274cd-22c8-49db-a667-2f17d8771071_910faad1-e6a7-482e-ad1e-13d3e49848e2-909654,Customer Research & Consultancy Subscription,Call off from the Government Commercial Agency Framework RM1557.14 for the provision of a one year licence to obtain customer research and insights.,Information Commissioners Office,,69713.0,GBP,2026-08-06,2026-07-06,award,complete,79980000,https://www.contractsfinder.service.gov.uk/Notice/910faad1-e6a7-482e-ad1e-13d3e49848e2-909654,2026-08-07T08:10:43.850641+00:00
Contracts Finder,ocds-b5fd17-2cb4d037-385e-49a1-9604-7692f3ef1603_60942594-a4e3-4f36-ac1d-40987fd67a50-909656,NECS Capacity Tracker Halo ISTM,"NHS South, Central and West Commissioning Support Unit (SCW) has awarded a contract for Capacity Tracker Halo ISTM to Halo Service Solutions Limited on behalf of NHS North of England Commissioning Support Unit (Hosted by NHS England).

This requirement has been procured by following a further competition via CCS (Crown Commercial Services) G-Cloud 14 RM1557.14 Framework (Lot 2 - Cloud Software).","NHS SOUTH, CENTRAL AND WEST COMMISSIONING SUPPORT UNIT",,17400.0,GBP,2026-08-06,2026-05-12,awardUpdate,complete,48000000,https://www.contractsfinder.service.gov.uk/Notice/60942594-a4e3-4f36-ac1d-40987fd67a50-909656,2026-08-07T08:10:43.850817+00:00
Contracts Finder,ocds-b5fd17-45694654-a0ca-466a-bd34-38f4f7222849_7883dab7-a1df-4597-810a-970f74992136-909659,Contract for Food Waste Caddies,"BDC Contract for Food Waste Caddies under Framework Agreement NEPO224 - Framework Agreement for Acquisition of Heavy Goods and Specialist Vehicles including Waste Skips, Containers and Bins",Bromsgrove District Council,,,GBP,2026-08-06,2026-07-20,award,complete,34928480,https://www.contractsfinder.service.gov.uk/Notice/7883dab7-a1df-4597-810a-970f74992136-909659,2026-08-07T08:10:43.850988+00:00
Contracts Finder,ocds-b5fd17-9a59073c-38f1-4fd1-95c4-0c9502dae06b_46e8301e-6d9a-4ae1-9abd-691002beec9c-909065,Simulation Devices and Services,Simulation Devices and Services,UNIVERSITY OF DERBY,,199822.0,GBP,2026-08-06,2026-06-30,award,complete,34152000,https://www.contractsfinder.service.gov.uk/Notice/46e8301e-6d9a-4ae1-9abd-691002beec9c-909065,2026-08-07T08:10:43.851163+00:00
Contracts Finder,ocds-b5fd17-3c258fe1-3109-45e9-b7d9-0054aa98bb37_284a050f-63b8-4d0f-baa4-d8cdaf691365-907498,SFO-Allthorpe-CMS-IS6,Call-off awarded via G-Cloud 14 for support for CMS project,SERIOUS FRAUD OFFICE,,1296384.0,GBP,2026-08-06,2026-06-30,award,complete,72590000,https://www.contractsfinder.service.gov.uk/Notice/284a050f-63b8-4d0f-baa4-d8cdaf691365-907498,2026-08-07T08:10:43.851336+00:00
Contracts Finder,ocds-b5fd17-ebd32676-b5c7-4eda-9e93-4fe710893816_753b5f25-41d4-447f-b891-8fcff061de53-909657,DPS1 1383 - Tree Work,"DPS1 1383 - Tree Work

Additional information: 
https://londonconstructionprogramme.co.uk/services/dynamic-purchasing-systems/",London Borough of Haringey,,90000.0,GBP,2026-08-06,2026-08-20,tender,active,71000000,https://www.contractsfinder.service.gov.uk/Notice/753b5f25-41d4-447f-b891-8fcff061de53,2026-08-07T08:10:43.851514+00:00
Contracts Finder,ocds-b5fd17-a20efd87-fd40-4feb-9899-09e9ebd8a583_e510ccd2-016f-49bc-8846-0b460363ad51-909653,Fast Track Validation,"Award of Contract: Digital Blueprint (Fast Track Validation) project contract

A contract is awarded to  explore the potential benefits of a range of digital
solutions.",London Borough of Sutton,,215000.0,GBP,2026-08-06,2025-06-06,award,complete,71621000,https://www.contractsfinder.service.gov.uk/Notice/e510ccd2-016f-49bc-8846-0b460363ad51-909653,2026-08-07T08:10:43.851701+00:00
Contracts Finder,ocds-b5fd17-1df4c628-14ab-4279-ba5c-b5a85858dd79_9ffbbe31-f5da-4f25-8aa7-8c3371ee2e89-909650,eShot email marketing platform extension,"Email marketing system for using to send out emails to stakeholders.

This notice has been amended to reflect a 12 month contract extension effective from 22 August 2026 to 21 August 2027. The contract value has been increased by £9,780 (inclusive of VAT) and the contract end date updated to 21 August 2027.",National Audit Office,,20424.0,GBP,2026-08-06,2025-07-21,awardUpdate,complete,79340000,https://www.contractsfinder.service.gov.uk/Notice/9ffbbe31-f5da-4f25-8aa7-8c3371ee2e89-909650,2026-08-07T08:10:43.851883+00:00
Contracts Finder,ocds-b5fd17-9738154f-2cef-470b-b6ae-bded597162cf_dcd04116-da20-4ebc-bcaf-33b2525dcb4a-909651,WSFT - IT - Microsoft Infrastructure Software Licensing,"Provision of Microsoft Core Infrastructure Suite (CIS) software subscriptions for the Trust's server infrastructure environment. The licences provide access to Microsoft datacentre and systems management technologies used to support the operation, management, monitoring, security and maintenance of the Trust's IT infrastructure. The subscription service enables the Trust to maintain vendor-supported software environments and support the delivery of resilient, secure and reliable digital services",West Suffolk NHS Foundation Trust,,37684.8,GBP,2026-08-06,2025-10-18,award,complete,48218000,https://www.contractsfinder.service.gov.uk/Notice/dcd04116-da20-4ebc-bcaf-33b2525dcb4a-909651,2026-08-07T08:10:43.852061+00:00
Contracts Finder,ocds-b5fd17-0981c5bc-2625-4ffc-859f-b4c6d3a18c19_c11c58be-07f9-421d-827a-c7f6c5b4db2c-909643,Accessibility Auditing of New accessible  framework for Lawmaker,Accessibility Auditing of new accessible framework for Lawmaker,The National Archives,,12960.0,GBP,2026-08-06,2026-07-28,award,complete,79212000,https://www.contractsfinder.service.gov.uk/Notice/c11c58be-07f9-421d-827a-c7f6c5b4db2c-909643,2026-08-07T08:10:43.852236+00:00
Contracts Finder,ocds-b5fd17-42964ffe-96e2-4fd1-9861-148b49fcb34b_5206fb44-0c45-4fd4-a4da-703852318d1c-909647,"Network Services For Belfast, Cardiff & London Offices",Call of from the Governement Commercial Agency framework RM6116 for the provision of network connectivity services.,Information Commissioners Office,,132360.0,GBP,2026-08-06,2026-04-03,award,complete,32412100,https://www.contractsfinder.service.gov.uk/Notice/5206fb44-0c45-4fd4-a4da-703852318d1c-909647,2026-08-07T08:10:43.852409+00:00
Contracts Finder,ocds-b5fd17-054b14df-6f0f-4929-833d-1cf0bf8a9270_47999399-50c2-45b4-993b-7356dd9ca43f-909642,CPT_22_114 - Hosting of external website - Extension 1,"AWARDED CONTRACT EXTENSION
This is for the first of two extensions for the 2+1+1 contract with DXW for hosting and maintenance of the external website. Route to market - via Digital Outcomes and Specialists 5 (RM1043.7).

The cost covers the original annual cost as per contract plus the extra storage and transfer costs including VAT.

This notice has been amended to include the second and final contract extension. Final expiry is 21 August 2026. Value of extension 2 = £27,412.13 gross

Th",National Audit Office,,28500.0,GBP,2026-08-06,2024-08-01,awardUpdate,complete,72411000,https://www.contractsfinder.service.gov.uk/Notice/47999399-50c2-45b4-993b-7356dd9ca43f-909642,2026-08-07T08:10:43.852585+00:00
Contracts Finder,ocds-b5fd17-206973f2-03b2-40a2-92c0-5b87c237e00b_5206f62b-fd89-4db4-b1e5-96479a4580b2-909645,HXH/4A - Halifax High Level - Wheatley Viaduct,HXH/4A - Halifax High Level - Wheatley Viaduct,National Highways Limited,,66548.39,GBP,2026-08-06,2026-08-06,award,complete,34621000,https://www.contractsfinder.service.gov.uk/Notice/5206f62b-fd89-4db4-b1e5-96479a4580b2-909645,2026-08-07T08:10:43.852770+00:00
Contracts Finder,ocds-b5fd17-fa858737-5303-45f5-a4ec-e65cd918d0fe_27724f35-bd63-4c22-850d-3a5b700ffe65-909640,Electric Car Scheme,"Tusker will provide UK Sport employees with access to brand-new or pre-loved electric, hybrid, petrol or diesel vehicles through a fully inclusive salary-sacrifice scheme. The fixed monthly amount (taken before tax and NI) covers fully comprehensive motor insurance, servicing and maintenance, MOT, replacement tyres, breakdown cover, accident management, annual road tax, and access to a 24/7 driver support line. Employees can configure their chosen vehicle, track orders through the driver portal,",THE UNITED KINGDOM SPORTS COUNCIL,,160000.0,GBP,2026-08-06,2026-07-01,award,complete,34144900,https://www.contractsfinder.service.gov.uk/Notice/27724f35-bd63-4c22-850d-3a5b700ffe65-909640,2026-08-07T08:10:43.852945+00:00
Contracts Finder,ocds-b5fd17-11e3fba5-ffa9-4182-b504-962ef922eb8e_611fcaef-816c-466d-a403-1a654ca2ae46-909644,Contract for Food Waste Caddies,"RBC Contract for Food Waste Caddies under Framework Agreement NEPO224 - Framework Agreement for Acquisition of Heavy Goods and Specialist Vehicles including Waste Skips, Containers and Bins",Redditch Borough Council,,,GBP,2026-08-06,2026-07-21,award,complete,34928480,https://www.contractsfinder.service.gov.uk/Notice/611fcaef-816c-466d-a403-1a654ca2ae46-909644,2026-08-07T08:10:43.853116+00:00
Contracts Finder,ocds-b5fd17-1ef37045-4411-4176-9c15-d48f4b6b0667_d04c4876-f025-4765-922a-dc31012a662d-909637,Interim Director of People Services,Call off from the Government Commercial Agency's framework RM6277 for the provision of 1x Interim Director of People Services.,Information Commissioners Office,,128747.82,GBP,2026-08-06,2026-07-22,award,complete,79600000,https://www.contractsfinder.service.gov.uk/Notice/d04c4876-f025-4765-922a-dc31012a662d-909637,2026-08-07T08:10:43.853290+00:00
Contracts Finder,ocds-b5fd17-7efc7628-4a76-43ca-b8e1-19884c4fd160_821ad205-8f37-4c5c-a250-7a11e8dc3972-909641,GB-Tyne: TPPL Newcastle City Council CSKL Vehicle Rental Framework 2021 Lot 5 - Provision of a Car Club (21149),Car Club using up to 36 bays,Newcastle City Council,,800000.0,GBP,2026-08-06,2024-08-27,award,complete,34110000,https://www.contractsfinder.service.gov.uk/Notice/821ad205-8f37-4c5c-a250-7a11e8dc3972-909641,2026-08-07T08:10:43.853463+00:00
Contracts Finder,ocds-b5fd17-c3667777-2aa2-4c64-b012-d2b154e866c6_016e2ded-9cbe-4a6e-a7c8-964fc4700a54-909635,Rare Recruitment (CRS) 2026/2027,"The National Audit Office (NAO) awarded a contract to Rare Recruitment Ltd to provide a contextual recruitment screen for the graduate and apprentice programmes. This allows flexibility for students from lower socio-economic backgrounds to apply and be considered demonstrating our commitment to social mobility. 

The total contract value is £14,236.80 (inclusive of VAT). The contract commenced on 19 June 2026 and will run for a period of 12 months, expiring on 18 June 2027.",National Audit Office,,14236.8,GBP,2026-08-06,2026-06-01,award,complete,79600000,https://www.contractsfinder.service.gov.uk/Notice/016e2ded-9cbe-4a6e-a7c8-964fc4700a54-909635,2026-08-07T08:10:43.853644+00:00
Contracts Finder,ocds-b5fd17-e658c676-65dd-45f0-8e27-6eddedb65301_332b800c-2de2-4d8d-8860-213b6087a392-909639,"Supply Chain Notice: CY- EPI- CIDP26- Tool Ref: 131191-Emergency Water Storage Tanks Green Cylindrical- WORKS, EPISKOPI, CYPRUS","The project comprises the refurbishment and standardisation of the Emergency Water Storage (EWS) infrastructure at ten locations within the Episkopi area. The works include the removal and disposal of existing fibreglass and GRP sectional water storage tanks at eight locations, modification and extension of existing concrete bases where required, and the supply and installation of 25No new 20 m³ polyethylene (PE) water storage tanks complete with associated valves, pipework and mechanical fittin",Ministry of Defence,,365000.0,GBP,2026-08-06,2026-08-12,tenderAmendment,active,44611500,https://www.contractsfinder.service.gov.uk/Notice/332b800c-2de2-4d8d-8860-213b6087a392,2026-08-07T08:10:43.853828+00:00
Contracts Finder,ocds-b5fd17-335adf12-e8d0-4ad1-84dc-f50b74f5480b_61b173e3-8e14-4bd4-a6ce-3fb56ce118aa-909638,WSFT - Capital Purchase - IT - Enterprise Network Infrastructure and Support,"Supply and implementation of replacement core network switches to replace legacy network infrastructure with modern, high-availability, enterprise-grade switching technology. The requirement includes the provision of Extreme Platform ONE Standard Networking right-to-use licences and Premier TAC operating system support services for the supported devices for a three-year period.",West Suffolk NHS Foundation Trust,,255541.5,GBP,2026-08-06,2025-11-02,award,complete,32420000,https://www.contractsfinder.service.gov.uk/Notice/61b173e3-8e14-4bd4-a6ce-3fb56ce118aa-909638,2026-08-07T08:10:43.854002+00:00
Contracts Finder,ocds-b5fd17-aaef1904-ea11-46fa-90e8-51e4228a6e22_8b2b8a29-ad0a-41b4-8944-6bcabb2c6e17-909624,Construction of a PlayZone at Willenhall Brookstray Park,"This is a call-off against the Football Foundation Playzones Framework (Providers) Lot 2 North West England & Midlands, ref T10430/1",COVENTRY CITY COUNCIL,,333172.51,GBP,2026-08-06,2026-02-11,award,complete,45000000,https://www.contractsfinder.service.gov.uk/Notice/8b2b8a29-ad0a-41b4-8944-6bcabb2c6e17-909624,2026-08-07T08:10:43.854174+00:00
Contracts Finder,ocds-b5fd17-c8110f37-1744-49b9-a0b7-f202bd3e6eb3_095f804a-931f-4068-a624-cd873b96b4dc-909631,North Bank Retaining Wall Parapet  Replacement,North Bank parapets to be in a substandard condition and require replacement.,Salford City Council,,108200.0,GBP,2026-08-06,2026-05-29,award,complete,45453100,https://www.contractsfinder.service.gov.uk/Notice/095f804a-931f-4068-a624-cd873b96b4dc-909631,2026-08-07T08:10:43.854350+00:00
Contracts Finder,ocds-b5fd17-335a062e-289f-4a41-b5b1-dcd4872a3c02_08a286c9-d145-40cb-b04b-bbbc8715a735-909634,Taxi and MPV (1-8 seats) Passenger Assistant - Taxi and MPV (1-8 seats) Passenger Assistant,"Vehicle type: Saloon
Passenger Assistant Required:  Yes

Proposed Taxi Route:
From:  
TN6 2GG
TN6 2BN
To:   Broomhill Bank School, TN3 0TB
Frequency: Monday-Friday
Daily School Time: 8:30-15:15
 This opportunity has been distributed on SProc.net",East Sussex County Council,,,GBP,2026-08-06,2026-08-10,tender,active,60000000,https://www.contractsfinder.service.gov.uk/Notice/08a286c9-d145-40cb-b04b-bbbc8715a735,2026-08-07T08:10:43.854526+00:00
Contracts Finder,ocds-b5fd17-16bea4cf-46c4-4c39-a154-fbdcd6b78f6b_e40ba25a-c918-456e-b204-3f86767826fb-909633,SOC Out-of-Hours Protective Monitoring Service,Provision of an out-of-hours Security Operations Service to supplement Defra's in-house SOC and ensure 24/7 SOC monitoring.,"Department for Environment, Food and Rural Affairs",,144000.0,GBP,2026-08-06,2026-04-20,award,complete,72222300,https://www.contractsfinder.service.gov.uk/Notice/e40ba25a-c918-456e-b204-3f86767826fb-909633,2026-08-07T08:10:43.854710+00:00
Contracts Finder,ocds-b5fd17-8c03b4b5-3718-4556-9b2a-6cf0a169f80f_fd59c2e6-5ba4-4c25-b520-15044b03ba43-909632,PLACE1241ET SEND Summer 26 South Batch 11,This is a call-off from the PLACE059 Passenger Transport DPS. The tender is made up of 3 service areas that are required within the region. Contracts run for 2 academic years with an option to extend by 12 months.,Derbyshire County Council,,255151.0,GBP,2026-08-06,2026-07-15,award,complete,60100000,https://www.contractsfinder.service.gov.uk/Notice/fd59c2e6-5ba4-4c25-b520-15044b03ba43-909632,2026-08-07T08:10:43.854886+00:00
Contracts Finder,ocds-b5fd17-e0f7ca82-1144-41e8-a93d-1839116f14d1_cc4e52ab-f83e-42e9-8c25-f7808bb4cd73-909630,Executive Coaching 2026/27,"The National Audit Office (NAO) awarded a contract to Ernst & Young LLP (EY) for the provision of executive coaching services. The contract has been awarded through the Government Campus arrangement under the Cabinet Office framework contract.

The total contract value is £24,000 (inclusive of VAT). The contract commenced on 1 July 2026 and will run for a period of 12 months, expiring on 30 June 2027.",National Audit Office,,24000.0,GBP,2026-08-06,2026-06-01,award,complete,79632000,https://www.contractsfinder.service.gov.uk/Notice/cc4e52ab-f83e-42e9-8c25-f7808bb4cd73-909630,2026-08-07T08:10:43.855060+00:00
Contracts Finder,ocds-b5fd17-2ef8c7dc-3d40-463d-b1f8-bb78ac0785c5_3f0fd148-ef9c-46a6-9c55-5fdaab6c441b-909626,North Northamptonshire Council - Food Waste Caddy Distribution To Households,"North Northamptonshire Council is seeking a suitably qualified and experienced Supplier to supply services in respect of Food Waste Caddy Distribution To Households.

This procurement will be managed and awarded using YPO Refuse and Recycling Products (Ref No. 1185) framework under Lot 8 - Distribution & Collection of Refuse & Recycling Products to/from Individual Households including Container Recycling and is open to relevant suppliers identified therein only.",North Northamptonshire Council,,172000.0,GBP,2026-08-06,2026-06-05,award,complete,34000000,https://www.contractsfinder.service.gov.uk/Notice/3f0fd148-ef9c-46a6-9c55-5fdaab6c441b-909626,2026-08-07T08:10:43.855237+00:00
Contracts Finder,ocds-b5fd17-632d82a5-1ada-47f3-8ac2-8e5b71d322d0_44558472-a4eb-4881-8077-60f1b8520f46-909629,Lincolnshire County Council Customer Contact Centre Telephony,"Provision of a hosted customer contact centre telephony service for Lincolnshire County Council, including implementation, ongoing support and associated digital communication services. 
The contract was awarded to Gamma Network Solutions Limited under the CCS Network Services 3 framework (RM6116, Lot 4b) using the Direct Award process for an initial 12-month term, with an option to extend for a further 12 months.",Lincolnshire County Council,,,GBP,2026-08-06,2026-07-07,award,complete,32551100,https://www.contractsfinder.service.gov.uk/Notice/44558472-a4eb-4881-8077-60f1b8520f46-909629,2026-08-07T08:10:43.855410+00:00
Contracts Finder,ocds-b5fd17-adc9bb0e-d8bc-4cf4-8172-a732929b3921_990330bd-ae80-4733-a14a-055d25987a0b-909628,Homes England - Property - Alternative land uses research,"Research on alternative land use and competition for residential use of development land. Provided to Homes England by Savills based on an award following a competitive tender process.\r
\r
T&Cs for Homes England Frameworks - https://www.gov.uk/government/publications/homes-england-contracts-and-tenders",Homes England (the name adopted by the Homes and Communities Agency),,48360.0,GBP,2026-08-06,2026-07-31,award,complete,70000000,https://www.contractsfinder.service.gov.uk/Notice/990330bd-ae80-4733-a14a-055d25987a0b-909628,2026-08-07T08:10:43.855667+00:00
Contracts Finder,ocds-b5fd17-deab0eb8-87b7-4b4f-8459-8ea927ea8595_ab6084c2-f29c-40f2-860e-ce6a7a2c8ac0-909623,Gaming Pc's,"High Performance Gaming PCs to support Higher Education Students enrolled on computing, games development, digital media and related programmes at St Helens College.
The equipment will be used within teaching environments to enhance student learning, practical skills development, and employability within the gaming and digital technology sectors.

ICT Hardware and Peripherals Equipment | CPC Lot 1 - CPC /JE/01/2023",St Helens College,,3375764.0,GBP,2026-08-06,2026-07-17,award,complete,30200000,https://www.contractsfinder.service.gov.uk/Notice/ab6084c2-f29c-40f2-860e-ce6a7a2c8ac0-909623,2026-08-07T08:10:43.855852+00:00
Contracts Finder,ocds-b5fd17-bebe3897-af3e-4574-a85c-9b18c7903773_b45a6696-99fd-49d3-9257-ea1c5c227bd2-909625,"EA services at Blackmoorfoot Phase 2, Huddersfield-Vico Homes","Vico Homes ltd (The Client) has selected the EN: Procure Construction Consultancy Framework (Gen4) to procure Employers Agent and Quantity surveyor consultancy services for new build scheme at Phase 2 Blackmoorfoot, Huddersfield.

The contract is awarded as direct award via EN:PROCURE - Framework for Construction Consultancy services (GEN4) dated 23rd May 2025 with OJEU award reference 2025/S 000-021989 of Lot-1 Employers Agent and / or Project Manager services as per Client MEAT assessment.
",VICO NEW BUILD SERVICES LIMITED,,0.01,GBP,2026-08-06,2026-05-12,award,complete,71000000,https://www.contractsfinder.service.gov.uk/Notice/b45a6696-99fd-49d3-9257-ea1c5c227bd2-909625,2026-08-07T08:10:43.856029+00:00
Contracts Finder,ocds-b5fd17-37102f2b-7d46-418a-91d5-8c1e703898cc_8ce3c6a8-44ee-499e-986c-70a8782dfe41-909621,"Procurement eMarketplace, eInvoicing and eServices (2026-2029)","The University requires the renewal of the OneAdvanced Marketplace 
platform, comprising eMarketplace, eInvoicing, eServices and eIntegrator, 
which support the University&apos;s procurement, invoicing and service-ordering 
processes and are integrated with MyERP (Unit4). The requirement will 
ensure continuity of these business-critical services and maintain existing 
system integrations",University of Bristol,,46605.0,GBP,2026-08-06,2026-07-31,award,complete,48000000,https://www.contractsfinder.service.gov.uk/Notice/8ce3c6a8-44ee-499e-986c-70a8782dfe41-909621,2026-08-07T08:10:43.856204+00:00
Contracts Finder,ocds-b5fd17-1d70e25a-3a5a-4416-a448-558c8f77576a_0f8791e2-6bbe-4302-85a5-5faa5885d8cd-909620,S30093 Development of new Lead Safety Indicators validation and verification of selected recommended indicators,"National Highways Strategic Safety Team in the Road Safety Division want to procure 
through the SPaTS 3 framework a Direct Award to WSP for the continued development 
of Lead Safety Indicators (LSIs) project (T0631) through a re validating and verification 
stage. In the National Highways 2024-25 annual delivery plan we committed to 
developing a set of LSIs. ORR is following progress on this. It is understood that DfT is 
expecting at least one lead safety indicator (in addition to the ex",National Highways Limited,,100000.0,GBP,2026-08-06,2026-06-15,award,complete,73220000,https://www.contractsfinder.service.gov.uk/Notice/0f8791e2-6bbe-4302-85a5-5faa5885d8cd-909620,2026-08-07T08:10:43.856384+00:00
Contracts Finder,ocds-b5fd17-7036b43c-c328-4368-baaa-c887c94727a3_e4873190-42cd-4279-9b28-de4c3116209a-909619,"QOC906 09:00 2026-08-03 Eye to In Toto Education, Ely, Cambs - AWARD","Suffolk County Council is seeking a mini competition against the following Dynamic Purchasing System: `The supply of Passenger Transport Services`, OJEU Notice Id: 2018/S 031-067685.
      
      QOC906 09:00 2026-08-03 Eye to In Toto Education, Ely, Cambs
      
      Further details can be found in the 'Tenders / My Tenders' area of this website, by selecting the 'View Details' button for this project.
      
      The deadline for returned submissions is 09:00 2026-08-03. Please note la",Suffolk County Council Passenger Transport,,,GBP,2026-08-06,2026-08-03,award,complete,60000000,https://www.contractsfinder.service.gov.uk/Notice/e4873190-42cd-4279-9b28-de4c3116209a-909619,2026-08-07T08:10:43.856557+00:00
Contracts Finder,ocds-b5fd17-bcd71700-6207-46c8-9f8b-46c11663506e_f739bdd0-35e6-4202-93fc-64193f0625ae-909618,PAHT - SOC Consultancy,PAHT - SOC Consultancy - processed as a direct award under the SBS HPCCAS Framework Ref SBS10190,The Princess Alexandra Hospital NHS Trust,230000.0,231377.0,GBP,2026-08-06,2026-06-08,award,complete,79993000,https://www.contractsfinder.service.gov.uk/Notice/f739bdd0-35e6-4202-93fc-64193f0625ae-909618,2026-08-07T08:10:43.856745+00:00
Contracts Finder,ocds-b5fd17-e17360b4-18a1-4dc7-8059-4e9b4517a8ad_6dc188b0-fa07-4466-909e-cc44d006c4ec-908712,PL0120,"This is the procurement of the provision of Skills Bootcamps. The delivery partners must adhere to the reporting requirements for ECC and DWP/DfE to secure funding. This programme will allow Essex providers to respond to the demands of the local economy, via delivery of specific Skills Bootcamps. It covers all sectors identified by Essex's LSIP and covers the County, as well as Thurrock and Southend.",ESSEX COUNTY COUNCIL,,641540.0,GBP,2026-08-06,2026-05-14,award,complete,80000000,https://www.contractsfinder.service.gov.uk/Notice/6dc188b0-fa07-4466-909e-cc44d006c4ec-908712,2026-08-07T08:10:43.856919+00:00
Contracts Finder,ocds-b5fd17-d1f7ed09-6078-49ff-b529-e068832e44d7_0ba25f86-8689-4376-a9f9-7accca1f741f-909617,SW - WSX - Bath Flood Defence Scheme - Twerton Gates Appraisal,SW - WSX - Bath Flood Defence Scheme - Twerton Gates Appraisal,Environment Agency,,150000.0,GBP,2026-08-06,2018-09-30,award,complete,71530000,https://www.contractsfinder.service.gov.uk/Notice/0ba25f86-8689-4376-a9f9-7accca1f741f-909617,2026-08-07T08:10:43.857097+00:00
Contracts Finder,ocds-b5fd17-fc86f2a2-24fa-46dd-aa8e-59883341e2f5_c3546248-e6b4-43de-b07d-12575c91289c-909615,"Dynamic Purchasing System (DPS) of Temporary Agency, Contractor and Interim Agencies for Preferred  Supplier Listing - Y20010","Commercial Services Kent Ltd (CSKL) trading as C2K (a wholly owned business of Kent County Council), 
      this opportunity will allow C2K to offer a recruitment managed service approach to the temporary and interim 
      recruitment needs of Kent County Council",BIP SOLUTIONS LIMITED,,500000000.0,GBP,2026-08-06,2025-03-31,tender,active,79600000,https://www.contractsfinder.service.gov.uk/Notice/c3546248-e6b4-43de-b07d-12575c91289c,2026-08-07T08:10:43.857266+00:00
Contracts Finder,ocds-b5fd17-5b764059-96f5-4ad2-9eee-90931d2ca693_af53dac4-323e-4d08-967c-69d7d559ed32-909614,"QSB445 0900 2026-08-05 Barnham - Centre academy East Anglia, Brettenham (4-seated vehicle and a PA required) - AWARD","Suffolk County Council is seeking a mini competition against the following Dynamic Purchasing System: `The supply of Passenger Transport Services`, OJEU Notice Id: 2018/S 031-067685.
      
      QSB445 0900 2026-08-05 Barnham - Centre academy East Anglia, Brettenham (4-seated vehicle and a PA required)
      
      Further details can be found in the 'Tenders / My Tenders' area of this website, by selecting the 'View Details' button for this project.
      
      The deadline for returned",Suffolk County Council Passenger Transport,,,GBP,2026-08-06,2026-08-05,award,complete,60000000,https://www.contractsfinder.service.gov.uk/Notice/af53dac4-323e-4d08-967c-69d7d559ed32-909614,2026-08-07T08:10:43.857439+00:00
Contracts Finder,ocds-b5fd17-e188eb23-83a2-405e-93e9-51e50b483b37_27c91262-826e-444b-baba-715fbcbf10a6-909613,Print Management Services,"This is confirmation of  the call off spend against the Framework Agreement for the Provision of Print Management Services (IA2605) for Year 4, Quarter 4.",Staffordshire County Council,,106823.23,GBP,2026-08-06,2026-04-30,award,complete,79810000,https://www.contractsfinder.service.gov.uk/Notice/27c91262-826e-444b-baba-715fbcbf10a6-909613,2026-08-07T08:10:43.857624+00:00
Contracts Finder,ocds-b5fd17-e74e41ad-be77-4ab4-aa40-d519032501b0_f65c9052-9ba4-4e4c-b1fc-9b2578a5c25a-909612,NBC Coomblelands Enabling Package,PSC contract for Construction of two ASU Buildings at Coombelands APHA Weybridge,DEFRA,,2206917.07,GBP,2026-08-06,2026-06-01,award,complete,45000000,https://www.contractsfinder.service.gov.uk/Notice/f65c9052-9ba4-4e4c-b1fc-9b2578a5c25a-909612,2026-08-07T08:10:43.857813+00:00
Contracts Finder,ocds-b5fd17-9fe95e5c-dcd3-44c8-88f9-7bc8bac86d84_0ad1dcbd-4e40-4dae-86d8-07c4fb697d46-909611,Taxi and MPV (1-8 seats) Passenger Assistant - Taxi and MPV (1-8 seats) Passenger Assistant,"Vehicle type: 8 seater
Passenger Assistant Required: PA required.

Proposed Taxi Route: 
From: BN23 5RW, BN24 5GP, BN27 2LS, BN23 5RH
To: Ocklynge Junior School, BN20 8XN
Frequency: Monday to Friday
Daily School Time: Mon-Fri 08:50 to 15:20

Comments for Operator: 
Shared PA required
 This opportunity has been distributed on SProc.net",East Sussex County Council,,,GBP,2026-08-06,2026-08-04,award,complete,60000000,https://www.contractsfinder.service.gov.uk/Notice/0ad1dcbd-4e40-4dae-86d8-07c4fb697d46-909611,2026-08-07T08:10:43.857986+00:00
