source,notice_id,title,description,organisation,value_low,value_high,currency,published_date,deadline,notice_type,status,cpv_codes,url,scraped_at
FTS,ocds-h6vhtk-077569_088671-2026,ITT - Taxation and reuse - UID 350,"We know that the structure of taxes shapes decisions about how and what to invest in.    To better understand the incentives around the reuse of historic buildings, this study will look at how tax impacts on the finances of reuse projects, how the tax impacts differ depending on the type of project or developer, what the implications are for cash flow vs total financial impacts, and where the incidence of tax may be different to where the liability falls.  The outputs of the research will includ",Historic England,,29166.67,GBP,2026-09-18,2026-10-15,tender,active,,https://www.find-tender.service.gov.uk/Notice/088671-2026,2026-09-18T12:02:59.705143+00:00
FTS,ocds-h6vhtk-0774c3_088670-2026,TravelNet Systems Bus Replacement Service,"This is not a “sole source” in market terms. This paper recommends direct awards to the two incumbent suppliers, each serving distinct TOC ecosystems. Alternative suppliers exist in the market; however, no alternative supplier has been identified that can currently deliver using the existing Darwin integrations and aggregator relationships without causing incompatibility and disproportionate technical and operational difficulty or requiring substantial redevelopment, due to their embedded positi",Train Information Services Limited,,,GBP,2026-09-18,,awardUpdate,complete,,https://www.find-tender.service.gov.uk/Notice/088670-2026,2026-09-18T12:02:59.705173+00:00
FTS,ocds-h6vhtk-05f753_088669-2026,Signage - National Framework,"Forestry England are seeking suppliers for a National Signage Framework.
Interested parties are invited to join a bidder briefing event, via Microsoft Teams, to find out more about the requirement. The date and time of this event are enclosed in the Invitation to Tender document provided.
Full details of the requirements of this framework agreement can be found in the Specification and Appendices provided.",Forestry Commission,,2000000.0,GBP,2026-09-18,2026-11-19,tender,active,,https://www.find-tender.service.gov.uk/Notice/088669-2026,2026-09-18T12:02:59.705180+00:00
FTS,ocds-h6vhtk-077568_088668-2026,Provision of Food Waste Haulage Services,Haulage of Food Waste from Longman Waste Transfer Station to Treatment facility.,Highland Council,,975000.0,GBP,2026-09-18,2026-10-19,tender,active,90500000,https://www.find-tender.service.gov.uk/Notice/088668-2026,2026-09-18T12:02:59.705189+00:00
FTS,ocds-h6vhtk-0774c3_088667-2026,TravelNet Systems Bus Replacement Service,"This is not a “sole source” in market terms. This paper recommends direct awards to the two incumbent suppliers, each serving distinct TOC ecosystems. Alternative suppliers exist in the market; however, no alternative supplier has been identified that can currently deliver using the existing Darwin integrations and aggregator relationships without causing incompatibility and disproportionate technical and operational difficulty or requiring substantial redevelopment, due to their embedded positi",Train Information Services Limited,,,GBP,2026-09-18,,awardUpdate,complete,,https://www.find-tender.service.gov.uk/Notice/088667-2026,2026-09-18T12:02:59.705196+00:00
FTS,ocds-h6vhtk-077567_088666-2026,Bramble AV - UK5,"The requirement is for an audio-visual solution spanning CSOC functional areas for SJFHQ, J3 in Northwood and the OP APPOINT OHQ in RAF Northolt. To include installation, assurance, support, training and high-level acceptance criteria.",Ministry of Defence,,,GBP,2026-09-18,,award,complete,,https://www.find-tender.service.gov.uk/Notice/088666-2026,2026-09-18T12:02:59.705200+00:00
FTS,ocds-h6vhtk-077566_088665-2026,Jubilee Dive,Jubilee Drive -Construction works-DN822600,Herefordshire Council,,,GBP,2026-09-18,,award,complete,,https://www.find-tender.service.gov.uk/Notice/088665-2026,2026-09-18T12:02:59.705204+00:00
FTS,ocds-h6vhtk-077565_088664-2026,Security Stewarding Provisions for Theatres,Providing Security Stewarding support to assist with the smooth operations of Theatres.,City of Bradford Metropolitan District Council,,,GBP,2026-09-18,,award,complete,,https://www.find-tender.service.gov.uk/Notice/088664-2026,2026-09-18T12:02:59.705223+00:00
FTS,ocds-h6vhtk-06816b_088663-2026,RQNB 264 - Maintenance and Repair of Thermostatic Mixing Valves,"The contract will consist of the annual cleaning, inspection, service and maintenance of Thermostatic Mixing Valves.",Shropshire Council,,,GBP,2026-09-18,,award,complete,,https://www.find-tender.service.gov.uk/Notice/088663-2026,2026-09-18T12:02:59.705229+00:00
FTS,ocds-h6vhtk-077564_088662-2026,Adoption Support Provision Assessment,Adoption Support Provision Assessment and 'Theory of Change' for Adopt South West,Devon County Council,,,GBP,2026-09-18,,award,complete,,https://www.find-tender.service.gov.uk/Notice/088662-2026,2026-09-18T12:02:59.705233+00:00
FTS,ocds-h6vhtk-077563_088661-2026,Contract for Labour Only Plastering at Sketty Park Phase 3 ,Contract for Labour Only Plastering at 42 properties in the Sketty park area.,City & County of Swansea,,100000.0,GBP,2026-09-18,2026-10-09,tender,active,,https://www.find-tender.service.gov.uk/Notice/088661-2026,2026-09-18T12:02:59.705238+00:00
FTS,ocds-h6vhtk-06f403_088660-2026,Sunderland Integrated Sexual Health Service (PSR Direct Award Process C - Notice of Intention to make an award of a contact to the existing provider),"A contact for the provision of the Sunderland Integrated Sexual Health Services (""the Service"") including enabling open access, cost effective and high quality provision of contraception and prevention, diagnosis and management of sexually transmitted infections. This will be provided according to evidence based guidance and adapted to the needs of the local populations.
The Service aims to improve sexual health by providing easy routes of access to interventions and ensuring sexual health and c",Sunderland City Council,,,GBP,2026-09-18,,tenderUpdate,,85323000,https://www.find-tender.service.gov.uk/Notice/088660-2026,2026-09-18T12:02:59.705243+00:00
FTS,ocds-h6vhtk-051dd5_088659-2026,Disposable and Washable Continence Care,"NHS Supply Chain has established a framework agreement for Disposable and Washable Continence Care products under which it is entitled to purchase supplies and/or services which it will make available for purchase by 1) any NHS Trust; 2) any other NHS entity; 3) any government department, agency or other statutory body and/or 4) any private sector entity active in the UK healthcare sector. Only NHS Supply Chain can order from the Framework Agreement and enter into contracts under it.
The framewo",SUPPLY CHAIN COORDINATION LIMITED,,,GBP,2026-09-18,,award,complete,,https://www.find-tender.service.gov.uk/Notice/088659-2026,2026-09-18T12:02:59.705247+00:00
FTS,ocds-h6vhtk-077562_088658-2026,C29663.011 – NRTF Support to ‘Radical Reset’ Collaboration Exercise,C29663.011 – NRTF Support to ‘Radical Reset’ Collaboration Exercise - call off from Strategy FW C29663,Nuclear Decommissioning Authority,,,GBP,2026-09-18,,award,complete,,https://www.find-tender.service.gov.uk/Notice/088658-2026,2026-09-18T12:02:59.705253+00:00
FTS,ocds-h6vhtk-06e5f0_088657-2026,Gloucestershire County Electoral Print Contract,"The six district-level authorities in Gloucestershire are working together to procure a printing contract for all election and electoral registration requirements.
The contract will be between the supplier and the six authorities[DR2.1][LG2.2] (Cotswold District Council, Cheltenham Borough Council, Forest of Dean District Council, Stroud District Council, Tewkesbury Borough Council, Gloucester City Council), with Cotswold District Council as the lead authority (“Lead Authority”).  The procuremen",Cotswold District Council,,1242765.0,GBP,2026-09-18,2026-09-22,tenderUpdate,active,,https://www.find-tender.service.gov.uk/Notice/088657-2026,2026-09-18T12:02:59.705257+00:00
FTS,ocds-h6vhtk-077561_088656-2026,Market Engagement Event - Marketing Campaign for Hull Fostering,Hull City Council are inviting suppliers to express their interest in working alongside the Hull Fostering Team for the delivery of a Marketing Campaign. The event will provide information on the commissioning plans for the services. The event is being held via MS Teams on 2nd October 2026 - 3.00pm - 4.00pm To book your place please utilise the messaging section on YORtender https://yortender.eu-supply.com/,Hull City Council,,128988.0,GBP,2026-09-18,,planning,planning,,https://www.find-tender.service.gov.uk/Notice/088656-2026,2026-09-18T12:02:59.705261+00:00
FTS,ocds-h6vhtk-077560_088655-2026,EM Lawshare Framework Agreement for Legal Services,"West Northamptonshire Council (the Authority) is acting as lead authority and running this procurement on behalf of the EM Lawshare (EMLS). This procurement is being conducted in accordance with the Procurement Act 2023 and is being conducted through the Competitive Flexible procedure to identify the Potential Suppliers for the requirement.  This is a Light Touch procurement.  
EMLS is a consortium of public bodies (the Consortium) that have been procuring legal services frameworks over the last",West Northamptonshire Council,,1000000000.0,GBP,2026-09-18,,tender,active,,https://www.find-tender.service.gov.uk/Notice/088655-2026,2026-09-18T12:02:59.705265+00:00
FTS,ocds-h6vhtk-02874b_088654-2026,CM3107 Lightning Protection Supply and Inspection Services,"This contract covers the risk assessment, design, inspection, testing, remediation, installation and certification of Yorkshire Water lightning protection assets. It also covers the supply of commodity components needed for planned maintenance, repairs and new systems.",YORKSHIRE WATER SERVICES LIMITED,,,GBP,2026-09-18,,award,complete,71630000,https://www.find-tender.service.gov.uk/Notice/088654-2026,2026-09-18T12:02:59.705269+00:00
FTS,ocds-h6vhtk-07755f_088653-2026,White Horse Reservoir (WHR) Independent Technical Advisor (ITA),"Thames Water Utilities Limited is undertaking Preliminary Market Engagement (PME) in relation to the proposed procurement of an Independent Technical Advisor (ITA) for the White Horse Reservoir (WHR) project.
The purpose of this market engagement is to obtain feedback from the market to help inform the development of the requirement, including the proposed scope of services, commercial approach, procurement strategy, market capacity and capability, and key delivery considerations.
The ITA is ant",THAMES WATER UTILITIES LIMITED,,40000000.0,GBP,2026-09-18,,planning,planning,,https://www.find-tender.service.gov.uk/Notice/088653-2026,2026-09-18T12:02:59.705273+00:00
FTS,ocds-h6vhtk-07755e_088652-2026,Tree Works,Tree Works-DN822178,Herefordshire Council,,,GBP,2026-09-18,,award,complete,,https://www.find-tender.service.gov.uk/Notice/088652-2026,2026-09-18T12:02:59.705276+00:00
FTS,ocds-h6vhtk-068fc8_088651-2026,Residential Solar Collective Buying Scheme,"The West of England Mayoral Combined Authority (WECA) is seeking to commission a supplier for a Residential Solar collective buying scheme across the West of England region. Covering the local authority areas of Bath & North East Somerset, Bristol, South Gloucestershire and North Somerset. This project is in support of WECA’s Growth Strategy priorities to increase clean and renewable energy and decarbonise homes across the region by 2035. The scheme will drive down installation costs for homeown",The West of England Combined Authority,,20000000.0,GBP,2026-09-18,,planning,planned,,https://www.find-tender.service.gov.uk/Notice/088651-2026,2026-09-18T12:02:59.705281+00:00
FTS,ocds-h6vhtk-07755d_088650-2026,Newham Community Diagnostic Centre (CDC 5) - Market Engagement Event,"NHS North East London  (hereafter referred to as ""The Authority"") invites interested, suitably qualified and experienced providers to attend a Market Engagement Event prior to the publication of tender opportunity for the provision of community diagnostic services in Newham. 
Market Engagement event details:
Date: Thursday 15 October  2026
Time: 13.00 - 15.30
Location: Microsoft Teams
Market Engagement:
To assist the Commissioners with testing their assumptions and proposed service requirements,",NHS North East London Integrated Care Board,,,GBP,2026-09-18,,planning,planned,85100000,https://www.find-tender.service.gov.uk/Notice/088650-2026,2026-09-18T12:02:59.705286+00:00
FTS,ocds-h6vhtk-06b3e8_088649-2026,Purchase of Pre-Owned Gritters and Part Exchange,The purchase of 6 pre-owned 18T gritters and part exchange of 4 from Devon County Councils existing fleet,Devon County Council,,,GBP,2026-09-18,,award,complete,,https://www.find-tender.service.gov.uk/Notice/088649-2026,2026-09-18T12:02:59.705289+00:00
FTS,ocds-h6vhtk-04ac44_088648-2026,Grounds and Gardens Maintenance,"**CONTRACT AWARD***<br/><br/><br/><br/><br/>A further competition has been undertaken against the ESPO Framework 245_25 Provision of Grounds and Gardens Maintenance, under Lot 1.<br/><br/><br/>The tender has been evaluated and awarded as per the evaluation tender set out in the ITT documentation.<br/><br/><br/>This contract is for the provision of Grounds and gardens maintenance service to NHC estate. <br/><br/><br/>The contract is for the period 01 August 2026 to 31 July 2029, but has options t",Nottinghamshire Healthcare NHS Foundation Trust,,,GBP,2026-09-18,,award,complete,77314000,https://www.find-tender.service.gov.uk/Notice/088648-2026,2026-09-18T12:02:59.705295+00:00
FTS,ocds-h6vhtk-07755c_088647-2026,Pension Services for South Yorkshire Police Officers,Pension services for police officers employed by South Yorkshire Police,South Yorkshire Mayoral Combined Authority,,,GBP,2026-09-18,,award,complete,66500000,https://www.find-tender.service.gov.uk/Notice/088647-2026,2026-09-18T12:02:59.705298+00:00
FTS,ocds-h6vhtk-06b380_088646-2026,Venue Cymru Futures Project - Project Director and Project Manager (RIBA Stage 3 - 6),,,,,GBP,2026-09-18,,tenderCancellation,complete,,https://www.find-tender.service.gov.uk/Notice/088646-2026,2026-09-18T12:02:59.705304+00:00
FTS,ocds-h6vhtk-07755b_088645-2026,Interim Technical Specialist,"London Borough of Newham Council has awarded a call-off contract for the provision of an interim specialist resource to support the design, configuration, integration, testing and implementation of a Microsoft Dynamics 365 solution. 
The assignment includes solution design, system configuration, integration and data activities, workflow automation, reporting, testing, deployment, documentation, knowledge transfer and a limited period of post-implementation support.
The appointment has been made ",London Borough of Newham,,,GBP,2026-09-18,,award,complete,,https://www.find-tender.service.gov.uk/Notice/088645-2026,2026-09-18T12:02:59.705308+00:00
FTS,ocds-h6vhtk-07755a_088644-2026,"Framework Agreement for Live-in Care (All-Ages), Complex Care (All-Ages) and Trusted Assessors for Spot Therapy and Clinical Psychology Provision (SEND) for NHS Devon Integrated Care Board (ICB)","This Prior Information Notice is to notify potential providers of an upcoming Market Engagement Event concerning NHS Devon Integrated Care Board's (the Commissioner) intention to reopen a Framework Agreement for new applicants and appoint suitable providers who have the capability and capacity to deliver the following services:
LOT 1 - Live-in Care at Home for All-Ages
LOT 2 - Complex Care for All-Ages
LOT 3 - Trusted Assessors for Spot Therapy and Clinical Psychology Provision (SEND)
The geogra",NHS DEVON INTEGRATED CARE BOARD,,61297064.0,GBP,2026-09-18,,planning,planned,85100000,https://www.find-tender.service.gov.uk/Notice/088644-2026,2026-09-18T12:02:59.705312+00:00
FTS,ocds-h6vhtk-029897_088643-2026,Taxi Vehicles with Passenger Assistant,Taxi Vehicles with Passenger Assistant,London Borough of Merton,,,GBP,2026-09-18,,award,complete,60170000,https://www.find-tender.service.gov.uk/Notice/088643-2026,2026-09-18T12:02:59.705318+00:00
FTS,ocds-h6vhtk-0774a1_088642-2026,Provision of Home to School Transport for Alt Bridge,"To deliver home to school transport for a temporary period of 2 September 2026 to 27 November 2026 to Supreme Executive
Travel in relation to Lot 2 (Altbridge)",Knowsley Council,,,GBP,2026-09-18,,award,complete,,https://www.find-tender.service.gov.uk/Notice/088642-2026,2026-09-18T12:02:59.705323+00:00
FTS,ocds-h6vhtk-06ab53_088641-2026,"C0151:Solidarity Fund Scoping Contract (Learning,Development, Evaluation, and Monitoring Framework)",A Solidarity Fund feasibility and design contract to support the procurement of two subsequent contracts and develop a monitoring framework. The three key outputs are: 1. An impact evaluation approach for the Solidarity Fund 2. A learning and support contract scope for the Solidarity Fund 3. To develop a monitoring framework for The Solidarity Fund that can provide publishable data about the programme for key stakeholders. The National Lottery Community Fund (the ‘Fund’) is seeking to procure a ,The National Lottery Community Fund,,,GBP,2026-09-18,,award,complete,,https://www.find-tender.service.gov.uk/Notice/088641-2026,2026-09-18T12:02:59.705327+00:00
FTS,ocds-h6vhtk-029897_088640-2026,Taxi Vehicles,Taxi Vehicles,London Borough of Merton,,,GBP,2026-09-18,,award,complete,60170000,https://www.find-tender.service.gov.uk/Notice/088640-2026,2026-09-18T12:02:59.705330+00:00
FTS,ocds-h6vhtk-077559_088639-2026,QQ26/007 Lease of Multi Functional Devices,Tamworth Borough Council has used Crescent Purchasing Consortiums Framework to Award a contract to Lease Multi Functional Devices.,Tamworth Borough Council,,,GBP,2026-09-18,,award,complete,30000000,https://www.find-tender.service.gov.uk/Notice/088639-2026,2026-09-18T12:02:59.705334+00:00
FTS,ocds-h6vhtk-077558_088638-2026,Post Office Branch - Horwich End,"Post Office Ltd is looking for a successful retailer to incorporate a Post Office Local into their existing or proposed business.
The offer available in this Post Office would be:
Post Office Local - integrating Post Office services into a vibrant and sustainable retail business, so they can be offered over the same opening hours. The exact layout and design will be agreed with you to suit your business.
Estimated Post Office fees:
In the current location in the range of £19,000 - £21,500 per an",Post Office Limited,,,GBP,2026-09-18,2026-10-16,tender,active,,https://www.find-tender.service.gov.uk/Notice/088638-2026,2026-09-18T12:02:59.705340+00:00
FTS,ocds-h6vhtk-06a850_088637-2026,Security and Resilience Framework,"The Foreign, Commonwealth and Development Office, acting on behalf of UK government, intends to establish the Security and Resilience Framework to support delivery of cross-UK government security and resilience objectives using both Official Development Assistance (ODA) and non-ODA funding. The Framework will provide global access to suitably qualified individuals and multi disciplinary teams to deliver a mixture of services and goods, including but not limited to security, stabilisation, govern","Foreign, Commonwealth and Development Office",,2700000000.0,GBP,2026-09-18,,planning,planned,,https://www.find-tender.service.gov.uk/Notice/088637-2026,2026-09-18T12:02:59.705344+00:00
FTS,ocds-h6vhtk-077557_088636-2026,Refurbishment of utility blocks 1 and 2 Middle Ground,"Refurbishment of utility blocks 7 and 8, to include new bathrooms and kitchens, new heating, rewiring, redecoration, new flooring and associated works.",Oxfordshire County Council,,,GBP,2026-09-18,,award,complete,,https://www.find-tender.service.gov.uk/Notice/088636-2026,2026-09-18T12:02:59.705347+00:00
FTS,ocds-h6vhtk-029897_088635-2026,Taxi Vehicles with Passenger Assistant,Taxi Vehicles with Passenger Assistant,London Borough of Merton,,,GBP,2026-09-18,,award,complete,60170000,https://www.find-tender.service.gov.uk/Notice/088635-2026,2026-09-18T12:02:59.705351+00:00
FTS,ocds-h6vhtk-06fa48_088634-2026,Capita Training Managed Services (ESPO) 2026 – 2030,"ESPO 383_25 Call-off under Lot 1 (Managed Service Provider) for the provision of a fully managed training service. The appointed provider will take responsibility for coordinating and delivering NRW's training requirements through access to a catalogue of pre-approved training suppliers and courses. The arrangement provides a streamlined route to training delivery, reducing internal administration and supplier management activity while ensuring access to quality, value-for-money training solutio",Natural Resources Wales,,,GBP,2026-09-18,,award,complete,,https://www.find-tender.service.gov.uk/Notice/088634-2026,2026-09-18T12:02:59.705355+00:00
FTS,ocds-h6vhtk-06db92_088633-2026,Generic Floating Support Services for the Vale of Glamorgan Council ,"Generic Floating Support to prevent Homelessness. This includes people over 55 yrs with support needs; People with learning disabilities; People with physical disabilities; People with chronic illness and floating support to the  new Penarth Extra Care Scheme.
This tender applies to a 180-unit floating support service delivering flexible housing related support to a Generic client group in the Vale with the aim of preventing homelessness. 
The aim of this project is to provide housing support to",Vale of Glamorgan Council,,5250000.0,GBP,2026-09-18,2026-10-28,tender,active,,https://www.find-tender.service.gov.uk/Notice/088633-2026,2026-09-18T12:02:59.705359+00:00
FTS,ocds-h6vhtk-06e503_088632-2026,715916490 - Continuation of Post Completion Activities - Annington Homes,"Ongoing support is required from Forsters LLP, who were the enfranchisement specialists originally appointed in respect of Judicial Review and property law challenge to a decision by SoS for Defence to issue notices pursuant to section 5 of the Leasehold Reform Act 1967 seeking to enfranchise 8 units of Service Family Accommodation (SFA) by way of test cases. 
Forsters LLP advised MOD in respect of the High Court trial. Forsters then continued to act for MOD in relation to MOD buying back 36,347",Defence Infrastructure Organisation,,,GBP,2026-09-18,,award,complete,,https://www.find-tender.service.gov.uk/Notice/088632-2026,2026-09-18T12:02:59.705362+00:00
FTS,ocds-h6vhtk-077556_088631-2026,PLA26135 Bay of Lights – Video Mapping,Video Mapping during the Bay of Lights 2026 event,Torbay Council,,,GBP,2026-09-18,,award,complete,,https://www.find-tender.service.gov.uk/Notice/088631-2026,2026-09-18T12:02:59.705368+00:00
FTS,ocds-h6vhtk-077555_088630-2026,"PPE, Workwear & Uniforms","Contract for the provision of PPE (Personal Protective Equipment), Workwear and Uniforms.",The North Yorkshire Council,,,GBP,2026-09-18,,award,complete,18100000,https://www.find-tender.service.gov.uk/Notice/088630-2026,2026-09-18T12:02:59.705372+00:00
FTS,ocds-h6vhtk-077554_088629-2026,Drag Road,Structural Carriageway Repairs,Herefordshire Council,,,GBP,2026-09-18,,award,complete,,https://www.find-tender.service.gov.uk/Notice/088629-2026,2026-09-18T12:02:59.705375+00:00
FTS,ocds-h6vhtk-077553_088628-2026,SOL - Home to School Transport DPS,Route awards for Home to School transport Q1 2025/26 -  Q2 2026/27.,Solihull Metropolitan Borough Council,,,GBP,2026-09-18,,award,complete,60170000,https://www.find-tender.service.gov.uk/Notice/088628-2026,2026-09-18T12:02:59.705380+00:00
FTS,ocds-h6vhtk-077552_088627-2026,Flexible benefits platform Darwin,"Flexible benefit platform Darwin for SNG to manage and administer their  employee benefits, specifically configured for SNG requirements in line with SNG's People strategy, providing 2-way integrations with  Workday system as SNG's core HR system.",Sovereign Network Group,,,GBP,2026-09-18,,award,complete,,https://www.find-tender.service.gov.uk/Notice/088627-2026,2026-09-18T12:02:59.705384+00:00
FTS,ocds-h6vhtk-077551_088626-2026,ESCC-Lansdowne Dect phone replacement,Replacement of DECT phone system at Lansdowne Secure Unit,East Sussex County Council,,,GBP,2026-09-18,,award,complete,,https://www.find-tender.service.gov.uk/Notice/088626-2026,2026-09-18T12:02:59.705389+00:00
FTS,ocds-h6vhtk-066a49_088625-2026,Ductile Iron Pipe and Associated Fittings,"This procurement is being ran to establish a Framework Agreement for the provision of Ductile Iron Pipe and Associated Fittings.
This procurement is a single lot and shall cover:
EN545 Pipe and Fabricated Pipe
EN598 Pipe and Fabricated Pipe
EN545 Fittings
EN598 Fittings",SEVERN TRENT WATER LIMITED,,71350000.0,GBP,2026-09-18,,tender,active,,https://www.find-tender.service.gov.uk/Notice/088625-2026,2026-09-18T12:02:59.705393+00:00
FTS,ocds-h6vhtk-077550_088624-2026,"Provision of Statutory Transport Journeys to Lockhart Campus, Stevenston","Provision of Statutory Transport Journeys to Lockhart Campus, Stevenston",North Ayrshire Council,,,GBP,2026-09-18,,award,complete,60120000,https://www.find-tender.service.gov.uk/Notice/088624-2026,2026-09-18T12:02:59.705397+00:00
FTS,ocds-h6vhtk-05f357_088623-2026,Healthcare and Foresic Services in Custody for South Yorkshrie and Humberside Police,"South Yorkshire Mayoral Combined Authority (SYMCA) for and on behalf of itself and the Police and Crime Commissioner for Humberside (PCC) have procured a Healthcare and Forensic Service in Custody, for South Yorkshire Police (SYP) and Humberside Police (HP). The procurement was conducted in accordance with PA23 under the Competitive Flexible Procedure.
This requirement is for a collaborative contract for the two forces, with SYP as the lead force and SYMCA as the contracting authority, for servi",South Yorkshire Mayoral Combined Authority,,,GBP,2026-09-18,,award,complete,,https://www.find-tender.service.gov.uk/Notice/088623-2026,2026-09-18T12:02:59.705401+00:00
FTS,ocds-h6vhtk-07754f_088622-2026,2 x 5t Compact Road Sweepers,Call-off from NEPO 224 for the provision of 2 sweepers.,Uttlesford District Council,,,GBP,2026-09-18,,award,complete,34140000,https://www.find-tender.service.gov.uk/Notice/088622-2026,2026-09-18T12:02:59.705404+00:00
FTS,ocds-h6vhtk-07754b_088621-2026,"Provision of a Public Analyst Services for Manchester City Council Food, Health and Safety and Airport Team of Environmental Health","To deliver the provision of Public Analyst Services to the Food, Health & Safety and Airport team of Environmental Health of Manchester City Council. The team operate as an inland authority and operate 2 Border Control Post at Manchester Airport for commercial imports of Products of Animal Origin and also High Risk Food not of Animal Origin. The Border control post operates 24/7 (Typically 9am-6pm Mon-Fri and as needed out of hours and at the weekend).
The Council is using the e-business portal ",Manchester City Council,,240000.0,GBP,2026-09-18,,planningUpdate,planning,,https://www.find-tender.service.gov.uk/Notice/088621-2026,2026-09-18T12:02:59.705408+00:00
FTS,ocds-h6vhtk-07754e_088620-2026,ESCC St Mary's Lift Replacement,Lift Replacement at St Mary's House,East Sussex County Council,,,GBP,2026-09-18,,award,complete,,https://www.find-tender.service.gov.uk/Notice/088620-2026,2026-09-18T12:02:59.705411+00:00
FTS,ocds-h6vhtk-050fe9_088619-2026,"Universal Information, Advice & Guidance Service","A community advice services for the supply of: 
•	Legal, Debt and Housing Advice Services (core service)
•	Outreach Service (eg. GP surgeries, Children's Centres, Community settings). 
The Service is has a physical presence in Warrington to deliver the face to face work as detailed in the service specification.  The service is to be provided in a manner that enables access, especially to those groups who do not traditionally access town centre based provisions.  The service will be delivered fro",Warrington Borough Council,,,GBP,2026-09-18,,award,complete,,https://www.find-tender.service.gov.uk/Notice/088619-2026,2026-09-18T12:02:59.705415+00:00
FTS,ocds-h6vhtk-07754d_088618-2026,Post Office Branch - Marpool Lane,"Post Office Ltd is looking for a successful retailer to incorporate a Post Office Local into their existing or proposed business.
The offer available in this Post Office would be:
Post Office Local - integrating Post Office services into a vibrant and sustainable retail business, so they can be offered over the same opening hours. The exact layout and design will be agreed with you to suit your business.
Estimated Post Office fees:
In the current location in the range of £8,000 - £14,000 per ann",Post Office Limited,,,GBP,2026-09-18,2026-09-30,tender,active,,https://www.find-tender.service.gov.uk/Notice/088618-2026,2026-09-18T12:02:59.705421+00:00
FTS,ocds-h6vhtk-07754c_088617-2026,"PPE, Workwear & Uniforms","Contract for the provision of PPE (Personal Protective Equipment), Workwear and Uniforms.",NY HIGHWAYS LIMITED,,,GBP,2026-09-18,,award,complete,18100000,https://www.find-tender.service.gov.uk/Notice/088617-2026,2026-09-18T12:02:59.705424+00:00
FTS,ocds-h6vhtk-07754b_088616-2026,"Provision of a Public Analyst Services for Manchester City Council Food, Health and Safety and Airport Team of Environmental Health","To deliver the provision of Public Analyst Services to the Food, Health & Safety and Airport team of Environmental Health of Manchester City Council. The team operate as an inland authority and operate 2 Border Control Post at Manchester Airport for commercial imports of Products of Animal Origin and also High Risk Food not of Animal Origin. The Border control post operates 24/7 (Typically 9am-6pm Mon-Fri and as needed out of hours and at the weekend).
The Council is using the e-business portal ",Manchester City Council,,240000.0,GBP,2026-09-18,,planning,planning,,https://www.find-tender.service.gov.uk/Notice/088616-2026,2026-09-18T12:02:59.705428+00:00
FTS,ocds-h6vhtk-06c6ff_088615-2026,Edoxaban Review Service W94005,,Betsi Cadwaladr University Health Board,,,GBP,2026-09-18,,awardUpdate,,85121100,https://www.find-tender.service.gov.uk/Notice/088615-2026,2026-09-18T12:02:59.705431+00:00
FTS,ocds-h6vhtk-07754a_088614-2026,Award of Dynamic Purchasing System for Domiciliary Care Services in Powys,"The Council has established a Dynamic Purchasing System (DPS) for the Provision of Domiciliary Care Services in Powys.
The DPS will run for an initial period of 10 years, with an option to be extended for a further 5 years, subject to bi-annual reviews.
Providers are required to be registered with the Care Inspectorate Wales (CIW) to provide domiciliary support services in the Powys regional partnership area. The DPS will remain open so new providers can complete the Pre-Qualification Questionna",Powys County Council,,,GBP,2026-09-18,,award,complete,85000000,https://www.find-tender.service.gov.uk/Notice/088614-2026,2026-09-18T12:02:59.705435+00:00
FTS,ocds-h6vhtk-077549_088613-2026,North Wooton Pump and Pre-Cast Concrete Units Supply,"This procurement covers the design, manufacture, fabrication, providing, supplying and delivery of two pumps and pre-cast concrete units (PCCU) that form the pump sump, support and inlet structure for the new pumping station for the North Wootton pumping station replacement project.
The value is estimated at circa £390,000 total. These figures are exclusive of VAT.
The pumps will have high efficiency, low maintenance requirements and will deliver a broad range of flow rates at their design heads",Kings Lynn Internal Drainage Board,,390000.0,GBP,2026-09-18,2026-10-20,planning,planned,,https://www.find-tender.service.gov.uk/Notice/088613-2026,2026-09-18T12:02:59.705439+00:00
FTS,ocds-h6vhtk-077548_088612-2026,The Provision of Medium and Heavy Explosive Ordnance Disposal Remote Controlled Vehicles In-Service Support - UK5,"The Ministry of Defence (the “Authority”) intends to award a contract to L3 Harris TRL Technology Ltd (“the Supplier”) for the provision of post design services and in service support (together the “ISS”) for Medium (T4) and Heavy (T7) Explosive Ordnance Disposal Remote Controlled Vehicles (the “RCVs”). 
The contract has an estimated value of £54,000,000, including VAT. The contract will be for eight (“8”) years with an additional three (“3”) one-year options.",Defence Equipment and Support,,,GBP,2026-09-18,,award,complete,,https://www.find-tender.service.gov.uk/Notice/088612-2026,2026-09-18T12:02:59.705443+00:00
FTS,ocds-h6vhtk-07753d_088611-2026,Lifts - Service & Maintenance 26-30,To award a new contract to Pickerings Lifts via ProcurePublics Passenger Lifts Framework Lot 1 Passenger Lifts & Lot 2 Mobility Lifts. For the period 1st August 2026 to 31st July 2028 with the option to extend annually to 31st July 2030,Police and Crime Commissioner for Lancashire,,,GBP,2026-09-18,,award,complete,,https://www.find-tender.service.gov.uk/Notice/088611-2026,2026-09-18T12:02:59.705446+00:00
FTS,ocds-h6vhtk-077536_088610-2026,The Economist 400 subscriptions,"There are a number of required benefits that the subscription to the Economist will bring, that will substantially improve officials’ performance in the following duties, per the need to provide the best possible advice to Home Office Ministers and senior officals",Home Office,,,GBP,2026-09-18,,award,complete,,https://www.find-tender.service.gov.uk/Notice/088610-2026,2026-09-18T12:02:59.705450+00:00
FTS,ocds-h6vhtk-05ae19_088609-2026,Brooklands Technical College - New Vickers Building - New Build and Associated External Works,"Brooklands Technical College invites Tenders for the appointment of a main contractor for the 3-storey new build project at Brooklands Technical College, Weybridge Campus.",Brooklands Technical College,,,GBP,2026-09-18,,award,complete,,https://www.find-tender.service.gov.uk/Notice/088609-2026,2026-09-18T12:02:59.705453+00:00
FTS,ocds-h6vhtk-077547_088608-2026,C1237- MC4,"This is a  notice publication to allow for the transitional arrangements, associated with the Procurement Act 2023.
Provision of a Managed Service Provider, responsible for managing the licensing implementation, support and maintenance of NI Water's MWM/CAR product suite. (a cloud-based application). Please refer to ITN Appendices 3A Specification and 3B Technical Specification of Requirements for further details on the provision of Services required.",NORTHERN IRELAND WATER,,,GBP,2026-09-18,,award,complete,,https://www.find-tender.service.gov.uk/Notice/088608-2026,2026-09-18T12:02:59.705458+00:00
FTS,ocds-h6vhtk-077546_088607-2026,"Provision of care and support service at Pont Aur Extra Care Light Scheme, Ystradgynlais","Powys County Council (‘The Council’) is seeking tenders from suitably qualified and experienced providers for the provision of a care and support service at Pont Aur Extra Care Light scheme, Ystradgynlais.
In entering a contract with the Council to provide care and support services for individuals living in the extra care housing scheme. The Service Provider will comply with the Care Inspectorate Wales (CIW) and Regulation and Inspection of Social Care (Wales) Act 2016 (and any subsequent amendm",Powys County Council,,1050000.0,GBP,2026-09-18,2026-10-19,tender,active,,https://www.find-tender.service.gov.uk/Notice/088607-2026,2026-09-18T12:02:59.705462+00:00
FTS,ocds-h6vhtk-069555_088606-2026,"Small Estates, Sydenham Hill & Longland Court Multidisciplinary Consultancy Services","The City invites Bidders to complete and submit a request to participate in the Procurement for the provision of a multidisciplinary consultant to provide a range of services in relation to the delivery of works across three sites: Small Estates, Sydenham Hill Estate and Longland Court on the Avondale Square Estate. Please refer to the brief for the full scope.
The estimated duration of the contract is 4.71 years. 
The estimated contract value given at sections 31 and 32 is for the full duration",The Mayor and Commonalty and Citizens of the City of London,,200000.0,GBP,2026-09-18,,tender,active,,https://www.find-tender.service.gov.uk/Notice/088606-2026,2026-09-18T12:02:59.705468+00:00
FTS,ocds-h6vhtk-077545_088605-2026,Post Office Branch - Broad Street,"Post Office Ltd is looking for a successful retailer to incorporate a Post Office Local into their existing or proposed business.
The offer available in this Post Office would be:
Post Office Local - integrating Post Office services into a vibrant and sustainable retail business, so they can be offered over the same opening hours. The exact layout and design will be agreed with you to suit your business.
Estimated Post Office fees:
In the current location in the range of £8,000 - £14,000 per ann",Post Office Limited,,,GBP,2026-09-18,2026-09-30,tender,active,,https://www.find-tender.service.gov.uk/Notice/088605-2026,2026-09-18T12:02:59.705474+00:00
FTS,ocds-h6vhtk-068575_088604-2026,W190 - White Label Jobs Board for WMJobs.co.uk,,,,,GBP,2026-09-18,,tenderCancellation,complete,,https://www.find-tender.service.gov.uk/Notice/088604-2026,2026-09-18T12:02:59.705477+00:00
FTS,ocds-h6vhtk-067a04_088603-2026,Digital Traffic Management Orders System,"Traffic regulation orders (TROs) are legal documents that regulate or restrict the use of public roads and provide the legal basis for traffic management measures, such as speed limits, parking restrictions and one-way streets etc. A mandatory information requirement on traffic regulation orders onto local authorities digital publication service, known as D-TRO. Traffic authorities use a digital traffic regulation order system that can interface with the DfT D-TRO publication service.",London Borough of Lambeth,,,GBP,2026-09-18,,award,complete,,https://www.find-tender.service.gov.uk/Notice/088603-2026,2026-09-18T12:02:59.705481+00:00
FTS,ocds-h6vhtk-077544_088602-2026,Online reference library tool,Procurement of Online reference library tool.,Leicestershire County Council,,,GBP,2026-09-18,,award,complete,,https://www.find-tender.service.gov.uk/Notice/088602-2026,2026-09-18T12:02:59.705484+00:00
FTS,ocds-h6vhtk-077543_088601-2026,Weapon Disposal,"South Yorkshire Police is currently in the early stages of developing the requirements for a contract covering for weapon disposal.
As part of this work, we are engaging with the market at an early stage to gather insight from potential suppliers. This will help us shape the most appropriate contractual approach and ensure that any future tender is practical, well-structured and attractive to the market.
Please note that this activity does not constitute an invitation to tender and is not a requ",South Yorkshire Mayoral Combined Authority,,,GBP,2026-09-18,,planning,planning,,https://www.find-tender.service.gov.uk/Notice/088601-2026,2026-09-18T12:02:59.705490+00:00
FTS,ocds-h6vhtk-04e7a5_088600-2026,Doris Robinson Court - Appointment of a Principal Contractor,"All works associated with the construction of a 46-unit apartment block, associated
landscaping, external works and internal fit out.
Please note, this contract was initially awarded to Torsion Construction Limited but due to unforseen circumstances we are now awarding to the supplier in second place.",Stoke on Trent City Council,,,GBP,2026-09-18,,award,complete,,https://www.find-tender.service.gov.uk/Notice/088600-2026,2026-09-18T12:02:59.705493+00:00
FTS,ocds-h6vhtk-077542_088599-2026,Hot Chocolate and Retail products at Hopetown and Hippodrome,To provide hot chocolate for the F&B offer at Hopetown ad the Hippodrome. Also to supply retail items at Hopetown.,Darlington Borough Council,,,GBP,2026-09-18,,award,complete,,https://www.find-tender.service.gov.uk/Notice/088599-2026,2026-09-18T12:02:59.705497+00:00
FTS,ocds-h6vhtk-077541_088598-2026,Anglian Water Fens and Lincolnshire Reservoirs Early Works Partner (EWP),"AWS is facing unprecedented challenges due to climate change, population growth and environmental constraints. These challenges include more frequent droughts, increased demand for water, and the need to reduce water abstraction from environmentally sensitive areas.
To address these challenges, the Water Resources East regional planning and the Water Resource Management Planning of Anglian Water and Cambridge Water have selected the Fens Reservoirs (FR) and Lincolnshire reservoir (LR) schemes as",Anglian Water Services Ltd,,,GBP,2026-09-18,,planning,planning,,https://www.find-tender.service.gov.uk/Notice/088598-2026,2026-09-18T12:02:59.705502+00:00
FTS,ocds-h6vhtk-077500_088597-2026,Research Vessel Charter - Antarctic,"The University of Plymouth requires the provision of specialist Antarctic research vessel charter services for the Antarctic Canyon Experiment (ACE), including vessel, crew, polar icebreaking capability, onboard scientific laboratories, hydrographic surveying, seabed mapping, deployment and recovery of oceanographic and geophysical equipment, sediment sampling, and associated technical support services in the Ross Sea, Antarctica. The contract supports two scientific expeditions for the deployme",University of Plymouth,,,GBP,2026-09-18,,award,complete,,https://www.find-tender.service.gov.uk/Notice/088597-2026,2026-09-18T12:02:59.705506+00:00
FTS,ocds-h6vhtk-077540_088596-2026,"Occupational Health Services (OHS), Health Surveillance and Vaccination and Immunisation Services (HS&VIS)","The delivery of Occupational Health Services (OHS), Health Surveillance and Vaccination and Immunisation Services (HS&VIS)",Salix Homes Limited,,,GBP,2026-09-18,,award,complete,,https://www.find-tender.service.gov.uk/Notice/088596-2026,2026-09-18T12:02:59.705510+00:00
FTS,ocds-h6vhtk-07753f_088595-2026,Client Transport Services 2026 - 2034 - SEND,Client Transport Services 2026 - 2034 - Lot 2 Enhanced Needs Transport - Taxi/MPV (1-8 passenger seats) - SEND,Surrey County Council,,,GBP,2026-09-18,,award,complete,,https://www.find-tender.service.gov.uk/Notice/088595-2026,2026-09-18T12:02:59.705513+00:00
FTS,ocds-h6vhtk-07753e_088594-2026,PROVISION OF PAYMENT PLATFORM - UNIVERSITY OF ABERDEEN,"Provision of an enterprise online payment platform and associated payment processing services, including software-as-a-service (SaaS), merchant services, payment gateway functionality, online store capability, implementation, integration, support, maintenance and associated professional services",University of Aberdeen,,,GBP,2026-09-18,2026-10-19,tender,active,48100000,https://www.find-tender.service.gov.uk/Notice/088594-2026,2026-09-18T12:02:59.705517+00:00
FTS,ocds-h6vhtk-07753d_088593-2026,Lifts - Service & Maintenance 26-30,To award a new contract to Pickerings Lifts via ProcurePublics Passenger Lifts Framework Lot 1 Passenger Lifts & Lot 2 Mobility Lifts. For the period 1st August 2026 to 31st July 2028 with the option to extend annually to 31st July 2030,Police and Crime Commissioner for Lancashire,,,GBP,2026-09-18,,award,complete,,https://www.find-tender.service.gov.uk/Notice/088593-2026,2026-09-18T12:02:59.705521+00:00
FTS,ocds-h6vhtk-06c6ff_088592-2026,Edoxaban Review Service W94609,,Betsi Cadwaladr University Health Board,,,GBP,2026-09-18,,awardUpdate,,85121100,https://www.find-tender.service.gov.uk/Notice/088592-2026,2026-09-18T12:02:59.705524+00:00
FTS,ocds-h6vhtk-07753c_088591-2026,UKRI-6371 SnapGene Academic Yearly Subscription - 365 activations,UKRI-6371 SnapGene Academic Yearly Subscription - 365 licenses activations,UK Research & Innovation (UKRI),,,GBP,2026-09-18,,award,complete,,https://www.find-tender.service.gov.uk/Notice/088591-2026,2026-09-18T12:02:59.705528+00:00
FTS,ocds-h6vhtk-06b3e8_088590-2026,Purchase of Pre-Owned Gritters and Part Exchange,Devon County Council (DCC) is purchasing 6 x 18T Preowned Salt Spreaders (Gritters) and part exchanging 4 older fleet vehicles,Devon County Council,,,GBP,2026-09-18,,award,complete,,https://www.find-tender.service.gov.uk/Notice/088590-2026,2026-09-18T12:02:59.705531+00:00
FTS,ocds-h6vhtk-06b80d_088589-2026,Connect to Work - Local Commissioning,The London Borough of Lambeth Council seek to establish a contract for the commission of up to four local providers to deliver Supported Employment provision through the targeted Individual Placement and Support (IPS) &apos;Place and Train&apos; model. This model is designed to move people rapidly into employment and provide 12 months of ongoing support for both the employer and the individual to sustain that employment. The procurement is split into four Lots. Lot 1 focuses on integrated welfar,London Borough of Lambeth,,1111250.0,GBP,2026-09-18,2026-10-09,tenderUpdate,active,,https://www.find-tender.service.gov.uk/Notice/088589-2026,2026-09-18T12:02:59.705535+00:00
FTS,ocds-h6vhtk-055c6d_088588-2026,"North Warwickshire and South Leicestershire College - Website Development, Hosting and Maintenance Services","North Warwickshire and South Leicestershire College are seeking proposals from suppliers of Website Development, Hosting and Maintenance Services to support replacement of their existing website for a required go-live date of October 2026.",North Warwickshire and South Leicestershire College,,,GBP,2026-09-18,,award,complete,,https://www.find-tender.service.gov.uk/Notice/088588-2026,2026-09-18T12:02:59.705540+00:00
FTS,ocds-h6vhtk-06c6ff_088587-2026,Edoxaban Review Service W91614,,Betsi Cadwaladr University Health Board,,,GBP,2026-09-18,,awardUpdate,,85121100,https://www.find-tender.service.gov.uk/Notice/088587-2026,2026-09-18T12:02:59.705544+00:00
FTS,ocds-h6vhtk-07753b_088586-2026,Post Office Branch - Fairview Road,"Post Office Ltd is looking for a successful retailer to incorporate a Post Office Local into their existing or proposed business.
The offer available in this Post Office would be:
Post Office Local - integrating Post Office services into a vibrant and sustainable retail business, so they can be offered over the same opening hours. The exact layout and design will be agreed with you to suit your business.
Estimated Post Office fees:
In the current location in the range of £8,000 - £14,000 per ann",Post Office Limited,,,GBP,2026-09-18,2026-09-30,tender,active,,https://www.find-tender.service.gov.uk/Notice/088586-2026,2026-09-18T12:02:59.705547+00:00
FTS,ocds-h6vhtk-048893_088585-2026,Mini Comp 40 - Lot 1 4-8 Seats,The procurement for an individual scheduled route appropriate to vehicles with 4-8 seats,Merthyr Tydfil County Borough Council,,,GBP,2026-09-18,,award,complete,60000000,https://www.find-tender.service.gov.uk/Notice/088585-2026,2026-09-18T12:02:59.705553+00:00
FTS,ocds-h6vhtk-07753a_088584-2026,ITT - Delivery of a Heritage Schools Programme in the South East of England - UID 359,"Historic England is seeking to appoint a suitably experienced organisation to design and deliver a teacher professional development programme in the South East of England. The programme will focus on building teachers’ confidence, capacity and capability to use local heritage and the historic environment within curriculum-based teaching and learning. It is not intended to provide one-off workshops for pupils, but to support teachers and schools to embed local heritage learning in a meaningful an",Historic England,,25000.0,GBP,2026-09-18,2026-10-16,tender,active,,https://www.find-tender.service.gov.uk/Notice/088584-2026,2026-09-18T12:02:59.705557+00:00
FTS,ocds-h6vhtk-077539_088583-2026,Printing of Election and Electoral Registration Materials,A contract for the provision of all material relating to elections and electoral registration to include postage of material and also the provision of an automated response service for the annual canvass.,Dorset Council,,,GBP,2026-09-18,,award,complete,,https://www.find-tender.service.gov.uk/Notice/088583-2026,2026-09-18T12:02:59.705560+00:00
FTS,ocds-h6vhtk-06c6ff_088582-2026,Edoxaban Review Service W91056,,Betsi Cadwaladr University Health Board,,,GBP,2026-09-18,,awardUpdate,,85121100,https://www.find-tender.service.gov.uk/Notice/088582-2026,2026-09-18T12:02:59.705564+00:00
FTS,ocds-h6vhtk-06f0d1_088581-2026,Exploring the appeal of 30by30 for Landowners/Managers,"Please note the budget is for £45,000 exclusive of vat. The project will run until the end of March 2027.
The overall aim of this qualitative social science research project is to understand what a diversity of landowner or managers, who have not been directly engaged in the process of designing the 30by30 delivery target, think of the opportunity offered by 30by30 for them, and why. The focus will be on landowners and/or managers of medium and large-sized landholdings, reflecting the fact that ",Natural England,,45000.0,GBP,2026-09-18,2026-09-23,tenderUpdate,active,,https://www.find-tender.service.gov.uk/Notice/088581-2026,2026-09-18T12:02:59.705568+00:00
FTS,ocds-h6vhtk-077538_088580-2026,Waiver - UHB_HGS - 1122 - JTF Wireless Limited  -  Temperature Monitoring Contract,This service relates to the PathologyJTF Wireless - Temperature monitoring Contract  provided by JTF Wireless Limited,University Hospitals Birmingham NHS Foundation Trust,,,GBP,2026-09-18,,award,complete,,https://www.find-tender.service.gov.uk/Notice/088580-2026,2026-09-18T12:02:59.705576+00:00
FTS,ocds-h6vhtk-077537_088579-2026,"Architectural and Design Services for a new Multi-Purpose Community Hall, Elsenham","Requirement for Architectural and multi-disciplinary services for the construction of a new community hall in Elsenham, Essex",Uttlesford District Council,,,GBP,2026-09-18,,award,complete,71000000,https://www.find-tender.service.gov.uk/Notice/088579-2026,2026-09-18T12:02:59.705580+00:00
FTS,ocds-h6vhtk-077536_088578-2026,The Economist 400 subscriptions,"There are a number of required benefits that the subscription to the Economist will bring, that will substantially improve officials’ performance in the following duties, per the need to provide the best possible advice to Home Office Ministers and senior officals",Home Office,,,GBP,2026-09-18,,award,complete,,https://www.find-tender.service.gov.uk/Notice/088578-2026,2026-09-18T12:02:59.705585+00:00
FTS,ocds-h6vhtk-05fd52_088577-2026,Refrigeration Maintenance Planned and Reactive,"Planned preventative maintenance, Reactive call out services for Refrigeration.",Hampshire and isle of Wight Healthcare NHS Foundation Trust,,,GBP,2026-09-18,,award,complete,,https://www.find-tender.service.gov.uk/Notice/088577-2026,2026-09-18T12:02:59.705588+00:00
FTS,ocds-h6vhtk-077535_088576-2026,The Mill Academy - Energy Dynamic Market,Establishment of a Dynamic Market pursuant to section 34 of the Procurement Act 2023 for the physical supply of electricity and gas to all Authority sites along with associated invoicing and query management services.,The Mill Academy,,,GBP,2026-09-18,2026-09-29,tender,active,,https://www.find-tender.service.gov.uk/Notice/088576-2026,2026-09-18T12:02:59.705592+00:00
FTS,ocds-h6vhtk-077534_088575-2026,Client Transport Services 2026 - 2034 - Child Mainstream,Client Transport Services 2026 - 2034 - Lot 1 Standard Transport - Taxi/MPV (1-8 passenger seats) - Child Mainstream,Surrey County Council,,,GBP,2026-09-18,,award,complete,,https://www.find-tender.service.gov.uk/Notice/088575-2026,2026-09-18T12:02:59.705595+00:00
FTS,ocds-h6vhtk-069365_088574-2026,23_27 Cleaning Chemicals and Hand Soaps,"ESPO is a trading department of Leicestershire County Council. It is a non-profit making body owned and operated jointly by six local authorities. We provide a catalogue range, providing our customers with access to over 28,000 products that cover all key areas of education and wider public sector requirements.
We are establishing a catalogue framework covering the supply of cleaning chemicals and hand soaps, including branded, unbranded and private label (ESPO Smartbuy) cleaning chemical and ha","Leicestershire County Council, trading as ESPO",,7000000.0,GBP,2026-09-18,2026-10-19,tender,active,,https://www.find-tender.service.gov.uk/Notice/088574-2026,2026-09-18T12:02:59.705599+00:00
FTS,ocds-h6vhtk-05849a_088573-2026,MFF165-04 Ground Works Package 01,"Heather Brash and Bale Supply at various sites around the Peak District and South Pennines SAC including Soyland, Rishworth, Pikenaze, Twizle Head, Longwood and Calderdale, contributing to ground works on restoration work sites, with the aim of restoring hydrology, stabilising and revegetating bare peat, and increasing biodiversity on the sites.",Peak District National Park Authority,,,GBP,2026-09-18,,award,complete,,https://www.find-tender.service.gov.uk/Notice/088573-2026,2026-09-18T12:02:59.705602+00:00
FTS,ocds-h6vhtk-06f096_088572-2026,Supply of All Terrain Vehicles,"Mid and West Wales Fire and Rescue Authority is seeking a quality contractor to provide “All-Terrain” Vehicles (A.T.V.). 
The contract will be for a period of 2 years with the option to extend by a further 4 years at 2-year intervals. There will be an initial purchase of 4 No vehicles, with the option to purchase more during the term of the agreement.",Mid and West Wales Fire and Rescue Authority,,400000.0,GBP,2026-09-18,2026-10-19,tender,active,,https://www.find-tender.service.gov.uk/Notice/088572-2026,2026-09-18T12:02:59.705606+00:00
Contracts Finder,ocds-b5fd17-2ae12044-9d16-4a62-a1c4-46fe3630ed1c_d578aaf8-f2a0-4cc0-9bd8-1a55c8fb771b-914596,NCC1917 Bedlington Terrier Football Ground Demolition,"The project involves the full demolition of Dr Pit Park Welfare Park, former home of Bedlington Terriers Football Club, including all existing structures, substructures, infrastructure, and associated materials, levelling and grass seeding the site to allow for safe public access and use, followed by the installation of a new boundary fence.",Northumberland County Council,,148620.0,GBP,2026-09-17,2026-06-25,award,complete,45000000,https://www.contractsfinder.service.gov.uk/Notice/d578aaf8-f2a0-4cc0-9bd8-1a55c8fb771b-914596,2026-09-18T12:03:02.034289+00:00
Contracts Finder,ocds-b5fd17-d8557798-6c93-41b9-818e-0aaec160ebb7_2c563d23-f2a4-4929-9a24-a03c08daa35b-914595,NCC1916 Blyth civic Centre Construction,"Two stage design and build procurement for the repurposing of the vacant existing civic centre to an alternative education provision designed to accommodate up to 40 students with Social, Emotional and Mental Health (SEMH) needs together with a 40-place post 16 provision for skills-based learning. Includes external works for each provision. 
Stage 1 - PCSA has been awarded and will progress to stage 2 if a price can be agreed.
Total value of the contract is £4,750,000",Northumberland County Council,,317136.1,GBP,2026-09-17,2026-07-13,awardUpdate,complete,45000000,https://www.contractsfinder.service.gov.uk/Notice/2c563d23-f2a4-4929-9a24-a03c08daa35b-914595,2026-09-18T12:03:02.034522+00:00
Contracts Finder,ocds-b5fd17-4d986b30-e4df-442f-9868-88bee05c4709_d0e20c01-f40a-4ae0-9109-58ed8c035226-914594,Taxi and MPV (1-8 seats) - Taxi and MPV (1-8 seats),"Vehicle type: Saloon  
Passenger Assistant Required:  No 

Proposed Taxi Route:
From:  BN22 8JW
To:   Chailey School, BN8 4PU

Frequency: Monday to Friday 
Daily School Time: 08:40-15:00

Comments for Operator:  
ADHD
 This opportunity has been distributed on SProc.net",East Sussex County Council,,,GBP,2026-09-17,2026-09-16,award,complete,60000000,https://www.contractsfinder.service.gov.uk/Notice/d0e20c01-f40a-4ae0-9109-58ed8c035226-914594,2026-09-18T12:03:02.034718+00:00
Contracts Finder,ocds-b5fd17-a12f6316-a43d-4f65-bf06-df9954048f01_67b8fd93-0f78-4ec1-9fb2-7581b3d7f684-914593,Lamppost Banner Production,"3 year contract award to provide a specialist end-to-end service for the print, installation, maintenance, removal and sustainable disposal of lamppost banners attached to council-owned lamp columns within Westminster.",Westminster City Council,,222600.0,GBP,2026-09-17,2026-06-18,award,complete,34928520,https://www.contractsfinder.service.gov.uk/Notice/67b8fd93-0f78-4ec1-9fb2-7581b3d7f684-914593,2026-09-18T12:03:02.034910+00:00
Contracts Finder,ocds-b5fd17-0a56da1d-ed30-411f-a1d8-e4a887350e91_9b0e3e9d-f4c0-4f1c-af54-979590cbab15-914592,GB-Colchester: 0465-PA - Energy Bureau Services,"Colchester City Council wishes to commission a contractor to undertake Energy Bureau Services.  The Services provided will include but are not limited to the following:
      
      Aim 1 - Recoup Revenue - Undertake a periodic deep dive review of entire billed portfolio.
      Aim 2 - Control Cost = Bill Validation & Payment Management Bureau
      Aim 3 - Assist with Budget Setting & Utility Cost Forecasting, Accrual Reporting, Energy Exception & Emissions Reporting & Meter Agent Managemen",Colchester City Council,,50000.0,GBP,2026-09-17,2026-06-12,award,complete,71314200,https://www.contractsfinder.service.gov.uk/Notice/9b0e3e9d-f4c0-4f1c-af54-979590cbab15-914592,2026-09-18T12:03:02.035099+00:00
Contracts Finder,ocds-b5fd17-b9ed5212-e592-4134-9299-6e8456dc550c_518f6181-05a7-4bbb-85de-01e60a790f9d-914591,Passenger Lift Replacement Within Diplomatic Mission,"This project involves the refurbishment and upgrade of the existing passenger lift installation at CH, London.
The scope includes the full removal and replacement of the lift car, associated shaft equipment, and integration with the building's lift controls and life safety systems. Works are to be undertaken in a live, high-security diplomatic building, requiring strict adherence to security protocols, with minimal disruption to operations.
The contract requires the provision of a compliant li",BGIS Global Integrated Solutions Ltd,,200000.0,GBP,2026-09-17,2026-10-15,tender,active,42417000,https://www.contractsfinder.service.gov.uk/Notice/518f6181-05a7-4bbb-85de-01e60a790f9d,2026-09-18T12:03:02.035348+00:00
Contracts Finder,ocds-b5fd17-ea6d8319-378a-4e58-98d2-c4dd435bfa78_d82faad1-962b-42bd-a202-c9bb31b25e85-913435,Provision of an E-Procurement and Contract Management System (Proquro),"Supply, implementation and support of the Proquro SaaS e-procurement and contract management platform, including data migration, training, Unit4 Business World integration and ongoing support, further to RFQ SCC-2026-0666.

Additional information: G-Cloud 14 Framework Agreement (RM1557.14)",Southampton City Council,,158821.0,GBP,2026-09-17,2026-06-19,award,complete,48000000,https://www.contractsfinder.service.gov.uk/Notice/d82faad1-962b-42bd-a202-c9bb31b25e85-913435,2026-09-18T12:03:02.035552+00:00
Contracts Finder,ocds-b5fd17-3ba2d449-0188-4d7f-994a-628725c5bd10_f69bb1dc-9571-4378-971a-0370f2baf0b7-914520,Age-friendly Training,"The Centre for Ageing Better is seeking a contractor to lead the research, design, and development of age-friendly training products that will support customer facing organisations be more age-friendly.  

The Age-friendly Training project aims to improve the quality and uptake of age-friendly training across the UK, helping more staff in customer-facing settings to have the understanding and motivation to make services more accessible and inclusive for older people.  

The successful bidder",CENTRE FOR AGEING BETTER LIMITED,20000.0,30000.0,GBP,2026-09-17,2026-10-08,tender,active,73000000,https://www.contractsfinder.service.gov.uk/Notice/f69bb1dc-9571-4378-971a-0370f2baf0b7,2026-09-18T12:03:02.035764+00:00
Contracts Finder,ocds-b5fd17-4305014f-9395-4b6c-95a7-74ed7377e7d7_2eaa077d-69f0-4a3e-a05e-17da2605d0a2-914589,BE049 Parkhouse Street Design and Build Contract,"25-33 Parkhouse Street, SE5 7TQ - Completion contract",SOUTHERN HOUSING,,27539488.46,GBP,2026-09-17,2026-04-23,award,complete,45210000,https://www.contractsfinder.service.gov.uk/Notice/2eaa077d-69f0-4a3e-a05e-17da2605d0a2-914589,2026-09-18T12:03:02.035949+00:00
Contracts Finder,ocds-b5fd17-0da34b5e-9ab4-442c-baa7-b25caecd7cec_dba33a42-e5d6-4c7c-bd86-ef85a559f3a5-914588,Window Cleaning Kent,Window Cleaning Kent,SOUTHERN HOUSING,,147865.0,GBP,2026-09-17,2026-05-20,award,complete,90911300,https://www.contractsfinder.service.gov.uk/Notice/dba33a42-e5d6-4c7c-bd86-ef85a559f3a5-914588,2026-09-18T12:03:02.036158+00:00
Contracts Finder,ocds-b5fd17-576594d4-da19-4900-b295-14063d606c89_2d8f2411-2ee2-4478-afef-9bbed9bed59a-914586,Window Cleaning IOW,Window Cleaning IOW,SOUTHERN HOUSING,,291680.4,GBP,2026-09-17,2026-05-20,award,complete,90911300,https://www.contractsfinder.service.gov.uk/Notice/2d8f2411-2ee2-4478-afef-9bbed9bed59a-914586,2026-09-18T12:03:02.036352+00:00
Contracts Finder,ocds-b5fd17-0f797a6a-7846-4383-9e4b-00918f5491e3_2b87c275-08a0-4f7c-9ac1-6d09007d2096-914587,"CR_ Trade Impacts Survey, Research and Evaluation Call Off","This is an awarded contract and is being published for transparency purposes.

DBT require a call-off contract for FTA (Free Trade Agreement) research projects. This will focus on assessing the impacts of our newly negotiated FTAs programme, through both annual business surveys and additional research projects (e.g. follow-up qualitative research).",Department for Business and Trade,,1270000.0,GBP,2026-09-17,2026-01-16,award,complete,73110000,https://www.contractsfinder.service.gov.uk/Notice/2b87c275-08a0-4f7c-9ac1-6d09007d2096-914587,2026-09-18T12:03:02.036535+00:00
Contracts Finder,ocds-b5fd17-35cf7761-a8a1-4763-ae2b-ad338a984420_0c9ba715-813e-4002-9d47-93a07841ecc0-914585,GB-Colchester: 0475-PA Enforcement Agents,Enforcement & Debt Collection Services.,Colchester Borough Council,,,GBP,2026-09-17,2026-06-19,award,complete,98351110,https://www.contractsfinder.service.gov.uk/Notice/0c9ba715-813e-4002-9d47-93a07841ecc0-914585,2026-09-18T12:03:02.036717+00:00
Contracts Finder,ocds-b5fd17-6036215d-00f3-4f14-b4d1-af5277305b3d_1644687f-299f-4396-a506-7d9548ab35ac-914584,Window Cleaning Sussex,Window Cleaning Sussex,SOUTHERN HOUSING,,372996.95,GBP,2026-09-17,2026-05-20,award,complete,90911300,https://www.contractsfinder.service.gov.uk/Notice/1644687f-299f-4396-a506-7d9548ab35ac-914584,2026-09-18T12:03:02.036896+00:00
Contracts Finder,ocds-b5fd17-35c6d2ef-969d-4e6b-a2ec-88b039f4ea0b_3aff7bfd-c88d-4f8d-9a64-395335f55d9b-914582,TEL L1 DA Sept26 The Mayor and Burgess of the London Borough of Enfield- awarded,"This contract award notice is to notify the market that The Mayor and Burgess of the London Borough of Enfield based in Enfield, UK have appointed Legrand as their Technology Enabled Lives provider for a period of FOUR Years and THREE Months. This appointment has been made under the Northern Housing Consortium's Technology Enabled Lives framework. (Contract Award Notice 2024/S 000-000849)",NORTHERN HOUSING CONSORTIUM LIMITED,,413032.0,GBP,2026-09-17,2026-09-14,award,complete,50421000,https://www.contractsfinder.service.gov.uk/Notice/3aff7bfd-c88d-4f8d-9a64-395335f55d9b-914582,2026-09-18T12:03:02.037074+00:00
Contracts Finder,ocds-b5fd17-f50312e0-9b33-4002-bf4a-01a546e036e0_25832ef4-0195-4374-95fa-f9a193111fe6-914583,EA Modelling Tool,"EA Modelling Tools
enterprise architecture (EA) modelling tools.",Companies House,286189.0,429321.0,GBP,2026-09-17,2026-08-18,award,complete,48218000,https://www.contractsfinder.service.gov.uk/Notice/25832ef4-0195-4374-95fa-f9a193111fe6-914583,2026-09-18T12:03:02.037312+00:00
Contracts Finder,ocds-b5fd17-9de4e67a-4d56-406d-9302-a8c5d8c36df7_f79496dd-ea66-4fe2-86e9-5c29dfef07d9-914581,Review Effective Usage of System C's Social Care System,Review Effective Usage of System C's Social Care System,Bristol City Council,,60000.0,GBP,2026-09-17,2026-08-19,award,complete,48000000,https://www.contractsfinder.service.gov.uk/Notice/f79496dd-ea66-4fe2-86e9-5c29dfef07d9-914581,2026-09-18T12:03:02.037505+00:00
Contracts Finder,ocds-b5fd17-1904b1e6-b0bd-4525-a2c8-f64dc3886b65_b94dec1d-c3c2-4aca-af15-7c5476d9241e-914580,Procurement Purchase to Pay System,"Maximus is undertaking a procurement exercise to identify a strategic Source-to-Pay (S2P) platform to support the ongoing transformation of procurement processes across the organisation.
The solution will be expected to support an integrated procurement lifecycle, including:
 
•	Contract Lifecycle Management (CLM)
•	Strategic Sourcing
•	Supplier Management
•	Procure-to-Pay (P2P)
•	Invoice Automation
•	Spend Analytics & Reporting
 
SAP will remain the organisation's finance platform and",MAXIMUS UK SERVICES LIMITED,,100000.0,GBP,2026-09-17,2026-10-15,tenderAmendment,active,48000000,https://www.contractsfinder.service.gov.uk/Notice/b94dec1d-c3c2-4aca-af15-7c5476d9241e,2026-09-18T12:03:02.037692+00:00
Contracts Finder,ocds-b5fd17-179d1073-dc7d-4c00-967b-2f0b7fd12e8a_6bb39c84-d550-4915-9271-76b1c8dfec86-914578,Vehicle Purchase Turnkey Protected Personnel Carriers - Call Off Under BLC0020c - RM6244 - CPA/SPU/2946P,"Call-Off Contract - Framework Ref: CCS RM6244 - BLC-FLEET-0020c - Local Contract Ref CPA/SPU/2946P -
Call-Off Contract for Vans, Protected Personnel Carriers (PPC'S) and 4X4 Emergency Services Vehicles",Police & Crime Commissioner for Cheshire/Cheshire Constabulary,,170976.2,GBP,2026-09-17,2026-09-14,award,complete,34100000,https://www.contractsfinder.service.gov.uk/Notice/6bb39c84-d550-4915-9271-76b1c8dfec86-914578,2026-09-18T12:03:02.037872+00:00
Contracts Finder,ocds-b5fd17-9f4fdba3-d9a6-4826-ba29-4649c273752e_932c6825-12fb-467e-aeda-fe9f575772c8-914576,C467754 - Legal Support for Employee Relation Matters Part 2- Beachcroft,Provision of legal services for Human Resources relating to employee relations matters,Bradford Teaching Hospitals NHS Foundation Trust,,427880.43,GBP,2026-09-17,2026-03-30,award,complete,79100000,https://www.contractsfinder.service.gov.uk/Notice/932c6825-12fb-467e-aeda-fe9f575772c8-914576,2026-09-18T12:03:02.038050+00:00
Contracts Finder,ocds-b5fd17-e73baea5-89ac-482c-b397-ac5bd3eda6f5_e41fef40-1ca3-4568-af09-6ccaa77e2120-914575,ITT for project 10180711,ITT for project 10180711,UK RESEARCH & INNOVATION,,4600.0,GBP,2026-09-17,2026-08-07,award,complete,79421100,https://www.contractsfinder.service.gov.uk/Notice/e41fef40-1ca3-4568-af09-6ccaa77e2120-914575,2026-09-18T12:03:02.038253+00:00
Contracts Finder,ocds-b5fd17-bd4a1d18-0e3c-47f4-8774-486b2f409285_818f95bd-fa60-4918-bd89-35f62f5fcd7e-914574,PAN3506 - PlayZones  - Elston Fields,Provision of Playzone facilities for Elston Fields,Leicester City Council,,293605.0,GBP,2026-09-17,2026-09-15,award,complete,92000000,https://www.contractsfinder.service.gov.uk/Notice/818f95bd-fa60-4918-bd89-35f62f5fcd7e-914574,2026-09-18T12:03:02.038436+00:00
Contracts Finder,ocds-b5fd17-882983bd-8d68-4162-ad03-18b19a6c4419_10cd29ac-26a1-47c3-870a-3789e10227b4-914573,ITT for project 10184411,ITT for project 10184411,UK RESEARCH & INNOVATION,,6900.0,GBP,2026-09-17,2026-08-07,award,complete,79421100,https://www.contractsfinder.service.gov.uk/Notice/10cd29ac-26a1-47c3-870a-3789e10227b4-914573,2026-09-18T12:03:02.038614+00:00
Contracts Finder,ocds-b5fd17-deef5c73-1fe6-4bb0-9aa1-39da6bc6ae6b_2797a77d-0d9d-43e2-9646-ebe20bb6ea6d-914571,BHCC HP Call-Off Contract from the Fusion21 Building Safety and Compliance Framework for the provision of Legionella Monitoring and Control Works,This is a short-term Call-Off Contract from the Fusion21 Building Safety and Compliance Framework for the provision of Legionella Monitoring and Control Works whilst a longer-term contract for this is procured.,Brighton & Hove City Council,,1400000.0,GBP,2026-09-17,2026-08-17,award,complete,50000000,https://www.contractsfinder.service.gov.uk/Notice/2797a77d-0d9d-43e2-9646-ebe20bb6ea6d-914571,2026-09-18T12:03:02.038786+00:00
Contracts Finder,ocds-b5fd17-8e3e8662-b9dc-4db6-8ff1-6dc7a506395d_38662ed0-476a-496c-af7a-a99e82ec159b-914568,"ITT for  project 10182675, 10181196","ITT for  project 10182675, 10181196",UK RESEARCH & INNOVATION,,11750.0,GBP,2026-09-17,2026-08-07,award,complete,79421100,https://www.contractsfinder.service.gov.uk/Notice/38662ed0-476a-496c-af7a-a99e82ec159b-914568,2026-09-18T12:03:02.038962+00:00
Contracts Finder,ocds-b5fd17-b2e07420-0e61-485e-977f-51b08bc43263_39ee9fa3-f351-49bd-9e74-cd14ef34dda3-914572,PDF Framework - M3 Southbound Fleet Services to UpNately,PDF Framework - M3 Southbound Fleet Services to UpNately,National Highways Limited,,4483540.57,GBP,2026-09-17,2026-08-17,award,complete,45233210,https://www.contractsfinder.service.gov.uk/Notice/39ee9fa3-f351-49bd-9e74-cd14ef34dda3-914572,2026-09-18T12:03:02.039160+00:00
Contracts Finder,ocds-b5fd17-a9143fd9-69ac-472d-ae5a-4a9b0bbb1fd4_74876d41-caa7-49a6-9e85-b554a8149e18-914570,Refurbishment of Bichard Building,Direct award under Pagabo framework Lot 1 for refurbishment of the Force HQ Bichard building.,THE POLICE AND CRIME COMMISSIONER FOR LINCOLNSHIRE,,319702.08,GBP,2026-09-17,2026-06-26,award,complete,45000000,https://www.contractsfinder.service.gov.uk/Notice/74876d41-caa7-49a6-9e85-b554a8149e18-914570,2026-09-18T12:03:02.039347+00:00
Contracts Finder,ocds-b5fd17-148584e0-0cfa-46f9-a043-73282b4ff51b_d543ce9c-f036-4287-8d3b-001093d2fe84-914569,Claims Management Market Study: Consumer Research,"Consumer research to support the FCA's Claims Management Market Study, exploring consumers' experiences across assisted and unassisted claims journeys, including the role of claims management service providers.",FCA,174680.0,209616.0,GBP,2026-09-17,2026-07-22,award,complete,79310000,https://www.contractsfinder.service.gov.uk/Notice/d543ce9c-f036-4287-8d3b-001093d2fe84-914569,2026-09-18T12:03:02.039524+00:00
Contracts Finder,ocds-b5fd17-f7a9f527-0921-4f52-938b-47c2caf51a76_d105b5bd-d7a2-4dd8-8331-91f03585a9b4-914567,Social Media Monitoring and Listening Tool  2025/26,Social Media Monitoring and Listening Tool to support the delivery of NHS England's communications and social media objectives.,NHS England,68000.0,136000.0,GBP,2026-09-17,2025-10-20,award,complete,48500000,https://www.contractsfinder.service.gov.uk/Notice/d105b5bd-d7a2-4dd8-8331-91f03585a9b4-914567,2026-09-18T12:03:02.039700+00:00
Contracts Finder,ocds-b5fd17-1ed917b8-ea06-4823-97ba-e5b4ba434cb2_5bb18ef9-dc72-453d-9728-8acc86ef21eb-914564,"ITT for project 10184894, 10184853","ITT for project 10184894, 10184853",UK RESEARCH & INNOVATION,,7922.0,GBP,2026-09-17,2026-08-18,award,complete,79421100,https://www.contractsfinder.service.gov.uk/Notice/5bb18ef9-dc72-453d-9728-8acc86ef21eb-914564,2026-09-18T12:03:02.039890+00:00
Contracts Finder,ocds-b5fd17-b6845081-10a1-4e83-9395-3694cc53a7dd_d75b1c42-7f22-440a-a726-1b9940ef006c-914565,Delivery Partner 2 for Warm Homes,"In December 2023, the previous UK Government announced how £6 billion of funding would be spent to provide energy efficiency support to families, business and industry. This included allocating capital funding for two energy efficiency schemes (Warm Homes: Local Grant and Warm Homes: Social Housing Fund) amounting to a previously published value of £500m and £1.29bn. These funding schemes are administered by the Department for Energy Security and Net Zero (hereafter referred to known as ""The Aut",DESNZ,45455647.0,60910567.0,GBP,2026-09-17,2025-11-28,award,complete,75110000,https://www.contractsfinder.service.gov.uk/Notice/d75b1c42-7f22-440a-a726-1b9940ef006c-914565,2026-09-18T12:03:02.040070+00:00
Contracts Finder,ocds-b5fd17-b52eac93-5415-4a82-b286-24bde19131df_8292de33-9d8b-4e59-a324-88d1a61c01b9-914563,CBC-1970-T-SM A&A Works-Single Story Extension - AWARD,"The Council will provide as much support and information as it can to help guide you through the quotation process. Questions asked together with the response, will be made available to all tenderers, to ensure a fair and consistent approach to all. 
       
      If there is anything you are not sure about or need clarification on, please use the Correspondence facility within the In-tend electronic tendering system. Last date for receiving questions on the In-Tend system: 22nd May 2026  
  ",Central Bedfordshire Council,,,GBP,2026-09-17,2026-06-08,award,complete,45210000,https://www.contractsfinder.service.gov.uk/Notice/8292de33-9d8b-4e59-a324-88d1a61c01b9-914563,2026-09-18T12:03:02.040267+00:00
Contracts Finder,ocds-b5fd17-a13395ff-c433-4272-ba0b-eaec1a966406_ef2e6bed-5423-464c-a12a-f9749f16c38e-914561,Pre-Patching 2026 (East),"Carriageway pre patching repairs, including excavation or cold milling to 100mm depth, reinstatement with 60mm binder and course and 45mm surface course, and road marking reinstatement where required. Award via Lot 5 of BCC Highways Asset Management and Civils Framework.",Bristol City Council,,445638.85,GBP,2026-09-17,2026-05-06,award,complete,45233000,https://www.contractsfinder.service.gov.uk/Notice/ef2e6bed-5423-464c-a12a-f9749f16c38e-914561,2026-09-18T12:03:02.040448+00:00
Contracts Finder,ocds-b5fd17-90ba4830-6b3b-4267-a83c-67b1a9b0108a_c263e5e3-35aa-4094-8a70-4b1cf33c4379-914559,CampusM Subscription 26/27,"CampusM Subscription
campusM is a comprehensive student engagement platform. It provides universities with a unified mobile app and web portal to streamline digital student experiences. It integrates seamlessly with Learning Management Systems (Canvas, Blackboard), library catalogs, and campus IT systems

NHS SBS 10510 FRAMEWORK",BATH SPA UNIVERSITY,,52798.14,GBP,2026-09-17,2025-12-29,award,complete,48000000,https://www.contractsfinder.service.gov.uk/Notice/c263e5e3-35aa-4094-8a70-4b1cf33c4379-914559,2026-09-18T12:03:02.040632+00:00
Contracts Finder,ocds-b5fd17-c2ea805b-cea6-41a2-9e54-789dac37c92c_f25f8eba-5046-4973-b290-316cd9157bec-914562,"QLT001, 0900 2026-09-17, Leiston - WS Training, Lowestoft (4 seats and Passenger Assistant) - AWARD","Suffolk County Council is seeking a mini competition against the following Dynamic Purchasing System: `The supply of Passenger Transport Services`, OJEU Notice Id: 2018/S 031-067685.
      
      QLT001, 0900 2026-09-17, Leiston - WS Training, Lowestoft (4 seats and Passenger Assistant)
      
      Further details can be found in the 'Tenders / My Tenders' area of this website, by selecting the 'View Details' button for this project.
      
      The deadline for returned submissions is 0",Suffolk County Council Passenger Transport,,,GBP,2026-09-17,2026-09-17,award,complete,60000000,https://www.contractsfinder.service.gov.uk/Notice/f25f8eba-5046-4973-b290-316cd9157bec-914562,2026-09-18T12:03:02.040808+00:00
Contracts Finder,ocds-b5fd17-b54e1d34-c1e3-4ef3-9e2c-6addadc15ecd_49833cc6-66e6-42fe-b604-82f44a6e27ad-914558,ITT for project 10183194,ITT for project 10183194,UK RESEARCH & INNOVATION,,6550.0,GBP,2026-09-17,2026-08-07,award,complete,79421100,https://www.contractsfinder.service.gov.uk/Notice/49833cc6-66e6-42fe-b604-82f44a6e27ad-914558,2026-09-18T12:03:02.040984+00:00
Contracts Finder,ocds-b5fd17-d4244046-2f76-40be-8deb-da77e30aeb75_cb1edfa3-e1a0-483c-acee-0a856c440a20-914560,CA18395 - Ditch Clearance - Shepperton,"Spelthorne Borough Council is seeking to engage a suitably qualified and experienced contractor to undertake ditch clearance, vegetation management and flood reduction improvement works at Shepperton, off Russell Road, between the car park and the children's nursery, alongside the boardwalk.

To access this competition: 

Registered:
Login to https://suppliers.multiquote.com and view the opportunity CA18395.

Not registered:
Visit https://suppliers.multiquote.com then register and quote ",Spelthorne Borough Council,,11000.0,GBP,2026-09-17,2026-09-11,award,complete,45111200,https://www.contractsfinder.service.gov.uk/Notice/cb1edfa3-e1a0-483c-acee-0a856c440a20-914560,2026-09-18T12:03:02.041206+00:00
Contracts Finder,ocds-b5fd17-b66ddbe0-9c37-48ba-a1e4-aef445cb556b_d60e1d57-ec54-4322-84cd-8b0ca3225e08-914557,Contingent Labour - Nursing Support for Blood Supply,"Provision of contingent labour services to support NHS Blood and Transplant. The contract provides temporary multidisciplinary healthcare staffing resources to maintain continuity of activities, address short-term workforce requirements, support recruitment gaps, and respond to fluctuations in operational demand. Staff are supplied on an as-required basis under the terms of the call-off contract.",NHS Blood and Transplant,,122000.0,GBP,2026-09-17,2026-09-03,award,complete,79620000,https://www.contractsfinder.service.gov.uk/Notice/d60e1d57-ec54-4322-84cd-8b0ca3225e08-914557,2026-09-18T12:03:02.041443+00:00
Contracts Finder,ocds-b5fd17-66850a34-2f01-4944-8da8-ba23374bbdb9_b5a0bd9b-58da-48f9-a0cf-3f641b1be267-914556,Health Screening Services (2026),A contract has been awarded via the Business & Technical Services Marketplace Dynamic Purchasing System to provide full site health screening services.,Nuclear Waste Services,,300000.0,GBP,2026-09-17,2026-06-26,award,complete,85100000,https://www.contractsfinder.service.gov.uk/Notice/b5a0bd9b-58da-48f9-a0cf-3f641b1be267-914556,2026-09-18T12:03:02.041668+00:00
Contracts Finder,ocds-b5fd17-1cf7c098-5972-488c-8596-acd0562d7c21_dc2975d7-25a7-4941-90da-d8987d0ccf27-914555,ITT for project 10180472,ITT for project 10180472,UK RESEARCH & INNOVATION,,6400.0,GBP,2026-09-17,2026-08-07,award,complete,79421100,https://www.contractsfinder.service.gov.uk/Notice/dc2975d7-25a7-4941-90da-d8987d0ccf27-914555,2026-09-18T12:03:02.041850+00:00
Contracts Finder,ocds-b5fd17-5a5567dd-cbad-42cb-84a9-c18dfeb94e8f_6aeb5881-1586-44ed-934e-b178d852aa21-914551,Solution Path renewal 2024,"Annual subscription: StREAM Production Services 
Annual Cloud Hosting 
Additional value: Annual business review services

NHS Shared Business Services (LIC00562) SBS /19/AB/WAB/9411 FRAMEWORK",BATH SPA UNIVERSITY,,157050.0,GBP,2026-09-17,2024-05-30,award,complete,48000000,https://www.contractsfinder.service.gov.uk/Notice/6aeb5881-1586-44ed-934e-b178d852aa21-914551,2026-09-18T12:03:02.042029+00:00
Contracts Finder,ocds-b5fd17-af89012e-b53e-466d-a3da-d36b5b820e03_9118db91-7e70-4720-b8ab-5bb7a1c8ad28-914554,PAHT-Lower Ground Floor Staff WC's. Additional/Extra Over Works.,"Lower Ground Floor Staff WC's. Additional/Extra Over Works at The Princess Alexandra Hospital NHS Trust procured via Framework Direct Award - Hard Facilities Management 2 (Hard FM),SBS10166,Lot 2.4 Flooring Services",The Princess Alexandra Hospital NHS Trust,10200.0,12500.0,GBP,2026-09-17,2026-09-02,award,complete,44112210,https://www.contractsfinder.service.gov.uk/Notice/9118db91-7e70-4720-b8ab-5bb7a1c8ad28-914554,2026-09-18T12:03:02.042235+00:00
Contracts Finder,ocds-b5fd17-d60784b6-2009-40a1-985b-eee539a7a07c_d65c7d7c-b0e1-4ede-b9ad-cfed181c8ed0-914553,Contingent Labour - Multidisciplinary Temporary Healthcare,"Provision of contingent labour services to support NHS Blood and Transplant. The contract provides temporary multidisciplinary healthcare staffing resources to maintain continuity of activities, address short-term workforce requirements, support recruitment gaps, and respond to fluctuations in operational demand. Staff are supplied on an as-required basis under the terms of the call-off contract.",NHS Blood and Transplant,,40000.0,GBP,2026-09-17,2026-09-14,award,complete,79620000,https://www.contractsfinder.service.gov.uk/Notice/d65c7d7c-b0e1-4ede-b9ad-cfed181c8ed0-914553,2026-09-18T12:03:02.042422+00:00
Contracts Finder,ocds-b5fd17-d8589b80-f433-42cb-8120-73cf06c6561b_c2355497-c059-460d-98a4-c52dfa0a86bf-914552,"QBH210, 0900 2026-09-17, Benhall - Kinda Forest School, Holton (4 seats and passenger assistant) - AWARD","Suffolk County Council is seeking a mini competition against the following Dynamic Purchasing System: `The supply of Passenger Transport Services`, OJEU Notice Id: 2018/S 031-067685.
      
      QBH210, 0900 2026-09-17, Benhall - Kinda Forest School, Holton (4 seats and passenger assistant)
      
      Further details can be found in the 'Tenders / My Tenders' area of this website, by selecting the 'View Details' button for this project.
      
      The deadline for returned submissions",Suffolk County Council Passenger Transport,,,GBP,2026-09-17,2026-09-17,award,complete,60000000,https://www.contractsfinder.service.gov.uk/Notice/c2355497-c059-460d-98a4-c52dfa0a86bf-914552,2026-09-18T12:03:02.042594+00:00
Contracts Finder,ocds-b5fd17-af4e5ecd-b2be-4c72-b73a-4853292cbef6_0e335311-77e8-47e8-a017-326285915370-914548,ITT for project 10180336,ITT for project 10180336,UK RESEARCH & INNOVATION,,5980.0,GBP,2026-09-17,2026-08-18,award,complete,79421100,https://www.contractsfinder.service.gov.uk/Notice/0e335311-77e8-47e8-a017-326285915370-914548,2026-09-18T12:03:02.042770+00:00
Contracts Finder,ocds-b5fd17-472ee931-6045-4aa0-afa0-2158c55f1638_cbd0e784-304d-4adf-bac4-97e36c883677-914545,Greenwich Adult Learning Centre (GALC) Consultancy Services,"*****THIS IS NOT A CALL FOR COMPETITION*******
*****CONTRACT AWARD NOTICE*****

The Royal Borough of Greenwich is pleased to offer an opportunity for a Supplier to provide services to design, specify and manage the delivery of the window and roof replacement works at GALC. Further details of this opportunity will be available through the Proactis Rego portal for suppliers onboarded onto the DPS. 

This competition will be run through the Royal Borough Greenwich's Multi-Disciplinary Consulta",ROYAL BOROUGH OF GREENWICH,,36200.0,GBP,2026-09-17,2026-06-30,award,complete,71324000,https://www.contractsfinder.service.gov.uk/Notice/cbd0e784-304d-4adf-bac4-97e36c883677-914545,2026-09-18T12:03:02.042945+00:00
Contracts Finder,ocds-b5fd17-0ce5fd6b-b0bc-4f3d-948a-ed21ffd6a550_f30f89de-b661-4eb6-94e5-b9bae199ebdb-914549,Liversedge and Settle Roof,Further comp for roofing,Yorkshire Housing Limited,,195580.0,GBP,2026-09-17,2026-09-18,tender,active,45260000,https://www.contractsfinder.service.gov.uk/Notice/f30f89de-b661-4eb6-94e5-b9bae199ebdb,2026-09-18T12:03:02.043145+00:00
Contracts Finder,ocds-b5fd17-ec4b1221-fad0-4dcf-a8eb-c47c7fa56bdf_de0a7c8f-ec3d-4103-ad77-31eaffe71bff-914547,"QIP209 0900 2026-09-17 Dennington to Thomas Wolsey Ormiston Academy, Ipswich (4-seater) - AWARD","Suffolk County Council is seeking a mini competition against the following Dynamic Purchasing System: `The supply of Passenger Transport Services`, OJEU Notice Id: 2018/S 031-067685.
      
      QIP209 0900 2026-09-17 Dennington to Thomas Wolsey Ormiston Academy, Ipswich (4-seater)
      
      Further details can be found in the 'Tenders / My Tenders' area of this website, by selecting the 'View Details' button for this project.
      
      The deadline for returned submissions is 0900 ",Suffolk County Council Passenger Transport,,,GBP,2026-09-17,2026-09-17,award,complete,60000000,https://www.contractsfinder.service.gov.uk/Notice/de0a7c8f-ec3d-4103-ad77-31eaffe71bff-914547,2026-09-18T12:03:02.043335+00:00
Contracts Finder,ocds-b5fd17-954fcf7a-e683-46d0-9eac-068e735b5f8c_5f978013-a50a-416f-97b0-5163258deb91-914543,ITT for project 10184699,ITT for project 10184699,UK RESEARCH & INNOVATION,,4520.0,GBP,2026-09-17,2026-08-18,award,complete,79421100,https://www.contractsfinder.service.gov.uk/Notice/5f978013-a50a-416f-97b0-5163258deb91-914543,2026-09-18T12:03:02.043514+00:00
Contracts Finder,ocds-b5fd17-156fad07-972c-4613-80e6-5de32189ff37_b66272f6-0dbf-40f1-b749-ad32e275e668-914544,Employee Engagement Platform and related services,Employee Engagement Platform and related services,Financial Conduct Authority,700000.0,800000.0,GBP,2026-09-17,2026-03-26,award,complete,32412120,https://www.contractsfinder.service.gov.uk/Notice/b66272f6-0dbf-40f1-b749-ad32e275e668-914544,2026-09-18T12:03:02.043692+00:00
Contracts Finder,ocds-b5fd17-bbe9a1d0-2009-487c-8f24-c78c3069fd0e_c2f1d95c-8db1-41ee-8bd5-92f79c4ecdd4-914539,LinkedIn Learning,"Annual renewal of BSU's LinkedIn Learning licence. 
From 1st August 2026 onwards.
LinkedIn Learning Partial Campus  - 12 months",BATH SPA UNIVERSITY,,39306.12,GBP,2026-09-17,2026-06-07,award,complete,80300000,https://www.contractsfinder.service.gov.uk/Notice/c2f1d95c-8db1-41ee-8bd5-92f79c4ecdd4-914539,2026-09-18T12:03:02.043868+00:00
Contracts Finder,ocds-b5fd17-37724f11-8b12-44d5-bd3a-0996dc87f93f_8f963170-73f7-45ea-a7fa-19d6b0e25d46-914540,Major Water Infrastructure Programme (MWIP) - Programmatic Delivery and Opportunity Assessment,"Direct Award from Government Commercial Agency, Management Consultancy Four Framework (MCF4) (RM6309) Lot 8: Infrastructure.

Undertake a programme-wide Value for Money (VfM) appraisal of the Major Water Infrastructure Programme (MWIP) to identify, test and prioritise credible cost reduction and VfM opportunities, with a focus on decisions that can influence cost, schedule, risk and deliverability at the early stages of the project lifecycle across identified VfM drivers.

The study will ado",O F W A T,,100000.0,GBP,2026-09-17,2026-07-20,award,complete,71800000,https://www.contractsfinder.service.gov.uk/Notice/8f963170-73f7-45ea-a7fa-19d6b0e25d46-914540,2026-09-18T12:03:02.044045+00:00
Contracts Finder,ocds-b5fd17-bd465242-908a-41ae-890a-96cd51a6ed9e_7ec7b891-5066-4125-8c90-faa9c57700f1-914542,GB-Cromer: PROC158 Strategic Environmental Assessment (SEA) Services to support preparation of Local Plan,"The Council is seeking to appoint suitably qualified consultants to provide SEA services throughout the preparation of the Local Plan. The commission will include the preparation of the SEA Scoping Report, Environmental Reports and associated SEA documentation at key stages of plan preparation, together with ongoing advice and support to ensure the SEA process is effectively integrated with the Council's Local Plan programme. SEA is an iterative process that runs alongside Local Plan preparation",North Norfolk District Council,50000.0,100000.0,GBP,2026-09-17,2026-10-12,tender,active,71410000,https://www.contractsfinder.service.gov.uk/Notice/7ec7b891-5066-4125-8c90-faa9c57700f1,2026-09-18T12:03:02.044248+00:00
Contracts Finder,ocds-b5fd17-bb7e5067-a895-4645-a2e5-b0e491e1dbf6_cf9f2ca8-096c-450e-9585-89d02cdcb896-914541,SMART CRM,SMART Digital Reporting (Support and Hosting),Home Office,,9500000.0,GBP,2026-09-17,2026-07-31,award,complete,72261000,https://www.contractsfinder.service.gov.uk/Notice/cf9f2ca8-096c-450e-9585-89d02cdcb896-914541,2026-09-18T12:03:02.044433+00:00
Contracts Finder,ocds-b5fd17-e33060af-e023-4531-bce9-f5863d087b16_df337838-2971-427a-96d5-2819c96fa1db-914446,ITT for project 10182886,ITT for project 10182886,UK RESEARCH & INNOVATION,,5635.0,GBP,2026-09-17,2026-08-07,award,complete,79421100,https://www.contractsfinder.service.gov.uk/Notice/df337838-2971-427a-96d5-2819c96fa1db-914446,2026-09-18T12:03:02.044610+00:00
Contracts Finder,ocds-b5fd17-1d153351-d49e-4a3a-b291-295b25a7d334_05a60d5d-3811-44c6-930e-7bf161ecf6bc-914527,Brand Agency,**CONTRACT AWARDED**,National Savings & Investments,,3900000.0,GBP,2026-09-17,2026-06-09,award,complete,79340000,https://www.contractsfinder.service.gov.uk/Notice/05a60d5d-3811-44c6-930e-7bf161ecf6bc-914527,2026-09-18T12:03:02.044788+00:00
Contracts Finder,ocds-b5fd17-4890399b-d522-42e4-98b2-49d83a5b555e_05a51f97-b5c1-46f8-9e87-20f098189b6a-914537,NEPRO3 - Transformational Projects: Preston Station  Quarter,"Transformational Projects: Preston Station 
Quarter",Lancashire County Council,,50000.0,GBP,2026-09-17,2026-07-03,award,complete,79410000,https://www.contractsfinder.service.gov.uk/Notice/05a51f97-b5c1-46f8-9e87-20f098189b6a-914537,2026-09-18T12:03:02.044977+00:00
Contracts Finder,ocds-b5fd17-a182f95e-0496-4245-b028-6188adbd1a39_bf14511d-8b0b-4393-8b10-983d7f3a27ad-914538,National Marketing Campaign Services,"The Office for National Statistics is looking for an innovative and creative communications supplier to encourage a missing generation of 18-34s to respond to its surveys, in a game-changing effort to overcome declining survey participation. The supplier will use its expertise to develop a campaign strategy that speaks to this hard-to-reach group using a range of highly targeted and broadcast media.  
This is a vital ONS campaign that will not only aim to increase survey participation and trust",Office for National Statistics,220000.0,1000000.0,GBP,2026-09-17,2026-08-18,award,complete,79341000,https://www.contractsfinder.service.gov.uk/Notice/bf14511d-8b0b-4393-8b10-983d7f3a27ad-914538,2026-09-18T12:03:02.045207+00:00
Contracts Finder,ocds-b5fd17-70a07bb1-ba62-48e4-9469-004997632239_9dabf93a-253b-4d1a-87eb-a430deae1d9e-914536,PDF Framework - M4 J19-18 EB MP 173.7 - 169 RS,PDF Framework - M4 J19-18 EB MP 173.7 - 169 RS,National Highways Limited,,1790538.89,GBP,2026-09-17,2026-08-17,award,complete,45233210,https://www.contractsfinder.service.gov.uk/Notice/9dabf93a-253b-4d1a-87eb-a430deae1d9e-914536,2026-09-18T12:03:02.045406+00:00
Contracts Finder,ocds-b5fd17-63ff620c-a766-4f4b-b590-174f534e9df3_8e1143cb-63f1-46ef-9c89-8f87eff53fdd-914534,Social Surveys AI Adoption Support Services,"This requirement is directly linked to continuation of the hackathon model already piloted with BearingPoint in July. The value of the proposed work depends on maintaining continuity with the existing supplier who designed and facilitated the initial event, understands the SSD context, and has first-hand knowledge of the use cases, participants, outputs and lessons learned. Sourced via G-Cloud 14 Call-Off contract value £75k",Office for National Statistics,,75000.0,GBP,2026-09-17,2026-09-13,award,complete,72590000,https://www.contractsfinder.service.gov.uk/Notice/8e1143cb-63f1-46ef-9c89-8f87eff53fdd-914534,2026-09-18T12:03:02.045585+00:00
Contracts Finder,ocds-b5fd17-7f921b51-d168-4a58-98f6-789269d29d18_f6fdf4dd-78a8-47ff-9f35-d78b4065ddfc-914535,"DNWP0022/LOT1B/ RAHF M3 waste removal, M3, M2 & U2 drain lines & M2 dismantling","DNWP0022/LOT1B/ RAHF M3 waste removal, M3, M2 & U2 drain lines & M2 dismantling",Sellafield Ltd,,5559175.17,GBP,2026-09-17,2026-08-06,award,complete,98391000,https://www.contractsfinder.service.gov.uk/Notice/f6fdf4dd-78a8-47ff-9f35-d78b4065ddfc-914535,2026-09-18T12:03:02.045763+00:00
Contracts Finder,ocds-b5fd17-98a02ac6-d892-423b-b00d-65715aff9ab5_6d6eb99c-ab50-4b2d-82bd-789c2c24e81d-914529,Jamf Fully Managed Support Contract,"Full management, installation, and on-going configuration of a Jamf instance in Jamf cloud. Including application packaging as required. 
All licenses required for Jamf and on-going support.
Licensing and configuration for Jamf connect Integration with Azure AD for Single-Sign-On 

Apple Equipment, Accessories and Associated Services ITS6004 HW

Estimated value only. Final value may vary.
This charge will increase with an increase in device count",BATH SPA UNIVERSITY,,132500.0,GBP,2026-09-17,2024-06-21,award,complete,48517000,https://www.contractsfinder.service.gov.uk/Notice/6d6eb99c-ab50-4b2d-82bd-789c2c24e81d-914529,2026-09-18T12:03:02.045941+00:00
Contracts Finder,ocds-b5fd17-7fc1e14f-3bc5-4b2c-ba8c-9ed424b7b507_4b4918a0-8293-4707-b244-f5cfdcf5e446-914533,Simple Code,Clinical coding encoding software.,University Hospitals of Leicester NHS Trust,,313000.0,GBP,2026-09-17,2023-03-31,award,complete,48000000,https://www.contractsfinder.service.gov.uk/Notice/4b4918a0-8293-4707-b244-f5cfdcf5e446-914533,2026-09-18T12:03:02.046143+00:00
Contracts Finder,ocds-b5fd17-1f04ef98-1108-4f22-ba4d-3d897eda12b6_f78ea24f-b8f7-4bf7-9eb2-9748a9d47aa2-914531,BCCET Supply of Grounds Maintenance and Associated Services,"Bishop Chadwick Catholic Education Trust has awarded a further competition for the provision of grounds maintenance services through the YPO DPS: 881 Grounds Maintenance and Associated Services, Lot 4 - Multiple Grounds Services and Associated Services.",BISHOP CHADWICK CATHOLIC EDUCATION TRUST,643000.0,643000.01,GBP,2026-09-17,2026-08-05,award,complete,77314000,https://www.contractsfinder.service.gov.uk/Notice/f78ea24f-b8f7-4bf7-9eb2-9748a9d47aa2-914531,2026-09-18T12:03:02.046331+00:00
Contracts Finder,ocds-b5fd17-02101ccc-1d49-45da-a1bb-235c4597cbb2_4f8d9485-1f4f-4729-a1e3-14f09c83b179-914530,Finance Contingent Labour,Contingent labour for the Finance team at IBCA,Infected Blood Compensation Authority,,20313.6,GBP,2026-09-17,2026-08-14,award,complete,79600000,https://www.contractsfinder.service.gov.uk/Notice/4f8d9485-1f4f-4729-a1e3-14f09c83b179-914530,2026-09-18T12:03:02.046511+00:00
Contracts Finder,ocds-b5fd17-95fdb1d2-2ec3-4080-a549-550bceb54283_7a141efd-0df0-4387-90a0-5328322e1500-914532,CA18480 - Learning Community Trust Tender for Cleaning Services,"The Learning Community Trust is a well-established MAT in Telford and Shropshire who are seeking a contractor to provide cleaning services at 11 of their sites. Cleaning of a regular and routine nature is required, together with more specific periodical cleaning outside of the term-time operation.  
The contract will be awarded for a period of 3 years commencing 1st April 2027 with an option to extend for a further one plus one years, which will be measured on the achievement of agreed Key Perf",Learning Community Trust,,3154888.86,GBP,2026-09-17,2026-10-19,tender,active,90919300,https://www.contractsfinder.service.gov.uk/Notice/7a141efd-0df0-4387-90a0-5328322e1500,2026-09-18T12:03:02.046692+00:00
Contracts Finder,ocds-b5fd17-8755405b-ce78-4d86-8e76-699bb84e3e16_1bdec8fd-ecab-498a-8828-82bc31764d5e-914526,NECS Opensource Hosting Environment,"NHS South, Central and West Commissioning Support Unit (SCW) has awarded a contract for Opensource Hosting Environment  to ANS Group Limited  on behalf of NHS North of England Commissioning Support Unit (NECS) (Hosted by NHS England) .

This requirement has been procured via Crown Commercial Services (CCS) G-Cloud 14 RM1557.14 Framework (Lot 3 - Cloud support).","NHS SOUTH, CENTRAL AND WEST COMMISSIONING SUPPORT UNIT",,30903.81,GBP,2026-09-17,2026-08-14,awardUpdate,complete,72415000,https://www.contractsfinder.service.gov.uk/Notice/1bdec8fd-ecab-498a-8828-82bc31764d5e-914526,2026-09-18T12:03:02.046873+00:00
Contracts Finder,ocds-b5fd17-5d3955e4-9b5d-45b2-b8d0-4cb497af5baa_e19cacd7-648f-4910-ba4a-4a60c764cde6-914528,Vehicle Hire,Vehicle hire for business travel,The Pensions Regulator,21000.0,29700.0,GBP,2026-09-17,2026-06-08,award,complete,79997000,https://www.contractsfinder.service.gov.uk/Notice/e19cacd7-648f-4910-ba4a-4a60c764cde6-914528,2026-09-18T12:03:02.047049+00:00
Contracts Finder,ocds-b5fd17-a5cd1273-ad50-4725-9037-4b0fc207dc22_f9c17dd4-105f-4135-a1f5-4bcf37b9dd93-914525,Defra Group Travel and Accommodation,Defra Group Travel and Accommodation service. Domestic & international travel & venue booking for Defra & it's ALB's.,"Department for Environment, Food & Rural Affairs",,,GBP,2026-09-17,2026-07-30,award,complete,79997000,https://www.contractsfinder.service.gov.uk/Notice/f9c17dd4-105f-4135-a1f5-4bcf37b9dd93-914525,2026-09-18T12:03:02.047242+00:00
Contracts Finder,ocds-b5fd17-8417cea2-aa01-4ba0-b1cc-62ad87f307db_ea09ee2b-e111-489d-be57-5d99cfefa9bf-914521,Award Notice for Accounts Payable Management Tool -  NXG Forensics,"Supply of a cloud-based accounts payable management software service (NXG Forensics) for duplicate payment detection, supplier record cleansing, fraud prevention, reporting and associated support services",Herefordshire Council,,83832.0,GBP,2026-09-17,2026-08-15,award,complete,48440000,https://www.contractsfinder.service.gov.uk/Notice/ea09ee2b-e111-489d-be57-5d99cfefa9bf-914521,2026-09-18T12:03:02.047424+00:00
Contracts Finder,ocds-b5fd17-45b09ba9-310d-4dc1-af93-695f10c7212e_10d3dfa8-34a7-4dd0-a570-cc14bc3bd110-914523,supply of a risk and external audit tool,"***** THIS IS A CONTRACT DETAILS NOTICE, NOT A CALL FOR COMPETITION *****

Department for Energy and Net Zero (DESNZ) had a requirement for the supply of a supply of a risk and external audit tool.

This Call Off contract has been sourced via a shortlist exercise on the G Cloud 14 framework (RM1557.14)


A Call-Off Contract Variation has been implemented against PCR 2015 72. (1) (a) & (b):

The contracting authority has utilised the optional 1 year extension imbedded into the original c",ICS on behalf of DSIT and DESNZ,76500.0,137400.0,GBP,2026-09-17,2025-06-04,awardUpdate,complete,66517300,https://www.contractsfinder.service.gov.uk/Notice/10d3dfa8-34a7-4dd0-a570-cc14bc3bd110-914523,2026-09-18T12:03:02.047603+00:00
Contracts Finder,ocds-b5fd17-3abc109d-2a31-4969-87dc-fad44072e458_f33a31d3-bb8f-4bc6-81fb-bef5fe659d7d-914522,HAR6205 Beatrice Tate School - Appointment of EA,The London Borough of Tower Hamlets is seeking to appoint an Employer's Agent for the expansion of Beatrice Tate School.,Tower Hamlets,,96631.58,GBP,2026-09-17,2026-06-30,award,complete,71530000,https://www.contractsfinder.service.gov.uk/Notice/f33a31d3-bb8f-4bc6-81fb-bef5fe659d7d-914522,2026-09-18T12:03:02.047780+00:00
Contracts Finder,ocds-b5fd17-9d46430e-ebb3-4604-a11b-dabad0eaaa7a_2b80cedf-a3ad-4e71-b16a-98cde02d2d62-914519,PS26107 - Responsible Innovation in collaboration with China&apos;s Engineering Biology Biofoundries,"***** THIS IS AN AWARD NOTICE, NOT A CALL FOR COMPETITION *****


This procurement is being concluded following a competitive procurement exercise via Government Commercial Agency RM6126 Research and Insights DPS for the provision of DSIT Responsible Innovation in collaboration with China&apos;s Engineering Biology Biofoundries.",DSIT,,133333.33,GBP,2026-09-17,2026-07-31,award,complete,73110000,https://www.contractsfinder.service.gov.uk/Notice/2b80cedf-a3ad-4e71-b16a-98cde02d2d62-914519,2026-09-18T12:03:02.047957+00:00
Contracts Finder,ocds-b5fd17-9d5c3087-8925-43d3-9b16-3c3801b3050c_253c1591-e2d6-4b1e-a254-944301d6cd14-914518,GB-Bristol: Services to support Organisation Design,Services to support Organisation Design,Office for Students,,214500.0,GBP,2026-09-17,2026-09-14,award,complete,79400000,https://www.contractsfinder.service.gov.uk/Notice/253c1591-e2d6-4b1e-a254-944301d6cd14-914518,2026-09-18T12:03:02.048154+00:00
Contracts Finder,ocds-b5fd17-ee6d9a46-7002-45d4-9f1f-4fe4ac6e5987_7677b68b-f46e-4325-8aee-46ffb364aba0-914517,"QLT343 2026-09-17 (0900) Lowestoft - Warren School, Lowestoft (4 seated vehicle, morning journeys only) - AWARD","Suffolk County Council is seeking a mini competition against the following Dynamic Purchasing System: `The supply of Passenger Transport Services`, OJEU Notice Id: 2018/S 031-067685.
      
      QLT343 2026-09-17 (0900) Lowestoft - Warren School, Lowestoft (4 seated vehicle, morning journeys only)
      
      Further details can be found in the 'Tenders / My Tenders' area of this website, by selecting the 'View Details' button for this project.
      
      The deadline for returned subm",Suffolk County Council Passenger Transport,,,GBP,2026-09-17,2026-09-17,award,complete,60000000,https://www.contractsfinder.service.gov.uk/Notice/7677b68b-f46e-4325-8aee-46ffb364aba0-914517,2026-09-18T12:03:02.048336+00:00
Contracts Finder,ocds-b5fd17-59790c09-b000-4096-97ae-a5a5929b3fa4_3927f379-32ae-498e-a06d-d957f1c4e9b1-914515,Service & Maintenance of Fire Alarms and Extinguishers Boroughwide 2026,"Biannual Service and maintenance of fire alarms, sprinkler systems and fire extinguishers, service visits to noted sites and schemes",Dartford Borough Council,,120000.0,GBP,2026-09-17,2026-02-16,award,complete,50413200,https://www.contractsfinder.service.gov.uk/Notice/3927f379-32ae-498e-a06d-d957f1c4e9b1-914515,2026-09-18T12:03:02.048590+00:00
Contracts Finder,ocds-b5fd17-a995ec9f-4ec1-4056-8cda-a085c44cc30c_2156c344-f0d9-4521-bfe3-da374b37af31-914511,Rotherham Mainline Station Transportation Consultancy,"The Council is working with partners to promote the development of Rotherham Gateway Station. This mainline and tram-train station will be a catalyst for growth, improving local, regional, and national rail connectivity for all communities and businesses across the Borough. In February 2025, the Rotherham Gateway Station OBC was submitted to South Yorkshire Mayoral Combined Authority (""SYMCA"") and the Department for Transport for assurance and approval to release £11.35 million for Full Business",Rotherham Metropolitan Borough Council,,68162.3,GBP,2026-09-17,2026-04-10,award,complete,71311200,https://www.contractsfinder.service.gov.uk/Notice/2156c344-f0d9-4521-bfe3-da374b37af31-914511,2026-09-18T12:03:02.048769+00:00
Contracts Finder,ocds-b5fd17-c1e2565f-5e64-4664-95cd-17e0cd3e567d_7fbd973b-0b1d-428b-a82f-7f40c1582209-914512,Legal Services for Built Environment,The Council is looking for a suitably qualified legal service provider who can provide legal support services to the built environment team.,ST ALBANS CITY AND DISTRICT COUNCIL,,75000.0,GBP,2026-09-17,2026-06-15,award,complete,79110000,https://www.contractsfinder.service.gov.uk/Notice/7fbd973b-0b1d-428b-a82f-7f40c1582209-914512,2026-09-18T12:03:02.048948+00:00
Contracts Finder,ocds-b5fd17-ff1e6dd2-0c52-457c-a440-9853506ccef9_77ffc15f-2125-4c32-8464-72a5fe0111c3-914510,Azorus CRM,"Future Students CRM System

SUPC SLRA Lot 4 - Other",BATH SPA UNIVERSITY,,48000.0,GBP,2026-09-17,2025-01-09,award,complete,48000000,https://www.contractsfinder.service.gov.uk/Notice/77ffc15f-2125-4c32-8464-72a5fe0111c3-914510,2026-09-18T12:03:02.049143+00:00
Contracts Finder,ocds-b5fd17-327122e1-8fe9-42b6-aa48-451623fa92cb_4a50ff95-c6c4-4fda-909f-5916b1db75df-914514,"QWE018 0900 2026-09-17 Bedfield to Suffolk Rural College, Otley (4-seater) - AWARD","Suffolk County Council is seeking a mini competition against the following Dynamic Purchasing System: `The supply of Passenger Transport Services`, OJEU Notice Id: 2018/S 031-067685.
      
      QWE018 0900 2026-09-17 Bedfield to Suffolk Rural College, Otley (4-seater)
      
      Further details can be found in the 'Tenders / My Tenders' area of this website, by selecting the 'View Details' button for this project.
      
      The deadline for returned submissions is 0900 2026-09-17. P",Suffolk County Council Passenger Transport,,,GBP,2026-09-17,2026-09-17,award,complete,60000000,https://www.contractsfinder.service.gov.uk/Notice/4a50ff95-c6c4-4fda-909f-5916b1db75df-914514,2026-09-18T12:03:02.049325+00:00
Contracts Finder,ocds-b5fd17-9cf3c8b4-c9bc-42e8-aa48-37f72f2a3b4e_0756714f-1560-4a39-ab8d-af28f734caa4-914507,"Adobe Creative Cloud, Document Cloud and Software","Adobe Creative Campus software suite renewal

via ITS4042 SU Lot 2a",BATH SPA UNIVERSITY,,1323754.89,GBP,2026-09-17,2025-06-06,award,complete,48000000,https://www.contractsfinder.service.gov.uk/Notice/0756714f-1560-4a39-ab8d-af28f734caa4-914507,2026-09-18T12:03:02.049500+00:00
Contracts Finder,ocds-b5fd17-2ea30b5e-3ff5-4298-8f29-3a02b1e7189f_0b7ea861-7860-4169-83c2-8ac9a0a98a19-914509,Provision of Secure Email Gateway and Support - PS8250,Award of contract has been completed via GCA (Government Commercial Agency) Framework. Award published for transparency. Contract is for the Provision of Secure Email Gateway and Support.,DVLA - Driver & Vehicle Licensing Agency,,291865.62,GBP,2026-09-17,2026-08-03,award,complete,48730000,https://www.contractsfinder.service.gov.uk/Notice/0b7ea861-7860-4169-83c2-8ac9a0a98a19-914509,2026-09-18T12:03:02.049675+00:00
Contracts Finder,ocds-b5fd17-b684935f-b36c-445e-b7fb-f616693431d8_126f3114-7186-4922-ab83-e4189b0c958e-914508,PROPOSED DEMOLITION OF BLOCK A & ASSOCIATED WORKS AT CAMBRIDGE ROAD DEPOT,"The works comprise: Proposed demolition of Block A including all additional associated works identified.
Location of the site is:

Cambridge Road Depot
Cambridge Road
Seaforth
Liverpool
L21 1EZ",Sefton Council,,58538.42,GBP,2026-09-17,2026-05-15,award,complete,44000000,https://www.contractsfinder.service.gov.uk/Notice/126f3114-7186-4922-ab83-e4189b0c958e-914508,2026-09-18T12:03:02.049857+00:00
Contracts Finder,ocds-b5fd17-39eff4b4-50fe-4ae8-bee3-4f52884d741a_c9198eb3-42d6-45a8-907a-55859e2f8d38-914506,PAHT - Meat and Poultry,Mini Competition run by NHSSC via the Fresh Food DPS FAG900 for the Princess Alexandra Hospital NHS Trust Meat and Poultry Supply and Service.,The Princess Alexandra Hospital NHS Trust,320000.0,650000.0,GBP,2026-09-17,2026-07-14,award,complete,15110000,https://www.contractsfinder.service.gov.uk/Notice/c9198eb3-42d6-45a8-907a-55859e2f8d38-914506,2026-09-18T12:03:02.050038+00:00
Contracts Finder,ocds-b5fd17-d1f7941b-8699-4400-8dc6-df612196013e_5a80e326-cfa6-4aaa-bde5-b8d902c9c649-914502,Tactical End User Compute service,"The National Audit Office awarded a contract to Telana Ltd (formerly Sundown Solutions Limited) using Crown Commercial Services GCloud 14 framework and the supplier will be providing an End User service. 

The contract will commence on Tuesday 1st April 2025 running for a initial 2 years until Wednesday 31st March 2027 with the option to extend for a further 12 month to Friday 31st March 2028.

Sundown Solutions Limited was subsequently acquired by Telana Ltd following contract award, and Te",National Audit Office,,1626746.8,GBP,2026-09-17,2025-01-30,awardUpdate,complete,72222300,https://www.contractsfinder.service.gov.uk/Notice/5a80e326-cfa6-4aaa-bde5-b8d902c9c649-914502,2026-09-18T12:03:02.050238+00:00
Contracts Finder,ocds-b5fd17-39f9ffc3-4b7b-4037-8bed-4357130635ce_8d724f9d-6781-43a6-b5e7-50789de1a3a6-911654,EBSCO Journal sub renewals 2027,"(01/27-12/27) EBSCO Journal sub renewals 2027

Final 1 year (extension to existing call-off from SUPC framework)

Originally awarded in Oct 2023 via SUPC LIB4054 SU Serials, Periodicals & Associated Services (Print & Digital) Framework Agreement LIB4054 SU, originally called off 2023
Original agreement 2+1+1",BATH SPA UNIVERSITY,,40000.0,GBP,2026-09-17,2026-07-31,award,complete,22200000,https://www.contractsfinder.service.gov.uk/Notice/8d724f9d-6781-43a6-b5e7-50789de1a3a6-911654,2026-09-18T12:03:02.050423+00:00
Contracts Finder,ocds-b5fd17-7beb5a48-accd-4502-bc39-823bb78eef35_34411f08-2f20-4840-b0a0-58ec5164cf82-914504,708422450 - Provision of Underwater Engineering Services Lot 1 CF CN,"The Underwater Engineering (UWE) capability is the provision of inspections, repairs, husbandry, and maintenance at or below the waterline, ensuring the compliant, efficient, and safe operation of RN and RFA vessels, while avoiding expensive and disruptive dry dockings, which as a result supports the strategic intent to maximise availability of RN vessels.",Ministry of Defence,,6200000.0,GBP,2026-09-17,2026-08-05,award,complete,50241100,https://www.contractsfinder.service.gov.uk/Notice/34411f08-2f20-4840-b0a0-58ec5164cf82-914504,2026-09-18T12:03:02.050601+00:00
Contracts Finder,ocds-b5fd17-3e3c670c-99a9-4ba5-ae65-ee9bea6ed89a_3de95cde-cc02-4deb-b21b-d3a0c9586173-914503,708422450 - Provision of Underwater Engineering Services Lot 2 CF CN,"The Underwater Engineering (UWE) capability is the provision of inspections, repairs, husbandry, and maintenance at or below the waterline, ensuring the compliant, efficient, and safe operation of RN and RFA vessels, while avoiding expensive and disruptive dry dockings, which as a result supports the strategic intent to maximise availability of RN vessels.",Ministry of Defence,,65000000.0,GBP,2026-09-17,2026-08-05,award,complete,50241100,https://www.contractsfinder.service.gov.uk/Notice/3de95cde-cc02-4deb-b21b-d3a0c9586173-914503,2026-09-18T12:03:02.050781+00:00
Contracts Finder,ocds-b5fd17-eb6c8280-8184-4281-a549-668fd75d7da9_9f2980c7-2e05-406a-9090-89eec993de71-914500,Laundry Rental - Wolf Laundry Limited,"Not Applicable

Already awarded as a direct call off from PFH ALSKA framework",TOGETHER HOUSING GROUP LIMITED,,600000.0,GBP,2026-09-17,2026-10-31,award,complete,42716000,https://www.contractsfinder.service.gov.uk/Notice/9f2980c7-2e05-406a-9090-89eec993de71-914500,2026-09-18T12:03:02.050957+00:00
Contracts Finder,ocds-b5fd17-ad412246-0d0b-44a7-9fa4-8b6c5ea0308a_425f54e7-fd7c-47a6-9e6c-7fb945018e15-914445,For Inclusion on a Dynamic Purchasing System (DPS) for education services for children and young people with Special Educational Needs and Disabilities,"We've awarded places to Engineered Learning Ltd, Forest Lodge Edu-Therapy Centre Ltd, Pony Partnerships CiC, Thread of Life Limited and TLC Live in TD1941 - Round 29.",DERBY CITY COUNCIL,,,GBP,2026-09-17,2026-07-13,award,complete,80000000,https://www.contractsfinder.service.gov.uk/Notice/425f54e7-fd7c-47a6-9e6c-7fb945018e15-914445,2026-09-18T12:03:02.051146+00:00
Contracts Finder,ocds-b5fd17-816872f4-eb09-41ed-b89f-aa7990de2115_2de6b905-43b8-4f3e-a2b9-6020bb1f2968-914499,DNWP0040/LOT1A/ HEx-1 Laydown area excavation and pour,HEx-1 Laydown area excavation and pour,Sellafield Ltd,,4000000.0,GBP,2026-09-17,2026-09-08,award,complete,45221210,https://www.contractsfinder.service.gov.uk/Notice/2de6b905-43b8-4f3e-a2b9-6020bb1f2968-914499,2026-09-18T12:03:02.051330+00:00
Contracts Finder,ocds-b5fd17-b8b1e82c-7610-4eea-a403-5b777e39b398_9298340c-8050-4e9c-9e4e-c98da81e5160-914490,Internal Audit Plan 25-26,"Provision of internal audit plan services 25/26
Year 3 
+ 1 + 1 option

CPC/RL/01/20 - CPC Audit Services 
Framework Call-off - Mini-comp
CS061",BATH SPA UNIVERSITY,,83628.0,GBP,2026-09-17,2025-08-31,award,complete,79212000,https://www.contractsfinder.service.gov.uk/Notice/9298340c-8050-4e9c-9e4e-c98da81e5160-914490,2026-09-18T12:03:02.051506+00:00
Contracts Finder,ocds-b5fd17-b88c2c33-d04c-4778-a296-09942034a70e_0e545785-229b-4bc3-8307-08ed8cdfaafa-914498,Call off Contract Under Prison Education Dynamic Purchasing System for CSCS courses for Prisoners at HMP Stoke Heath,Call off Contract Under Prison Education Dynamic Purchasing System for CSCS courses for Residents of HMP Stoke Heath. The supplier will deliver Level 1 Health and Safety in Construction and CITB CSCS cards to prisoners to enable them to secure employment in the construction sector on release.,Ministry of Justice,,11520.0,GBP,2026-09-17,2026-08-05,award,complete,80000000,https://www.contractsfinder.service.gov.uk/Notice/0e545785-229b-4bc3-8307-08ed8cdfaafa-914498,2026-09-18T12:03:02.051681+00:00
Contracts Finder,ocds-b5fd17-9da76f52-fc73-4ca3-a7f7-cea216c9e033_79a0e6ca-9ed6-4e78-ae5e-1c0877a6971b-914497,Food to Go DPS Contract Award Notices June 2026 - August 2026,"Due to a technical issue the dates above do not represent the actual DPS Contract Dates.

NHS Supply Chain: Food sought to establish a non-exclusive DPS Agreement for the supply of Food To Go to NHS Supply Chain: Food's customer base via the Direct Route covering products including but not limited to: Patient Feeding Sandwiches, Salads, and Snack pots. Retail Sandwiches, Salads, Sandwich Fillings, Cakes, Street Food, Snack pots, pies, pastries, pizza, frozen desserts & ice cream, chilled & fro",Supply Chain Coordination Limited,,78831476.0,GBP,2026-09-17,2030-09-20,award,complete,15000000,https://www.contractsfinder.service.gov.uk/Notice/79a0e6ca-9ed6-4e78-ae5e-1c0877a6971b-914497,2026-09-18T12:03:02.051857+00:00
Contracts Finder,ocds-b5fd17-43b57a88-4724-4c08-aaf8-f8b7b56bd969_bb4493f1-aa9f-4066-8053-b632bb06fe9e-913803,DDaT25454 - Agile IT - Developer Resources,"***PLEASE NOTE THAT THIS IS NOTIFICATION OF AN AWARDED CONTRACT AND NOT A TENDER OPPORTUNITY***

UKRI had a requirement to procure developer resource.  

This has been procured via a compliant competition against the Agile IT framework (ref: DDaT21501) Lot 6.

Variation 002 has been implemented against PCR 2015 72.-(1) (b) to increase the value of the call-off contract by £40,147.10 excluding VAT. This variation also extends the contract expiry date from 02/11/2026 to 18/12/2026.

This v",UK SHARED BUSINESS SERVICES LIMITED,,277676.28,GBP,2026-09-17,2026-03-06,awardUpdate,complete,72222300,https://www.contractsfinder.service.gov.uk/Notice/bb4493f1-aa9f-4066-8053-b632bb06fe9e-913803,2026-09-18T12:03:02.052035+00:00
Contracts Finder,ocds-b5fd17-bbb45483-8e90-47c6-8d1d-4939267a1d73_59d77efc-8e1c-43ce-bfa1-aed40fca4309-914496,Order for Laboratory Equipment for LSBA and B940,Order for Laboratory Equipment for LSBA and B940,DEFRA,128000.0,160000.0,GBP,2026-09-17,2026-09-15,award,complete,51430000,https://www.contractsfinder.service.gov.uk/Notice/59d77efc-8e1c-43ce-bfa1-aed40fca4309-914496,2026-09-18T12:03:02.052234+00:00
Contracts Finder,ocds-b5fd17-f676d628-41c2-43c4-8e1f-9846d12badf2_0fe616bb-3b1d-41b7-8a31-d36ea5ec7817-914495,Call off Contract Under Prison Education Dynamic Purchasing System for In-Cell Learning courses for Prisoners at HMP Northumberland,"Call off Contract Under Prison Education Dynamic Purchasing System for In-Cell Learning courses for Prisoners at HMP Northumberland. The supplier will deliver an educational in-cell learning channel to the television service, which works within the current Prison TV provision to provide in-cell learning to prisoners.",Ministry of Justice,,25000.0,GBP,2026-09-17,2026-07-31,award,complete,80000000,https://www.contractsfinder.service.gov.uk/Notice/0fe616bb-3b1d-41b7-8a31-d36ea5ec7817-914495,2026-09-18T12:03:02.052417+00:00
Contracts Finder,ocds-b5fd17-a3cd175c-c9a5-4ae2-b944-fe6255898ba9_bfddc0ca-92b4-4bb1-9112-53ef49a60087-914491,Internal Audit Plan 26-27,"Provision of internal audit plan services 26/27
Contract Extension

Initial contract via CPC/RL/01/20 - CPC Audit Services 
Framework Call-off - Mini-comp
CS061",BATH SPA UNIVERSITY,,80702.4,GBP,2026-09-17,2026-07-31,award,complete,79212000,https://www.contractsfinder.service.gov.uk/Notice/bfddc0ca-92b4-4bb1-9112-53ef49a60087-914491,2026-09-18T12:03:02.052596+00:00
Contracts Finder,ocds-b5fd17-a99ed454-fbfd-480b-aca2-629094519d9d_d831ae2d-797f-495b-a0f7-80f4593793ac-914489,ESMCP Legal Support Services,ESMCP Legal Support Services,Home Office,,9200000.0,GBP,2026-09-17,2026-08-11,award,complete,79100000,https://www.contractsfinder.service.gov.uk/Notice/d831ae2d-797f-495b-a0f7-80f4593793ac-914489,2026-09-18T12:03:02.052772+00:00
Contracts Finder,ocds-b5fd17-d067e398-3aab-4597-b507-d55fbc9c023b_23f9c70e-1b57-4c1e-8dfb-e1cb2b5571bc-914488,GB-Sheffield: Non-Microsoft Licenses - RM6098,"For the provision of a software provider to Manage all Non MS Software Renewals for a 3 year period with an optional 1 year extension.

Additional information: This was procured via a framework further competition on GCA RM6098 - Technology Products & Associated Services 2 - GCA - Lot 3",British Business Bank,,2000000.0,GBP,2026-09-17,2026-07-15,award,complete,48000000,https://www.contractsfinder.service.gov.uk/Notice/23f9c70e-1b57-4c1e-8dfb-e1cb2b5571bc-914488,2026-09-18T12:03:02.052948+00:00
Contracts Finder,ocds-b5fd17-3b5d077b-e4b2-4bde-a44b-3646330538ea_52f85b3e-ce77-4861-885f-e387bda6c32e-914487,Fresh Food DPS Contract Award Notices June 2026 - August 2026,"Due to a technical issue the dates above do not represent the actual DPS Contract Dates.
2022/S 000-020877
NHS Supply Chain: Food seeks to establish a non-exclusive DPS Agreement for the supply of Fresh
Food to NHS Supply Chain: Food&apos;s customer base via the Direct Route covering products including
but not limited to: fruit, vegetables, prepared potatoes, salads, milk, dairy products, eggs, bread,
morning goods, fresh meat, fresh poultry, fresh fish and meat alternatives.
The DPS will ",Supply Chain Coordination Limited,,200000000.0,GBP,2026-09-17,2029-02-28,award,complete,15000000,https://www.contractsfinder.service.gov.uk/Notice/52f85b3e-ce77-4861-885f-e387bda6c32e-914487,2026-09-18T12:03:02.053142+00:00
Contracts Finder,ocds-b5fd17-83af6453-620f-4d6c-b260-20ec076f24b6_8dd803f1-6e2f-4f88-81f2-0babeff79f3f-914485,Provision of Research Specification for Communications and Marketing Campaign,"The purpose of this requirement is to appoint one research Supplier to carry out insight gathering and evaluation of paid-for marketing campaigns run by HMRC over the duration of the agreement, as well as more general research projects to benefit HMRC",Government Commercial Agency,,7225000.0,GBP,2026-09-17,2026-07-03,award,complete,73110000,https://www.contractsfinder.service.gov.uk/Notice/8dd803f1-6e2f-4f88-81f2-0babeff79f3f-914485,2026-09-18T12:03:02.053326+00:00
Contracts Finder,ocds-b5fd17-a9bab897-5b24-4bb4-9906-845bf290226c_f774fb5b-1b94-43dc-94de-4be065834eaf-914486,37301 - HOMEFIELD COLLEGE,"This contract is for the provision of transport services - journey stated in the title of this notice. It has been awarded following a Mini Competition under Council's Dynamic Purchasing System (DPS) PAN3059 - Passenger Transport Services.

To find out more about this DPS and how to provide taxi services to the Council, please see Taxi firms tendering for contracts (leicester.gov.uk)


Additional information: 
At the point of award, we are no longer seeking tenders.",Leicester City Council,,35100.0,GBP,2026-09-17,2026-09-17,award,complete,60120000,https://www.contractsfinder.service.gov.uk/Notice/f774fb5b-1b94-43dc-94de-4be065834eaf-914486,2026-09-18T12:03:02.053504+00:00
Contracts Finder,ocds-b5fd17-d9b59b18-39ba-41e0-9926-6ecd88093509_58b44646-3078-4630-b772-baf68a055318-914479,Managed Vehicle Recovery Scheme - Variation to Contract,Contract variation for the provision of a managed vehicle recovery service for use by Lincolnshire Police. (Initial contract procured via the North Wales collaboration),THE POLICE AND CRIME COMMISSIONER FOR LINCOLNSHIRE,,42000.0,GBP,2026-09-17,2026-08-31,award,complete,50118400,https://www.contractsfinder.service.gov.uk/Notice/58b44646-3078-4630-b772-baf68a055318-914479,2026-09-18T12:03:02.053682+00:00
Contracts Finder,ocds-b5fd17-8e92344f-2774-41f3-8026-adb3f91e5fa2_78aa873a-2bc5-447f-923e-11a7d49ee2b2-914484,37306- ELLESMERE,"This contract is for the provision of transport services - journey stated in the title of this notice. It has been awarded following a Mini Competition under Council's Dynamic Purchasing System (DPS) PAN3059 - Passenger Transport Services.

 

To find out more about this DPS and how to provide taxi services to the Council, please see Taxi firms tendering for contracts (leicester.gov.uk)

Additional information: 
At the point of award, we are no longer seeking tenders",Leicester City Council,,22230.0,GBP,2026-09-17,2026-09-17,award,complete,60120000,https://www.contractsfinder.service.gov.uk/Notice/78aa873a-2bc5-447f-923e-11a7d49ee2b2-914484,2026-09-18T12:03:02.053857+00:00
Contracts Finder,ocds-b5fd17-7c374ad2-adce-4fbd-b209-05e3be017a97_cd45d79e-beb0-4e5d-aaca-9ebbe2fbb1b5-914483,GB-Sheffield: Controls Testing - RM6130 - Audit and Assurance Services Two (A&AS2),"for the provision of looking and testing internal controls, to ensure fit for purpose, where required, to re-design, and test new controls that are to be put in place.

Additional information: This was procured via a further competition on GCA framework RM6310 - Audit and Assurance Services Two (A&AS2)",British Business Bank,,330000.0,GBP,2026-09-17,2026-07-17,award,complete,72224000,https://www.contractsfinder.service.gov.uk/Notice/cd45d79e-beb0-4e5d-aaca-9ebbe2fbb1b5-914483,2026-09-18T12:03:02.054033+00:00
Contracts Finder,ocds-b5fd17-6e89fbee-7b0a-4869-bbc0-665cdbdd00cd_98ec4555-6844-44dc-8d36-8e4aeeab02d8-914480,SIXEP/FHP Main Roof Refurbishment Project,"This project replaces approximately 28,500m2 of roof across the Fuel Handling Plant and Site Ion Exchange Effluent Plant buildings- an area equivalent to 5 acres. The business need for the project is to support the ongoing safe operations (personnel and operations systems) until 2060/70, by the provision of a new maintainable roofing system.",Sellafield Ltd,,35000000.0,GBP,2026-09-17,2026-04-30,award,complete,45210000,https://www.contractsfinder.service.gov.uk/Notice/98ec4555-6844-44dc-8d36-8e4aeeab02d8-914480,2026-09-18T12:03:02.054228+00:00
Contracts Finder,ocds-b5fd17-308ab9a7-e844-4204-92c0-250d1598626f_711d2697-6742-40eb-8b5d-c9ded9dfcbdf-914424,Digital Quality Management Tool,"Digital Quality Management tool, which scans all of our websites overnight and reports back on any accessibility issues that the websites may have.",BRITISH BUSINESS BANK PLC,,50240.0,GBP,2026-09-17,2026-07-03,award,complete,30211300,https://www.contractsfinder.service.gov.uk/Notice/711d2697-6742-40eb-8b5d-c9ded9dfcbdf-914424,2026-09-18T12:03:02.054411+00:00
Contracts Finder,ocds-b5fd17-034a364f-0b12-4805-a9c4-0f87b578952d_a93bf9fc-1c31-46db-aa74-37e35392c384-914425,Engineering Cultural Transformation,Support BBB with software engineering cultural transformation across its engineering organisation,BRITISH BUSINESS BANK PLC,,67000.0,GBP,2026-09-17,2026-07-05,award,complete,72000000,https://www.contractsfinder.service.gov.uk/Notice/a93bf9fc-1c31-46db-aa74-37e35392c384-914425,2026-09-18T12:03:02.054586+00:00
Contracts Finder,ocds-b5fd17-c93348cb-f887-4645-b946-4b62b9a53217_9bc79fa3-e101-408f-9967-b365983c2c4d-914476,TEL L1 DA Sep26 - Bassetlaw District Council - awarded,"This contract award notice is to notify the market that Bassetlaw District Council based in Worksop, UK have appointed Tunstall as their Technology Enabled Lives provider for a period of ONE year, with an option to extend for a further ONE year (at the Council's discretion). This appointment has been made under the Northern Housing Consortium's Technology Enabled Lives framework. (Contract Award Notice 2024/S 000-000849)",NORTHERN HOUSING CONSORTIUM LIMITED,,1260000.0,GBP,2026-09-17,2026-04-23,award,complete,50421000,https://www.contractsfinder.service.gov.uk/Notice/9bc79fa3-e101-408f-9967-b365983c2c4d-914476,2026-09-18T12:03:02.054763+00:00
Contracts Finder,ocds-b5fd17-deba2b13-7c92-476b-b0f3-ac5532dc43a2_1f14540d-3f7d-4319-9ef1-98683bcde9dd-914427,Direct Valuations,Direct Valuations for Investments,BRITISH BUSINESS BANK PLC,,170000.0,GBP,2026-09-17,2026-04-30,award,complete,79419000,https://www.contractsfinder.service.gov.uk/Notice/1f14540d-3f7d-4319-9ef1-98683bcde9dd-914427,2026-09-18T12:03:02.054939+00:00
Contracts Finder,ocds-b5fd17-3a078d22-9b47-41f5-ac4a-0c3e4fa95ac3_dec37d80-d501-483e-a1c9-1d348c360064-914478,Homes England - Treasury model review,Review of treasury management cash flow forecast and deployment model,Homes England (the name adopted by the Homes and Communities Agency),,45000.0,GBP,2026-09-17,2026-06-24,award,complete,66000000,https://www.contractsfinder.service.gov.uk/Notice/dec37d80-d501-483e-a1c9-1d348c360064-914478,2026-09-18T12:03:02.055135+00:00
Contracts Finder,ocds-b5fd17-9ae3f703-4574-4874-965e-10d11f84256b_9a81ffd1-651f-4c21-a5df-7df80a7f71b5-914477,GB-Sheffield: Project Master,"Legal work provided in the RFP (in relation to the proposed investment by BPC this has been procured inline with the banks standard financial instruction

Additional information: British Business Bank Plc, registered in England and Wales, registration number 08616013, registered office Steel City House, West Street, Sheffield, S1 2GQ, a development bank wholly owned by the HM Government. It and its subsidiaries are not banking institutions and do not operate as such. With the exception of BBB ",British Patient Capital Limited,,29500.0,GBP,2026-09-17,2026-09-10,award,complete,79100000,https://www.contractsfinder.service.gov.uk/Notice/9a81ffd1-651f-4c21-a5df-7df80a7f71b5-914477,2026-09-18T12:03:02.055322+00:00
Contracts Finder,ocds-b5fd17-f52c7c83-2f42-4366-9760-e5794249314e_37a5dacc-4bc7-4ba5-9e99-b3e98dc04f5f-914475,YAS 147 2026_27 (DA FW) Point of Care Test Equipment and Associated Products,Point of Care Test Equipment and Associated Products,YORKSHIRE AMBULANCE SERVICE NHS TRUST,,140309.52,GBP,2026-09-17,2026-09-07,award,complete,33696200,https://www.contractsfinder.service.gov.uk/Notice/37a5dacc-4bc7-4ba5-9e99-b3e98dc04f5f-914475,2026-09-18T12:03:02.055500+00:00
Contracts Finder,ocds-b5fd17-18faa529-5125-431c-86dd-2414c2ff3475_f43c518a-85a7-40bd-b3a5-e709836adaf0-914428,Health Cash Plan,Health Care Cash Plan renewal,BRITISH BUSINESS BANK PLC,,163464.0,GBP,2026-09-17,2026-04-01,award,complete,66512200,https://www.contractsfinder.service.gov.uk/Notice/f43c518a-85a7-40bd-b3a5-e709836adaf0-914428,2026-09-18T12:03:02.055676+00:00
Contracts Finder,ocds-b5fd17-d01b9a41-cdfb-4e95-b7e9-976f5c403fa3_25ca0d93-b1f4-420e-8355-c4882a6ffc35-914474,CA18471 - Lionheart Educational Trust - HR & Payroll Software and Managed Payroll Services,"Lionheart Educational Trust is looking for a single supplier for their HR & Payroll Software and Managed Payroll Services requirements.

To access this competition: 

Registered:
Login to https://suppliers.multiquote.com and view the opportunity CA18471.

Not registered:
Visit https://suppliers.multiquote.com then register and quote CA18471 as the reason for registration. 

 Any queries please contact MultiQuote on 020 3920 8054.",Lionheart Educational Trust,,600000.0,GBP,2026-09-17,2026-10-26,tender,active,79631000,https://www.contractsfinder.service.gov.uk/Notice/25ca0d93-b1f4-420e-8355-c4882a6ffc35,2026-09-18T12:03:02.055856+00:00
Contracts Finder,ocds-b5fd17-3f2b4be8-bcca-4cd6-8151-3027cd213abc_eaaf745f-4bba-4b5d-9c63-edf508aeb55b-914470,End User Devices ITH02,Provision of end user devices procured via the Government Commercial Agency (GCA) aggregation under Framework RM6098 Technology Products and Associated Services Lot 2: Hardware.,York and North Yorkshire Combined Authority acting as Fire and Rescue Authority.,,163843.26,GBP,2026-09-17,2026-07-07,award,complete,30200000,https://www.contractsfinder.service.gov.uk/Notice/eaaf745f-4bba-4b5d-9c63-edf508aeb55b-914470,2026-09-18T12:03:02.056031+00:00
Contracts Finder,ocds-b5fd17-9a29d71d-8c77-4c24-8006-9beab90b4c9c_21b82d5b-e671-4b0e-9fac-c5f1db469757-914429,the Financial Transaction Control Framework,Independent review of the methodology adopted for calculating credit risk capital requirements,BRITISH BUSINESS BANK PLC,,30000.0,GBP,2026-09-17,2026-09-10,award,complete,66171000,https://www.contractsfinder.service.gov.uk/Notice/21b82d5b-e671-4b0e-9fac-c5f1db469757-914429,2026-09-18T12:03:02.056229+00:00
Contracts Finder,ocds-b5fd17-57b9af31-1ed2-4a3c-9887-cf7ec0901c62_1205e326-3da5-48bd-9473-25cf79f6b6c6-914430,Office Catering Services 8SS,"Office catering services for 8 Salisbury Square, London provision for office networking lunches, board and strategy day events.",BRITISH BUSINESS BANK PLC,,150000.0,GBP,2026-09-17,2026-08-14,award,complete,55520000,https://www.contractsfinder.service.gov.uk/Notice/1205e326-3da5-48bd-9473-25cf79f6b6c6-914430,2026-09-18T12:03:02.056415+00:00
Contracts Finder,ocds-b5fd17-fc7adc00-fec0-4a62-abe7-155e53172de9_f214ef46-f5f3-4bb3-acd8-675e9854d6a1-914473,"Media Planning, Buying and Digital Advertising Services - AWARD","The purpose of this specification is to appoint a single lead media agency partner for core UK student recruitment, to provide strategic and operational media planning, buying, optimisation and reporting services across all paid media channels, with a particular emphasis on digital advertising",University of Brighton,,,GBP,2026-09-17,2026-06-10,awardUpdate,complete,79341000,https://www.contractsfinder.service.gov.uk/Notice/f214ef46-f5f3-4bb3-acd8-675e9854d6a1-914473,2026-09-18T12:03:02.056599+00:00
Contracts Finder,ocds-b5fd17-cb5590f6-5c46-427f-869c-3688e693c300_f9613a96-8a56-4f2f-b0e6-04b7e416ae1c-914471,Pakistan NDC 3.0 Delivery Coordination Mechanism (Federal-Provincial Coordination and Tracking),"The UK Government's Partnering for Accelerated Climate Transitions (UK PACT) programme is inviting proposals from qualified suppliers or consortia to deliver technical assistance to the Government of Pakistan.

Pakistan has committed to reducing projected greenhouse gas emissions by 50% by 2035 through its Nationally Determined Contribution (NDC) 3.0. Delivering this target will depend heavily on action at the provincial level, where responsibility for many climate-relevant sectors rests. Whil",PALLADIUM INTERNATIONAL LIMITED,,250000.0,GBP,2026-09-17,2026-09-25,tenderAmendment,active,71314000,https://www.contractsfinder.service.gov.uk/Notice/f9613a96-8a56-4f2f-b0e6-04b7e416ae1c,2026-09-18T12:03:02.056779+00:00
Contracts Finder,ocds-b5fd17-e20e20f0-75e1-4c93-9940-9553ff590869_6daf23b9-ec06-4d60-beb8-9b2d9c480e76-914469,Clinical Patient Management Application,"G-Cloud 14 call-off contract for a Clinical Patient Management application used for Urgent Care / 111.

Three year term with twelve month extension option.",London Ambulance Service,,6750468.3,GBP,2026-09-17,2026-07-31,award,complete,48100000,https://www.contractsfinder.service.gov.uk/Notice/6daf23b9-ec06-4d60-beb8-9b2d9c480e76-914469,2026-09-18T12:03:02.056953+00:00
Contracts Finder,ocds-b5fd17-2a1f030e-a112-4fd5-859a-b0a89a9196e7_194040f4-609b-45a8-a6f1-c94591a6274f-914468,YAS 116 2026_27 (DA FW) Electric Mercedes DCA Vehicles,full turnkey solution 10 Electric Mercedes DCA Vehicles,YORKSHIRE AMBULANCE SERVICE NHS TRUST,,1919000.0,GBP,2026-09-17,2026-09-07,award,complete,50117100,https://www.contractsfinder.service.gov.uk/Notice/194040f4-609b-45a8-a6f1-c94591a6274f-914468,2026-09-18T12:03:02.057153+00:00
Contracts Finder,ocds-b5fd17-3970bfe4-6658-457c-b6d6-2ea7b8aee560_55969e22-96a4-4961-8793-17be8cfc54e4-914467,37307 - LEICESTER COLLEGE,"This contract is for the provision of transport services - journey stated in the title of this notice. It has been awarded following a Mini Competition under Council's Dynamic Purchasing System (DPS) PAN3059 - Passenger Transport Services.

To find out more about this DPS and how to provide taxi services to the Council, please see Taxi firms tendering for contracts (leicester.gov.uk)",Leicester City Council,,14274.0,GBP,2026-09-17,2026-09-17,award,complete,60120000,https://www.contractsfinder.service.gov.uk/Notice/55969e22-96a4-4961-8793-17be8cfc54e4-914467,2026-09-18T12:03:02.057340+00:00
Contracts Finder,ocds-b5fd17-ffcbc0e7-049f-496c-b8f3-eab1467f35a5_1c4947a2-7924-44b1-96ff-f26b387743d1-914435,Financial Newspaper Subscription,Corporate Group Access to the Financial Times. Daily broadsheet that focuses on business and economic current affairs.,BRITISH BUSINESS BANK PLC,,31505.0,GBP,2026-09-17,2026-07-06,award,complete,79980000,https://www.contractsfinder.service.gov.uk/Notice/1c4947a2-7924-44b1-96ff-f26b387743d1-914435,2026-09-18T12:03:02.057516+00:00
Contracts Finder,ocds-b5fd17-d47971b3-9a8a-4579-af9b-aef6b7641b20_dfb4c024-c3f5-4344-bf5c-63ec331aa9ef-914466,GB-Sheffield: Legal services advising BPC on its participation with a Fund,"NOTE: This notice was updated on 17 September 2026 for the following reason: Additional £25,000 added due to increase scope of work(Legal services advising BPC on its participation with a Fund this has been procured inline with the banks standard financial instruction)

Additional information: British Business Bank Plc, registered in England and Wales, registration number 08616013, registered office Steel City House, West Street, Sheffield, S1 2GQ, a development bank wholly owned by the HM Gov",British Patient Capital Limited,,40000.0,GBP,2026-09-17,2026-02-17,awardUpdate,complete,79100000,https://www.contractsfinder.service.gov.uk/Notice/dfb4c024-c3f5-4344-bf5c-63ec331aa9ef-914466,2026-09-18T12:03:02.057694+00:00
Contracts Finder,ocds-b5fd17-5c1c452a-3380-449f-a10c-36fa6eeae1d4_4acfcf69-7e5e-4e55-99ee-271b0879532e-914465,37299 - ELLESMERE COLLEGE (AYLESTONE MEADOWS),"This contract is for the provision of transport services - journey stated in the title of this notice. It has been awarded following a Mini Competition under Council's Dynamic Purchasing System (DPS) PAN3059 - Passenger Transport Services.

 

To find out more about this DPS and how to provide taxi services to the Council, please see Taxi firms tendering for contracts (leicester.gov.uk)

Additional information: 
AT THE POINT OF AWARD, WE ARE NO LONGER SEEKING TENDERS",Leicester City Council,,16848.0,GBP,2026-09-17,2026-09-17,award,complete,60120000,https://www.contractsfinder.service.gov.uk/Notice/4acfcf69-7e5e-4e55-99ee-271b0879532e-914465,2026-09-18T12:03:02.057879+00:00
Contracts Finder,ocds-b5fd17-fb416468-6e1b-4361-a33e-c68a304ada0b_b0025da3-a8c6-4f4c-b669-98e770f80e8e-914463,Salary Sacrifice Scheme,"Provision of Salary Sacrifice Additional Voluntary Contributions Employee Benefit Scheme (""the Services"") by the Service Provider on behalf of PCC for Cheshire pursuant to the Portsmouth City Council Framework Agreement",THE POLICE & CRIME COMMISSIONER FOR CHESHIRE,21600.0,68000.0,GBP,2026-09-17,2026-07-14,award,complete,66500000,https://www.contractsfinder.service.gov.uk/Notice/b0025da3-a8c6-4f4c-b669-98e770f80e8e-914463,2026-09-18T12:03:02.058061+00:00
Contracts Finder,ocds-b5fd17-ad6ff966-aa3b-4c75-8bf7-759eb074c301_a1c935f7-a9f1-4efc-ae5b-1e0808a7fd32-914461,"QIP482 0900 2026-09-16 Felixstowe to Alderwood Academy Raeburn Rd, Ipswich IP3 0EW (4-seated vehicle required) - AWARD","Suffolk County Council is seeking a mini competition against the following Dynamic Purchasing System: `The supply of Passenger Transport Services`, OJEU Notice Id: 2018/S 031-067685.
      
      QIP482 0900 2026-09-16 Felixstowe to Alderwood Academy Raeburn Rd, Ipswich IP3 0EW (4-seated vehicle required)
      
      Further details can be found in the 'Tenders / My Tenders' area of this website, by selecting the 'View Details' button for this project.
      
      The deadline for return",Suffolk County Council Passenger Transport,,,GBP,2026-09-17,2026-09-16,award,complete,60000000,https://www.contractsfinder.service.gov.uk/Notice/a1c935f7-a9f1-4efc-ae5b-1e0808a7fd32-914461,2026-09-18T12:03:02.058259+00:00
Contracts Finder,ocds-b5fd17-b8ecaa9d-8c74-4c99-869f-d582f9fa44d4_7cbe7e8c-181b-4428-acbc-e4af8403bca6-914460,GB-Sheffield: Project Infinity,"Legal work provided in the RFP (in relation to the proposed investment by BTIL this has been procured inline with the banks standard financial instruction

Additional information: British Business Bank Plc, registered in England and Wales, registration number 08616013, registered office Steel City House, West Street, Sheffield, S1 2GQ, a development bank wholly owned by the HM Government. It and its subsidiaries are not banking institutions and do not operate as such. With the exception of BBB",British Business Financial Services Limited,,45000.0,GBP,2026-09-17,2026-08-17,award,complete,66513100,https://www.contractsfinder.service.gov.uk/Notice/7cbe7e8c-181b-4428-acbc-e4af8403bca6-914460,2026-09-18T12:03:02.058448+00:00
Contracts Finder,ocds-b5fd17-f7f35d0d-eb59-4a5c-ac55-043b5b22f0a8_d75c0346-748d-4157-ba42-cb8617907e75-914459,HRE - EFL/40 - St Andrews - Leven (East Fife) - Waterless Railway Bridge,HRE - EFL/40 - St Andrews - Leven (East Fife) - Waterless Railway Bridge,National Highways Limited,,88476.0,GBP,2026-09-17,2026-09-15,award,complete,34621000,https://www.contractsfinder.service.gov.uk/Notice/d75c0346-748d-4157-ba42-cb8617907e75-914459,2026-09-18T12:03:02.058625+00:00
Contracts Finder,ocds-b5fd17-507fbbe1-d3f6-466c-a93f-f5a007cf1585_94e74bb5-0f90-4a7f-bb35-6465d93031b2-914457,Atlassian Licensing,"This is a Contract Award Notice.

The provision of Atlassian Cloud licensing based on:

Jira (Cloud) Standard 300 Users 
Confluence (Cloud) Standard 300 Users 
Zephyr Scale - Test Management for Jira Cloud for Jira Work Management (Cloud) 300 Users 

This procurement was undertaken through the CCS G Cloud 14 Framework Agreement (RM1557.14).

The contract is awarded for a total period of 12 months with option to extend for a further 12 months.",The Insolvency Service,,110978.93,GBP,2026-09-17,2026-07-17,award,complete,48000000,https://www.contractsfinder.service.gov.uk/Notice/94e74bb5-0f90-4a7f-bb35-6465d93031b2-914457,2026-09-18T12:03:02.058808+00:00
Contracts Finder,ocds-b5fd17-e7d78e29-350e-47b7-94e5-744857ca25b2_d3a97c60-603f-4438-b2d4-adce2aa76234-914458,37303 - Babington Academy,"This contract is for the provision of transport services - journey stated in the title of this notice. It has been awarded following a Mini Competition under Council's Dynamic Purchasing System (DPS) PAN3059 - Passenger Transport Services.

 

To find out more about this DPS and how to provide taxi services to the Council, please see Taxi firms tendering for contracts (leicester.gov.uk)

Additional information: 
At the point of award, we are no longer seeking tenders",Leicester City Council,,12051.0,GBP,2026-09-17,2026-09-17,award,complete,60120000,https://www.contractsfinder.service.gov.uk/Notice/d3a97c60-603f-4438-b2d4-adce2aa76234-914458,2026-09-18T12:03:02.058986+00:00
Contracts Finder,ocds-b5fd17-a2a97153-35de-4ca9-b890-c9b645f575d9_53d60d51-ec9d-43fb-a885-7e60100fd0aa-914456,GB-Sheffield: Project Meta,"Review of legal docs for follow-on into portfolio company this has been procured inline with the banks standard financial instruction

Additional information: British Business Bank Plc, registered in England and Wales, registration number 08616013, registered office Steel City House, West Street, Sheffield, S1 2GQ, a development bank wholly owned by the HM Government. It and its subsidiaries are not banking institutions and do not operate as such. With the exception of BBB Investment Services ",British Patient Capital Limited,,29500.0,GBP,2026-09-17,2026-06-11,award,complete,79100000,https://www.contractsfinder.service.gov.uk/Notice/53d60d51-ec9d-43fb-a885-7e60100fd0aa-914456,2026-09-18T12:03:02.059188+00:00
Contracts Finder,ocds-b5fd17-7b0d7da2-f4a4-419a-950c-3a1303422e7b_e4d33333-67bc-41f4-baaa-821da295d3ef-914455,37302 - BROOKE HOUSE SCHOOL,"This contract is for the provision of transport services - journey stated in the title of this notice. It has been awarded following a Mini Competition under Council's Dynamic Purchasing System (DPS) PAN3059 - Passenger Transport Services.

 

To find out more about this DPS and how to provide taxi services to the Council, please see Taxi firms tendering for contracts (leicester.gov.uk)

Additional information: 
AT THE POINT OF AWARD, WE ARE NO LONGER SEEKING TENDERS",Leicester City Council,,23166.0,GBP,2026-09-17,2026-09-17,award,complete,60120000,https://www.contractsfinder.service.gov.uk/Notice/e4d33333-67bc-41f4-baaa-821da295d3ef-914455,2026-09-18T12:03:02.059386+00:00
Contracts Finder,ocds-b5fd17-56da6c70-9f18-4ba0-85f8-a2e3480ac477_da4c968f-a1ad-4ec9-9172-04d0b1233655-914454,GB-Sheffield: Legal services Project Espresso,"NOTE: This notice was updated on 17 September 2026 for the following reason: Additional £2,000 added due to additional scope of work(Legal services Project Espresso this has been procured inline with the banks standard financial instruction)

Additional information: British Business Bank Plc, registered in England and Wales, registration number 08616013, registered office Steel City House, West Street, Sheffield, S1 2GQ, a development bank wholly owned by the HM Government. It and its subsidia",British Patient Capital Limited,,40000.0,GBP,2026-09-17,2026-07-07,awardUpdate,complete,79100000,https://www.contractsfinder.service.gov.uk/Notice/da4c968f-a1ad-4ec9-9172-04d0b1233655-914454,2026-09-18T12:03:02.059563+00:00
Contracts Finder,ocds-b5fd17-f91ad52b-a51e-48b9-a422-5b905a2997e2_7773f5aa-d55c-4139-8639-f6264c7de9e1-914453,GB-Sheffield: Project Beta,"Legal services in relation to the proposed investment by BTIL under the NSSIF programme this has been procured inline with the banks standard financial instruction

Additional information: British Business Bank Plc, registered in England and Wales, registration number 08616013, registered office Steel City House, West Street, Sheffield, S1 2GQ, a development bank wholly owned by the HM Government. It and its subsidiaries are not banking institutions and do not operate as such. With the excepti",British Business Financial Services Limited,,36000.0,GBP,2026-09-17,2026-07-15,award,complete,79100000,https://www.contractsfinder.service.gov.uk/Notice/7773f5aa-d55c-4139-8639-f6264c7de9e1-914453,2026-09-18T12:03:02.059741+00:00
Contracts Finder,ocds-b5fd17-11f2a605-28e0-4601-ab9e-77a900e35ffe_ad4ee60b-28bb-420d-bb6e-ed8d717efdd3-914452,GB-London: 1047912512 2026-SUS-001 Consultancy Support for a Rail Industry Social Impact Report,"RSSB seeks to procure research consultancy support to help shape both the report itself and the underlying evidence base. The work is expected to be delivered in two linked workstreams: one focused on the structure, narrative and presentation of the report; and one focused on capturing, collating and organising data from across the rail sector.
      For more information about this opportunity, please visit the Delta eSourcing portal at:",Rail Safety Standards Board (RSSB),,28250.0,GBP,2026-09-17,2026-07-31,award,complete,73110000,https://www.contractsfinder.service.gov.uk/Notice/ad4ee60b-28bb-420d-bb6e-ed8d717efdd3-914452,2026-09-18T12:03:02.059924+00:00
Contracts Finder,ocds-b5fd17-d8b1bb9b-76cc-4f92-aa02-3075b32932de_530b82c1-d84c-4156-a511-28b665133e9b-914433,Legal for Commercial Services,Legal services to look at lease agreements,BRITISH BUSINESS BANK PLC,,75000.0,GBP,2026-09-17,2026-08-06,award,complete,79100000,https://www.contractsfinder.service.gov.uk/Notice/530b82c1-d84c-4156-a511-28b665133e9b-914433,2026-09-18T12:03:02.060098+00:00
Contracts Finder,ocds-b5fd17-5c8a724d-3a3d-492b-a7f4-b1ae632726c8_f744ef45-2c1e-4d09-be65-d86d27a885b2-914434,Temporary Legal Resource,Temporary Legal Resource,BRITISH BUSINESS BANK PLC,,110103.0,GBP,2026-09-17,2026-07-31,award,complete,79100000,https://www.contractsfinder.service.gov.uk/Notice/f744ef45-2c1e-4d09-be65-d86d27a885b2-914434,2026-09-18T12:03:02.060307+00:00
Contracts Finder,ocds-b5fd17-b57d90e9-93f3-4efa-9e54-87994ec45dfd_6926ccb4-1e6c-4679-a61e-9b38b4a9f43b-914451,GB-London: 1030972047  25-005 - Review of the operational requirements for GSMR radio - Phase 2,"RSSB is seeking support from an external supplier to update the GSM R failure model, with the work expected to be carried out between June and September 2026. The supplier should have experience in quantified risk analysis and statistical techniques, up to date knowledge of the Safety Risk Model, and a strong understanding of the rail industry, particularly rail safety. This document sets out the tasks required, together with their objectives, required skills, timescales, and estimated effort.
",Rail Safety Standards Board (RSSB),,65600.0,GBP,2026-09-17,2026-05-15,award,complete,73110000,https://www.contractsfinder.service.gov.uk/Notice/6926ccb4-1e6c-4679-a61e-9b38b4a9f43b-914451,2026-09-18T12:03:02.060491+00:00
Contracts Finder,ocds-b5fd17-0b215bf7-7aa0-4821-80e1-6c877416ff56_78c543f0-2309-4662-8d7d-5c093bddd25b-914431,Printing Services,"Printing services including Standard pull and 3m Straight Stretch Fabrice Back Wall Banner, business card, lectern sign, 4pp A4 Brochure",BRITISH BUSINESS BANK PLC,,27000.0,GBP,2026-09-17,2026-08-03,award,complete,79810000,https://www.contractsfinder.service.gov.uk/Notice/78c543f0-2309-4662-8d7d-5c093bddd25b-914431,2026-09-18T12:03:02.060668+00:00
Contracts Finder,ocds-b5fd17-7d78f714-3be5-429f-ba23-efac488129fc_e46c074b-0eaa-4ed8-aa3c-52e97d3515f9-914443,GB-London: Cyber Security and Resilience,Peabody awarded a G-cloud call off contract for Cyber Security and Resilience,BIP SOLUTIONS LIMITED,,365940.0,GBP,2026-09-17,2026-09-30,award,complete,48000000,https://www.contractsfinder.service.gov.uk/Notice/e46c074b-0eaa-4ed8-aa3c-52e97d3515f9-914443,2026-09-18T12:03:02.060842+00:00
Contracts Finder,ocds-b5fd17-3de0c557-dd14-441e-a381-b3019865cd51_d17cba45-373f-48c0-8b3a-4682d3b8d986-914450,37300 - BRAUNSTONE FRITH PRIMARY ACADEMY,"This contract is for the provision of transport services - journey stated in the title of this notice. It has been awarded following a Mini Competition under Council's Dynamic Purchasing System (DPS) PAN3059 - Passenger Transport Services.

 

To find out more about this DPS and how to provide taxi services to the Council, please see Taxi firms tendering for contracts (leicester.gov.uk)

Additional information: 
AT THE POINT OF AWARD, WE ARE NO LONGER SEEKING TENDERS",Leicester City Council,,30280.0,GBP,2026-09-17,2026-09-17,award,complete,60120000,https://www.contractsfinder.service.gov.uk/Notice/d17cba45-373f-48c0-8b3a-4682d3b8d986-914450,2026-09-18T12:03:02.061017+00:00
Contracts Finder,ocds-b5fd17-48941f88-3404-411b-8abd-b8982b34d04a_711b5f63-9a46-41d9-96cf-9d00cb50856d-914449,PS26173 - Unlocking Space for Business Delivery Partner,"***** THIS IS AN AWARD NOTICE, NOT A CALL FOR COMPETITION *****


This procurement is being concluded following a mini competition under the  RM6235 Space-Enabled and Geospatial Services

Brief Description of Requirement

The Unlocking Space for Business Programme is seeking a capable and experienced delivery partner (or consortium) to design and deliver end-user business engagement activities, to enable successful delivery of the programme through to March 2028. We expect the delivery pa",DSIT,,,GBP,2026-09-17,2026-08-12,award,complete,73000000,https://www.contractsfinder.service.gov.uk/Notice/711b5f63-9a46-41d9-96cf-9d00cb50856d-914449,2026-09-18T12:03:02.061209+00:00
Contracts Finder,ocds-b5fd17-2382ea66-3a21-4cf3-9d34-0de26f6ec246_393d8a2a-60c3-4554-b0af-0eb0a7e73e73-914447,ENQ1347 - Ice Rink for Festive Derby,"This quotation is for the supply, installation and de-rig of a 300 sqm real ice rink for 4 weeks.

The procurement process adopted by the Council is based on the Procurement Act2023 (the ""Act"") and the Procurement Regulations 2024 (the ""Regulations"".)

The contract is estimated to commence on 7th September 2026 and expire on 31st January 2027.

Please note suppliers wishing to express interest and obtain the documentation must do so by 12:00 on Thursday 13th August 2026. It is recommended ",DERBY CITY COUNCIL,,74000.0,GBP,2026-09-17,2026-08-14,award,complete,45212211,https://www.contractsfinder.service.gov.uk/Notice/393d8a2a-60c3-4554-b0af-0eb0a7e73e73-914447,2026-09-18T12:03:02.061393+00:00
Contracts Finder,ocds-b5fd17-4dc899f9-9021-4afd-b823-87f0422d5b41_94e0d07c-ba1a-4c70-bdd5-18b3b323a270-914448,GB-London: 1008157290 T1414 Testing the feasibility of the use of solar reflective solutions on rolling stock,"T1414 aims to demonstrate the effective use of Solar Reflective Solutions to reduce internal vehicle temperatures, supporting improved passenger comfort, reduced HVAC energy consumption demand and improved component reliability for GB passenger rolling stock.
      
      Work Package 1- Benchmarking and trial planning
      • Assess the current performance of existing rolling stock paint systems to establish a baseline against which the potential benefit and disbenefits of adopting solar ref",Rail Safety Standards Board (RSSB),,119710.0,GBP,2026-09-17,2026-02-27,award,complete,73110000,https://www.contractsfinder.service.gov.uk/Notice/94e0d07c-ba1a-4c70-bdd5-18b3b323a270-914448,2026-09-18T12:03:02.061570+00:00
Contracts Finder,ocds-b5fd17-a8e4106b-c9ac-4a72-9965-5c7c996e74bf_0a7c52c6-2243-4e38-985b-656988d6fd5e-914444,Penetration Testing/IT Health Checks 2026,THIS WAS A CALL - OFF FROM A CCS FRAMEWORK CYBER SECURITY 3 RM3764iii,DVSA - Driver and Vehicle Standards Agency,,533333.0,GBP,2026-09-17,2026-05-29,award,complete,72800000,https://www.contractsfinder.service.gov.uk/Notice/0a7c52c6-2243-4e38-985b-656988d6fd5e-914444,2026-09-18T12:03:02.061746+00:00
Contracts Finder,ocds-b5fd17-61b14c2b-286d-4446-aa37-9e11ecf8f1d4_f1130766-532a-401e-8ca2-466dcfdacce8-914442,Provision of Crypto Services for the Air Crypt Key Service Centre,"The Authority has awarded a contract for the establishment of a small team to design and establish the RAF&apos;s Crypt Key Service Centre (CKSC).  The CKSC is to be established to develop the strategy and policy, business change activities and front line crypto cell support required to implement the changes how crypto is managed.  This change is the largest change to the management and equipment of crypto in the last 30 years.

This notice is not a request for expressions of interest.

This",Ministry of Defence,,2048725.0,GBP,2026-09-17,2026-08-17,award,complete,72224100,https://www.contractsfinder.service.gov.uk/Notice/f1130766-532a-401e-8ca2-466dcfdacce8-914442,2026-09-18T12:03:02.061922+00:00
Contracts Finder,ocds-b5fd17-f94548fc-589e-40cb-a9b3-adf5f2e72098_fa59f3c8-c753-4d1a-831b-4aa28c99bad5-914439,GB-Sheffield: BR Hendrix Font Licence,"5 Font styles with unlimited usage across print, web, mobile apps, digital advertising, servers, broadcasting, social media, and third parties.

Additional information: British Business Bank Plc, registered in England and Wales, registration number 08616013, registered office Steel City House, West Street, Sheffield, S1 2GQ, a development bank wholly owned by the HM Government. It and its subsidiaries are not banking institutions and do not operate as such. With the exception of BBB Investment",British Business Bank Plc,,28600.0,GBP,2026-09-17,2026-07-22,award,complete,48000000,https://www.contractsfinder.service.gov.uk/Notice/fa59f3c8-c753-4d1a-831b-4aa28c99bad5-914439,2026-09-18T12:03:02.062202+00:00
Contracts Finder,ocds-b5fd17-0d6627ac-c060-44df-bf28-35a369114916_0cdfd39d-ae8a-4530-9c01-5747f139226c-914438,Traffic Count Data Collection for the Local  Implementation Plan,Award of contract for the collection of traffic count data from an initial 44 locations across the Redcar and Cleveland borough.,Redcar & Cleveland Borough Council,,,GBP,2026-09-17,2026-08-10,award,complete,72314000,https://www.contractsfinder.service.gov.uk/Notice/0cdfd39d-ae8a-4530-9c01-5747f139226c-914438,2026-09-18T12:03:02.062383+00:00
Contracts Finder,ocds-b5fd17-0d426289-8fa9-416f-ba6a-79bb2443c487_a1676db4-4965-4c26-89e9-b287480e5c98-914437,GB-Sheffield: Leadership Programmes,"Leadership programmes for senior leaders of different experience at the bank.

Additional information: British Business Bank Plc, registered in England and Wales, registration number 08616013, registered office Steel City House, West Street, Sheffield, S1 2GQ, a development bank wholly owned by the HM Government. It and its subsidiaries are not banking institutions and do not operate as such. With the exception of BBB Investment Services Limited they are not authorised or regulated by the Prud",British Business Bank Plc,,28500.0,GBP,2026-09-17,2026-06-29,award,complete,79633000,https://www.contractsfinder.service.gov.uk/Notice/a1676db4-4965-4c26-89e9-b287480e5c98-914437,2026-09-18T12:03:02.062560+00:00
Contracts Finder,ocds-b5fd17-6b10562a-f86c-45ff-9a6d-91acde9a9cdb_29eedaef-c8be-4819-910e-1ca78a4813d7-914436,GB-Sheffield: ICA Training Courses,"Off-the-shelf public training courses and inhouse delivery of off-the-shelf training courses covering technical topics related to business investment.

Additional information: British Business Bank Plc, registered in England and Wales, registration number 08616013, registered office Steel City House, West Street, Sheffield, S1 2GQ, a development bank wholly owned by the HM Government. It and its subsidiaries are not banking institutions and do not operate as such. With the exception of BBB Inv",British Business Bank Plc,,28000.0,GBP,2026-09-17,2026-05-31,award,complete,80000000,https://www.contractsfinder.service.gov.uk/Notice/29eedaef-c8be-4819-910e-1ca78a4813d7-914436,2026-09-18T12:03:02.062736+00:00
