source,notice_id,title,description,organisation,value_low,value_high,currency,published_date,deadline,notice_type,status,cpv_codes,url,scraped_at
FTS,ocds-h6vhtk-068a6a_087756-2026,Expert Networks Long Term Provision,"The Authority is seeking to procure Expert Network Services to provide on‑demand access to vetted and pre‑qualified subject‑matter experts across a broad range of industry sectors, to support informed decision‑making in relation to investment activity and wider financial, strategic, and operational matters.
The Services will primarily support the Authority’s Investment & Advisory function, comprising its Banking & Investment team and its Local Authority Advisory & Lending team. The Services may ",National Wealth Fund Limited,,,GBP,2026-09-16,,award,complete,,https://www.find-tender.service.gov.uk/Notice/087756-2026,2026-09-16T12:23:58.795125+00:00
FTS,ocds-h6vhtk-06fb20_087755-2026,Steel River Academy Cleaning Contract,Procurement of cleaning services across the Trust,STEEL RIVER ACADEMY TRUST,,,GBP,2026-09-16,,award,complete,90919300,https://www.find-tender.service.gov.uk/Notice/087755-2026,2026-09-16T12:23:58.795158+00:00
FTS,ocds-h6vhtk-06fb1f_087754-2026,Learning Resources Platform (VitalSource),"Provision of the VitalSource (incorporating Sylla) platform to support reading list management, Open Educational Resource (OER) discovery, digital learning content delivery, curriculum mapping, student engagement analytics, Aula integration, training, support and maintenance services for Coventry University Group for the period 2026-2029.",Coventry University,,,GBP,2026-09-16,,award,complete,,https://www.find-tender.service.gov.uk/Notice/087754-2026,2026-09-16T12:23:58.795164+00:00
FTS,ocds-h6vhtk-06fb1e_087753-2026,Provision of End User Devices to Humberside Police,"This call-off contract was awarded under the auspices of the West
Yorkshire Combined Authority Framework for the Supply of IT
Hardware, Networking & Security Equipment and Commercial off
The Shelf Software (Cots) - Ref.2821-2022.
This was facilitated via a direct award using Lot 1 - End User Devices, Peripherals and Associated ICT Ancillary Items and Consumables.",The Police and Crime Commissioner for Humberside,,,GBP,2026-09-16,,award,complete,30200000,https://www.find-tender.service.gov.uk/Notice/087753-2026,2026-09-16T12:23:58.795169+00:00
FTS,ocds-h6vhtk-06fb1d_087752-2026,NHS South Yorkshire ICB - GP Locally Commissioned Services Contract -  Tramways Medical Centre,GP Locally Commissioned Services Contract.,NHS South Yorkshire Integrated Care Board,,,GBP,2026-09-16,,award,complete,85121100,https://www.find-tender.service.gov.uk/Notice/087752-2026,2026-09-16T12:23:58.795173+00:00
FTS,ocds-h6vhtk-06fb11_087751-2026,Riparian Buffer Opportunity Assessment and Delivery Review,"UK6 Contract Award Notice for Riparian Buffer Opportunity Assessment and Delivery Review. Wrexham County Borough Council intends to award this contract to the Dee Trust. Riparian buffers are already being delivered in a number of locations across the Dee catchment as part of ongoing efforts to improve habitat and biodiversity. These existing projects demonstrate both the practicality and value of buffer creation, while also highlighting that current delivery is not yet fully comprehensive or str",Wrexham County Borough Council,,,GBP,2026-09-16,,award,complete,,https://www.find-tender.service.gov.uk/Notice/087751-2026,2026-09-16T12:23:58.795178+00:00
FTS,ocds-h6vhtk-05ed70_087750-2026,GCloud 14 Block - Clinical Virtual Desktop Infrastructure for General Practices,,NHS KENT AND MEDWAY INTEGRATED CARE BOARD,,,GBP,2026-09-16,,awardUpdate,,72260000,https://www.find-tender.service.gov.uk/Notice/087750-2026,2026-09-16T12:23:58.795182+00:00
FTS,ocds-h6vhtk-06fb1c_087749-2026,CWC24118 - Provision of Digital Solution for Unpaid Carers,"Wolverhampton City Council has awarded a contract using the Crown Commercial Services framework, G-Cloud 14 Framework Agreement (RM1557.14) , the direct award route for the Provision of Digital Solution for Unpaid Carers for a period of 1 year with the option to extend for a further 12 months",Wolverhampton City Council,,,GBP,2026-09-16,,award,complete,48810000,https://www.find-tender.service.gov.uk/Notice/087749-2026,2026-09-16T12:23:58.795193+00:00
FTS,ocds-h6vhtk-06fb1b_087748-2026,Community Services,The provision of community services within Lancashire.,NHS Lancashire and South Cumbria Integrated Care Board,,,GBP,2026-09-16,,award,complete,85100000,https://www.find-tender.service.gov.uk/Notice/087748-2026,2026-09-16T12:23:58.795199+00:00
FTS,ocds-h6vhtk-06fb19_087747-2026,"Re-roofing works to units 11 and 12 Bunting Road, Bury St Edmunds.","Replacement of a built-up plasterboard/ asbestos-cement roof covering, parapet linings, trims and rooflights with composite insulated roof panels.",West Suffolk Council,,,GBP,2026-09-16,,award,complete,,https://www.find-tender.service.gov.uk/Notice/087747-2026,2026-09-16T12:23:58.795205+00:00
FTS,ocds-h6vhtk-06fb1a_087746-2026,PAN3492 - Road Safety Audits,"To produce Stage 1, Stage 2 and ultimately Stage 3 Road Safety Audits which are a requirement of new works/schemes on the Highway. A Stage 1 RSA is required at the Preliminary design stage, a Stage 2 RSA at the Detailed design stage and at Stage 3 RSA on completion of the works. As several of these schemes are fairly simple, the RSA1 and RSA2 can be carried out together, thereby reducing time and cost.",Leicester City Council,,,GBP,2026-09-16,,award,complete,,https://www.find-tender.service.gov.uk/Notice/087746-2026,2026-09-16T12:23:58.795209+00:00
FTS,ocds-h6vhtk-06fb19_087745-2026,"Re-roofing works to units 11 and 12 Bunting Road, Bury St Edmunds.","Replacement of a built-up plasterboard/ asbestos-cement roof covering, parapet linings, trims and rooflights with composite insulated roof panels.",West Suffolk Council,,,GBP,2026-09-16,,award,complete,,https://www.find-tender.service.gov.uk/Notice/087745-2026,2026-09-16T12:23:58.795214+00:00
FTS,ocds-h6vhtk-06fb18_087744-2026,UK7 - Contract Details Notice - EYST,"EYST, in partnership with EPOP (Engaging People on Probation), proposes a focused programme of engagement to better understand and respond to the needs of individuals on probation particularly those from ethnic minority backgrounds.
This work will prioritise direct engagement with people on probation, including those pre-release, to gather insights that identify gaps in provision, improve service delivery, and ensure support is responsive and culturally appropriate.",Ministry of Justice,,,GBP,2026-09-16,,award,complete,,https://www.find-tender.service.gov.uk/Notice/087744-2026,2026-09-16T12:23:58.795218+00:00
FTS,ocds-h6vhtk-06fb17_087743-2026,SW Safety Tree Removals 2026/27 HRE - M Group,"Description of Works									
""Early Contractor Involvement for FY26/27 SW Safety Trees:
Review of Safety Tree Survey Data for allocated Routes
Personnel to Attend SW Regional Network Safety Induction
Personnel to Obtain Highways Passports
Undertake Route Drives and Surveys to assist with building programme and costings for FY26/27 SW Safety Trees
Attend collaborative workshops: Traffic Management Workshop, fortnightly meetings, monthly SW Safety Tree
Board
Collaborative working with other deliv",National Highways Limited,,,GBP,2026-09-16,,award,complete,,https://www.find-tender.service.gov.uk/Notice/087743-2026,2026-09-16T12:23:58.795222+00:00
FTS,ocds-h6vhtk-06fb16_087742-2026,Ecology Consultant Services,procurement of ecology related consultancy services,OXFORD DIRECT SERVICES LIMITED,,,GBP,2026-09-16,,award,complete,,https://www.find-tender.service.gov.uk/Notice/087742-2026,2026-09-16T12:23:58.795225+00:00
FTS,ocds-h6vhtk-06fb15_087741-2026,Dovetail Dental MAS Devices,Provision of patient dental assessments of suitability for Mandibular Advancement Splint (MAS). Supply and fit and monitor,Northumbria Healthcare NHS Foundation Trust,,,GBP,2026-09-16,,award,complete,85000000,https://www.find-tender.service.gov.uk/Notice/087741-2026,2026-09-16T12:23:58.795231+00:00
FTS,ocds-h6vhtk-06fb14_087740-2026,Staff and Patient Travel - February,Using VEEZU for taxi service for patients without a contract while a procurement process is underway,The Christie NHS Foundation Trust,,,GBP,2026-09-16,,award,complete,,https://www.find-tender.service.gov.uk/Notice/087740-2026,2026-09-16T12:23:58.795236+00:00
FTS,ocds-h6vhtk-06fb13_087739-2026,CWC25197 - Contract Sourcing Module,"Wolverhampton City Council has awarded a contract using the Crown Commercial Services framework, G-Cloud 14 Framework Agreement (RM1557.14) , the direct award route for the Provision of a Procurement SAAS solution for a period of 1 year with the option to extend for a further 12 months",Wolverhampton City Council,,,GBP,2026-09-16,,award,complete,48490000,https://www.find-tender.service.gov.uk/Notice/087739-2026,2026-09-16T12:23:58.795240+00:00
FTS,ocds-h6vhtk-06fafc_087738-2026,Solihull Community Housing Limited,This contract details notice is to notify the market that Solihull Community Housing Limited has appointed Prism Medical Ltd for their Stairlifts and Lifting Equipment (2026-2030). This appointment has been made under the Northern Housing Consortium's Stairlifts and Lifting Equipment Framework. OCID (Open Contracting ID) Ref: ocds-h6vhtk-058c2c.,Solihull Community Housing Limited,,,GBP,2026-09-16,,award,complete,,https://www.find-tender.service.gov.uk/Notice/087738-2026,2026-09-16T12:23:58.795251+00:00
FTS,ocds-h6vhtk-06fb12_087737-2026,Ilkley Manor House Roof Refurbishment,Roof refurbishment of Ilkley Manor House,City of Bradford Metropolitan District Council,,,GBP,2026-09-16,,award,complete,45000000,https://www.find-tender.service.gov.uk/Notice/087737-2026,2026-09-16T12:23:58.795282+00:00
FTS,ocds-h6vhtk-06fb11_087736-2026,Riparian Buffer Opportunity Assessment and Delivery Review,"UK5 Transparency Notice for Riparian Buffer Opportunity Assessment and Delivery Review.  Wrexham County Borough Council intends to direct award this contract to the Dee Trust.  Riparian buffers are already being delivered in a number of locations across the Dee catchment as part of ongoing efforts to improve habitat and biodiversity. These existing projects demonstrate both the practicality and value of buffer creation, while also highlighting that current delivery is not yet fully comprehensive",Wrexham County Borough Council,,,GBP,2026-09-16,,award,complete,,https://www.find-tender.service.gov.uk/Notice/087736-2026,2026-09-16T12:23:58.795290+00:00
FTS,ocds-h6vhtk-06e9f0_087735-2026,UKRI-6251 Cyber Security – Managed Service and Detection Response & Security Operations Centre service,"UKRI-6251 Cyber Security – Managed Service and Detection Response & Security Operations Centre service. A Cyber Security provider to deliver collaborative SOC services, working with the existing STFC cyber security team.",UK Research & Innovation (UKRI),,1250000.0,GBP,2026-09-16,,planningUpdate,planning,,https://www.find-tender.service.gov.uk/Notice/087735-2026,2026-09-16T12:23:58.795302+00:00
FTS,ocds-h6vhtk-06fb10_087734-2026,Women's Out of Court Disposal Pathway,"Two charitable organisations, Tomorrow's Women Wirral and PSS, are expected to deliver a Women's Out of Court Disposal Pathway across Merseyside. The project provides an early-intervention pathway for women who have committed low-level or first-time offences and are eligible for an out-of-court disposal. 
PCC/PD/1300
Women's Out of Court Disposal Pathway",Police & Crime Commissioner for Merseyside & Chief Constable for Merseyside,,,GBP,2026-09-16,,award,complete,,https://www.find-tender.service.gov.uk/Notice/087734-2026,2026-09-16T12:23:58.795306+00:00
FTS,ocds-h6vhtk-059a64_087733-2026,Technical & Operational Training Services (Lots 2 -5 ),"This tender process was for the provision of various technical & operational training services.
A summary of the scope across all Lots forming part of
the tender are stated below.
Lot 2 - Mobile Plant & Lifting Equipment
Lot 3- Street Works
Lot 4 - Excavation & Network Safe
Lot 5 - Work Equipment & General Hazards",SEVERN TRENT WATER LIMITED,,,GBP,2026-09-16,,award,complete,,https://www.find-tender.service.gov.uk/Notice/087733-2026,2026-09-16T12:23:58.795309+00:00
FTS,ocds-h6vhtk-0673fd_087732-2026,EPOS (Electronic Point of Sale) and Management Information System,Tatton Park EPOS (Electronic Point of Sale and ticketing ) and Management Information System,Cheshire East Council,,,GBP,2026-09-16,,award,complete,,https://www.find-tender.service.gov.uk/Notice/087732-2026,2026-09-16T12:23:58.795313+00:00
FTS,ocds-h6vhtk-06fb0f_087731-2026,NNUH/Cora Health Norwich Clinic 26/27 - Provision of Ultrasound,Sub-Contract to cover 5 weeks of ultrasound activity that Cora Health Norwich Clinic will be providing for NNUH.,Norfolk and Norwich University Hospitals NHS Foundation Trust,,,GBP,2026-09-16,,award,complete,85150000,https://www.find-tender.service.gov.uk/Notice/087731-2026,2026-09-16T12:23:58.795317+00:00
FTS,ocds-h6vhtk-051407_087730-2026,Care at Home for Adults,"Nottingham City Council is committed to working collaboratively with the home care market to develop a future home care service model that delivers high-quality, person-centred support for citizens across Nottingham City.
As part of this process, NCC is inviting providers who deliver home care services to attend a Pre-Market Engagement Event to be held on 25th September 2026",Nottingham City Council,,,GBP,2026-09-16,,planningUpdate,planned,,https://www.find-tender.service.gov.uk/Notice/087730-2026,2026-09-16T12:23:58.795320+00:00
FTS,ocds-h6vhtk-050b03_087729-2026,Highway Structures Major Works - Framework 2027,"The publication of this preliminary market notice starts the market engagement process for Somerset Council's (the Authority's) major works highway structures framework. The Authority wishes to engage with potential suppliers with an expertise in the successful delivery of similar works and provide an overview of the Authority's proposed approach and procurement process. The Authority wishes to enter into a bespoke framework agreement for this work, with subsequent task-orders being issued under",Somerset Council,,60000000.0,GBP,2026-09-16,,planning,planned,,https://www.find-tender.service.gov.uk/Notice/087729-2026,2026-09-16T12:23:58.795324+00:00
FTS,ocds-h6vhtk-06fb0e_087728-2026,"From Local Shocks to Systemic Impacts: A Multi-hazard, Systems-based View of Physical Climate Risk","Please provide a detailed description of the notice you are adding: 
The final date and time for the submission of bids is Wednesday, 14th October 2026 at 11:00 
DO NOT apply directly to the buyer. 
All tender information MUST be submitted through the Jaggaer eSourcing Portal. 
Brief Description of Requirement
It is broadly recognised that physical climate risk and related nature dependencies can pose risks to economic and financial stability. Governments and regulators in the UK and internation",Department for Energy Security & Net Zero,,100000.0,GBP,2026-09-16,2026-10-14,tender,active,,https://www.find-tender.service.gov.uk/Notice/087728-2026,2026-09-16T12:23:58.795328+00:00
FTS,ocds-h6vhtk-06fa41_087727-2026,Traffic Signals Equipment (003789),Supply of Traffic Signals Equipment,Durham County Council,,,GBP,2026-09-16,,award,complete,,https://www.find-tender.service.gov.uk/Notice/087727-2026,2026-09-16T12:23:58.795332+00:00
FTS,ocds-h6vhtk-06fb0d_087726-2026,IRhythym - Echocardiology outsourcing,Framework award for ECG outsourcing,Norfolk and Norwich University Hospitals NHS Foundation Trust,,,GBP,2026-09-16,,award,complete,85121231,https://www.find-tender.service.gov.uk/Notice/087726-2026,2026-09-16T12:23:58.795335+00:00
FTS,ocds-h6vhtk-05ed9d_087725-2026,Gcloud 13 Iplato Platform,,NHS KENT AND MEDWAY INTEGRATED CARE BOARD,,,GBP,2026-09-16,,awardUpdate,,72000000,https://www.find-tender.service.gov.uk/Notice/087725-2026,2026-09-16T12:23:58.795342+00:00
FTS,ocds-h6vhtk-06fb0c_087724-2026,Refurbishment of Leigh Market Hall,"Wigan Council would like to appoint a Contractor to carry out the refurbishment of Leigh Market Hall. The scope of the scheme includes: infrastructure improvements, particularly to the roof, heating, lighting and ventilation; introduction of public toilets; a new entrance from Albion Street to provide more visibility and profile; a flexible social space to be used for events to animate the market; changes to the internal layout to improve legibility; and complete internal redecoration including ",Wigan Council,,4000000.0,GBP,2026-09-16,2026-11-02,tender,active,,https://www.find-tender.service.gov.uk/Notice/087724-2026,2026-09-16T12:23:58.795346+00:00
FTS,ocds-h6vhtk-06fb0b_087723-2026,Grass Cutting Contract,"Provision of rural grass cutting in the Parish of Dalston including Village Greens, Common Land, Play Areas, Recreational Sports Field and Cemetery",Dalston Parish Council,,30000.0,GBP,2026-09-16,2026-11-05,tender,active,,https://www.find-tender.service.gov.uk/Notice/087723-2026,2026-09-16T12:23:58.795350+00:00
FTS,ocds-h6vhtk-06faf1_087722-2026,"Solihull Community Housing, Stairlifts Lot 1.4 Sept 26",This contract details notice is to notify the market that Solihull Community Housing Limited has appointed Prism Medical Ltd for their Stairlifts and Lifting Equipment (2026-2030). This appointment has been made under the Northern Housing Consortium's Stairlifts and Lifting Equipment Framework. OCID (Open Contracting ID) Ref: ocds-h6vhtk-058c2c.,Solihull Community Housing Limited,,,GBP,2026-09-16,,award,complete,,https://www.find-tender.service.gov.uk/Notice/087722-2026,2026-09-16T12:23:58.795354+00:00
FTS,ocds-h6vhtk-051407_087721-2026,Care at Home for Adults,Nottingham City Council will be seeking experienced organisations able to deliver Care at Home Services for Adults. The Contract will operate across the City of Nottingham,Nottingham City Council,,,GBP,2026-09-16,,planning,planned,,https://www.find-tender.service.gov.uk/Notice/087721-2026,2026-09-16T12:23:58.795358+00:00
FTS,ocds-h6vhtk-06fb0a_087720-2026,"Digital Health, Safety and Compliance System","Provision of a Digital Health, Safety and Compliance System for East Suffolk Services Limited.",EAST SUFFOLK SERVICES LIMITED,,,GBP,2026-09-16,,award,complete,,https://www.find-tender.service.gov.uk/Notice/087720-2026,2026-09-16T12:23:58.795363+00:00
FTS,ocds-h6vhtk-058284_087719-2026,HAC6052 Substance Misuse Redesign,"PSR (Provider Selection Regime) regulations apply 
London Borough of Tower Hamlets is recommissioning a borough-wide, world-class adult substance misuse treatment system, aligned with the Combatting Drugs Partnership Strategy (2024–2027). Currently Tower Hamlets commissions and delivers a range of substance misuse treatment and recovery services for residents aged 18 plus, collectively branded as “Reset”. Following a period of review that includes a refreshed Joint Strategic Needs Assessment (JS",Tower Hamlets,,25821108.0,GBP,2026-09-16,,planning,planning,,https://www.find-tender.service.gov.uk/Notice/087719-2026,2026-09-16T12:23:58.795367+00:00
FTS,ocds-h6vhtk-06fb09_087718-2026,Principal Planning Officer - Agency,Agency staff for 12 month contract for Principal Planning Officer,West Lancashire Borough Council,,,GBP,2026-09-16,,award,complete,,https://www.find-tender.service.gov.uk/Notice/087718-2026,2026-09-16T12:23:58.795370+00:00
FTS,ocds-h6vhtk-06fb08_087717-2026,GSM-R Repeater Last Time Buy,"This is a Last Time Buy to secure critical spares which will support the GSM-R Repeater estate from the equipment manufacturer, PBE Axell Wireless.",NETWORK RAIL INFRASTRUCTURE LIMITED,,,GBP,2026-09-16,,award,complete,,https://www.find-tender.service.gov.uk/Notice/087717-2026,2026-09-16T12:23:58.795374+00:00
FTS,ocds-h6vhtk-06fb07_087716-2026,AI Related Apprenticeship Units - Northeastern University London,"Delivery of Apprenticeship Training, undertaken by Northeastern University - London",Portsmouth City Council,,,GBP,2026-09-16,,award,complete,,https://www.find-tender.service.gov.uk/Notice/087716-2026,2026-09-16T12:23:58.795377+00:00
FTS,ocds-h6vhtk-0513a7_087715-2026,Construction Professional Services 2,,Government Commercial Agency,,,GBP,2026-09-16,,contractAmendment,,,https://www.find-tender.service.gov.uk/Notice/087715-2026,2026-09-16T12:23:58.795383+00:00
FTS,ocds-h6vhtk-058284_087714-2026,HAC6052 Substance Misuse Redesign,"London Borough of Tower Hamlets is recommissioning a borough-wide, world-class adult substance misuse treatment system, aligned with the Combatting Drugs Partnership Strategy (2024–2027). Currently Tower Hamlets commissions and delivers a range of substance misuse treatment and recovery services for residents aged 18 plus, collectively branded as “Reset”. Following a period of review that includes a refreshed Joint Strategic Needs Assessment (JSNA), detailed system review and series of engagemen",Tower Hamlets,,25821108.0,GBP,2026-09-16,,planning,planning,,https://www.find-tender.service.gov.uk/Notice/087714-2026,2026-09-16T12:23:58.795387+00:00
FTS,ocds-h6vhtk-06fb06_087713-2026,Kitchens and Bathrooms Installation Scheme,"Watmos Community Homes is inviting tenders for the provision of a Kitchens and Bathrooms Installation Scheme. Approximately 1000 units (of either kitchens or bathrooms in approximately equal measure).
Lot 1: Walsall Estates (Approximately 100 units per annum) 
Lot 2: London Estates (Approximately 100 units per annum) 
Term: 5 Years
For more information about this opportunity, please visit the eSourcing portal at: 
https://www.delta-esourcing.com/tenders/UK-UK-Walsall:-Installation-of-fitted-kitc",Watmos Community Homes,,,GBP,2026-09-16,2026-10-15,tender,active,,https://www.find-tender.service.gov.uk/Notice/087713-2026,2026-09-16T12:23:58.795390+00:00
FTS,ocds-h6vhtk-06fb05_087712-2026,Finance Management System,"GCH wishes to procure a supplier to provide a modern, cloud-based Finance Management System, to support its current and future operational, regulatory, financial and strategic requirements ",Gloucester City Homes,,600000.0,GBP,2026-09-16,2026-10-19,tender,active,,https://www.find-tender.service.gov.uk/Notice/087712-2026,2026-09-16T12:23:58.795394+00:00
FTS,ocds-h6vhtk-06fb04_087711-2026,Awaab's Law Phase 2 - Delivery Assurance and Project Management Support,"Specialist consultancy support to strengthen delivery of Saxon Weald's Awaab's Law Phase 2 programme. Baytree will: (1) quality assure the translation of agreed business processes into clear, prioritised system requirements; (2) assess Infinity's proposed BRIKHousing delivery against the minimum viable requirements, identify functional or technical gaps, business impacts and risks, and recommend proportionate alternatives or controlled workarounds; and (3) provide project management support on S",SAXON WEALD,,,GBP,2026-09-16,,award,complete,,https://www.find-tender.service.gov.uk/Notice/087711-2026,2026-09-16T12:23:58.795398+00:00
FTS,ocds-h6vhtk-06fb03_087710-2026,UOEUE2863682026,"Providing supportive guidance and facilitation to internal stakeholders to support the successful launch of the new Centre for Professional Education and Partnerships by September 2026. Total £37,750 plus VAT and travel and accommodation expenses.",University of Exeter,,,GBP,2026-09-16,,award,complete,,https://www.find-tender.service.gov.uk/Notice/087710-2026,2026-09-16T12:23:58.795401+00:00
FTS,ocds-h6vhtk-06f9b6_087709-2026,715886482 Land Training Assurance Capability (LTAC),"The Land Training Advisory Capability (LTAC) (formerly Land Training Test & Reference Centre (LTT&RC)) will provide independent testing, analysis and assurance to support confidence in the Army Collective Training Service (ACTS). It will ensure that the Land Warfare Centre (LWC) remains an intelligent customer, able to maintain technical coherence and keep services focused on training outcomes, underpinned by secure information and data. Drawing upon reference architecture, technical standards a",Ministry of Defence,,6848333.33,GBP,2026-09-16,,planningUpdate,planned,,https://www.find-tender.service.gov.uk/Notice/087709-2026,2026-09-16T12:23:58.795405+00:00
FTS,ocds-h6vhtk-05ee32_087708-2026,Gcloud 14 iPlato Messaging Subscription,,NHS KENT AND MEDWAY INTEGRATED CARE BOARD,,,GBP,2026-09-16,,awardUpdate,,72000000,https://www.find-tender.service.gov.uk/Notice/087708-2026,2026-09-16T12:23:58.795408+00:00
FTS,ocds-h6vhtk-06e973_087707-2026,Spectrum Monitoring Solutions,"Ofcom is undertaking this market engagement to understand how available spectrum monitoring systems, software and supporting services could help define and deliver Ofcom’s future monitoring capability. This will inform the ongoing Spectrum Monitoring Strategy and Systems Review, future strategic options, potential investment cases and future procurement considerations.
The focus of this engagement is therefore not simply replacement of existing equipment on a like-for-like basis. Ofcom is seekin",Ofcom,,,GBP,2026-09-16,,planningUpdate,planning,,https://www.find-tender.service.gov.uk/Notice/087707-2026,2026-09-16T12:23:58.795412+00:00
FTS,ocds-h6vhtk-06fb02_087706-2026,CYP & Adult Community Services,The provision of community services within South Cumbria.,NHS Lancashire and South Cumbria Integrated Care Board,,,GBP,2026-09-16,,award,complete,85100000,https://www.find-tender.service.gov.uk/Notice/087706-2026,2026-09-16T12:23:58.795416+00:00
FTS,ocds-h6vhtk-06fade_087705-2026,Niche 2026/2027,Supply of agency Teachers and support staff,RIVER TEES MULTI-ACADEMY TRUST,,,GBP,2026-09-16,,award,complete,,https://www.find-tender.service.gov.uk/Notice/087705-2026,2026-09-16T12:23:58.795421+00:00
FTS,ocds-h6vhtk-06fb01_087704-2026,SLT Connect Leadership Development,"Ordnance Survey has entered into a contract with The Performants Group Limited (trading as T-minus) for the provision of leadership development and facilitation services to support the Senior Leadership Team (SLT) Connect programme.
The contract supports OS in strengthening senior leadership capability and collective leadership effectiveness as part of its wider organisational transformation and delivery of its business strategy to 2030. The requirement is intended to improve enterprise-wide dec",ORDNANCE SURVEY LIMITED,,,GBP,2026-09-16,,award,complete,,https://www.find-tender.service.gov.uk/Notice/087704-2026,2026-09-16T12:23:58.795425+00:00
FTS,ocds-h6vhtk-06fb00_087703-2026,Disrepair Works & Case Management Managed Service (DMS),"The London Borough of Lewisham is seeking a consultant-led provider, or a consortium led by a professional services consultant, to manage a Disrepair Works & Case Management, Managed Service (DMS). The Council has duties as a social landlord under the Defective Premises Act 1972, section 11 of the Landlord and Tenant Act 1985, the Homes (Fitness for Human Habitation) Act 2018, the Housing Health and Safety Rating System (HHSRS) and Awaab's Law. In June 2025 the Council had just over 1,000 open h",London Borough of Lewisham,,3800000.0,GBP,2026-09-16,,planning,planning,,https://www.find-tender.service.gov.uk/Notice/087703-2026,2026-09-16T12:23:58.795429+00:00
FTS,ocds-h6vhtk-06faff_087702-2026,Nine Hundred Communications Group - Radio System,"Wireless Radio System. The system is an established and important communication facility used across the Bradford District by traffic wardens, enforcement wardens, shoplifting enforcement officers and other enforcement personnel to support their day-to-day operational activities.",City of Bradford Metropolitan District Council,,,GBP,2026-09-16,,award,complete,,https://www.find-tender.service.gov.uk/Notice/087702-2026,2026-09-16T12:23:58.795433+00:00
FTS,ocds-h6vhtk-06fafe_087701-2026,Provision of Scanning Equipment Maintenance Services,This Voluntary Ex-Ante Transparency (VEAT) Notice relates to the intended procurement of maintenance services for scanning equipment. The contract duration is to be for 60 months.,Historic Environment Scotland,,,GBP,2026-09-16,,award,complete,50430000,https://www.find-tender.service.gov.uk/Notice/087701-2026,2026-09-16T12:23:58.795436+00:00
FTS,ocds-h6vhtk-06824d_087700-2026,TacNet Design and Integration Partner,"This procurement is for the continuation of support services and development to the Tactical Networks (TacNet) Dismounted Data System (DDS). The DDS capability is described as providing tactical communications and situational awareness. It is developed through new software and hardware, including the integration of sensors and effectors that are pivotal to support 4 Light Brigade Combat Team (4LBCT) in its ability to double and triple the Brigades lethality by the end of the decade. The DDS is a",Ministry of Defence,,,GBP,2026-09-16,,award,complete,,https://www.find-tender.service.gov.uk/Notice/087700-2026,2026-09-16T12:23:58.795440+00:00
FTS,ocds-h6vhtk-06fafd_087699-2026,Oriel - Digital Wayfinding Service,"The supply, configuration, integration, testing, deployment and ongoing support of a digital wayfinding platform for the Moorfields and UCL Centre for Eye Health. The platform will provide interactive digital building maps, destination search, multi-floor and step-free route generation, and accessible navigation for patients, visitors, staff and students.",MOORFIELDS EYE HOSPITAL NHS FOUNDATION TRUST,,470000.0,GBP,2026-09-16,2026-10-12,tender,active,,https://www.find-tender.service.gov.uk/Notice/087699-2026,2026-09-16T12:23:58.795445+00:00
FTS,ocds-h6vhtk-06f2de_087698-2026,P12819 - National School of Government and Public Services,"This notice is not an official launch of our procurement(s), it is to alert the market to future opportunities and allow us to begin conversations that will shape plans for multiple future requirements.
The Cabinet Office (Government Skills Group) is transforming the way learning and development (L&D) is designed, procured, and delivered across the Civil Service. Following the announcement by the Chief Secretary to the Prime Minister, the government is establishing the new National School of Gov",Cabinet Office,,,GBP,2026-09-16,,planningUpdate,planned,,https://www.find-tender.service.gov.uk/Notice/087698-2026,2026-09-16T12:23:58.795451+00:00
FTS,ocds-h6vhtk-06faf3_087697-2026,"API test, design and documentation tooling","Provision of API test, design and documentation tooling Enterprise licences to standardise API documentation, improve API design and collaboration, and support secure API development across engineering teams.",Financial Conduct Authority,,,GBP,2026-09-16,,awardUpdate,complete,,https://www.find-tender.service.gov.uk/Notice/087697-2026,2026-09-16T12:23:58.795454+00:00
FTS,ocds-h6vhtk-06fafc_087696-2026,"Solihull Community Housing, Stairlifts Lot 2.2 Sept 26",This contract award notice is to notify the market that Solihull Community Housing has appointed Prism UK Medical Ltd for their Stairlifts and Lifting Equipment (2026-2030). This appointment has been made under the Northern Housing Consortium's Stairlifts and Lifting Equipment (2026-2030). OCID (Open Contracting ID) Ref: ocds-h6vhtk-058c2c,Solihull Community Housing Limited,,,GBP,2026-09-16,,award,complete,,https://www.find-tender.service.gov.uk/Notice/087696-2026,2026-09-16T12:23:58.795458+00:00
FTS,ocds-h6vhtk-06fa37_087695-2026,"Water maintenance contract for Victoria, Chamberlain and Centenary fountains","The services required is for a water maintenance contract for three fountains in the city centre, namely Victoria, Chamberlain and Centenary fountains.
The water in these fountains require treatment under a maintenance regime and it is imperative they are always kept clean.
•	Relevant policies:  In accordance with Public Health Act and Environmental Act 2021.
•	Relevant statutory duties:  BCC has a duty of care to protect the public from legionella bacteria and other water-related diseases.",Birmingham City Council,,170000.0,GBP,2026-09-16,2026-10-06,tenderUpdate,active,,https://www.find-tender.service.gov.uk/Notice/087695-2026,2026-09-16T12:23:58.795464+00:00
FTS,ocds-h6vhtk-06f97d_087694-2026,Provision of a Cosy Homes in Lancashire (CHiL) Delivery Partner for Domestic Energy Initiatives 2026,"The overall objectives of the Cosy Homes in Lancashire Scheme are to:
Improve the energy efficiency, thermal comfort and over-heating of Lancashire homes.
Address health inequalities exacerbated by living in cold damp homes and help tackle excess winter deaths.
Reduce energy bills and maximise household income
Engage with Private Rented Sector Landlords to improve the energy efficiency of homes for tenants.
Reduce carbon emissions from the domestic sector.
To support the take up of low carbon an",Blackburn With Darwen Borough Council,,720000.0,GBP,2026-09-16,2026-10-15,tenderUpdate,active,,https://www.find-tender.service.gov.uk/Notice/087694-2026,2026-09-16T12:23:58.795469+00:00
FTS,ocds-h6vhtk-06fafb_087693-2026,Recruitment of Specialist Staff,"Services of a recruitment Agency to source permanent candidates for roles with specialist  skill sets, including but not limited to:
Specialist Crime
Digital Technology
Data and performance
The Procurement of this provision will be done under ESPO Framework 3S-26 and only those suppliers who have registered via the Framework  will be eligible to apply and must have the facility to cover all of the following lots:
2a,2b,2c,2e,2f and Lot 4",The Police and Crime Commissioner for Lincolnshire,,100000.0,GBP,2026-09-16,2026-10-30,planning,planned,,https://www.find-tender.service.gov.uk/Notice/087693-2026,2026-09-16T12:23:58.795473+00:00
FTS,ocds-h6vhtk-0585a8_087692-2026,SCE0040 - Occupational Therapy Trusted Assessor Learning and Development project,"Leicester City Council (the Council) undertook a procurement process to find a suitably qualified and experienced provider for the Occupational Therapy Trusted Assessor Learning and Development Service for residents of Leicester.
The procurement of this service has now concluded and the contract awarded. Services procured were as detailed in the tender documentation.
The proposed Contract will be for an initial period of 6 Months to commence on 24th August 2026 to 23rd February 2027 with no opti",Leicester City Council,,,GBP,2026-09-16,,award,complete,,https://www.find-tender.service.gov.uk/Notice/087692-2026,2026-09-16T12:23:58.795477+00:00
FTS,ocds-h6vhtk-06ed77_087691-2026,Shopmobility,"Shopmobility
SMBC 150526
BRIEF DESCRIPTION - Sandwell Council is looking for a provider to include the following, or detail who will be able to provide:
●	The Shopmobility Service operates 4 days per week from 08:30 -15:00. The service provides access to electric mobility scooter for use within the New Square shopping centre. The annual membership starts on the 1st October and finishes on the 30 September the following year. The membership costs are increased in line with Council agreed increase",Sandwell Metropolitan Borough Council,,60000.0,GBP,2026-09-16,2026-09-22,tenderUpdate,active,,https://www.find-tender.service.gov.uk/Notice/087691-2026,2026-09-16T12:23:58.795481+00:00
FTS,ocds-h6vhtk-06ac55_087690-2026,"MEP Survey Station Building at Science and Industry Museum, Manchester","An upcoming project involves a full building refurbishment with the exception of the recently renovated first floor Learning Academy. As part of the proposed upcoming refurbishment, the MEP installations will either require upgrading, diverting and/or re-commissioning to suit the requirements of the new spaces. The purpose of this intrusive survey is to inform the proposed scheme and production design for the proposed refurbishment. 
Please note that mandatory site visits are required for this t",Science Museum Group,,,GBP,2026-09-16,,award,complete,,https://www.find-tender.service.gov.uk/Notice/087690-2026,2026-09-16T12:23:58.795484+00:00
FTS,ocds-h6vhtk-06fafa_087689-2026,ENQ1318 - For the Provision of Event Traffic Management,"Quotations are invited for the provision of event traffic management Services for events across the city, where a car park needs to be operated in respect of the management of vehicles on site and processing of payment as efficiently as possible while managing the local roads to the car park. 
The Services will predominately be required for indoor events hosted by Derby Arena and a schedule of outdoor events requiring traffic management for road closures. Applications for any road closures will ",Derby City Council,,99999.0,GBP,2026-09-16,2026-09-23,tender,active,,https://www.find-tender.service.gov.uk/Notice/087689-2026,2026-09-16T12:23:58.795490+00:00
FTS,ocds-h6vhtk-06f5ae_087688-2026,Evaluation and Learning Partner  (Sport England Place Partnership Funding Expansion - Leicester),"Evaluation and Learning Partner 
Sports England Place Partnership Funding Expansion - Leicester.
Active Together are seeking to commission an evaluation and learning partner to work as part of the Sport England funded Place Expansion work in Leicester for an 18 month contract.
Leicester has been identified as an area for Sport England Place Based investment and has been awarded funding to support Place Based working from September 2026 to Spring 2028.
Evaluation and learning are a key part of th",Leicestershire County Council,,90000.0,GBP,2026-09-16,2026-10-09,tenderUpdate,active,,https://www.find-tender.service.gov.uk/Notice/087688-2026,2026-09-16T12:23:58.795494+00:00
FTS,ocds-h6vhtk-06faf9_087687-2026,Eardisley Primary Roof Works,"Roofing upgrade works at Eardisley Primary School, Herefordshire.",Herefordshire Council,,,GBP,2026-09-16,,award,complete,,https://www.find-tender.service.gov.uk/Notice/087687-2026,2026-09-16T12:23:58.795497+00:00
FTS,ocds-h6vhtk-06faf8_087686-2026,Junction Analytics Licence,Licence for junction analytics data,Portsmouth City Council,,,GBP,2026-09-16,,award,complete,,https://www.find-tender.service.gov.uk/Notice/087686-2026,2026-09-16T12:23:58.795501+00:00
FTS,ocds-h6vhtk-06bb82_087685-2026,"Provision of Foods and Beverages: Ambient, Chilled, and Frozen","Norse Commercial Services are planning to complete a procurement process for the supply of ambient, chilled, and frozen foods and beverages across the East of England, the South East, and the South West regions for Norse catering establishments, which includes education, non-education, the workplace, corporate, hospitality, leisure, and healthcare - the majority of Norse catering establishments within the education sector.
The Tender is planned to be advertised circa W/C 28th September 2026. 
Th",Norse Commercial Services Limited,,,GBP,2026-09-16,2026-10-27,planningUpdate,planned,,https://www.find-tender.service.gov.uk/Notice/087685-2026,2026-09-16T12:23:58.795506+00:00
FTS,ocds-h6vhtk-06faf7_087684-2026,GL1 Leisure Centre Contract 2 and Stage 3 Design,"See attached contract for details.
Progressing Design from RIBA Stage 3 to RIBA Stage 4
1.1. Appoint and lead the Design Team
a) Employ Design Consultants: Engage key consultants such as architects, structural engineers, MEP
engineers, and other necessary specialists to complete the Technical Design, for manufacturing
and construction stage (RIBA 4).
b) Design Coordination: Lead design workshops and meetings to ensure integrated design solutions
across disciplines.
c) Design Management: Manage t",Gloucester City Council,,,GBP,2026-09-16,,award,complete,,https://www.find-tender.service.gov.uk/Notice/087684-2026,2026-09-16T12:23:58.795510+00:00
FTS,ocds-h6vhtk-06faf6_087683-2026,Homelessness System Review,"Cambridge City Council completed phase one of a whole system review of homelessness, with phase two being direct awarded to complete a new homelessness strategy, action plan and works required under the Supported Housing (Regulatory Oversight) Act 2023 which is a review and strategy for Supported Accommodation, under a new contract. 
With LGR on the horizon all 6 LA's with this responsibility in Cambridgeshire and Peterborough want to bring this work together and for PPL to complete this for the",Cambridge City Council,,,GBP,2026-09-16,,award,complete,,https://www.find-tender.service.gov.uk/Notice/087683-2026,2026-09-16T12:23:58.795514+00:00
FTS,ocds-h6vhtk-06faf5_087682-2026,Signature Plus Service plan,1604 - Signature Plus Service plan for SN: 20241969 & SN: 20241971 - Chemagic 360 x 2. Genetics.,CAMBRIDGE UNIVERSITY HOSPITALS NHS FOUNDATION TRUST,,,GBP,2026-09-16,,award,complete,,https://www.find-tender.service.gov.uk/Notice/087682-2026,2026-09-16T12:23:58.795517+00:00
FTS,ocds-h6vhtk-06fab6_087681-2026,"External Works Package at a Residential Dwelling, North Leigh, Witney","West Oxfordshire District Council is seeking quotations from suitably qualified contractors to carry out a programme of external works at a Council owned residential property at 45 Common Road, Witney OX29 6RE.",West Oxfordshire District Council,,,GBP,2026-09-16,,award,complete,,https://www.find-tender.service.gov.uk/Notice/087681-2026,2026-09-16T12:23:58.795522+00:00
FTS,ocds-h6vhtk-06d9ab_087680-2026,Integrated Partnerships Framework,"Northern Ireland Water (NI Water) intends to undertake a procurement for the establishment of the IF109 Integrated Partnerships Framework (IF109). The future framework is being developed to support delivery of NI Water's capital investment programme and will succeed the existing IF105 Integrated Partnerships Framework, which is due to expire in May 2028. The framework is intended to support delivery of the PC28 investment programme and future regulatory periods whilst securing the capacity, capa",NORTHERN IRELAND WATER LIMITED,,10500000000.0,GBP,2026-09-16,,planningUpdate,planned,,https://www.find-tender.service.gov.uk/Notice/087680-2026,2026-09-16T12:23:58.795526+00:00
FTS,ocds-h6vhtk-06da5f_087679-2026,Construction of Community Hub South West England,"This tender is to appoint a main supplier for the construction of a new single storey (with attic storage) Village Hall and football changing facilities at the Recreation Ground, Whitcross, Barwick, Yeovil, Somerset BA22 9TQ
Works include building construction, utilities, external areas, and access/parking provision all as detailed and described in the attached documents. The hall is intended as a flexible, multiuse facility supporting community groups, the Parish Council, wellbeing activities, ",Barwick and Stoford Parish Council,,800000.0,GBP,2026-09-16,2026-10-09,tenderUpdate,active,,https://www.find-tender.service.gov.uk/Notice/087679-2026,2026-09-16T12:23:58.795531+00:00
FTS,ocds-h6vhtk-06faf4_087678-2026,THE PROVISION OF EXPERTS AT HAND - EDUCATIONAL  PSYCHOLOGIST SERVICES IN RUTLAND,The service provider will focus primarily on the early years and primary phases of education within mainstream education in Rutland based on the DFE principle.,Rutland County Council,,,GBP,2026-09-16,,award,complete,,https://www.find-tender.service.gov.uk/Notice/087678-2026,2026-09-16T12:23:58.795534+00:00
FTS,ocds-h6vhtk-06faf3_087677-2026,"API test, design and documentation tooling","Provision of API test, design and documentation tooling Enterprise licences to standardise API documentation, improve API design and collaboration, and support secure API development across engineering teams.",Financial Conduct Authority,,,GBP,2026-09-16,,award,complete,,https://www.find-tender.service.gov.uk/Notice/087677-2026,2026-09-16T12:23:58.795537+00:00
FTS,ocds-h6vhtk-06faf2_087676-2026,AM421 – Solar PV North Gwynedd ,Award notice for the contract AM421 – Solar PV North Gwynedd ,Adra (Tai) Cyf,,,GBP,2026-09-16,,award,complete,,https://www.find-tender.service.gov.uk/Notice/087676-2026,2026-09-16T12:23:58.795541+00:00
FTS,ocds-h6vhtk-06faf1_087675-2026,"Solihull Community Housing, Stairlifts Lot 1.4 Sept 26",This contract award notice is to notify the market that Solihull Community Housing has appointed SUPPLIER for their Stairlifts and Lifting Equipment (2026-2030). This appointment has been made under the Northern Housing Consortium's Stairlifts and Lifting Equipment (2026-2030). OCID (Open Contracting ID) Ref: ocds-h6vhtk-058c2c,Solihull Community Housing Limited,,,GBP,2026-09-16,,award,complete,,https://www.find-tender.service.gov.uk/Notice/087675-2026,2026-09-16T12:23:58.795546+00:00
FTS,ocds-h6vhtk-06f80a_087674-2026,INTERNAL REFURBISHMENT WORKS AT RESIDENTIAL DWELLINGS,"West Oxfordshire District Council 'The Authority' is seeking quotations from suitably qualified local contractors, to carry out a programme of external works at a Council owned residential property at 45 Common Road, Witney OX29 6RE. The dwelling consists of 4 flats, each with different works required.",West Oxfordshire District Council,,,GBP,2026-09-16,,award,complete,,https://www.find-tender.service.gov.uk/Notice/087674-2026,2026-09-16T12:23:58.795549+00:00
FTS,ocds-h6vhtk-06faf0_087673-2026,PURCH3013 Provision of Contract Agreement for Manufacture of Investigational Medicinal Products for a Clinical Trial,"PURCH3013 Provision of Contract Agreement for Manufacture of Investigational Medicinal Products for a Clinical Trial, (Including Final Qualified Person Release, Storage and Distribution to Study Sites) and Option to Provide an Integrated IRT System with Forecasting Capabilities.
This procurement process is being conducted using the Competitive Procedure with Negotiation (CPN) in accordance with the requirements of Regulation 30 of the PC(S)R 2015. Although this procurement is being conducted und",University of Glasgow,,,GBP,2026-09-16,2026-10-19,tender,active,33600000,https://www.find-tender.service.gov.uk/Notice/087673-2026,2026-09-16T12:23:58.795554+00:00
FTS,ocds-h6vhtk-06f3d7_087672-2026,Staff Surveys For Years 2026 to 2029,"Staff Surveys For Years 2026,2027,2028 to 2029",University Hospitals Dorset NHS Foundation Trust,,,GBP,2026-09-16,,awardUpdate,complete,,https://www.find-tender.service.gov.uk/Notice/087672-2026,2026-09-16T12:23:58.795557+00:00
FTS,ocds-h6vhtk-034a54_087671-2026,"Dynamic Purchasing System for Design, Print and Related Services","The London Borough of Haringey will procure all its Design, Print and Related Services requirements using this Dynamic Purchasing System contract",Haringey Council,,,GBP,2026-09-16,,tenderUpdate,,22000000,https://www.find-tender.service.gov.uk/Notice/087671-2026,2026-09-16T12:23:58.795561+00:00
FTS,ocds-h6vhtk-06faef_087670-2026,L26060-T-YH- Human Resources Information System (HRIS),"LLA is looking to implement a HRIS system for a 5 year period with the option to extend twice for a
further year each extension period (5 +1 +1). Currently, people management is conducted through
spreadsheets and email communication. This approach is unsustainable for a business of our size and
complexity.
Please see our tender documents, available FOC on our Jaggaer system, for further details.",London Luton Airport Operations Limited,,,GBP,2026-09-16,2026-09-17,tender,active,48450000,https://www.find-tender.service.gov.uk/Notice/087670-2026,2026-09-16T12:23:58.795564+00:00
FTS,ocds-h6vhtk-06faee_087669-2026,Earl Mortimer Atrium Roof Works,Atrium roof upgrade works at Earl Mortimer College,Herefordshire Council,,,GBP,2026-09-16,,award,complete,,https://www.find-tender.service.gov.uk/Notice/087669-2026,2026-09-16T12:23:58.795568+00:00
FTS,ocds-h6vhtk-06fae8_087668-2026,Bathroom Replacement Works,"1.1. North Yorkshire Council (the Authority) is requesting information from suppliers to help determine the scope and feasibility of its requirement, to understand the range of potential solutions available in the market, and to assist with drafting a potential future tender specification for Capital Bathroom Replacement works, and ad-hoc Bathroom Replacements following disrepair cases or complaints, to its social housing stock over a five-year contract period.",The North Yorkshire Council,,4000000.0,GBP,2026-09-16,,planningUpdate,planning,,https://www.find-tender.service.gov.uk/Notice/087668-2026,2026-09-16T12:23:58.795571+00:00
FTS,ocds-h6vhtk-069aa3_087667-2026,Effectiveness of interventions taken by UK slaughterhouses and cutting plants in response to unsatisfactory process hygiene criteria (PHC) results,"Development of handbook of corrective actions in the event of process hygiene failure in slaughterhouses - The FSA would like to commission a study to assess the effectiveness of interventions typically carried out by red meat and poultry slaughterhouses and cutting/processing plants within England, Wales and Northern Ireland following unsatisfactory PHC findings.",Food Standards Agency,,,GBP,2026-09-16,,award,complete,,https://www.find-tender.service.gov.uk/Notice/087667-2026,2026-09-16T12:23:58.795574+00:00
FTS,ocds-h6vhtk-06faed_087666-2026,TEG Manager Software Service Contract,3-year service contract for TEG Manager software,MERSEY AND WEST LANCASHIRE TEACHING HOSPITALS NHS TRUST,,,GBP,2026-09-16,,award,complete,,https://www.find-tender.service.gov.uk/Notice/087666-2026,2026-09-16T12:23:58.795578+00:00
FTS,ocds-h6vhtk-06faec_087665-2026,Speech and Language Training and Support,The provision of speech and language training and support to education settings spanning early years to post 16 within Darlington.,Darlington Borough Council,,,GBP,2026-09-16,,award,complete,,https://www.find-tender.service.gov.uk/Notice/087665-2026,2026-09-16T12:23:58.795583+00:00
FTS,ocds-h6vhtk-06f044_087664-2026,"Workwear, PPE and Hygiene Supplies","Nottingham Community Housing Association (NCHA) requires a supplier for the provision of Personal Protective Equipment (PPE), workwear, and cleaning/hygiene products to support its operational teams across housing, maintenance, estates, and corporate services.
This procurement seeks to establish a contract that ensures consistent supply, standardisation of products, compliance with health and safety legislation, and improved sustainability outcomes.
The proposed contract length is 2+2+1 years.
T",Nottingham Community Housing Association Limited,,400000.0,GBP,2026-09-16,,tenderUpdate,active,,https://www.find-tender.service.gov.uk/Notice/087664-2026,2026-09-16T12:23:58.795586+00:00
FTS,ocds-h6vhtk-06faeb_087663-2026,Habilitation Services,"Provision of a habilitation services to support children/young people with visual impairment to develop their mobility, orientation and life skills.   The children/young people will receive specialist habilitation input which is tailored to their developmental needs. 
The delivery will be term-time only. The contract is for 12 months with the option to extend for 12 months.
The procurement is a below threshold light touch process.",Blackpool Borough Council,,,GBP,2026-09-16,,award,complete,,https://www.find-tender.service.gov.uk/Notice/087663-2026,2026-09-16T12:23:58.795590+00:00
FTS,ocds-h6vhtk-06faea_087662-2026,Procurement of Consultancy to deliver Conservation Area Appraisals and Management Plans for 2 conservation areas- Ranmoor and Endcliffe,"We are seeking to directly appoint a suitably qualified and experienced consultant or consultant partnership to work with the Design, Conservation and Trees Team (DCT) and advisors from Historic England, to help produce content for two Conservation Area Appraisals and corresponding Management Plans for Ranmoor and Endcliffe conservation areas.",Sheffield City Council,,,GBP,2026-09-16,,award,complete,,https://www.find-tender.service.gov.uk/Notice/087662-2026,2026-09-16T12:23:58.795593+00:00
FTS,ocds-h6vhtk-06fae9_087661-2026,Kitchen Replacement Works,"North Yorkshire Council (the Authority) is requesting information from suppliers to help determine the scope and feasibility of its requirement, to understand the range of potential solutions available in the market, and to assist with drafting a potential future tender specification for Capital Kitchen Replacement works, and ad-hoc Kitchen Replacements following disrepair cases or complaints, to its social housing stock over a five-year contract period.",The North Yorkshire Council,,6500000.0,GBP,2026-09-16,,planning,planning,,https://www.find-tender.service.gov.uk/Notice/087661-2026,2026-09-16T12:23:58.795596+00:00
FTS,ocds-h6vhtk-06fae8_087660-2026,Bathroom Replacement Works,"1.1. North Yorkshire Council (the Authority) is requesting information from suppliers to help determine the scope and feasibility of its requirement, to understand the range of potential solutions available in the market, and to assist with drafting a potential future tender specification for Capital Kitchen Replacement works, and ad-hoc Kitchen Replacements following disrepair cases or complaints, to its social housing stock over a five-year contract period.",The North Yorkshire Council,,4000000.0,GBP,2026-09-16,,planning,planning,,https://www.find-tender.service.gov.uk/Notice/087660-2026,2026-09-16T12:23:58.795600+00:00
FTS,ocds-h6vhtk-06b8d0_087659-2026,Henbury Court School Refurbishment,Refurbishment of an existing area within Henbury Court Academy to deliver 30 additional SEND school places.,Bristol City Council,,,GBP,2026-09-16,,award,complete,,https://www.find-tender.service.gov.uk/Notice/087659-2026,2026-09-16T12:23:58.795608+00:00
FTS,ocds-h6vhtk-06fae7_087658-2026,Neville Hill 195 Fleet Maintenance Outline Designs,"This project is proposed to evaluate how a facility for carrying out the Northern 195 fleet maintenance requirements can be provided at Neville Hill. This will also need to consider operational constraints, electrified roads, movement control on the depot, material and personnel access, lighting and other supporting works. A feasibility assessment and options appraisal will be delivered for each element, to enable Northern stakeholders to select the optimum single option which will then be progr",NORTHERN TRAINS LIMITED,,2100000.0,GBP,2026-09-16,,planning,planning,,https://www.find-tender.service.gov.uk/Notice/087658-2026,2026-09-16T12:23:58.795615+00:00
FTS,ocds-h6vhtk-064f25_087657-2026,Parts & Lubricants for Vehicles and Plant Machinery,"Ubico Ltd is a local authority–owned environmental services company operating across Gloucestershire and West Oxfordshire, delivering a wide range of services including waste and recycling collections, street cleansing, grounds and garden maintenance, building and facilities support, fleet services, and other operational activities. 
To maintain a diverse fleet of vehicles and plant machinery, ranging from refuse collection vehicles and sweepers to light commercial vans, agricultural equipment, ",Ubico Ltd,,,GBP,2026-09-16,,award,complete,,https://www.find-tender.service.gov.uk/Notice/087657-2026,2026-09-16T12:23:58.795620+00:00
Contracts Finder,ocds-b5fd17-44aafe50-8b17-4f8a-a8e5-b11aeb0e6992_a9091dbb-f8d4-4d9e-8332-9dd9ab68cec4-914250,MSE PSA - Further Comp - Dermatology Insourcing,Call-off award following a mini-competition conducted via the HTE TWS (3) Clinical Insourcing Solutions Framework for the provision of Dermatology insourcing services at Mid and South Essex NHS Foundation Trust.,MID AND SOUTH ESSEX NHS FOUNDATION TRUST,,442410.0,GBP,2026-09-15,2026-06-29,award,complete,85100000,https://www.contractsfinder.service.gov.uk/Notice/a9091dbb-f8d4-4d9e-8332-9dd9ab68cec4-914250,2026-09-16T12:24:01.272849+00:00
Contracts Finder,ocds-b5fd17-952dc798-193b-4742-9fe7-b1d4678cda24_f7277997-96f7-46bb-bb00-702f40346d1d-914249,Berkeley QlRA Update,Berkeley QlRA Update,Nuclear Restoration Services Limited,,30000.0,GBP,2026-09-15,2026-09-03,award,complete,71351500,https://www.contractsfinder.service.gov.uk/Notice/f7277997-96f7-46bb-bb00-702f40346d1d-914249,2026-09-16T12:24:01.273097+00:00
Contracts Finder,ocds-b5fd17-50e70236-088c-4e4c-bd13-9a20a48dc46a_2302b6fa-5993-45c8-968b-a09271dac59b-914248,Adobe Licence Suite 26/27,Adobe Licence Suite 26/27,UK Health Security Agency,81699.58,90000.0,GBP,2026-09-15,2026-08-21,award,complete,48000000,https://www.contractsfinder.service.gov.uk/Notice/2302b6fa-5993-45c8-968b-a09271dac59b-914248,2026-09-16T12:24:01.273333+00:00
Contracts Finder,ocds-b5fd17-96954bc7-ffb1-453b-ab5e-4cc3cc8563af_7bd46d0a-0cd9-4cb2-bf55-638c122324aa-914247,"HAR6179: Create Day Centre Cooling, Mechanical Ventilation & Heating Works","HAR6179: Create Day Centre Cooling, Mechanical Ventilation & Heating Works

Please note this notice relates to an opportunity awarded through Lot 6 of Fusion21's Heating, Renewables and Electrical Framework 24 - 28",Tower Hamlets,,418515.0,GBP,2026-09-15,,planning,planning,42160000,https://www.contractsfinder.service.gov.uk/Notice/7bd46d0a-0cd9-4cb2-bf55-638c122324aa-914247,2026-09-16T12:24:01.273535+00:00
Contracts Finder,ocds-b5fd17-d0390e1a-7ec8-450b-8b22-fb0e0a81a5f3_72a97024-54b6-4dff-9940-94174ede6129-914246,"WSCC Route 60138  Chichester to Oak Grove College - 4 sears,no PA,REGULAR DRIVER","WSCC Route 60138  Chichester to Oak Grove College - 4 sears,no PA,REGULAR DRIVER",West Sussex County Council,,25071.34,GBP,2026-09-15,2026-07-23,award,complete,60120000,https://www.contractsfinder.service.gov.uk/Notice/72a97024-54b6-4dff-9940-94174ede6129-914246,2026-09-16T12:24:01.273734+00:00
Contracts Finder,ocds-b5fd17-58a915d5-825b-4c05-b333-0a57ce8b9529_09494b90-6d48-45a4-a50c-905a60e212c3-914245,"WSCC Route 30014 Littlehampton to Woodlands Meed College - 4 seats, no PA","WSCC Route 30014 Littlehampton to Woodlands Meed College - 4 seats, no PA",West Sussex County Council,,27322.15,GBP,2026-09-15,2026-07-23,award,complete,60120000,https://www.contractsfinder.service.gov.uk/Notice/09494b90-6d48-45a4-a50c-905a60e212c3-914245,2026-09-16T12:24:01.273925+00:00
Contracts Finder,ocds-b5fd17-52da6cca-2003-4123-9198-c2daf677a4b6_11a670f0-61be-406a-9324-df76227ba18f-914242,NPS Clean Room and Hackathon Cloud Delivery and Technical Assurance,This contract is for the design  and assurance of a Clean Room and Hackathon to support HMRC's re-procurement of the National Insurance & PAYE Service (NPS).,H M REVENUE & CUSTOMS,,500000.0,GBP,2026-09-15,2026-08-14,award,complete,72000000,https://www.contractsfinder.service.gov.uk/Notice/11a670f0-61be-406a-9324-df76227ba18f-914242,2026-09-16T12:24:01.274121+00:00
Contracts Finder,ocds-b5fd17-33e5a4f7-dcbd-4ed4-a9df-bea68e388177_47735cf4-f1c0-4a1d-aa1f-1c68e4d92b3c-914244,WSCC Route 8312 - Southwater to New Barn School - 2 Passengers - PA,WSCC Route 8312 - Southwater to New Barn School - 2 Passengers - PA,West Sussex County Council,,38873.52,GBP,2026-09-15,2026-07-23,award,complete,60120000,https://www.contractsfinder.service.gov.uk/Notice/47735cf4-f1c0-4a1d-aa1f-1c68e4d92b3c-914244,2026-09-16T12:24:01.274356+00:00
Contracts Finder,ocds-b5fd17-2094aeb4-bb6f-4740-84bf-77354098a201_062c6bb6-f06b-44db-aead-c53364b00c6f-914235,General Legal Advice Services for Property Partnering - GLD CLG Central Property,Provision of General Legal Advice Services for Property Partnering - GLD CLG Central Property,Government Legal Department,,2000000.0,GBP,2026-09-15,2026-03-31,award,complete,79111000,https://www.contractsfinder.service.gov.uk/Notice/062c6bb6-f06b-44db-aead-c53364b00c6f-914235,2026-09-16T12:24:01.274554+00:00
Contracts Finder,ocds-b5fd17-371182c3-4421-4dd0-b6bd-ae949891b58b_cc0d3060-504a-4e3b-8ba7-7e9a5e519d56-914243,WSCC 3634 Horsham to Warden Park school - 1 PA- regular driver,WSCC 3634 Horsham to Warden Park school - 1 PA- regular driver,West Sussex County Council,,44150.83,GBP,2026-09-15,2026-07-23,award,complete,60120000,https://www.contractsfinder.service.gov.uk/Notice/cc0d3060-504a-4e3b-8ba7-7e9a5e519d56-914243,2026-09-16T12:24:01.274742+00:00
Contracts Finder,ocds-b5fd17-690cf813-8909-4990-9b14-a37a50f45c54_5b7aedb6-6924-4bc4-97f1-d721f68f321b-914241,WSCC Route 903 - Imberhorne School Coach - Min 53 Seats,WSCC Route 903 - Imberhorne School Coach - Min 53 Seats,West Sussex County Council,,112107.6,GBP,2026-09-15,2026-07-23,award,complete,60120000,https://www.contractsfinder.service.gov.uk/Notice/5b7aedb6-6924-4bc4-97f1-d721f68f321b-914241,2026-09-16T12:24:01.274923+00:00
Contracts Finder,ocds-b5fd17-6d4cde0f-33e2-41d5-b854-410f7f7696f1_6f8c6485-e0a5-4e35-a73f-9940c6cdbc54-914240,"WSCC Route 53496 Burgess Hill to Manor Green Primary-4 seats, 1 PA, Child car s","WSCC Route 53496 Burgess Hill to Manor Green Primary-4 seats, 1 PA, Child car s",West Sussex County Council,,45986.81,GBP,2026-09-15,2026-07-23,award,complete,60120000,https://www.contractsfinder.service.gov.uk/Notice/6f8c6485-e0a5-4e35-a73f-9940c6cdbc54-914240,2026-09-16T12:24:01.275107+00:00
Contracts Finder,ocds-b5fd17-341c0fed-8cd0-4bbd-9794-6315aa203df1_dba62d78-8ebd-413a-8956-d7a929b74b3a-914239,Mids - AOMR Lot 2 - AMCO - Sheepwash PSRA,Mids - AOMR Lot 2 - AMCO - Sheepwash PSRA,DEFRA,,50000.0,GBP,2026-09-15,2026-09-07,award,complete,45246410,https://www.contractsfinder.service.gov.uk/Notice/dba62d78-8ebd-413a-8956-d7a929b74b3a-914239,2026-09-16T12:24:01.275321+00:00
Contracts Finder,ocds-b5fd17-f4c69224-f774-4247-8303-6785cac40e8a_604ad569-e560-480f-88a0-3f534f3c2548-914237,Taxi and MPV (1-8 seats) Passenger Assistant - Taxi and MPV (1-8 seats) Passenger Assistant,"Vehicle type: Saloon
Passenger Assistant Required: PA required if travelling alone.

Proposed Taxi Route: 
From: TN7 4JA
To:  Priory School, BN7 2XN

Frequency: Monday to Friday
Daily School Time: Mon-Fri 08:30-15~15:15

Comments for Operator: 
PA required if travelling alone.
 This opportunity has been distributed on SProc.net",East Sussex County Council,,,GBP,2026-09-15,2026-09-18,tender,active,60000000,https://www.contractsfinder.service.gov.uk/Notice/604ad569-e560-480f-88a0-3f534f3c2548,2026-09-16T12:24:01.275519+00:00
Contracts Finder,ocds-b5fd17-d2c04dc1-055f-4e05-91b7-f109d1df463d_c9576b41-fb07-498a-99d7-de912a6caf8d-914236,WSCC Route 7385 - Billingshurst to Aurora Chaldon School - 1 Passenger - NO PA,WSCC Route 7385 - Billingshurst to Aurora Chaldon School - 1 Passenger - NO PA,West Sussex County Council,,34996.48,GBP,2026-09-15,2026-07-28,award,complete,60120000,https://www.contractsfinder.service.gov.uk/Notice/c9576b41-fb07-498a-99d7-de912a6caf8d-914236,2026-09-16T12:24:01.275707+00:00
Contracts Finder,ocds-b5fd17-fdfe5cf0-65a1-46e4-958e-752bba49ccd2_15d0ffc8-ecbe-431a-b1e1-ac1bb992cc6f-914230,ITT f0r project 10205921,ITT f0r project 10205921,UK RESEARCH & INNOVATION,,4120.0,GBP,2026-09-15,2026-07-22,award,complete,79421100,https://www.contractsfinder.service.gov.uk/Notice/15d0ffc8-ecbe-431a-b1e1-ac1bb992cc6f-914230,2026-09-16T12:24:01.275891+00:00
Contracts Finder,ocds-b5fd17-38a02a97-28b2-4429-bd23-ec7c23f36934_803f7cb8-f5b7-49df-8658-6b3d34575721-914234,Individual Placement Scheme (IPS),"The Contracting Authority is seeking to procure a specialist Individual Placement and Support (IPS) service to support adults engaged in structured drug and alcohol treatment services across the six London boroughs of: 

Croydon 

Kingston upon Thames 

Merton 

Richmond upon Thames 

Sutton 

Wandsworth 

The successful provider will deliver a high-quality IPS employment service that supports individuals receiving treatment for drug and alcohol dependency to obtain and sustain com",London Borough of Merton,,2306000.0,GBP,2026-09-15,2026-10-14,tender,active,85312500,https://www.contractsfinder.service.gov.uk/Notice/803f7cb8-f5b7-49df-8658-6b3d34575721,2026-09-16T12:24:01.276077+00:00
Contracts Finder,ocds-b5fd17-bd8f7200-7718-42f5-8813-b621f17e57ea_c446db07-5204-48fc-9a19-57bc3cdbbdee-914233,Contingent Labour - Multidisciplinary Temporary Healthcare,"Provision of contingent labour services to support NHS Blood and Transplant. The contract provides temporary multidisciplinary healthcare staffing resources to maintain continuity of activities, address short-term workforce requirements, support recruitment gaps, and respond to fluctuations in operational demand. Staff are supplied on an as-required basis under the terms of the call-off contract.",NHS Blood and Transplant,,122000.0,GBP,2026-09-15,2026-09-14,award,complete,79620000,https://www.contractsfinder.service.gov.uk/Notice/c446db07-5204-48fc-9a19-57bc3cdbbdee-914233,2026-09-16T12:24:01.276283+00:00
Contracts Finder,ocds-b5fd17-08aacd79-e38e-4dd7-ba08-1f6b259b47d7_a24030e7-e3bd-448a-8bfd-3998b880b440-914232,"WSCC Route 60127 Littlehampton to Seadown School - 8 pax Mini Bus, 1 PA","WSCC Route 60127 Littlehampton to Seadown School - 8 pax Mini Bus, 1 PA",West Sussex County Council,,70289.71,GBP,2026-09-15,2026-07-22,award,complete,60120000,https://www.contractsfinder.service.gov.uk/Notice/a24030e7-e3bd-448a-8bfd-3998b880b440-914232,2026-09-16T12:24:01.276476+00:00
Contracts Finder,ocds-b5fd17-d6d6e2c5-4c08-4a51-817b-566f01c6cbc0_86239d9c-dbc8-46e1-9a9f-26fde4fc7927-914231,Operation of  the Flu Vaccination Programme for Nottinghamshire County Council Employees,"Nottinghamshire County Council require Providers to deliver the annual Flu Vaccination Programme to its employees.\r
\r
An open tender process is being conducted with the aim of appointing up to a maximum of three Providers under a Framework Agreement.\r
\r
The initial term of the Framework Agreement is four years with the potential to extend the Agreement for a further two years in increments of up to 12 months. The estimated annual contract value is £15,000 - £18,000 therefore the maximum ",Nottinghamshire County Council,,108000.0,GBP,2026-09-15,2021-09-13,award,complete,85000000,https://www.contractsfinder.service.gov.uk/Notice/86239d9c-dbc8-46e1-9a9f-26fde4fc7927-914231,2026-09-16T12:24:01.276659+00:00
Contracts Finder,ocds-b5fd17-9504962b-aa9f-417a-be51-d22975c4f835_dbf84c0a-953f-45d5-82b5-abbadeaf3d87-914229,ITT For Project 10206138,ITT For Project 10206138,Innovate UK,,3060.0,GBP,2026-09-15,2026-07-28,award,complete,79421100,https://www.contractsfinder.service.gov.uk/Notice/dbf84c0a-953f-45d5-82b5-abbadeaf3d87-914229,2026-09-16T12:24:01.276843+00:00
Contracts Finder,ocds-b5fd17-e971e01a-5ed0-4b58-bf6b-80d77a7b497d_6c9bb9a0-290c-4786-bd3f-af8cfdd3a10e-914228,ITT For Project 10203021,ITT For Project 10203021,Innovate UK,,1810.0,GBP,2026-09-15,2026-07-29,award,complete,79421100,https://www.contractsfinder.service.gov.uk/Notice/6c9bb9a0-290c-4786-bd3f-af8cfdd3a10e-914228,2026-09-16T12:24:01.277023+00:00
Contracts Finder,ocds-b5fd17-93b6eb1d-cc35-471b-8741-08aa4b88e031_f29f0b9d-b800-4502-b708-19e26adc58d6-914226,ITT For Project 10202925,ITT For Project 10202925,Innovate UK,,3090.0,GBP,2026-09-15,2026-07-29,award,complete,79421100,https://www.contractsfinder.service.gov.uk/Notice/f29f0b9d-b800-4502-b708-19e26adc58d6-914226,2026-09-16T12:24:01.277204+00:00
Contracts Finder,ocds-b5fd17-d59e94f4-b581-4fec-b0b5-951208e50a8f_bae251e1-504b-4a2f-bf7a-c392bf41ce93-914221,"ITT for projects 10206067, 10205139","ITT for projects 10206067, 10205139",UK RESEARCH & INNOVATION,,8260.0,GBP,2026-09-15,2026-07-23,award,complete,79421100,https://www.contractsfinder.service.gov.uk/Notice/bae251e1-504b-4a2f-bf7a-c392bf41ce93-914221,2026-09-16T12:24:01.277423+00:00
Contracts Finder,ocds-b5fd17-4d93a21e-4379-4824-900c-1f894d1b7ec8_66c302f5-033c-4a0a-9853-5772117b70f7-914227,WSCC Route 7390 - Horsham to Angmering School - 2 Passengers - PA,WSCC Route 7390 - Horsham to Angmering School - 2 Passengers - PA,West Sussex County Council,,60965.06,GBP,2026-09-15,2026-07-23,award,complete,60120000,https://www.contractsfinder.service.gov.uk/Notice/66c302f5-033c-4a0a-9853-5772117b70f7-914227,2026-09-16T12:24:01.277613+00:00
Contracts Finder,ocds-b5fd17-170e1900-cd9a-4360-8d11-81a5945a8112_c9eb0b84-c33c-49d8-9e31-83fa1b017ee2-914225,EKFB JV - G2S - Central - Stair & Hard Landscaping Trial / Works,"EKFB are looking for a Subcontractor for the design, supply, installation, management and completion of the Claydon Road Overbridge Access Stairs and Hard Slope (hard landscaping) trial works, including all labour, plant, equipment, materials, temporary works, supervision and quality documentation required to deliver the works.
      
      Works to include the following elements 
      
      Review of the proposed product requirements and recommendation of suitable alternatives where appli","Eiffage Kier JV HS2 Main Civils Works, Lots C2 & C3",500000.0,1000000.0,GBP,2026-09-15,2026-09-25,tender,active,44233000,https://www.contractsfinder.service.gov.uk/Notice/c9eb0b84-c33c-49d8-9e31-83fa1b017ee2,2026-09-16T12:24:01.277804+00:00
Contracts Finder,ocds-b5fd17-450d09cc-768e-4036-b754-3f012e2ccbb7_8ead2717-9ceb-4d93-b9df-e402d9e19c0d-914224,Midlands Brown Salt Order 5,5000t Brown Salt Order 5 Midlands various depots,National Highways Limited,,295300.0,GBP,2026-09-15,2026-09-14,award,complete,34927100,https://www.contractsfinder.service.gov.uk/Notice/8ead2717-9ceb-4d93-b9df-e402d9e19c0d-914224,2026-09-16T12:24:01.277987+00:00
Contracts Finder,ocds-b5fd17-195456ad-4481-48a1-9e6f-e13232905270_736fa332-9f6f-4a37-8bc3-580213e1083f-914223,HRE - AFS/20 - Aviemore to Forres - Castle Grant,HRE - AFS/20 - Aviemore to Forres - Castle Grant,National Highways Limited,,162058.0,GBP,2026-09-15,2026-09-15,award,complete,34621000,https://www.contractsfinder.service.gov.uk/Notice/736fa332-9f6f-4a37-8bc3-580213e1083f-914223,2026-09-16T12:24:01.278170+00:00
Contracts Finder,ocds-b5fd17-44c61431-d2c3-4927-a8ff-d8bf6fa78bbd_aecc8c6c-4605-459e-82da-cce96744a0ae-914222,ITT For Project 10203753,ITT For Project 10203753,Innovate UK,,2625.0,GBP,2026-09-15,2026-07-28,award,complete,79421100,https://www.contractsfinder.service.gov.uk/Notice/aecc8c6c-4605-459e-82da-cce96744a0ae-914222,2026-09-16T12:24:01.278382+00:00
Contracts Finder,ocds-b5fd17-d26a673c-8475-4d0f-b9fc-6de7c0c3e04e_fbb08e80-b1f2-4ed9-8b4e-5ab131071cef-911262,AI Development Pilot,The provision of an AI development service,Government Legal Department,,30000.0,GBP,2026-09-15,2026-05-21,awardUpdate,complete,72212900,https://www.contractsfinder.service.gov.uk/Notice/fbb08e80-b1f2-4ed9-8b4e-5ab131071cef-911262,2026-09-16T12:24:01.278573+00:00
Contracts Finder,ocds-b5fd17-e3124e57-2b14-4f47-bfa2-95d8df9404a7_945d6883-ad57-4e61-9fdf-3c26824c6303-914220,ITT For Project 10202916,ITT For Project 10202916,Innovate UK,,4630.0,GBP,2026-09-15,2026-07-28,award,complete,79421100,https://www.contractsfinder.service.gov.uk/Notice/945d6883-ad57-4e61-9fdf-3c26824c6303-914220,2026-09-16T12:24:01.278761+00:00
Contracts Finder,ocds-b5fd17-fabccdc0-7367-4298-98fe-e292fc1aa6d2_f38ffb56-26c0-42e9-bdbd-4458fc4ae688-914218,AWS Direct Connect,"The requirement connectivity in the data centre in the  UK, South-West region and supply (additional) hardware of the current installation infrastructure.

Additional information: This is a Transparency Notice.",MINISTRY OF DEFENCE,,43560.0,GBP,2026-09-15,2026-08-26,awardUpdate,complete,51300000,https://www.contractsfinder.service.gov.uk/Notice/f38ffb56-26c0-42e9-bdbd-4458fc4ae688-914218,2026-09-16T12:24:01.278945+00:00
Contracts Finder,ocds-b5fd17-37d58e9e-e914-4085-99e9-603411db8ffb_a24a375e-e284-4837-8688-f87f0735a77b-914219,ITT For Project 10204425,ITT For Project 10204425,Innovate UK,,5680.0,GBP,2026-09-15,2026-07-28,award,complete,79421100,https://www.contractsfinder.service.gov.uk/Notice/a24a375e-e284-4837-8688-f87f0735a77b-914219,2026-09-16T12:24:01.279125+00:00
Contracts Finder,ocds-b5fd17-b797ddbc-bb60-4088-bb67-8674528869f9_fd37c56e-1388-484a-88d9-753a7770d082-914216,Electronic Payment Services Apr27 - One Manchester - awarded,"This contract award notice is to notify the market that One Manchester based in Manchester, UK have appointed Allpay as their Electronic Payment Services provider for a period of TWO years. This appointment has been made under the Northern Housing Consortium's Electronic Payment Services Framework. (Contract Award Notice 2023/S 000-023456)",NORTHERN HOUSING CONSORTIUM LIMITED,,248174.0,GBP,2026-09-15,2026-08-07,award,complete,66000000,https://www.contractsfinder.service.gov.uk/Notice/fd37c56e-1388-484a-88d9-753a7770d082-914216,2026-09-16T12:24:01.279336+00:00
Contracts Finder,ocds-b5fd17-32919224-1b69-498a-864d-9e48107bb780_5552768d-86a9-4c01-99b9-062e4460ce48-914217,Command & Control Programme (C2P) - Accelerated Discovery,"The Maritime and Coastguard Agency's (MCA) Command & Control Programme (C2P) is undertaking discovery activity to understand the current operational, technical and organisational landscape, identify stakeholder needs, assess pain points, and begin shaping investment grade options for the future Command & Control capability.

The MCA undertook a Further Competition under the Government Commercial Agency's Management Consultancy Framework Four (RM6309), Lot 3: Complex and transformation for an A",MCA - Maritime and Coastguard Agency,,309200.0,GBP,2026-09-15,2026-07-16,award,complete,72221000,https://www.contractsfinder.service.gov.uk/Notice/5552768d-86a9-4c01-99b9-062e4460ce48-914217,2026-09-16T12:24:01.279542+00:00
Contracts Finder,ocds-b5fd17-249eef74-6a98-40ab-839b-ee5da7bd658c_9b2bfe8c-fa69-469b-b591-66d19e8d78af-914215,ITT For Project 10205792,ITT For Project 10205792,Innovate UK,,4090.0,GBP,2026-09-15,2026-08-26,award,complete,79421100,https://www.contractsfinder.service.gov.uk/Notice/9b2bfe8c-fa69-469b-b591-66d19e8d78af-914215,2026-09-16T12:24:01.279725+00:00
Contracts Finder,ocds-b5fd17-fb2ccaaa-2747-4b37-a650-fba9af43d8c4_0989abaf-1f89-4f2a-a6bc-d0b697e2c779-914214,ITT For Project 10204737,ITT For Project 10204737,Innovate UK,,3800.0,GBP,2026-09-15,2026-08-26,award,complete,79421100,https://www.contractsfinder.service.gov.uk/Notice/0989abaf-1f89-4f2a-a6bc-d0b697e2c779-914214,2026-09-16T12:24:01.279905+00:00
Contracts Finder,ocds-b5fd17-64adb11d-7c1e-4d25-ae63-259e306ca8a9_c8802c0a-ff97-42e3-bfff-2ec4b33cc674-914204,ITT for project 10195763,ITT for project 10195763,UK RESEARCH & INNOVATION,,2830.0,GBP,2026-09-15,2026-06-05,award,complete,79421100,https://www.contractsfinder.service.gov.uk/Notice/c8802c0a-ff97-42e3-bfff-2ec4b33cc674-914204,2026-09-16T12:24:01.280085+00:00
Contracts Finder,ocds-b5fd17-2aded50c-95cc-40df-ae44-113442a5a5da_701932dd-cac6-4623-b4ef-1e7938d2aa70-914213,Opswat CDR,"4 instances of Opswat Metadefender to
provide enterprise grade file security,
malware and CDR (Content Disarm and
Reconstruct) protection across our digital
services",Intellectual Property Office,,292998.92,GBP,2026-09-15,2026-08-23,award,complete,48730000,https://www.contractsfinder.service.gov.uk/Notice/701932dd-cac6-4623-b4ef-1e7938d2aa70-914213,2026-09-16T12:24:01.280285+00:00
Contracts Finder,ocds-b5fd17-3343cead-19de-486b-b0b7-5ae4abd8030b_ed74ed56-3ed0-4169-8f74-9b327d0e697f-914202,NOVUS Should Cost Model,A Should Cost Model and Insight Report to aid with the a future service desk procurement.,MINISTRY OF DEFENCE,,69900.0,GBP,2026-09-15,2026-08-28,award,complete,79400000,https://www.contractsfinder.service.gov.uk/Notice/ed74ed56-3ed0-4169-8f74-9b327d0e697f-914202,2026-09-16T12:24:01.280474+00:00
Contracts Finder,ocds-b5fd17-35345a7a-e750-4b59-aaba-56b06cb321ed_919e6589-ccc6-4b7a-a445-cd9f7a84d329-914207,ITT For Project 10204115,ITT For Project 10204115,Innovate UK,,3955.0,GBP,2026-09-15,2026-08-26,award,complete,79421100,https://www.contractsfinder.service.gov.uk/Notice/919e6589-ccc6-4b7a-a445-cd9f7a84d329-914207,2026-09-16T12:24:01.280660+00:00
Contracts Finder,ocds-b5fd17-6b5e3556-15fd-4d12-9ba3-137ef728b610_3816af0b-ea91-41db-b3b3-b859b0e52734-914212,Arboricultural services - Tree works operations,"13679_HWYS_HIGHBURY NEW PARK 27_27
Tree maintenance for Highbury New Park This opportunity has been distributed on adamprocure.co.uk",London Borough Of Islington,,,GBP,2026-09-15,2026-09-24,tender,active,50000000,https://www.contractsfinder.service.gov.uk/Notice/3816af0b-ea91-41db-b3b3-b859b0e52734,2026-09-16T12:24:01.280841+00:00
Contracts Finder,ocds-b5fd17-8db1e566-5738-45c3-aebf-d3577617310a_a0ab7369-3f2a-4fe9-81a5-d585dd08b5a6-914211,Vegetarian and Vegan Products,The Corporate Officer of the House of Commons and the Corporate Officer of the House of Lords require the provision of vegetarian and vegan products for consumption in their catering outlets across the Parliamentary Estate.,Vegetarian Express Ltd.,150000.0,300000.0,GBP,2026-09-15,2026-05-29,award,complete,15894100,https://www.contractsfinder.service.gov.uk/Notice/a0ab7369-3f2a-4fe9-81a5-d585dd08b5a6-914211,2026-09-16T12:24:01.281023+00:00
Contracts Finder,ocds-b5fd17-c629f6ef-1ae8-49bb-9bd7-cfd1508530de_a9e3c237-7461-4554-8f4a-6e9e1b94405b-914208,"Contributing to Ending the Preventable Deaths of mothers, babies and children by 2030 (EPD)","Contributing to Ending the Preventable Deaths of mothers, babies and children by 2030 (EPD) is a UK government commitment and is a core health objective within the International Development Strategy.  It is also central to FCDO's priority on women and girls and humanitarian efforts.  The approach focuses on addressing the issues affecting the health and rights of women, babies and children.  

The burden of deaths remains huge - newborn deaths make up the greatest number of deaths from any cau",Foreign Commonwealth and Development Office,,7000000.0,GBP,2026-09-15,2025-08-24,award,complete,75211200,https://www.contractsfinder.service.gov.uk/Notice/a9e3c237-7461-4554-8f4a-6e9e1b94405b-914208,2026-09-16T12:24:01.281202+00:00
Contracts Finder,ocds-b5fd17-0d9e657a-05eb-4741-a740-f11c086678bd_2d0e4589-2318-470f-8591-b0a62a672281-914206,ITT For Project 10203290,ITT For Project 10203290,Innovate UK,,4220.0,GBP,2026-09-15,2026-08-26,award,complete,79421100,https://www.contractsfinder.service.gov.uk/Notice/2d0e4589-2318-470f-8591-b0a62a672281-914206,2026-09-16T12:24:01.281408+00:00
Contracts Finder,ocds-b5fd17-ac1a853e-bd08-4063-bf94-749ca442b115_af71d21d-a9d7-4243-8469-90ee18f5fcca-914203,ITT For Project 10205165,ITT For Project 10205165,Innovate UK,,3800.0,GBP,2026-09-15,2026-08-26,award,complete,79421100,https://www.contractsfinder.service.gov.uk/Notice/af71d21d-a9d7-4243-8469-90ee18f5fcca-914203,2026-09-16T12:24:01.281596+00:00
Contracts Finder,ocds-b5fd17-a29c3ef9-865c-4412-a643-d97622512ca0_66b0c2fd-f5f8-48ab-bde4-269cba4924f9-914205,"QIP483 0900 2026-09-15 Ipswich -WS Training, Ipswich (4-seated vehicle and a PA required) - AWARD","Suffolk County Council is seeking a mini competition against the following Dynamic Purchasing System: `The supply of Passenger Transport Services`, OJEU Notice Id: 2018/S 031-067685.
      
      QIP483 0900 2026-09-15 Ipswich -WS Training, Ipswich (4-seated vehicle and a PA required)
      
      Further details can be found in the 'Tenders / My Tenders' area of this website, by selecting the 'View Details' button for this project.
      
      The deadline for returned submissions is 090",Suffolk County Council Passenger Transport,,,GBP,2026-09-15,2026-09-15,award,complete,60000000,https://www.contractsfinder.service.gov.uk/Notice/66b0c2fd-f5f8-48ab-bde4-269cba4924f9-914205,2026-09-16T12:24:01.281773+00:00
Contracts Finder,ocds-b5fd17-79ce0fda-115c-4157-8da9-1fe3111a7e4a_18fc9ea5-6b7f-45e8-ae5b-4f79bd83ca6a-914200,"ITT for projects 10195195, 10194633","ITT for projects 10195195, 10194633",UK RESEARCH & INNOVATION,,4317.0,GBP,2026-09-15,2026-06-05,award,complete,79421100,https://www.contractsfinder.service.gov.uk/Notice/18fc9ea5-6b7f-45e8-ae5b-4f79bd83ca6a-914200,2026-09-16T12:24:01.281952+00:00
Contracts Finder,ocds-b5fd17-f2bab06e-e850-42ff-9058-6830b840b470_521c9c21-6382-44fb-8909-142f75a863a5-914201,NUNCON - Section 106 Monitoring Software,Procurement and implementation of a Section 106 monitoring software system.,Nuneaton & Bedworth Borough Council,,,GBP,2026-09-15,2026-07-10,award,complete,72000000,https://www.contractsfinder.service.gov.uk/Notice/521c9c21-6382-44fb-8909-142f75a863a5-914201,2026-09-16T12:24:01.282128+00:00
Contracts Finder,ocds-b5fd17-93fe0646-2a1e-4431-a6d7-12752ba5df3e_c3df40cc-c369-4a4d-b365-ec96652eee50-914197,ITT for project  10191628,ITT for project  10191628,UK RESEARCH & INNOVATION,,3500.0,GBP,2026-09-15,2026-05-07,award,complete,79421100,https://www.contractsfinder.service.gov.uk/Notice/c3df40cc-c369-4a4d-b365-ec96652eee50-914197,2026-09-16T12:24:01.282329+00:00
Contracts Finder,ocds-b5fd17-b5899018-d31d-44c6-8d50-a537b869fabc_8abf239d-a0a9-4fcd-bfbf-cc12766131c2-914199,Azure Managed Service & Cybersecurity Operations Centre,Provision of Azure Managed Service & Cybersecurity Operations Centre,London Borough of Hammersmith & Fulham,,707188.0,GBP,2026-09-15,2026-03-04,award,complete,72212210,https://www.contractsfinder.service.gov.uk/Notice/8abf239d-a0a9-4fcd-bfbf-cc12766131c2-914199,2026-09-16T12:24:01.282518+00:00
Contracts Finder,ocds-b5fd17-33e3a636-7d58-4001-9e40-554f4efd68b2_dfb7789c-69ff-4bf5-9fc7-4c76ee0ca175-914198,Storage & Management of Lloyd George Records,"HIOW ICB have procured the storage and retrieval of Lloyd George records for approximately Hampshire and Isle of Wight GP practices to maintain uninterrupted access to historical paper records, supporting safe clinical care, transfers of records, and subject access requests.",HAMPSHIRE AND ISLE OF WIGHT ICB,,746585.0,GBP,2026-09-15,2026-08-11,awardUpdate,complete,72512000,https://www.contractsfinder.service.gov.uk/Notice/dfb7789c-69ff-4bf5-9fc7-4c76ee0ca175-914198,2026-09-16T12:24:01.282699+00:00
Contracts Finder,ocds-b5fd17-a5352e29-42b4-48a9-bf93-9fae85fc073d_213942a2-a516-49bd-b016-e68ff4f1c65a-914196,DNWP0029/Lot 4/Long-Term Metals Treatment Capability,DNWP0029/Lot 4/Long-Term Metals Treatment Capability,Sellafield Ltd,,88852.72,GBP,2026-09-15,2026-08-24,award,complete,98391000,https://www.contractsfinder.service.gov.uk/Notice/213942a2-a516-49bd-b016-e68ff4f1c65a-914196,2026-09-16T12:24:01.282879+00:00
Contracts Finder,ocds-b5fd17-7cbcb1a4-ef38-4324-bd5b-93acbd0aec85_98ce4d8d-9fc5-47b6-84e3-88833aa4c935-914195,Starting your Tax Journey 2026 - AWARD,"Workshops to help pre-start, start-ups and businesses trading less than 2 years to understand tax.",Sandwell Metropolitan Borough Council,,500.0,GBP,2026-09-15,2026-09-15,award,complete,73000000,https://www.contractsfinder.service.gov.uk/Notice/98ce4d8d-9fc5-47b6-84e3-88833aa4c935-914195,2026-09-16T12:24:01.283060+00:00
Contracts Finder,ocds-b5fd17-ca9eb426-78c8-4b14-a586-53981f5448e1_3e463b15-1ac0-4077-8c00-649801417b72-914109,Mass Stock Condition Survey,Provisions of Mass Stock Condition Survey,mhs homes group,,1000000.0,GBP,2026-09-15,2026-03-10,award,complete,71250000,https://www.contractsfinder.service.gov.uk/Notice/3e463b15-1ac0-4077-8c00-649801417b72-914109,2026-09-16T12:24:01.283240+00:00
Contracts Finder,ocds-b5fd17-becca0de-19a0-47b3-a9af-f26dec05720d_9a2e9ef9-a082-4c83-be14-156d7f279dff-914194,Fire Risk Assessments,"Rotherham Metropolitan Borough Council (RMBC) oversees over 1,200 residential buildings requiring Fire Risk Assessments (FRAs) to ensure resident safety. This procurement seeks to appoint a qualified external contractor to deliver high-quality, consistent FRAs in line with Council specifications

Additional information: Process
Duration",Rotherham Metropolitan Borough Council,,,GBP,2026-09-15,2026-03-27,award,complete,75251110,https://www.contractsfinder.service.gov.uk/Notice/9a2e9ef9-a082-4c83-be14-156d7f279dff-914194,2026-09-16T12:24:01.283455+00:00
Contracts Finder,ocds-b5fd17-57e70a24-130f-4aae-91fa-000f58d25aef_8b4e28f7-4b81-409c-8855-d3d51c6d0af6-914193,ITT For Project 10206093,ITT For Project 10206093,Innovate UK,,2812.0,GBP,2026-09-15,2026-08-26,award,complete,79421100,https://www.contractsfinder.service.gov.uk/Notice/8b4e28f7-4b81-409c-8855-d3d51c6d0af6-914193,2026-09-16T12:24:01.283638+00:00
Contracts Finder,ocds-b5fd17-032614ee-7fdf-4c52-9817-8c932d401904_de7d6410-2aa4-4185-b8f2-e169b7b8cfbc-914188,"The Supply Chain Network - Hosting, Maintenance and Development Contract","Through historic funds allocated by The UK Government, The East Riding of Yorkshire Council (ERYC), have 
developed a FREE online platform called The Supply Chain Network (TSCN). The website has three key areas, The 
Supplier Directory, The Opportunities Map and The Supply Chain Promise through which it aims to make 
opportunities, visible, accessible and winnable.  
TSCN is an established business platform developed in 2008 to drive regional economic growth. The platform is 
currently unde",EAST RIDING OF YORKSHIRE COUNCIL,,30000.0,GBP,2026-09-15,2026-08-28,award,complete,72000000,https://www.contractsfinder.service.gov.uk/Notice/de7d6410-2aa4-4185-b8f2-e169b7b8cfbc-914188,2026-09-16T12:24:01.283820+00:00
Contracts Finder,ocds-b5fd17-9cda5861-7983-434e-81e8-0a870ef89a2b_f7707d22-82b4-4193-a365-7a1f255b2728-914191,ITT For Project 10203192,ITT For Project 10203192,Innovate UK,,3240.0,GBP,2026-09-15,2026-08-26,award,complete,79421100,https://www.contractsfinder.service.gov.uk/Notice/f7707d22-82b4-4193-a365-7a1f255b2728-914191,2026-09-16T12:24:01.284001+00:00
Contracts Finder,ocds-b5fd17-077c5fde-6eeb-417e-a4e7-9f95be02f518_7985a57a-5960-447c-92b6-ed4c859d03ee-914192,Mobile Voice and Data and Device Management,"Mobile Voice and Data and Device Management Services for Hosted ICT Service, covering Cumberland Council, Westmorland and Furness Council and Cumbria Fire and Rescue Service.",Cumberland Council,,617940.0,GBP,2026-09-15,2026-06-20,award,complete,32250000,https://www.contractsfinder.service.gov.uk/Notice/7985a57a-5960-447c-92b6-ed4c859d03ee-914192,2026-09-16T12:24:01.284189+00:00
Contracts Finder,ocds-b5fd17-2e336858-069a-4f0a-b05d-2a8fdcb0ab6f_94f6f679-81dc-4c4f-8d00-87bd85e2f548-914190,ENHT- Radiopharmacy Air Handling Unit Maintenance Contract,"Contract for ENHT- Radiopharmacy Air Handling Unit Maintenance Contract procured via Framework Hard Facilities Management 2 (Hard FM),SBS10166,Lot 5.2a",East And North Hertfordshire Teaching NHS Trust,9500.0,12000.0,GBP,2026-09-15,2026-06-22,award,complete,45331000,https://www.contractsfinder.service.gov.uk/Notice/94f6f679-81dc-4c4f-8d00-87bd85e2f548-914190,2026-09-16T12:24:01.284406+00:00
Contracts Finder,ocds-b5fd17-728e9e6b-8457-44fb-a960-0632dc6a0ac3_b37c0edd-be50-4a8d-bd80-2f6e9b63973b-914189,CA18416 - CPC /JE/01/2023: ICT Hardware & Peripherals Equipment Framework Agreement,"CPC intends to put a framework agreement in place with multiple suppliers for the supply of ICT hardware and peripherals equipment, and related services, open to both manufacturers and resellers that will offer additional benefits through collaborative and innovative partnerships with CPC members and the wider pubic sector. A list of members split by region can be found here: Member Regions - Crescent Purchasing Consortium (CPC) (thecpc.ac.uk) Future members of the CPC will be from the education",Nelson and Colne College,,110000.0,GBP,2026-09-15,2026-09-11,award,complete,30237300,https://www.contractsfinder.service.gov.uk/Notice/b37c0edd-be50-4a8d-bd80-2f6e9b63973b-914189,2026-09-16T12:24:01.284597+00:00
Contracts Finder,ocds-b5fd17-cae3e1c5-6bbc-44dd-8c87-a0de86442b95_c44644ff-7b8c-4c33-8098-afee738ed779-914186,ITT For Project 10205568,ITT For Project 10205568,Innovate UK,,3900.0,GBP,2026-09-15,2026-08-26,award,complete,79421100,https://www.contractsfinder.service.gov.uk/Notice/c44644ff-7b8c-4c33-8098-afee738ed779-914186,2026-09-16T12:24:01.284780+00:00
Contracts Finder,ocds-b5fd17-1f43f489-5a5b-4fe6-8162-8f0ac06757ac_ee55d540-74d5-43ba-85cf-460bb8edc507-914187,Advanced Manufacturing Research Call-Off Contract,"The purpose of this Contract is to provide DBT with timely, high-quality research and evaluation evidence to inform the design, delivery and assessment of Advanced Manufacturing policies and interventions.",Department for Business and Trade,,,GBP,2026-09-15,2026-07-16,award,complete,79300000,https://www.contractsfinder.service.gov.uk/Notice/ee55d540-74d5-43ba-85cf-460bb8edc507-914187,2026-09-16T12:24:01.284955+00:00
Contracts Finder,ocds-b5fd17-ae82faf3-6a90-4ebc-ba1c-bf92984b0860_6212140d-04d3-4f69-a201-3b5821b25098-914182,ITT For Project 10204195,ITT For Project 10204195,Innovate UK,,2586.0,GBP,2026-09-15,2026-08-26,award,complete,79421100,https://www.contractsfinder.service.gov.uk/Notice/6212140d-04d3-4f69-a201-3b5821b25098-914182,2026-09-16T12:24:01.285138+00:00
Contracts Finder,ocds-b5fd17-79cb4823-6336-44f6-a029-f36978435237_58dff868-cc11-4bfe-acb5-9568c698089d-914177,Allotment Fencing,"Hartford Parish Council seeks quotations for the supply and installation of 1.2-metre-high bow-top fencing to secure the perimeter of an allotment site, including two access gates. The works must provide a durable, safe, and visually appropriate boundary suitable for a community allotment environment.",HARTFORD PARISH COUNCIL,,20000.0,GBP,2026-09-15,2026-10-23,tender,active,45342000,https://www.contractsfinder.service.gov.uk/Notice/58dff868-cc11-4bfe-acb5-9568c698089d,2026-09-16T12:24:01.285344+00:00
Contracts Finder,ocds-b5fd17-9a1a4592-5b1f-49d9-977e-01a22295a34c_d3dac745-e1cf-4a4e-b67d-b1f3e0b72559-914179,ITT For Project 10200709,ITT For Project 10200709,Innovate UK,,5950.0,GBP,2026-09-15,2026-08-26,award,complete,79421100,https://www.contractsfinder.service.gov.uk/Notice/d3dac745-e1cf-4a4e-b67d-b1f3e0b72559-914179,2026-09-16T12:24:01.285533+00:00
Contracts Finder,ocds-b5fd17-b812bef8-9b39-44db-a20c-2f91c1e274a7_d253cbeb-c5e5-4af8-af4e-9c22d9928d68-914174,NUNCON - Access Gates Roller Shutters & Warden Call,Warden Call for and servicing and maintenance of roller shutters and automated doors/gates.,Nuneaton & Bedworth Borough Council,,,GBP,2026-09-15,2026-07-15,award,complete,44221000,https://www.contractsfinder.service.gov.uk/Notice/d253cbeb-c5e5-4af8-af4e-9c22d9928d68-914174,2026-09-16T12:24:01.285733+00:00
Contracts Finder,ocds-b5fd17-91a12e2b-6b12-4079-a14a-a1376539a29a_53ffb43c-dcfd-4ab1-9b3f-78507a2ba7a4-914178,HPFT - Legal Advise for Coroner's Inquest,"HPFT - Legal Advise for Coroner's Inquest
Direct award via SBS10196 Lot 11",Hertfordshire Partnership University NHS Foundation Trust,50000.0,107000.0,GBP,2026-09-15,2026-06-24,award,complete,79100000,https://www.contractsfinder.service.gov.uk/Notice/53ffb43c-dcfd-4ab1-9b3f-78507a2ba7a4-914178,2026-09-16T12:24:01.285935+00:00
Contracts Finder,ocds-b5fd17-d0af5681-db3b-41ec-bb95-34e244c36913_9f9851a7-695f-4f4d-ab3b-a3a32f4d3770-914176,ITT For Project 10205213,ITT For Project 10205213,Innovate UK,,2360.0,GBP,2026-09-15,2026-08-26,award,complete,79421100,https://www.contractsfinder.service.gov.uk/Notice/9f9851a7-695f-4f4d-ab3b-a3a32f4d3770-914176,2026-09-16T12:24:01.286116+00:00
Contracts Finder,ocds-b5fd17-73940a5c-5f64-4193-90db-67a898df9474_aad6ab0f-40d5-4875-87b7-032394acee3c-914175,26179 - Darby House - EV Charging - AWARD,"To undertake a Supply, Install Test, and Commission of a new EV Charging system to the building",Telford and Wrekin Council,,,GBP,2026-09-15,2026-08-19,award,complete,45000000,https://www.contractsfinder.service.gov.uk/Notice/aad6ab0f-40d5-4875-87b7-032394acee3c-914175,2026-09-16T12:24:01.286311+00:00
Contracts Finder,ocds-b5fd17-a4d379e3-860e-4357-a2cd-b7fe11af6629_154f0e4f-e796-4c13-aad4-ecad36c23f20-914173,CA18211 - UHDB/137/T - Electronic Data Capture Software,"UHDB/137/T - Electronic Data Capture Software for R&D

To access this competition: 

Registered:
Login to https://suppliers.multiquote.com and view the opportunity CA18211.

Not registered:
Visit https://suppliers.multiquote.com then register and quote CA18211 as the reason for registration. 

 Any queries please contact MultiQuote on 020 3920 8054.",University Hospitals of Derby and Burton NHS Foundation Trust,,129777.0,GBP,2026-09-15,2026-08-04,award,complete,72313000,https://www.contractsfinder.service.gov.uk/Notice/154f0e4f-e796-4c13-aad4-ecad36c23f20-914173,2026-09-16T12:24:01.286502+00:00
Contracts Finder,ocds-b5fd17-f910ccaa-4f3e-4598-a94a-349955affdd9_84f70b6e-573b-4835-83ab-c31d11e1f2d2-914172,ITT For Project 10203587,ITT For Project 10203587,Innovate UK,,3150.0,GBP,2026-09-15,2026-08-26,award,complete,79421100,https://www.contractsfinder.service.gov.uk/Notice/84f70b6e-573b-4835-83ab-c31d11e1f2d2-914172,2026-09-16T12:24:01.286682+00:00
Contracts Finder,ocds-b5fd17-89f12058-8d7b-440c-b118-b4c358fdbef3_c7e83f57-f997-4bf6-84d9-fc58b1c54571-914171,"Kent, East Sussex and Medway integration for School Screening","School screener platform for:
Kent ;  Vision and hearing
East Sussex: Vision, NCMP, HNA and Rio integration
 Medway  (requirements upon merger with KCHFT on 1st October 2026: Vision, Hearing HNA and Rio integration modules.
12 months initial term with 2 x 12 month  extension opportunities
Call-off awarded via G-Cloud 14 GCA framework",Kent Community Health NHS Foundation Trust,166677.77,546945.67,GBP,2026-09-15,2026-08-03,award,complete,48000000,https://www.contractsfinder.service.gov.uk/Notice/c7e83f57-f997-4bf6-84d9-fc58b1c54571-914171,2026-09-16T12:24:01.286868+00:00
Contracts Finder,ocds-b5fd17-ae1ba968-e5b2-4f02-9920-004a7cec1fae_ae0c1b9a-4e39-46be-9d7b-7b5d2c5c11bf-914170,BRE037 - 100ft Desilting 2026-2027,EAN - AOMR - Lot 1 - Cambs and Beds Civil Engineering Direct Awards 26/27,Environment Agency,,158520.3,GBP,2026-09-15,2026-09-08,award,complete,71311000,https://www.contractsfinder.service.gov.uk/Notice/ae0c1b9a-4e39-46be-9d7b-7b5d2c5c11bf-914170,2026-09-16T12:24:01.287050+00:00
Contracts Finder,ocds-b5fd17-23659f01-8724-4d36-af2e-99444ab83441_1cab5a73-d571-418f-ba5c-8cf87f47dff4-914169,ITT For Project 10202709,ITT For Project 10202709,Innovate UK,,3794.0,GBP,2026-09-15,2026-08-28,award,complete,79421100,https://www.contractsfinder.service.gov.uk/Notice/1cab5a73-d571-418f-ba5c-8cf87f47dff4-914169,2026-09-16T12:24:01.287232+00:00
Contracts Finder,ocds-b5fd17-1f55720b-b353-4d7f-8815-27bcb5c5f5ee_5bfe505f-4c0b-4f75-83c7-4840897977ca-914168,Taxi and MPV (1-8 seats) Passenger Assistant - Taxi and MPV (1-8 seats) Passenger Assistant,"Vehicle type: Saloon 
Passenger Assistant Required:  Yes

Proposed Taxi Route:
From: BN27 2RD 
To:  East Sussex College Eastbourne, BN21 2UF

Frequency: Monday, Tuesday, Thursday, Friday 
Daily School Time: 09:30-15:15

Comments for Operator:  
Transport Monday, Tuesday, Thursday, Friday 09:30-15:15
Has a mobility pushchair. She will not bring buggy to college unless for trips.
 This opportunity has been distributed on SProc.net",East Sussex County Council,,,GBP,2026-09-15,2026-09-17,tender,active,60000000,https://www.contractsfinder.service.gov.uk/Notice/5bfe505f-4c0b-4f75-83c7-4840897977ca,2026-09-16T12:24:01.287437+00:00
Contracts Finder,ocds-b5fd17-823e024c-39ef-4112-8c42-5d928626d6da_ac535b92-0012-42b6-b4fc-8d1634f0f22f-914167,BRE031 - Cradge Bank Repairs 2026-2027,EAN - AOMR - Lot 1 - Cambs and Beds Civil Engineering Direct Awards 26/27,Environment Agency,,78099.98,GBP,2026-09-15,2026-09-08,award,complete,71311000,https://www.contractsfinder.service.gov.uk/Notice/ac535b92-0012-42b6-b4fc-8d1634f0f22f-914167,2026-09-16T12:24:01.287621+00:00
Contracts Finder,ocds-b5fd17-255b9b98-3de3-4a92-bd91-8a7e864dd912_92aca522-5919-4743-bc39-45c5805f2bf5-914166,Room Booking system,Room Booking system,Coventry & Warwickshire Partnership NHS Foundation Trust,,245000.0,GBP,2026-09-15,2026-09-15,award,complete,48517000,https://www.contractsfinder.service.gov.uk/Notice/92aca522-5919-4743-bc39-45c5805f2bf5-914166,2026-09-16T12:24:01.287801+00:00
Contracts Finder,ocds-b5fd17-020dac46-96f6-4df7-858a-5c8302d2115d_5adaa310-0a06-4e98-8ec7-ad62a6a447be-914117,PS26142 - IUK financial audit on terminated project,"***** THIS IS AN AWARD NOTICE, NOT A CALL FOR COMPETITION *****

This procurement is being concluded as a Direct Award under the Audit and Assurance Services Two (A&AS2), RM6310, Lot 1: Internal audit and assurance

Brief Description of Requirement

Financial Audit on terminated project

Variation 001 - extend contract end date to Monday 30th November 2026.",UK SHARED BUSINESS SERVICES LIMITED,,20000.0,GBP,2026-09-15,2026-05-07,awardUpdate,complete,73000000,https://www.contractsfinder.service.gov.uk/Notice/5adaa310-0a06-4e98-8ec7-ad62a6a447be-914117,2026-09-16T12:24:01.287980+00:00
Contracts Finder,ocds-b5fd17-46b69c48-c6e7-4598-82ef-4927470b112e_1c2efc49-cb6e-4e4c-a2ba-00f8ebfea6f4-914165,Provision of E-Learning and Learning Management System,"E-Learning suite and On-Line Learning Management System (LMS) to encompass all aspects of mandatory induction training and ongoing annual statutory training. This includes the subject areas of: Health & Safety, General Data Protection Regulation, cyber security, Human Resources (HR), wellbeing, financial safeguarding and equity diversity and inclusion (EDI).",West Yorkshire Combined Authority,105960.0,149160.0,GBP,2026-09-15,2026-08-30,award,complete,48450000,https://www.contractsfinder.service.gov.uk/Notice/1c2efc49-cb6e-4e4c-a2ba-00f8ebfea6f4-914165,2026-09-16T12:24:01.288162+00:00
Contracts Finder,ocds-b5fd17-32d59b4f-86eb-4020-9810-d3bb5054b3be_32a83896-8868-49f1-8af3-88559c3460d9-914164,"Fire Engineer Consultancy Service, EN: Procure Construction Consultancy Services Framework Gen-4, Lot 12 Fire Safety Consultant Services, further competition","Kingston upon Hull City Council has appointed Firntec Ltd  for the provision of technical fire safety advice and guidance from a specialist fire engineering contractor on compliance with fire regulations The opportunity was advertised from the EN Procure 4th generation framework for construction consultancy services Lot 12 - Fire Safety Consultant Services via mini-competition process. The Services are to commence 22nd June 2026, end date 21st June 2028 with an option to extend for up to 24 mont",Hull City Council,140000.0,280000.0,GBP,2026-09-15,2026-04-16,award,complete,75251110,https://www.contractsfinder.service.gov.uk/Notice/32a83896-8868-49f1-8af3-88559c3460d9-914164,2026-09-16T12:24:01.288363+00:00
Contracts Finder,ocds-b5fd17-ca15fceb-8686-4e62-a5e2-8b392584103d_fc8933f6-e532-4434-a28b-a169c159e19b-914163,WSCC Route 65004 - 1 Passenger - Crawley to Central Education Ltd - PA,WSCC Route 65004 - 1 Passenger - Crawley to Central Education Ltd - PA,West Sussex County Council,,29163.02,GBP,2026-09-15,2026-08-12,award,complete,60120000,https://www.contractsfinder.service.gov.uk/Notice/fc8933f6-e532-4434-a28b-a169c159e19b-914163,2026-09-16T12:24:01.288550+00:00
Contracts Finder,ocds-b5fd17-8e7e1218-c3cf-49bd-b8b7-5592c77e8edb_b59b3293-b19f-4460-bbbe-b7a0cf0ffe86-914161,CA16485 - Brooklands Technical College - New Vickers Building - New Build and Associated External Works,"Brooklands Technical College invites Tenders for the appointment of a main contractor for the 3-storey new build project at Brooklands Technical College, Weybridge Campus.

To access this competition: 

Registered:
Login to https://suppliers.multiquote.com and view the opportunity CA16485.

Not registered:
Visit https://suppliers.multiquote.com then register and quote CA16485 as the reason for registration. 

 Any queries please contact MultiQuote on 020 3920 8054.",Brooklands Technical College,,,GBP,2026-09-15,2026-05-25,awardUpdate,complete,45214300,https://www.contractsfinder.service.gov.uk/Notice/b59b3293-b19f-4460-bbbe-b7a0cf0ffe86-914161,2026-09-16T12:24:01.288725+00:00
Contracts Finder,ocds-b5fd17-e5c25f9a-65e7-4605-a18f-782bae98d525_650f4f34-9748-4046-b894-c168103a6e49-914160,ITT For Project 10203341,ITT For Project 10203341,Innovate UK,,5680.0,GBP,2026-09-15,2026-07-10,award,complete,79421100,https://www.contractsfinder.service.gov.uk/Notice/650f4f34-9748-4046-b894-c168103a6e49-914160,2026-09-16T12:24:01.288904+00:00
Contracts Finder,ocds-b5fd17-2313d288-c448-4e98-9690-f98e594e003c_0b1867b6-bbd8-401d-9501-7d545a10e574-914158,ITT For Project 10203225,ITT For Project 10203225,Innovate UK,,5530.0,GBP,2026-09-15,2026-07-10,award,complete,79421100,https://www.contractsfinder.service.gov.uk/Notice/0b1867b6-bbd8-401d-9501-7d545a10e574-914158,2026-09-16T12:24:01.289083+00:00
Contracts Finder,ocds-b5fd17-a90dc748-3ff6-4602-a57f-66ec499d98bb_3cd1136f-ba97-4af6-bc2a-72c6611c9215-914159,WSFT Corporate Legal Services,"Call-off contract for the provision of legal services (corporate and commercial law, property law and ad hoc legal requirements) by Capsticks Solicitors LLP to West Suffolk NHS Foundation Trust, awarded via Direct Award from NHS Commercial Solutions Legal Services Framework (Ref 5342-4903)",West Suffolk Foundation Trust,,353589.0,GBP,2026-09-15,2026-09-15,award,complete,79100000,https://www.contractsfinder.service.gov.uk/Notice/3cd1136f-ba97-4af6-bc2a-72c6611c9215-914159,2026-09-16T12:24:01.289281+00:00
Contracts Finder,ocds-b5fd17-4cc3a56d-8b17-4685-886e-3e746bc5e515_e733ccea-a7c3-48a9-9310-7d6a270fb6fc-914151,Communications Planning and Community Research - Westlands and comparator area ESPO 664_25 Lot 8h Waste & Recycling,"Provision of communications planning, community research and waste composition analysis services to support Wychavon District Council's recycling engagement programme. The contract includes the development of a communications strategy, behaviour change research, community engagement activities, and waste composition analysis in Westlands, Droitwich Spa and a comparator area to establish an evidence base for future recycling and waste reduction initiatives. The services are intended to inform and",Wychavon District Council,,97610.83,GBP,2026-09-15,2026-07-02,award,complete,79315000,https://www.contractsfinder.service.gov.uk/Notice/e733ccea-a7c3-48a9-9310-7d6a270fb6fc-914151,2026-09-16T12:24:01.289468+00:00
Contracts Finder,ocds-b5fd17-2a54c1a6-67e1-43c9-a04f-1ac984e704ab_0e81b2e2-6f57-4bd2-8dfa-10aa1c1f1ca2-914157,ITT For Project 10201447,ITT For Project 10201447,Innovate UK,,5680.0,GBP,2026-09-15,2026-07-10,award,complete,79421100,https://www.contractsfinder.service.gov.uk/Notice/0e81b2e2-6f57-4bd2-8dfa-10aa1c1f1ca2-914157,2026-09-16T12:24:01.289657+00:00
Contracts Finder,ocds-b5fd17-55d5d0a8-561a-4f24-8bb8-2dec37031c04_98c2aba9-2c06-432f-9fdb-104089dec83c-914156,ITT For Project 10203071,ITT For Project 10203071,Innovate UK,,3970.0,GBP,2026-09-15,2026-07-10,award,complete,79421100,https://www.contractsfinder.service.gov.uk/Notice/98c2aba9-2c06-432f-9fdb-104089dec83c-914156,2026-09-16T12:24:01.289841+00:00
Contracts Finder,ocds-b5fd17-0bc407be-9d66-4be4-bbcd-de317dbc2b70_b11c3700-68b5-48a1-8f60-37ae717da1ac-914153,ITT For Project 10199896,ITT For Project 10199896,Innovate UK,,2960.0,GBP,2026-09-15,2026-07-10,award,complete,79421100,https://www.contractsfinder.service.gov.uk/Notice/b11c3700-68b5-48a1-8f60-37ae717da1ac-914153,2026-09-16T12:24:01.290021+00:00
Contracts Finder,ocds-b5fd17-d0834ec5-48f7-4fb6-9d03-df73c1701bcb_e2e02b32-5163-46c5-8948-f7546fc7c314-914155,GB-Colchester: 0501-PA - KEQ Active Travel Bridge Proposal,"NOTE: This notice was updated on 15 September 2026 for the following reason: Awarded via Direct Award through the ESPO Framework 664_25 - Consultancy Services - Lot 5 Highways, Traffic and Transport(To provide a proposal for a concept design cum feasibility report and drawings to construct an Active Travel bridge across the River Colne from King Edward Quay to Hawkin Quay (Swing Basin) in line with long-term Master Plan ambitions for the area.)",Colchester City Council,,94000.0,GBP,2026-09-15,2026-09-10,awardUpdate,complete,79411000,https://www.contractsfinder.service.gov.uk/Notice/e2e02b32-5163-46c5-8948-f7546fc7c314-914155,2026-09-16T12:24:01.290200+00:00
Contracts Finder,ocds-b5fd17-86d1756b-2a84-4630-ad99-48424c06eb46_0d4e04cb-1a82-4b0e-97b1-4911f1f46944-914152,ITT For Project 10202155,ITT For Project 10202155,Innovate UK,,4730.0,GBP,2026-09-15,2026-07-10,award,complete,79421100,https://www.contractsfinder.service.gov.uk/Notice/0d4e04cb-1a82-4b0e-97b1-4911f1f46944-914152,2026-09-16T12:24:01.290408+00:00
Contracts Finder,ocds-b5fd17-4b9693bd-09a0-444b-b50f-5bd931a61df7_83932562-5382-4a32-a148-49e0a061bdec-914149,ITT For Project 10203083,ITT For Project 10203083,Innovate UK,,6950.0,GBP,2026-09-15,2026-07-10,award,complete,79421100,https://www.contractsfinder.service.gov.uk/Notice/83932562-5382-4a32-a148-49e0a061bdec-914149,2026-09-16T12:24:01.290600+00:00
Contracts Finder,ocds-b5fd17-fcd3a12d-0c20-433f-81cf-dac01c684614_5fa624aa-062a-49f7-8098-663b07b8d4f2-914150,CA18463 - Chesterfield College - Direct Award for hair and Beauty Kits via CPC Framework CPC/RL/01/23,"Chesterfield College - Direct Award for hair and Beauty Kits via CPC Framework Salon Products and Equipment

To access this competition: 

Registered:
Login to https://suppliers.multiquote.com and view the opportunity CA18463.

Not registered:
Visit https://suppliers.multiquote.com then register and quote CA18463 as the reason for registration. 

 Any queries please contact MultiQuote on 020 3920 8054.",Chesterfield College,,35000.0,GBP,2026-09-15,2026-09-15,award,complete,33711400,https://www.contractsfinder.service.gov.uk/Notice/5fa624aa-062a-49f7-8098-663b07b8d4f2-914150,2026-09-16T12:24:01.290781+00:00
Contracts Finder,ocds-b5fd17-297ce109-7a61-481c-a109-cc96f5697608_5e6c5fd8-1328-4250-b51d-b3319f2ea06e-914147,ITT For Project 10201430,ITT For Project 10201430,Innovate UK,,4260.0,GBP,2026-09-15,2026-07-10,award,complete,79421100,https://www.contractsfinder.service.gov.uk/Notice/5e6c5fd8-1328-4250-b51d-b3319f2ea06e-914147,2026-09-16T12:24:01.290960+00:00
Contracts Finder,ocds-b5fd17-26e76725-0f7a-4eff-b015-26e73dabe7e2_efb113e1-2b5a-4a8c-8951-046601411df7-914148,Taxi and MPV (1-8 seats) - Taxi and MPV (1-8 seats),"Vehicle type: 4 seat 
Passenger Assistant Required:  no

Proposed Taxi Route:
From:  The Beachy Head pub, BN20 7YA
To:   Ratton Park School, BN21 2XR

Frequency: Mon - Fri
Daily School Time: 08:40 - 15:00
 This opportunity has been distributed on SProc.net",East Sussex County Council,,,GBP,2026-09-15,2026-09-14,award,complete,60000000,https://www.contractsfinder.service.gov.uk/Notice/efb113e1-2b5a-4a8c-8951-046601411df7-914148,2026-09-16T12:24:01.291136+00:00
Contracts Finder,ocds-b5fd17-8d2a137a-83e3-4ae7-92e7-c7f91dd2461e_467796bd-1e9f-49f6-8c0c-9a25ef9dc344-914146,CA18461 - DN Colleges Group - ITT for the Provision of Website Development Services,"DN Colleges Group is seeking to appoint an experienced website development supplier to support the consolidation and redevelopment of its public-facing website estate.

The commission includes discovery and audit, website consolidation planning, information architecture and user journeys, content rationalisation, UX and prototyping, application of the separately commissioned brand, WordPress multisite development, migration, SEO and redirect management, accessibility, testing, launch and hando",DN Colleges Group,,25000.0,GBP,2026-09-15,2026-09-29,tender,active,72413000,https://www.contractsfinder.service.gov.uk/Notice/467796bd-1e9f-49f6-8c0c-9a25ef9dc344,2026-09-16T12:24:01.291341+00:00
Contracts Finder,ocds-b5fd17-132ab9e2-4520-4aad-a033-b28cc29f784c_556fa194-dbaf-453f-a848-dbed6e26a9b5-914144,ITT For Project 10200658,ITT For Project 10200658,Innovate UK,,11244.0,GBP,2026-09-15,2026-07-10,award,complete,79421100,https://www.contractsfinder.service.gov.uk/Notice/556fa194-dbaf-453f-a848-dbed6e26a9b5-914144,2026-09-16T12:24:01.291529+00:00
Contracts Finder,ocds-b5fd17-20c17fb2-e1f5-4aeb-ab36-331b97dc9fff_d9e00303-2bda-40ac-b06a-ed0f2180ae02-914145,CA18460 - DN Colleges Group - ITT for the Provision of Brand Strategy and Rebranding Services,"DN Colleges Group is seeking to appoint a specialist  to deliver a comprehensive brand strategy and rebranding commission across the Group.

The requirement includes research and stakeholder engagement, brand strategy and architecture, visual and verbal identity development, brand guidelines, templates and assets, implementation and rollout planning, student engagement, and training/handover to the Group's internal teams.

The successful supplier will be expected to work collaboratively with",DN Colleges Group,,60000.0,GBP,2026-09-15,2026-09-29,tender,active,79415200,https://www.contractsfinder.service.gov.uk/Notice/d9e00303-2bda-40ac-b06a-ed0f2180ae02,2026-09-16T12:24:01.291713+00:00
Contracts Finder,ocds-b5fd17-45f8c8bc-b666-4640-8814-46cb668ffd00_6da7249c-0850-4ae4-ae43-fb9d421b5c09-914143,PAHT -Harvey Centre Cleaning Services,"Harvey Centre Cleaning Services at The Princess Alexandra Hospital NHS Trust, Procured via Direct Award under Facilities Management and Workplace Services- Ref-RM6232,Lot3a",The Princess Alexandra Hospital NHS Trust,110000.0,115000.0,GBP,2026-09-15,2026-03-27,award,complete,90911200,https://www.contractsfinder.service.gov.uk/Notice/6da7249c-0850-4ae4-ae43-fb9d421b5c09-914143,2026-09-16T12:24:01.291895+00:00
Contracts Finder,ocds-b5fd17-ab060fee-8aed-4174-ad15-81e3b0e54990_2ac65546-59f3-4f5f-95bf-c7ba3ac19568-914142,PAN3514 - Transport Professionals,"To support the road safety team with delivery of the teams' programmes, by providing Engineering design, project management and road safety audit expertise",Leicester City Council,,160000.0,GBP,2026-09-15,2026-06-01,award,complete,45000000,https://www.contractsfinder.service.gov.uk/Notice/2ac65546-59f3-4f5f-95bf-c7ba3ac19568-914142,2026-09-16T12:24:01.292076+00:00
Contracts Finder,ocds-b5fd17-f682f7ef-3ccb-4fce-ab39-bd1cf20f32ad_93234a6e-5f5e-4194-aea4-7ea280f1c91b-914141,"5051/EFM/RH - Edgar Allen House, IT Alterations","5051/EFM/RH - Edgar Allen House, IT Alterations
You are invited to tender for the above titled project. This is a open tender process following University process. 
The Invitation to Tender (ITT) can be downloaded by registering and expressing your interest on the University`s e-tendering system https://in-tendhost.co.uk/Sheffield. 
This project comprises the refurbishment of the second and third floor of the Edgar Allen House, within the University of Sheffield Campus.  The aim of the projec",UNIVERSITY OF SHEFFIELD,,839149.0,GBP,2026-09-15,2026-05-29,award,complete,45453000,https://www.contractsfinder.service.gov.uk/Notice/93234a6e-5f5e-4194-aea4-7ea280f1c91b-914141,2026-09-16T12:24:01.292278+00:00
Contracts Finder,ocds-b5fd17-8db36104-474b-4783-a9b1-f9cad9c59741_735de7a2-33c3-464d-810b-b253a8f2be01-914140,DNWP0039/LOT1A/Management Team FY26/27,Lot1A Management team,Sellafield Limited,,9900000.0,GBP,2026-09-15,2026-09-07,award,complete,71541000,https://www.contractsfinder.service.gov.uk/Notice/735de7a2-33c3-464d-810b-b253a8f2be01-914140,2026-09-16T12:24:01.292473+00:00
Contracts Finder,ocds-b5fd17-12c29a84-8e94-4a17-a5f2-ba97e7dcc8fa_91e888fc-121a-4edc-a4f6-1f97e13a6e3f-914139,Corporate Water Supply,"Corporate Water Supply
LOT 1 - Supply of Water and Sewerage",London Borough of Hackney,,1800000.0,GBP,2026-09-15,2026-07-20,award,complete,65000000,https://www.contractsfinder.service.gov.uk/Notice/91e888fc-121a-4edc-a4f6-1f97e13a6e3f-914139,2026-09-16T12:24:01.292658+00:00
Contracts Finder,ocds-b5fd17-03896aeb-e3d3-4fc4-b9cc-b926e6de4456_7c4a2871-ea7c-4dfb-acfb-a9d013a90394-914138,PDF Framework - M62 Scammonden to J23 inc Pathing J23-24,PDF Framework - M62 Scammonden to J23 inc Pathing J23-24,National Highways Limited,,2296119.58,GBP,2026-09-15,2026-08-24,award,complete,45233210,https://www.contractsfinder.service.gov.uk/Notice/7c4a2871-ea7c-4dfb-acfb-a9d013a90394-914138,2026-09-16T12:24:01.292839+00:00
Contracts Finder,ocds-b5fd17-d82c90e8-f493-48ce-9d5f-d0026c604617_80ad24f7-886d-4411-97f4-dec9d12eaa9d-914137,Draeger Bililux LED Phototherapy system,Draeger Bililux LED Phototherapy system from Trust Capital allocation programme utilising the NHS Supplychain framework S/C FRAMEWORK REF: 2026/S 000-008108,Hull University Teaching Hospitals NHS Foundation Trust,,28757.0,GBP,2026-09-15,2026-09-11,award,complete,33152000,https://www.contractsfinder.service.gov.uk/Notice/80ad24f7-886d-4411-97f4-dec9d12eaa9d-914137,2026-09-16T12:24:01.293019+00:00
Contracts Finder,ocds-b5fd17-01fb41cd-be9e-40e8-acc8-aa23d0d78676_598524db-f6a5-4ec1-841c-15a5ae5964f6-914131,Surlingham Play Area,"Surlingham Parish Council conducted a public consultation in April 2026 to gather views on the condition and future development of Surlingham Play Area. The consultation was promoted through multiple village channels and received responses from 21 households, plus two child friendly questionnaires via Surlingham School.
Although participation was modest, the feedback provides clear and consistent direction for refurbishment priorities. The findings highlight concerns around safety, accessibilit",Surlingham Parish Council,,40000.0,GBP,2026-09-15,2026-10-12,tender,active,37535100,https://www.contractsfinder.service.gov.uk/Notice/598524db-f6a5-4ec1-841c-15a5ae5964f6,2026-09-16T12:24:01.293202+00:00
Contracts Finder,ocds-b5fd17-fe6928a5-15ec-4bb0-bd28-baaf7dcdb354_ddc50c57-59f7-4091-a6df-c3d1524eaaa1-914135,HR Helpdesk Implementation Partner,"The implementation partner will work closely with NH internal teams to lead a project for delivering the enhanced HR experience platform and employee relations case management system as part of the PFP platform. 
This will replace the current ticketing set up for HR Services and Casework in 
Service Cloud with the same functionality within HR Helpdesk.",National Highways Limited,,349500.0,GBP,2026-09-15,2026-09-08,award,complete,72222300,https://www.contractsfinder.service.gov.uk/Notice/ddc50c57-59f7-4091-a6df-c3d1524eaaa1-914135,2026-09-16T12:24:01.293403+00:00
Contracts Finder,ocds-b5fd17-7b488cf4-ddb3-4e27-97f6-6c7ffb63827f_f39cad7d-47e7-43f5-af03-16e113ffea92-914134,SCE0079 - Mini Tender for Enablement Supported Living Services for People with Learning Disability and Mental Health (Lot 1),"The Authority sought to re-commission the support packages via a mini-tender with eligible providers who are registered on Lot 1 (Supported Living Services for People with Learning Disabilities and Mental Health) of Leicester City Council's existing Supported Living framework. The successful provider(s) will be required to deliver services at various locations, which are categorised into three separate opportunities.",Leicester City Council,,6077642.0,GBP,2026-09-15,2026-09-04,award,complete,85000000,https://www.contractsfinder.service.gov.uk/Notice/f39cad7d-47e7-43f5-af03-16e113ffea92-914134,2026-09-16T12:24:01.293590+00:00
Contracts Finder,ocds-b5fd17-c45051ef-64f7-4acc-b809-709e00b989b1_07bc358e-b759-48b8-8753-2d63ecd241c6-914130,"River Darent Channel, River Edge and Public Realm Improvements Feasibility Study","Dartford Borough Council has commissioned a feasibility study for a key stretch of the River Darent, one of the UK's rare chalk streams, encompassing Bridge House Gardens, St Saviour's Walk, and the corridor between Hanau Bridge and Mill Pond Road. Building on the Lower Darent Riverside Strategy, the project aims to deliver an exemplar riverside scheme that strengthens connections between the river, the town centre, and local communities.",Dartford Borough Council,,76735.0,GBP,2026-09-15,2026-08-27,award,complete,71315200,https://www.contractsfinder.service.gov.uk/Notice/07bc358e-b759-48b8-8753-2d63ecd241c6-914130,2026-09-16T12:24:01.293771+00:00
Contracts Finder,ocds-b5fd17-34250793-aed0-4e51-b3e0-2a33b2eb9707_719ff6de-5e52-42c0-962f-0d8fc2709bde-914132,A66  Northern Trans-Pennine Project (NTP) - Scheme 1 & 2 Pavement Construction,"Kier Infrastructure intends to engage experienced and qualified pavement construction contractors for the full construction of roads and pavements, including but not limited to construction of base, binder and surface courses, surface treatment and planing across Schemes 1 & 2 of the A66 Northern Trans-Pennine Scheme. 

The A66 project is to be delivered in collaboration by three Tier 1 contractors, Balfour Beatty, Kier and Keltbray.

We will use the Build UK Common Assessment Criteria (CAS)",KIER TRANSPORTATION LIMITED,,6500000.0,GBP,2026-09-15,2026-09-23,tender,active,45233000,https://www.contractsfinder.service.gov.uk/Notice/719ff6de-5e52-42c0-962f-0d8fc2709bde,2026-09-16T12:24:01.293955+00:00
Contracts Finder,ocds-b5fd17-0d50e71d-1c01-41c7-9764-5a0d93904193_b18f351f-8e82-469d-9919-0b53c60f752f-914133,PDF Framework - A31 WB near Minstead,PDF Framework - A31 WB near Minstead,National Highways Limited,,559427.95,GBP,2026-09-15,2026-08-19,award,complete,45233210,https://www.contractsfinder.service.gov.uk/Notice/b18f351f-8e82-469d-9919-0b53c60f752f-914133,2026-09-16T12:24:01.294134+00:00
Contracts Finder,ocds-b5fd17-df7db6c5-3b05-4117-b9f4-40e9cc300eda_1a8d1d5d-7a12-4452-b889-3a3018634545-913007,Organisational Design System License  Subscription,"***Please note this is an award notice, not a call for competition*** UK Research and Innovation had a requirement for a Organisational Design System License Subscription.

This has been sourced and concluded via a shortlisting exercise against the RM1557.14 G-Cloud 14 framework.

The 24 months call-off contract term shall not exceed £146,520.00 excluding VAT.",UK SHARED BUSINESS SERVICES LIMITED,,146520.0,GBP,2026-09-15,2026-08-20,award,complete,48100000,https://www.contractsfinder.service.gov.uk/Notice/1a8d1d5d-7a12-4452-b889-3a3018634545-913007,2026-09-16T12:24:01.294332+00:00
Contracts Finder,ocds-b5fd17-a5025f84-6cc7-487c-8260-b17f84996268_f8deed82-be92-408b-bf69-021989353fe6-914129,Public bus services (Lot 5 ) -  Plymouth City Council 28387 Various Plymouth bus services,"This is a mini-competition from Lot 5 of the Devon County Council Passenger Transport Dynamic Purchasing System (CP1185-15)\r
\r
For the supply and provision of various local bus services within Plymouth.\r
13 Plymouth - Lake View Close\r
13S St Budeaux local service\r
14 Plymouth - Derriford via HMS Drake\r
27 Plymouth - Derriford via Estover\r
\r
The projected duration of the contract is five years, however the Devon County Council (DCC) Passenger Transport Standard Conditions of Contr",Devon County Council,,839796.2,GBP,2026-09-15,2026-05-29,award,complete,60000000,https://www.contractsfinder.service.gov.uk/Notice/f8deed82-be92-408b-bf69-021989353fe6-914129,2026-09-16T12:24:01.294522+00:00
Contracts Finder,ocds-b5fd17-35e9a6fd-3124-487a-8781-a97fd331ee08_bdb49423-1e13-4dea-b646-f3c4e5150da9-914128,Condition Monitoring,Condition Monitoring .  Call off from Engineering & Technology Solutions Market Place Dynamic Purchasing System (C12362) - Engineering Services Category,Sellafield Ltd,,1727050.0,GBP,2026-09-15,2026-05-21,award,complete,80511000,https://www.contractsfinder.service.gov.uk/Notice/bdb49423-1e13-4dea-b646-f3c4e5150da9-914128,2026-09-16T12:24:01.294702+00:00
Contracts Finder,ocds-b5fd17-0ff5230e-e4fe-4395-b300-3190fe312628_2b52650c-947f-422e-9117-a38dbc006933-914127,NW CDF Lot 1 Failure Mode Affect Analysis,NW CDF Lot 1 Failure Mode Affect Analysis,Environment Agency,58302.0,96000.0,GBP,2026-09-15,2026-07-29,award,complete,71241000,https://www.contractsfinder.service.gov.uk/Notice/2b52650c-947f-422e-9117-a38dbc006933-914127,2026-09-16T12:24:01.294884+00:00
Contracts Finder,ocds-b5fd17-1533b8fa-0d20-43c8-a326-2933ea3a1cdd_a573b738-b6cd-4966-95ff-0043aa8c5a70-914126,Onsite Search Optimisation & AI Conversational Search,"Onsite search optimisation for the FCA website (FCA.org.uk), Analytics of search terms, AI conversational search and Content Intelligence to review and action site content for AI readiness.",FCA,,243363.85,GBP,2026-09-15,2026-07-06,award,complete,72414000,https://www.contractsfinder.service.gov.uk/Notice/a573b738-b6cd-4966-95ff-0043aa8c5a70-914126,2026-09-16T12:24:01.295064+00:00
Contracts Finder,ocds-b5fd17-37a02f97-bb85-4fd9-b296-62d539473925_4d014d3e-ce44-4399-82b9-0fe13ea4e8d1-914124,DDaT26266 - Data Analytics and Processing Platform,"***Please note this is an award notice, not a call for competition***


Department for Energy Security and Net Zero (DESNZ) had a requirement for the provision of supplying a learning platform.

This procurement is being concluded under the CCS G-Cloud 14 (RM1557.14) framework.",ICS on behalf of DSIT and DESNZ,,118560.0,GBP,2026-09-15,2026-09-07,award,complete,48810000,https://www.contractsfinder.service.gov.uk/Notice/4d014d3e-ce44-4399-82b9-0fe13ea4e8d1-914124,2026-09-16T12:24:01.295248+00:00
Contracts Finder,ocds-b5fd17-df805da2-c2fa-47f7-8345-08b3b310db4f_efbf2919-1213-4efa-934a-122afddcb753-914123,37291 - Aspire in Arts,"This contract is for the provision of transport services - journey stated in the title of this notice. It has been awarded following a Mini Competition under Council's Dynamic Purchasing System (DPS) PAN3059 - Passenger Transport Services.

 

To find out more about this DPS and how to provide taxi services to the Council, please see Taxi firms tendering for contracts (leicester.gov.uk)

Additional information: 
At the point of award, we are no longer seeking tenders.",Leicester City Council,,15600.0,GBP,2026-09-15,2026-09-15,award,complete,60120000,https://www.contractsfinder.service.gov.uk/Notice/efbf2919-1213-4efa-934a-122afddcb753-914123,2026-09-16T12:24:01.295469+00:00
Contracts Finder,ocds-b5fd17-9992eb98-facd-434c-90d2-7ca4329b5d9c_df71c5de-3fbe-470d-bd65-5684e6bf880e-914122,Attendance monitoring for statutory school age pupils attending Milton Keynes settings,"The monitoring of attendance for children of statutory school age across Milton Keynes has been utilised widely across multiple teams in Children's Services (including Access and Sufficiency, Education Outcomes, SEND and Children's Social Care).",Milton Keynes Council,,105000.0,GBP,2026-09-15,2026-09-09,award,complete,48190000,https://www.contractsfinder.service.gov.uk/Notice/df71c5de-3fbe-470d-bd65-5684e6bf880e-914122,2026-09-16T12:24:01.295655+00:00
Contracts Finder,ocds-b5fd17-617f1de1-cc6a-49ef-a6b5-4e0617a42266_34530e90-16f9-4d4e-8650-9c12fc4b2d97-914121,"Mechanical, Electrical , Public Health (MEP) Design, Albert, Somerset & Samaritan Wards","This requirement is to appoint a Mechanical, Electrical , Public Health (MEP) Design Consultant for Albert, Somerset & Samaritan Wards.

Direct award through the NHSSBS framework; Healthcare Planning, Construction Consultancy and Ancillary Services (HPCCAS), Lot 05 Mechanical, Electrical and Public Health (MEP), ref SBS10190.",Guy's and St Thomas' NHS Foundation Trust,175000.0,175400.0,GBP,2026-09-15,2026-07-31,award,complete,71530000,https://www.contractsfinder.service.gov.uk/Notice/34530e90-16f9-4d4e-8650-9c12fc4b2d97-914121,2026-09-16T12:24:01.295838+00:00
Contracts Finder,ocds-b5fd17-0b10b993-a1b1-423b-9810-a3c73c9ba933_fd788012-674e-4213-b645-6ef15598aef1-914119,Structural and Civils Designer - Somerset and Samaritan Wards,This requirement is to appoint a Structure and Civils Design Consultant for Somerset & Samaritan Wards.,Guy's and St Thomas' NHS Foundation Trust,51000.0,51725.0,GBP,2026-09-15,2026-03-31,award,complete,71530000,https://www.contractsfinder.service.gov.uk/Notice/fd788012-674e-4213-b645-6ef15598aef1-914119,2026-09-16T12:24:01.296020+00:00
Contracts Finder,ocds-b5fd17-582452c3-3666-4b0e-8dd3-6c751302bbec_4f25f26f-447a-4d86-b63c-2a0e30ca5d32-914120,UKSAC26_0061 NSpOC OBSERVE Legal Advice,"***** THIS IS AN AWARD NOTICE, NOT A CALL FOR COMPETITION *****

This procurement has been run as a mini competition under RM6360 Legal Panel for Government Framework (Lot 2).

The UK Space Agency has procured specialist legal services to support the National Space Operations Centre (NSpOC) OBSERVE programme. The appointed supplier will provide dedicated legal advice and drafting support for a complex national security-related procurement of a sovereign space domain awareness radar capabilit",DSIT,,,GBP,2026-09-15,2026-08-28,award,complete,79100000,https://www.contractsfinder.service.gov.uk/Notice/4f25f26f-447a-4d86-b63c-2a0e30ca5d32-914120,2026-09-16T12:24:01.296197+00:00
Contracts Finder,ocds-b5fd17-4cd5a729-2074-4ea6-b880-2a495eb6a2bc_2b5bee01-65b3-415d-ab76-b897579556ee-914115,Legal framework access advice,"***** THIS IS AN AWARD NOTICE, NOT A CALL FOR COMPETITION *****

This procurement is being concluded as a direct award under the CCS RM6360 or the provision of legal advice and services, Lot 2: Major Projects and Complex Advice.

Brief Description of Requirement
Provide specialist legal advice and drafting support to enable NERC to transition from the current Strategic Relationship Agreements (SRAs) and associated legacy instruments to a new suite of centre-specific agreements.

The legal",UK SHARED BUSINESS SERVICES LIMITED,,,GBP,2026-09-15,2026-03-24,awardUpdate,complete,73000000,https://www.contractsfinder.service.gov.uk/Notice/2b5bee01-65b3-415d-ab76-b897579556ee-914115,2026-09-16T12:24:01.296398+00:00
Contracts Finder,ocds-b5fd17-ba5b4e9d-743c-4ba1-acee-0496adad36dd_34457a34-c4fb-4e83-afcd-84ac22124a06-914118,"Ward Programme (Albert, Somerset, Samaritan Wards) RIBA 0-2 - Architect","Architect to deliver ward refurbishments for Albert, Somerset and Samaritan wards) RIBA stages 2-6.

This was awarded through the NHSSBS framework Healthcare Planning, Construction Consultancy and Ancillary Services (HPCCAS), Lot 01 Architectural Services, ref SBS10190",Guy's and St Thomas' NHS Foundation Trust,290000.0,294457.0,GBP,2026-09-15,2026-03-31,award,complete,71530000,https://www.contractsfinder.service.gov.uk/Notice/34457a34-c4fb-4e83-afcd-84ac22124a06-914118,2026-09-16T12:24:01.296585+00:00
Contracts Finder,ocds-b5fd17-d9ac16f1-a9b6-453f-b261-e5873acb6cc6_29be74ee-87f3-4def-9857-f3e151665a69-914116,DDaT26342 - Support Services for CRM Platform,"***Please note this is an award notice, not a call for competition*** Department for Energy Security and Net Zero (DESNZ) had a requirement for Support Services for CRM Platform.

This has been sourced and concluded via a shortlisting exercise against the RM1557.14 G-Cloud 14 framework.

The 12 months call-off contract term shall not exceed £2,000,000.00 excluding VAT.

This call-off contract includes one twelve month extension period, which shall not exceed £3,000,000.00 excluding VAT.
",ICS on behalf of DSIT and DESNZ,2000000.0,5000000.0,GBP,2026-09-15,2026-08-10,award,complete,72000000,https://www.contractsfinder.service.gov.uk/Notice/29be74ee-87f3-4def-9857-f3e151665a69-914116,2026-09-16T12:24:01.296770+00:00
Contracts Finder,ocds-b5fd17-864c7027-b7d6-46a0-819c-d9ffb974e2c9_658bc7d9-1184-4db5-a011-c65bbe997755-914114,Quantity Surveyor Cath Lab and LMER Programmes,"This project is part of the Construction and Commerial Estates teams wider plan to competitively tender and put multi-year, programme level contracts in place for the necessary professional services.

The aim of these programme level contracts is to lever advantages from repeatability, taking advantage the learning curve, reducing time and costs.

This contractcovers the requirement for Quantity Surveyor services across the Cath Lab and Large Medical Equipment Replacement (LMER) programmes. ",Guy's and St Thomas' NHS Foundation Trust,100000.0,1000000.0,GBP,2026-09-15,2026-05-28,award,complete,71530000,https://www.contractsfinder.service.gov.uk/Notice/658bc7d9-1184-4db5-a011-c65bbe997755-914114,2026-09-16T12:24:01.296957+00:00
Contracts Finder,ocds-b5fd17-1b80ab08-2ffd-415d-969c-e6dd8b6bbd7e_ed755c89-f2c8-433c-a6e3-e5f6e21eabd8-914111,SFO/IS&T/REDSIFT26/DF,"Call off contract on G-Cloud 14.  Awarded following searches and evaluation of search results.

Costs included do not include VAT.",SERIOUS FRAUD OFFICE,,19459.44,GBP,2026-09-15,2026-07-17,award,complete,48000000,https://www.contractsfinder.service.gov.uk/Notice/ed755c89-f2c8-433c-a6e3-e5f6e21eabd8-914111,2026-09-16T12:24:01.297215+00:00
Contracts Finder,ocds-b5fd17-1f2e98dd-25fb-461c-9f23-cfc30c5953bf_a53154bb-7b37-4374-82ea-6425a408b893-914110,Bespoke Bus Shelter- Melton Mowbray,Award under PCR 2015 under compliant framework to supply 1 bespoke bus shelter to Melton Mowbray.,Leicestershire County Council,,25000.0,GBP,2026-09-15,2026-09-16,tender,active,44000000,https://www.contractsfinder.service.gov.uk/Notice/a53154bb-7b37-4374-82ea-6425a408b893,2026-09-16T12:24:01.297458+00:00
Contracts Finder,ocds-b5fd17-aa95703a-072a-47e6-b09a-ccab90090b54_f2a613ba-a86e-4e7a-9646-9c5e47adf5b9-914107,Homes England - Cowling Farm - Legal Support New Lease,"Legal services provided by Pinsent Masons to Homes England. \r
Support with negotiations with Trust Inns re. replacement car park and new lease agreement. \r
This commission includes completion of due diligence and transactional documents.",Homes England (the name adopted by the Homes and Communities Agency),,27128.0,GBP,2026-09-15,2022-12-06,award,complete,79100000,https://www.contractsfinder.service.gov.uk/Notice/f2a613ba-a86e-4e7a-9646-9c5e47adf5b9-914107,2026-09-16T12:24:01.297647+00:00
Contracts Finder,ocds-b5fd17-59a69dd0-17a9-4568-9803-fabd710c0a14_269be345-9b05-40fa-a168-431e1275363e-914105,"Arbour Housing Ltd,Sep26,C2.1,2.3,3.1&3.3-KONE","DPS for the provision of design, supply, installation and/or refurbishment, servicing and repair - Passenger and Domestic lifts",Arbour Housing Limited,,238000.0,GBP,2026-09-15,2026-09-01,award,complete,50750000,https://www.contractsfinder.service.gov.uk/Notice/269be345-9b05-40fa-a168-431e1275363e-914105,2026-09-16T12:24:01.297830+00:00
Contracts Finder,ocds-b5fd17-7fe047a8-e5d6-4ec2-a0a0-1da87e021849_3752f4dc-39bc-4550-81c1-8d31856dc1dc-914103,Level 5 Digital Learning Specialist,Level 5 Digital Learning Specialist apprenticeship,DVSA - Driver and Vehicle Standards Agency,,80000.0,GBP,2026-09-15,2026-09-09,award,complete,80000000,https://www.contractsfinder.service.gov.uk/Notice/3752f4dc-39bc-4550-81c1-8d31856dc1dc-914103,2026-09-16T12:24:01.298011+00:00
Contracts Finder,ocds-b5fd17-9904bbba-edf2-417c-b38a-00d9055ef617_52e5f1f0-b1e4-4354-a4a5-bd1d624cabff-914097,37266  - home to school and contact,"this contract is for the provision of transport services - journey stated in the title of this notice. It has been awarded following a Mini Competition under Council's Dynamic Purchasing System (DPS) PAN3059 - Passenger Transport Services.

 

To find out more about this DPS and how to provide taxi services to the Council, please see Taxi firms tendering for contracts (leicester.gov.uk)

Additional information: 
At the point of award, we are no longer seeking tenders.",Leicester City Council,,10101.0,GBP,2026-09-15,2026-09-15,award,complete,60120000,https://www.contractsfinder.service.gov.uk/Notice/52e5f1f0-b1e4-4354-a4a5-bd1d624cabff-914097,2026-09-16T12:24:01.298197+00:00
Contracts Finder,ocds-b5fd17-21199728-178b-46d9-a0be-317d10b7da43_f4e702f0-8226-482c-8346-705cf46ce842-914089,For the provision of Transport of Service Users (Children and Adult Services) within Staffordshire,"The Council invites suppliers to tender to join a Dynamic Purchasing System ( Known as a DPS) for the provision of Transportation for service users (Childrens and Adult Services) within Staffordshire.

This DPS is run as a completely Electronic process using the Authority's e sourcing solution (Proactis) This award Notice is to advise the market of Call - Offs (Mini Competitions) that have been awarded from the DPS on a quarterly basis

Additional information: A Quarterly Report of Contract ",Staffordshire County Council,,17401573.49,GBP,2026-09-15,2019-05-31,award,complete,60000000,https://www.contractsfinder.service.gov.uk/Notice/f4e702f0-8226-482c-8346-705cf46ce842-914089,2026-09-16T12:24:01.298406+00:00
Contracts Finder,ocds-b5fd17-eb9b0f17-b5c9-42ff-a968-3a8f24385009_4aa5ea17-bb70-4f38-9dc4-395e7406b030-914087,Gentoo - Old Mill Road Engineer,"Gentoo Group seek to appoint a Consultant to provide engineering services in relation to a new build development at Old Mill Road.

Prosper Procurement Ltd (PROSPER) are managing this procurement on behalf of the Contracting Body. 

PLEASE NOTE: This is an award notice following a Direct Award under a Framework Agreement and this contract has been let.

Additional information: 
This is an award notice following a direct award under Framework Ref. DN679373: Design & Consultancy Services Fr",PROSPER,,,GBP,2026-09-15,2026-09-11,award,complete,71000000,https://www.contractsfinder.service.gov.uk/Notice/4aa5ea17-bb70-4f38-9dc4-395e7406b030-914087,2026-09-16T12:24:01.298588+00:00
Contracts Finder,ocds-b5fd17-7a62ab8b-893f-49d2-acae-4066171733ed_4b1d6ba8-e5a1-4ac1-b1de-3ab2dfd74345-914086,RTD - Project Controls,"Provision of 11 PMO Project Controls Practitioners to support NRS between November 2026 and November 2028. The requirement comprises five Cost Engineers and six Project Planners deployed across Hunterston, Dungeness, Sizewell, Winfrith and Trawsfynydd, supporting project controls capability through recruitment, deployment, training and development activities.",nuclear restoration services ltd,,2114860.0,GBP,2026-09-15,2026-09-14,award,complete,79620000,https://www.contractsfinder.service.gov.uk/Notice/4b1d6ba8-e5a1-4ac1-b1de-3ab2dfd74345-914086,2026-09-16T12:24:01.298771+00:00
Contracts Finder,ocds-b5fd17-b6ecd212-aae3-4c0b-ab6a-1858036cf38c_8831f457-4fb3-4bfd-8bdb-065b5c865c10-914085,"QIP297 0900 2026-09-14 Ipswich - Eastern outreach, Ipswich (4-seated wheelchair accessbile vehicle required) - AWARD","Suffolk County Council is seeking a mini competition against the following Dynamic Purchasing System: `The supply of Passenger Transport Services`, OJEU Notice Id: 2018/S 031-067685.
      
      QIP297 0900 2026-09-14 Ipswich - Eastern outreach, Ipswich (4-seated wheelchair accessible vehicle required)
      
      Further details can be found in the 'Tenders / My Tenders' area of this website, by selecting the 'View Details' button for this project.
      
      The deadline for returned",Suffolk County Council Passenger Transport,,,GBP,2026-09-15,2026-09-14,awardUpdate,complete,60000000,https://www.contractsfinder.service.gov.uk/Notice/8831f457-4fb3-4bfd-8bdb-065b5c865c10-914085,2026-09-16T12:24:01.298957+00:00
Contracts Finder,ocds-b5fd17-670c4b41-170f-4643-9bda-0d045d747058_2eab30d1-5ab9-4b80-8ffc-f5eac68abcce-914081,Gentoo - Empty Homes Upgrades,"Gentoo Group seeks to appoint a Contractor to complete upgrades to empty homes.

Prosper Procurement Ltd (PROSPER) is managing this procurement on behalf of the Contracting Body. 

PLEASE NOTE: This is an award notice following a Direct Award under a Framework Agreement.

Additional information: 
This is an award notice following a Direct Award under Framework Ref: DN750494 - Investment Works Framework [FTS Reference:2025/S 000-019486]",PROSPER,,,GBP,2026-09-15,2026-09-11,award,complete,45000000,https://www.contractsfinder.service.gov.uk/Notice/2eab30d1-5ab9-4b80-8ffc-f5eac68abcce-914081,2026-09-16T12:24:01.299135+00:00
Contracts Finder,ocds-b5fd17-26477385-8701-495e-9533-04f98e0e77d5_092f3cbd-4e5b-40ce-9ca3-7f41c9e04df1-914078,ITT For Project 10208118,ITT For Project 10208118,Innovate UK,,1750.0,GBP,2026-09-15,2026-08-11,award,complete,79421100,https://www.contractsfinder.service.gov.uk/Notice/092f3cbd-4e5b-40ce-9ca3-7f41c9e04df1-914078,2026-09-16T12:24:01.299336+00:00
Contracts Finder,ocds-b5fd17-73215338-6152-4316-a144-7b40abcd1199_f20ea25a-0acd-4fb1-b96e-81dc5428ef4a-914079,QLT971 (0900) 2026-09-14 Huntingfield - Lowestoft Sixth Form College (4 seats) - AWARD,"Suffolk County Council is seeking a mini competition against the following Dynamic Purchasing System: `The supply of Passenger Transport Services`, OJEU Notice Id: 2018/S 031-067685.
      
      QLT971 (0900) 2026-09-14 Huntingfield - Lowestoft Sixth Form College (4 seats)
      
      Further details can be found in the 'Tenders / My Tenders' area of this website, by selecting the 'View Details' button for this project.
      
      The deadline for returned submissions is 0900 on 14/09/",Suffolk County Council Passenger Transport,,,GBP,2026-09-15,2026-09-14,award,complete,60000000,https://www.contractsfinder.service.gov.uk/Notice/f20ea25a-0acd-4fb1-b96e-81dc5428ef4a-914079,2026-09-16T12:24:01.299520+00:00
Contracts Finder,ocds-b5fd17-0fb4ec9c-b6e0-40df-8e95-0f00823a1802_74d9cb1b-de4d-458e-86c9-fa4d3467fb9f-914073,ITT For Project 10208462,ITT For Project 10208462,Innovate UK,,1625.0,GBP,2026-09-15,2026-08-11,award,complete,79421100,https://www.contractsfinder.service.gov.uk/Notice/74d9cb1b-de4d-458e-86c9-fa4d3467fb9f-914073,2026-09-16T12:24:01.299702+00:00
Contracts Finder,ocds-b5fd17-186684a9-87d5-4ca2-aa79-9f30c119385b_22ddc5b5-11b2-48c5-8a82-025ce8ed1651-914077,THRE0086 - Active travel values of travel time methodology,Contract Award,DfTc - Department for Transport,,79780.0,GBP,2026-09-15,2026-08-28,award,complete,73210000,https://www.contractsfinder.service.gov.uk/Notice/22ddc5b5-11b2-48c5-8a82-025ce8ed1651-914077,2026-09-16T12:24:01.299882+00:00
Contracts Finder,ocds-b5fd17-a003f8b0-e4cf-4f31-a1a1-40b5f38dfe17_3973d41c-8ede-4163-9e2e-089abcafdead-914072,ITT For Project 10205431,ITT For Project 10205431,Innovate UK,,3172.0,GBP,2026-09-15,2026-08-11,award,complete,79421100,https://www.contractsfinder.service.gov.uk/Notice/3973d41c-8ede-4163-9e2e-089abcafdead-914072,2026-09-16T12:24:01.300061+00:00
Contracts Finder,ocds-b5fd17-d469f98e-188d-47e9-b2cf-101715b2db27_08e974e7-042e-414c-9e5b-c0641c5431fa-914070,ITT For Project 10202436,ITT For Project 10202436,Innovate UK,,3172.0,GBP,2026-09-15,2026-08-11,award,complete,79421100,https://www.contractsfinder.service.gov.uk/Notice/08e974e7-042e-414c-9e5b-c0641c5431fa-914070,2026-09-16T12:24:01.300241+00:00
Contracts Finder,ocds-b5fd17-fffbdf63-3c35-4c89-b966-6a53b8902184_8fbbee9f-ec3f-4ff6-935b-6bbc2d3f9fc3-914067,ITT For Project 10204938,ITT For Project 10204938,Innovate UK,,3172.0,GBP,2026-09-15,2026-08-11,award,complete,79421100,https://www.contractsfinder.service.gov.uk/Notice/8fbbee9f-ec3f-4ff6-935b-6bbc2d3f9fc3-914067,2026-09-16T12:24:01.300446+00:00
Contracts Finder,ocds-b5fd17-5dca19af-43c5-482c-9ee8-9e58abc8b221_88d732aa-f7b9-4b31-928f-335281e0c4ed-914069,Award of a call off contract under the Prison Education Dynamic Purchasing System for CSCS/CDDO provision for prisoners at HMP Springhill,"Award of a call off contract under the Prison Education Dynamic Purchasing System for CSCS/CDDO provision for prisoners at HMP Springhill. The accredited training supplier will deliver Construction Skills Certification Scheme (CSCS) card training, Certificate of Competence of Demolition Operatives (CCDO) training card, Asbestos Awareness and arrange a CITB unit to attend the prison. The outcome is to equip participants with the necessary certification to access employment opportunities in the co",Ministry of Justice,,36000.0,GBP,2026-09-15,2026-07-03,award,complete,80000000,https://www.contractsfinder.service.gov.uk/Notice/88d732aa-f7b9-4b31-928f-335281e0c4ed-914069,2026-09-16T12:24:01.300636+00:00
Contracts Finder,ocds-b5fd17-ef7363d6-2bb9-4076-8d0c-606dc8b19ba7_e7ca4ed1-3301-4d4b-b53e-66dc976da990-914065,ITT For Project 10208501,ITT For Project 10208501,Innovate UK,,3172.0,GBP,2026-09-15,2026-08-11,award,complete,79421100,https://www.contractsfinder.service.gov.uk/Notice/e7ca4ed1-3301-4d4b-b53e-66dc976da990-914065,2026-09-16T12:24:01.300825+00:00
Contracts Finder,ocds-b5fd17-71b50d90-b465-47ab-897c-a1a17e8d748d_e5d3a077-fa41-471a-95fc-8334b8a403d9-914066,SNTH Architectural and engineering design services,"The appointment of the consultant to provide architectural and engineering design services for the refurbishment of the Stoke Newington Town Hall. The supplier will be procured via Direct call off from Hackney Professional Consultancy Services Framework, Lot 1.",London Borough of Hackney,,1500000.0,GBP,2026-09-15,2026-07-20,award,complete,71000000,https://www.contractsfinder.service.gov.uk/Notice/e5d3a077-fa41-471a-95fc-8334b8a403d9-914066,2026-09-16T12:24:01.301007+00:00
Contracts Finder,ocds-b5fd17-31e6a635-c966-4557-b051-87286e7cc50a_1bccdb86-f195-4c40-a23c-1b1ba98cb75c-914064,NE - CDF - Lot 2 - Dronfield Dam Refurbishments ECC,Dronfield Dam Refurbishments,Environment Agency,1688783.0,2000000.0,GBP,2026-09-15,2026-09-02,award,complete,45246400,https://www.contractsfinder.service.gov.uk/Notice/1bccdb86-f195-4c40-a23c-1b1ba98cb75c-914064,2026-09-16T12:24:01.301199+00:00
Contracts Finder,ocds-b5fd17-b064e3b2-9c4b-4373-b742-50290841b767_fdb00051-fa4d-4e5b-b336-6bad717bfa65-914062,ITT For Project 10208280,ITT For Project 10208280,Innovate UK,,3172.0,GBP,2026-09-15,2026-08-11,award,complete,79421100,https://www.contractsfinder.service.gov.uk/Notice/fdb00051-fa4d-4e5b-b336-6bad717bfa65-914062,2026-09-16T12:24:01.301403+00:00
Contracts Finder,ocds-b5fd17-8df3b5f7-55d5-44ab-886d-9e933feeabaf_7038aed5-e6f1-4800-930d-1bda43193980-914063,Award of a call off contract under the Prison Education Dynamic Purchasing System for Reading provision for prisoners at the London Region,"Award of a call off contract under the Prison Education Dynamic Purchasing System for Reading provision for prisoners at the London Region. The Supplier shall work in partnership with a range of key stakeholders within the prison community to explore what motivates prisoners to read. The supplier shall engage directly with prisoners through a range of methods including focus groups, surveys and other prisoner voice activities to identify the most effective strategies to encourage prisoners to im",Ministry of Justice,,601054.0,GBP,2026-09-15,2026-08-12,award,complete,80000000,https://www.contractsfinder.service.gov.uk/Notice/7038aed5-e6f1-4800-930d-1bda43193980-914063,2026-09-16T12:24:01.301589+00:00
Contracts Finder,ocds-b5fd17-5dee158f-c65e-46ab-82d9-773c073abd1d_316e0bbd-8272-4567-ac5a-8b95d81e91d6-914061,Award of a call off contract under the Prison Education Dynamic Purchasing System for Performing Arts provision for prisoners at HMP Elmley,"Award of a call off contract under the Prison Education Dynamic Purchasing System for Performing Arts provision for prisoners at HMP Elmley. The supplier will deliver support to LDD/Neurodiversity prisoners through performing arts workshops to instil confidence, develop positive communication skills and support personal development.",Ministry of Justice,,22500.0,GBP,2026-09-15,2026-06-19,award,complete,80000000,https://www.contractsfinder.service.gov.uk/Notice/316e0bbd-8272-4567-ac5a-8b95d81e91d6-914061,2026-09-16T12:24:01.301770+00:00
Contracts Finder,ocds-b5fd17-2289b3cd-e165-4730-8743-be86ed5ec333_70e6c116-5243-4fc4-83cb-7e1656d0172e-914060,"SUPPLY CHAIN NOTICE_WC1802680 & WC1582259 - (EP0035) Repair the flat roofs Waterproofing membranes at the north and south elevations & JRD Upgrades in line with the Defence Catering Strategy, Episkopi, Cyprus","(EP0035) Repair the flat roofs Waterproofing membranes at the north and south elevations, Episkopi, Cyprus 
&
JRD Upgrades in line with the Defence Catering Strategy, Episkopi, Cyprus

* Please provide a detailed description of the notice you are adding: 
Refurbishment of Junior Ranks Mess (EP0035) to uplift design and enhance user attractiveness. The following tasks are included:
-	Suspended ceiling to be replaced.
-	Replacement and reposition of movable and immovable furniture as well a",Ministry of Defence,,580000.0,GBP,2026-09-15,2026-09-21,tenderAmendment,active,45453100,https://www.contractsfinder.service.gov.uk/Notice/70e6c116-5243-4fc4-83cb-7e1656d0172e,2026-09-16T12:24:01.301954+00:00
Contracts Finder,ocds-b5fd17-efdbd3d6-148e-4335-b8e2-b5b07fa001fb_29287bea-8607-43ed-a64e-c9c2ebe4646b-914059,25-294: BATCH 18,"To tender adaptation of existing bathroom and installation of some specialist items e.g.  floor/stair lift, ramp, level access shower, level access entrance, etc.

Additional information: https://londonconstructionprogramme.co.uk/services/dynamic-purchasing-systems/",London Borough of Haringey,,86478.09,GBP,2026-09-15,2025-12-05,award,complete,45000000,https://www.contractsfinder.service.gov.uk/Notice/29287bea-8607-43ed-a64e-c9c2ebe4646b-914059,2026-09-16T12:24:01.302132+00:00
