source,notice_id,title,description,organisation,value_low,value_high,currency,published_date,deadline,notice_type,status,cpv_codes,url,scraped_at
FTS,ocds-h6vhtk-050c82_094849-2026,Madeley Centre Play Area,,,,,GBP,2026-10-07,,contractTermination,,,https://www.find-tender.service.gov.uk/Notice/094849-2026,2026-10-07T14:10:59.699002+00:00
FTS,ocds-h6vhtk-0782f4_094848-2026,Recruitment Advertising and Related Services,"The Council requires continued access to a specialist provider to support the attraction of suitably qualified candidates across a wide range of roles, including hard to fill and specialist posts. The scope of services includes recruitment advertising, employer branding, media planning and buying, campaign management, and specialist advice on reaching diverse and under represented candidate groups.",Devon County Council,,,GBP,2026-10-07,,award,complete,,https://www.find-tender.service.gov.uk/Notice/094848-2026,2026-10-07T14:10:59.699035+00:00
FTS,ocds-h6vhtk-050c82_094847-2026,Madeley Centre Play Area,"Supply and install new play equipment, safety surfacing and fencing suitable for children aged from toddler to twelve/thirteen years. The design of the play area must include equipment which complies with the full identified age range. 
The playground equipment should fit in with the rural aspect of the village. The playground equipment to include the following criteria/activities: Swinging, Climbing, Sliding, imagination play and sensory play. The playground should have a ""centrepiece"" item sit",Madeley Parish Council,,,GBP,2026-10-07,,award,complete,,https://www.find-tender.service.gov.uk/Notice/094847-2026,2026-10-07T14:10:59.699040+00:00
FTS,ocds-h6vhtk-06d63d_094846-2026,T2627 012 - PM and RM 12 - Building Energy Management Systems BEMS,"This specification outlines the requirements for the inspection, testing, maintenance, reactive response and reporting of Building Energy Management Systems (BEMS) across Lisburn and Castlereagh City Council's portfolio of properties. The Contract primarily covers sites with centrally supervised, networked or engineered control systems, including large leisure facilities and principal administrative buildings. Building Energy Management Systems are critical to the safe, efficient and reliable op",Lisburn & Castlereagh City Council,,,GBP,2026-10-07,,award,complete,,https://www.find-tender.service.gov.uk/Notice/094846-2026,2026-10-07T14:10:59.699044+00:00
FTS,ocds-h6vhtk-0782f3_094845-2026,Condition Works 27 S&V Surveys M&E Consultancy,"M&E Consultancy to carry out Scoping and Validation surveys as part of the prioritisation 
process for condition works 2027. Includes site visits and reporting. Surveys/reports 
issued to Project Manager once complete.",London Borough of Ealing,,,GBP,2026-10-07,,award,complete,,https://www.find-tender.service.gov.uk/Notice/094845-2026,2026-10-07T14:10:59.699047+00:00
FTS,ocds-h6vhtk-077ce2_094844-2026,Moving Traffic Enforcement (MTE) Cameras,"North Yorkshire Council is seeking a supplier to provide a Moving Traffic Enforcement (MTE) Camera solution to support the civil enforcement of moving traffic contraventions. The requirement includes the supply, installation, hosting, maintenance and support of approved camera technology, associated software and communications infrastructure. The contract will initially support a pilot deployment of MTE cameras, with the potential for future expansion to additional locations across North Yorkshi",The North Yorkshire Council,,1000000.0,GBP,2026-10-07,2026-11-08,tender,active,,https://www.find-tender.service.gov.uk/Notice/094844-2026,2026-10-07T14:10:59.699050+00:00
FTS,ocds-h6vhtk-0782f2_094843-2026,ES RDE 074 - Evidence of equine large strongyles in the UK: pilot prevalence an,"VMD Self-Service Direct Award.
The VMD seeks to address a critical evidence gap relating to the potential re-emergence of equine large strongyles in the UK equine population. The lack of UK-specific data on equine large strongyle occurrence, alongside uncertainty in diagnostic interpretation, limits the sector’s ability to assess the current significance of this parasite and determine how it should be considered within evidence-based parasite control guidance, including the role and optimisation",Veterinary Medicines Directorate,,,GBP,2026-10-07,,award,complete,,https://www.find-tender.service.gov.uk/Notice/094843-2026,2026-10-07T14:10:59.699054+00:00
FTS,ocds-h6vhtk-0782f1_094842-2026,Funeral Services,Provision of public health funerals in North Somerset,North Somerset Council,,,GBP,2026-10-07,,award,complete,,https://www.find-tender.service.gov.uk/Notice/094842-2026,2026-10-07T14:10:59.699067+00:00
FTS,ocds-h6vhtk-0782f0_094841-2026,PROVISION OF SUPPORTED ACCOMMODATION FOR LOOKED AFTER CHILDREN AND LEAVING CARE (AGED 16 Plus),The Council requires 16 block bed units of 24/7 supported accommodation and 25 block bed units of floating support accommodation for young people at any one time as part of this contract. These must be provided within no less than 8 but no more than 9 properties. This will allow for a thorough matching process with each placement. Beds that will be within 24/7 staffed accommodation will provide 10 support hours per person per week included in the cost. Beds that will be within floating supported,London Borough of Bexley,,1250000.0,GBP,2026-10-07,2026-10-30,tender,active,,https://www.find-tender.service.gov.uk/Notice/094841-2026,2026-10-07T14:10:59.699071+00:00
FTS,ocds-h6vhtk-0782ef_094840-2026,Legal Advice,Agreement awarded via a further competition under GCA Framework rm6360 lot 2 for  legal advice.,NS&I,,,GBP,2026-10-07,,award,complete,79100000,https://www.find-tender.service.gov.uk/Notice/094840-2026,2026-10-07T14:10:59.699075+00:00
FTS,ocds-h6vhtk-0782ee_094839-2026,Procurement eSourcing Platform,Provision of the Delta eSourcing platform for Essex County Fire and Rescue Service,"Essex Police, Fire and Crime Commissioner Fire and Rescue Authority",,,GBP,2026-10-07,,award,complete,,https://www.find-tender.service.gov.uk/Notice/094839-2026,2026-10-07T14:10:59.699078+00:00
FTS,ocds-h6vhtk-0782ed_094838-2026,Eye Care Liaison Officer Service (ECLO),Eye Care Liaison Officer Service (ECLO).,NHS GLOUCESTERSHIRE INTEGRATED CARE BOARD,,,GBP,2026-10-07,,award,complete,85100000,https://www.find-tender.service.gov.uk/Notice/094838-2026,2026-10-07T14:10:59.699081+00:00
FTS,ocds-h6vhtk-0782ec_094837-2026,Yearly ITHC,Yearly ITHC check for the yearly PSN accreditation laid out by the Home Office,Police and Crime Commissioner for West Midlands,,,GBP,2026-10-07,,award,complete,,https://www.find-tender.service.gov.uk/Notice/094837-2026,2026-10-07T14:10:59.699083+00:00
FTS,ocds-h6vhtk-0782eb_094836-2026,Multi-Disciplinary Professional Services Consultancy,"Royal Berkshire Fire Authority (RBFA) is seeking to appoint a Multi-Disciplinary Professional Services Consultancy, to support the planning, design and delivery of its capital works programme across its estates, identified in the Strategic Asset Investment Framework (SAIF), including:
•	Delivery of capital new builds 
•	Refurbishment and estate lifecycle programme 
•	Fire station moderation programme (principal activity)
•	Sustainability strategy support
•	Compliance upgrades 
The successful sup",Royal Berkshire Fire Authority,,,GBP,2026-10-07,,award,complete,,https://www.find-tender.service.gov.uk/Notice/094836-2026,2026-10-07T14:10:59.699086+00:00
FTS,ocds-h6vhtk-0782ea_094835-2026,Electrical adjustable desk frames for the office,Electrical adjustable desk frames for the office Belfast.,Met Office,,,GBP,2026-10-07,,award,complete,,https://www.find-tender.service.gov.uk/Notice/094835-2026,2026-10-07T14:10:59.699089+00:00
FTS,ocds-h6vhtk-06f0ed_094834-2026,Top Handling Facility Refurbishment,Refurbishment of handling facility for cattle at Parsonage Down NNR,Natural England,,,GBP,2026-10-07,,award,complete,,https://www.find-tender.service.gov.uk/Notice/094834-2026,2026-10-07T14:10:59.699091+00:00
FTS,ocds-h6vhtk-06c7e5_094833-2026,NRW First Aid Training Framework 2026,"A framework to deliver the first Aid requirements of NRW to ensure staff are confident and competent to carry out daily activities, we have approx.1193 staff across Wales, that require training for their role that are at various points of their accreditations. The framework will cover the following courses:- First aid at work- First aid at work requalification- Emergency First aid- Emergency First aid + ForestryThe NRW staff requiring training are majority field based, working in a range of envi",Natural Resources Wales,,,GBP,2026-10-07,,award,complete,,https://www.find-tender.service.gov.uk/Notice/094833-2026,2026-10-07T14:10:59.699093+00:00
FTS,ocds-h6vhtk-06f0be_094832-2026,Environmental Enforcement Agency,"The Council’s detailed requirements for the Supplies, Services, and/or Works are set out in the suite of Specification documents, which can be accessed on the Council’s eProcurement Portal, and applicable details across all other documents which form the Procurement Document Suite.
The Council is conducting this procurement process under the Procurement Act 2023 (UKPGA 2023/54), using the Open Procedure to identify the Supplier for the Supplies, Services, and/or Works.
No information in this doc",London Borough of Hammersmith and Fuham (LBHF),,2653000.0,GBP,2026-10-07,2027-11-04,tender,active,,https://www.find-tender.service.gov.uk/Notice/094832-2026,2026-10-07T14:10:59.699097+00:00
FTS,ocds-h6vhtk-077b7f_094831-2026,ONLINE EVIDENCE BASED TREATMENT/RECOVERY SERVICE,Request for quotation for an online provision including treatment and recovery of drug use.,Police and Crime Commissioner for Dyfed-Powys,,36000.0,GBP,2026-10-07,2026-10-12,tenderUpdate,active,,https://www.find-tender.service.gov.uk/Notice/094831-2026,2026-10-07T14:10:59.699101+00:00
FTS,ocds-h6vhtk-0782e9_094830-2026,"P804 WCC Gazetteer, Planning/Building Control and Licensing Back Office Applications - Implementation","This Call-Off Contract will provide implementation services for the Planning, Building Control and Licensing Back Office Application System (Arcus Solution) along with 2 weeks hyper care and up to 30 days of development",Westminster City Council,,,GBP,2026-10-07,,award,complete,72224100,https://www.find-tender.service.gov.uk/Notice/094830-2026,2026-10-07T14:10:59.699104+00:00
FTS,ocds-h6vhtk-0782e8_094829-2026,Staff Engagement Survey Consultancy Services,"Staff Engagement Survey Consultancy  including survey design, administration, analysis and reporting",The Guinness Partnership,,,GBP,2026-10-07,,award,complete,,https://www.find-tender.service.gov.uk/Notice/094829-2026,2026-10-07T14:10:59.699106+00:00
FTS,ocds-h6vhtk-0782e7_094828-2026,Supply of Navigation Charts for Border Force Patrol Vessels (9 months),"This is a Tender Notice for potential bidders, offering the opportunity to bid for the supply of Paper and Digital Charts and Nautical Publications for Border Force Maritime's Patrol Vessels, for 6 months with the opportunity to extend this contract for a further 3 months from 1st November 2026.
The Buyer is using Jaggaer for this procurement which means the Tender is available only in electronic form. https://homeoffice.app.jaggaer.com/
The Invitation to Tender (ITT) can be viewed from the logi",Home Office,,60000.0,GBP,2026-10-07,2026-10-16,tender,active,,https://www.find-tender.service.gov.uk/Notice/094828-2026,2026-10-07T14:10:59.699109+00:00
FTS,ocds-h6vhtk-06f1a4_094827-2026,Understanding the environmental impacts of displacing UK agricultural/commodity production,"There is increasing pressure on land use in the UK due to demands from housing development and commitments to Net Zero and nature. This, combined with a changing climate, mean there may be less land available for agricultural commodity production within the UK. This may result in a displacement of production overseas.
While there is good evidence on the carbon, biodiversity and other environmental impacts that any given land use change will bring in situ, there is currently no established method",JNCC SUPPORT CO,,275000.0,GBP,2026-10-07,2026-10-13,tenderUpdate,active,,https://www.find-tender.service.gov.uk/Notice/094827-2026,2026-10-07T14:10:59.699111+00:00
FTS,ocds-h6vhtk-055ffc_094826-2026,SPS-02290 Provision of Coach Hire Services,"The SPS is seeking a supplier to provide the Purchaser with a coach hire service, when requested, travelling between:
-The Purchaser’s College (Newlands Road Brightons Falkirk FK2 0DE);
-To Purchaser’s National Training Centre Station Road Fauldhouse West Lothian EH47 9DJ; and
-And the return journey
There may be additional hire based on operational requirements.",Scottish Prison Service,,,GBP,2026-10-07,,award,complete,60172000,https://www.find-tender.service.gov.uk/Notice/094826-2026,2026-10-07T14:10:59.699113+00:00
FTS,ocds-h6vhtk-0782e6_094825-2026,Supply of Enhanced SIP Channels,Supply of 100 enhanced SIP channels and rental of DDI numbers for 3 years,Dacorum Borough Council,,,GBP,2026-10-07,,award,complete,,https://www.find-tender.service.gov.uk/Notice/094825-2026,2026-10-07T14:10:59.699116+00:00
FTS,ocds-h6vhtk-0782e5_094824-2026,Hospital Discharge and Community Support Programme Lead,"Hospital Discharge and Community Support Programme Lead:
Managing a high-profile, cross-organisational transformation programme across the London Borough of Newham, NHS North East London Integrated Care Board, Barts Health NHS Trust, East London NHS Foundation Trust and wider system partners.",London Borough of Newham,,,GBP,2026-10-07,,award,complete,,https://www.find-tender.service.gov.uk/Notice/094824-2026,2026-10-07T14:10:59.699118+00:00
FTS,ocds-h6vhtk-0782e4_094823-2026,Frontline Cleaning - Hillington,Frontline Glasgow Hillington Cleaning,Met Office,,,GBP,2026-10-07,,award,complete,,https://www.find-tender.service.gov.uk/Notice/094823-2026,2026-10-07T14:10:59.699120+00:00
FTS,ocds-h6vhtk-0782e3_094822-2026,QHM-2025-3761 SH Reily LTD,Low Vision Service,NHS NORTH EAST AND NORTH CUMBRIA INTEGRATED CARE BOARD,,,GBP,2026-10-07,,award,complete,85100000,https://www.find-tender.service.gov.uk/Notice/094822-2026,2026-10-07T14:10:59.699124+00:00
FTS,ocds-h6vhtk-0782d3_094821-2026,CS1039 A & E - Specialist Actuarial Consultancy,"CS1039 A - Funding Framework Review
Specialist actuarial consultancy services to undertake an independent review of the Pension Protection Fund's Funding Framework. The review will assess the framework's objectives, risk thresholds, methodology and governance arrangements, taking account of significant changes in the operating environment since the framework was last published in September 2022. The services will support the development of an updated funding strategy and associated governance fr",Pension Protection Fund,,,GBP,2026-10-07,,award,complete,,https://www.find-tender.service.gov.uk/Notice/094821-2026,2026-10-07T14:10:59.699126+00:00
FTS,ocds-h6vhtk-0782e2_094820-2026,Baby Tagging System,"Baby Tagging System - Implementation, ongoing support and consumables",Bolton NHS Foundation Trust,,240000.0,GBP,2026-10-07,2026-12-11,planning,planned,,https://www.find-tender.service.gov.uk/Notice/094820-2026,2026-10-07T14:10:59.699129+00:00
FTS,ocds-h6vhtk-0782d9_094819-2026,"Service & Maintenance of Pendants, Theatre Light Systems, and Examination Lamps","Routine service and repair of Pendants, Theatre Light Systems, and Examination Lamps within South Eastern Health & Social Care Trust. Maintenance, in accordance with OEM recommendations.
Total (Without VAT)£2,390,160.00",South Eastern Health & Social Care Trust,,,GBP,2026-10-07,,award,complete,,https://www.find-tender.service.gov.uk/Notice/094819-2026,2026-10-07T14:10:59.699131+00:00
FTS,ocds-h6vhtk-059222_094818-2026,Heath Row Play Area,,,,,GBP,2026-10-07,,contractTermination,,,https://www.find-tender.service.gov.uk/Notice/094818-2026,2026-10-07T14:10:59.699133+00:00
FTS,ocds-h6vhtk-0782e1_094817-2026,Five Acres Roofing Repairs (Phase 2),JCT 2024 Minor Works Contract for Title procured from B2G Roofing Systems Framework and contractor DPS https://www.b2g.org.uk/b2g/frs,Oxfordshire County Council,,,GBP,2026-10-07,,award,complete,45260000,https://www.find-tender.service.gov.uk/Notice/094817-2026,2026-10-07T14:10:59.699136+00:00
FTS,ocds-h6vhtk-06f750_094816-2026,LBWF Meeting Pods,"Framery Four Lite Adjustable lighting with two preset lighting modes Adaptive ventilation (airflow volume & direction) Occupancy lights 8’’ touchscreen Built-in 4G module 2x USB-C, PD charge port 65W Air filter Junction box With table and sofas Two add-on rails embedded on exterior walls. Standard outlets: 4 x power outlets Spring hinges Extension dims.:W2352 x D1292 x H2329mm Interior dims.: W2154 x D1185 x H2097mm",London Borough of Waltham Forest,,,GBP,2026-10-07,,award,complete,,https://www.find-tender.service.gov.uk/Notice/094816-2026,2026-10-07T14:10:59.699138+00:00
FTS,ocds-h6vhtk-0782e0_094815-2026,BSc (Hons) Risk and Security Management distance learning degree course,The provision of a BSc (Hons) Risk and Security Management distance learning degree course over 5 years,Defence Science and Technology Laboratory,,,GBP,2026-10-07,,award,complete,,https://www.find-tender.service.gov.uk/Notice/094815-2026,2026-10-07T14:10:59.699140+00:00
FTS,ocds-h6vhtk-0782df_094814-2026,Westlaw database Subscription,Westlaw database three year subscription agreement,Bath Spa University,,,GBP,2026-10-07,,award,complete,,https://www.find-tender.service.gov.uk/Notice/094814-2026,2026-10-07T14:10:59.699143+00:00
FTS,ocds-h6vhtk-066260_094813-2026,Case Management System - Drug and Alcohol Service,"Somerset Council is looking to procure a secure, hosted, fully supported, multi-agency, web-based Information/Case Management System for use by professionals involved in clients’ support for substance misuse.  ",Somerset Council,,400000.0,GBP,2026-10-07,2026-11-09,tender,active,,https://www.find-tender.service.gov.uk/Notice/094813-2026,2026-10-07T14:10:59.699145+00:00
FTS,ocds-h6vhtk-0782de_094812-2026,Section 10 inspections Epping Forest Reservoirs,"Section 10 inspections Epping Forest Reservoirs - increase PO 1125109 to an additional £11,600.00 (total order - £21,600)",The Mayor and Commonalty and Citizens of the City of London,,,GBP,2026-10-07,,award,complete,,https://www.find-tender.service.gov.uk/Notice/094812-2026,2026-10-07T14:10:59.699150+00:00
FTS,ocds-h6vhtk-0782d5_094811-2026,Fixed Fee Programme,The Fixed Fee Programme includes all messaging and API calls for live and test environments.,BANK OF ENGLAND,,,GBP,2026-10-07,,award,complete,,https://www.find-tender.service.gov.uk/Notice/094811-2026,2026-10-07T14:10:59.699152+00:00
FTS,ocds-h6vhtk-0782dd_094810-2026,PURCHASE OF PtW Adult Art Club,PURCHASE OF PtW Adult Art Club for participants on the Pathways to Work programme.,Barnsley Metropolitan Borough Council,,,GBP,2026-10-07,,award,complete,,https://www.find-tender.service.gov.uk/Notice/094810-2026,2026-10-07T14:10:59.699155+00:00
FTS,ocds-h6vhtk-0782dc_094809-2026,Measured Term Contract (MTC),Measured Term Contract  for call off of minor works (MTC),The Christie NHS Foundation Trust,,,GBP,2026-10-07,,award,complete,,https://www.find-tender.service.gov.uk/Notice/094809-2026,2026-10-07T14:10:59.699157+00:00
FTS,ocds-h6vhtk-0782d8_094808-2026,Maritime Simulation Upgrade,"The University of Plymouth requires the upgrade and enhancement of its existing maritime simulation facilities supplied by Wärtsilä Voyage Oy. The procurement will deliver an upgrade of the existing Navi-Trainer Professional simulation environment from version 5.40 to version 6, ensuring continued alignment with current maritime training standards and enhanced simulation capabilities. The procurement also includes a three-year Smart Support Agreement covering technical support, software maintena",University of Plymouth,,,GBP,2026-10-07,,award,complete,,https://www.find-tender.service.gov.uk/Notice/094808-2026,2026-10-07T14:10:59.699160+00:00
FTS,ocds-h6vhtk-067eec_094807-2026,Avon & Somerset and Dorset Police Generator Servicing and Maintenance,"Annual and interim servicing, load bank testing and condition surveys of multiple generators situated across the Avon & Somerset and Dorset policing area. There will also be maintenance and reactive works plus an emergency call out service requirement.",The Police and Crime Commissioner for Avon & Somerset,,,GBP,2026-10-07,,awardUpdate,complete,,https://www.find-tender.service.gov.uk/Notice/094807-2026,2026-10-07T14:10:59.699162+00:00
FTS,ocds-h6vhtk-0782db_094806-2026,SEA B7 - Plant room removal works,"Plant room asbestos removal works at Seacroft Hospital, Block 07.",Leeds Teaching Hospitals NHS Trust,,,GBP,2026-10-07,,award,complete,,https://www.find-tender.service.gov.uk/Notice/094806-2026,2026-10-07T14:10:59.699165+00:00
FTS,ocds-h6vhtk-0782da_094805-2026,Codility Renewal,Codility Subscription,Met Office,,,GBP,2026-10-07,,award,complete,,https://www.find-tender.service.gov.uk/Notice/094805-2026,2026-10-07T14:10:59.699169+00:00
FTS,ocds-h6vhtk-0782d9_094804-2026,"Service & Maintenance of Pendants, Theatre Light Systems, and Examination Lamps","Routine service and repair of Pendants, Theatre Light Systems, and Examination Lamps  within South Eastern Health & Social Care Trust. Maintenance, in accordance with OEM recommendations.",South Eastern Health & Social Care Trust,,,GBP,2026-10-07,,award,complete,,https://www.find-tender.service.gov.uk/Notice/094804-2026,2026-10-07T14:10:59.699185+00:00
FTS,ocds-h6vhtk-0782d8_094803-2026,Maritime Simulation Upgrade,"The University of Plymouth requires the upgrade and enhancement of its existing maritime simulation facilities supplied by Wärtsilä Voyage Oy. The procurement will deliver an upgrade of the existing Navi-Trainer Professional simulation environment from version 5.40 to version 6, ensuring continued alignment with current maritime training standards and enhanced simulation capabilities. The procurement also includes a three-year Smart Support Agreement covering technical support, software maintena",University of Plymouth,,,GBP,2026-10-07,,award,complete,,https://www.find-tender.service.gov.uk/Notice/094803-2026,2026-10-07T14:10:59.699188+00:00
FTS,ocds-h6vhtk-0779d6_094802-2026,Dermatology Service,To provide a consultant led service for patients of East Cheshire Dermatology service,MID CHESHIRE HOSPITALS NHS FOUNDATION TRUST,,,GBP,2026-10-07,,tenderUpdate,,85100000,https://www.find-tender.service.gov.uk/Notice/094802-2026,2026-10-07T14:10:59.699192+00:00
FTS,ocds-h6vhtk-0782d7_094801-2026,Cleveland Health Centre - Right-hand Lift Replacement,Contract for Cleveland Health Centre - Right-hand Lift Replacement,NHS Property Services Limited,,,GBP,2026-10-07,,award,complete,,https://www.find-tender.service.gov.uk/Notice/094801-2026,2026-10-07T14:10:59.699194+00:00
FTS,ocds-h6vhtk-0782d6_094800-2026,Interim Programme Lead Contractor,Interim Programme Lead Contractor - to provide programme management support in relation to LGR exit and ARC programme support.  Procured under exemption in line with the Councils CSO's.,East Hampshire District Council,,,GBP,2026-10-07,,award,complete,,https://www.find-tender.service.gov.uk/Notice/094800-2026,2026-10-07T14:10:59.699196+00:00
FTS,ocds-h6vhtk-0782d5_094799-2026,Fixed Fee Programme,The Fixed Fee Programme includes all messaging and API calls for live and test environments.,BANK OF ENGLAND,,,GBP,2026-10-07,,award,complete,,https://www.find-tender.service.gov.uk/Notice/094799-2026,2026-10-07T14:10:59.699198+00:00
FTS,ocds-h6vhtk-0782d4_094798-2026,Day Services for Younger People Living With Dementia,,Leeds City Council,,,GBP,2026-10-07,,awardUpdate,,85000000,https://www.find-tender.service.gov.uk/Notice/094798-2026,2026-10-07T14:10:59.699200+00:00
FTS,ocds-h6vhtk-0782d3_094797-2026,CS1039 A & E - Specialist Actuarial Consultancy,"CS1039 A - Funding Framework Review
Specialist actuarial consultancy services to undertake an independent review of the Pension Protection Fund's Funding Framework. The review will assess the framework's objectives, risk thresholds, methodology and governance arrangements, taking account of significant changes in the operating environment since the framework was last published in September 2022. The services will support the development of an updated funding strategy and associated governance fr",Pension Protection Fund,,,GBP,2026-10-07,,award,complete,,https://www.find-tender.service.gov.uk/Notice/094797-2026,2026-10-07T14:10:59.699203+00:00
FTS,ocds-h6vhtk-05d18e_094796-2026,Facilities Management,"The provision of Facilities Management (FM) and associated support services to Nuclear Waste Services Ltd (NWS) at the Low Level Waste Repository (LLWR) site, near Drigg.
The primary objectives and deliverables of this contract are:
To safely and effectively deliver comprehensive on-site Facilities Management services that support the ongoing waste management and operational activities at the LLWR site.
To ensure the safe, timely, cost-effective, and high-quality execution of all planned Facilit",Nuclear Waste Services Limited,,22000000.0,GBP,2026-10-07,,planningUpdate,planned,,https://www.find-tender.service.gov.uk/Notice/094796-2026,2026-10-07T14:10:59.699205+00:00
FTS,ocds-h6vhtk-0782d2_094795-2026,Qualified Person Service for Investigational Medicinal Products (IMP),"NHS Blood and Transplant is seeking to appoint a suitably qualified and experienced supplier to provide Qualified Person services in support of its portfolio of Investigational Medicinal Product manufacturing projects.
The proposed service may include:
reviewing and providing regulatory and quality input into selected regulatory submissions;
advising on applicable regulatory, Good Manufacturing Practice and quality-compliance requirements for biological and Advanced Therapy Medicinal Product man",NHS Blood and Transplant,,216000.0,GBP,2026-10-07,,planning,planning,,https://www.find-tender.service.gov.uk/Notice/094795-2026,2026-10-07T14:10:59.699208+00:00
FTS,ocds-h6vhtk-0782d1_094794-2026,Approved Mental Health Practitioner (AMHP),The City of London Corporation (The City) to award a contract for the Approved Mental Health Practitioner (AMHP),The Mayor and Commonalty and Citizens of the City of London,,,GBP,2026-10-07,,award,complete,85100000,https://www.find-tender.service.gov.uk/Notice/094794-2026,2026-10-07T14:10:59.699210+00:00
FTS,ocds-h6vhtk-0782d0_094793-2026,Public Health Pharmacy Pseudo-Dynamic Purchasing System (PDPS) Round 9,"This notice is in relation to the publish of the onboarding round of the Public Health Pharmacy Pseudo-Dynamic Purchasing System (PDPS) (Round 9).
The service specification set out London Borough of Newham's (LBN) requirements in respect of the provision of public health smoking cessation, sexual health (condom provision and STI screening), needle exchange, naloxone provision and supervised consumption services.  
Over the life of the Pseudo- Dynamic Purchasing System and in response to identifi",London Borough of Newham,,,GBP,2026-10-07,2027-02-01,tender,active,85000000,https://www.find-tender.service.gov.uk/Notice/094793-2026,2026-10-07T14:10:59.699213+00:00
FTS,ocds-h6vhtk-0782cf_094792-2026,Christmas Lights and Decorations 2026-2027: Dartford Town Centre,"CHRISTMAS LIGHTING 2026-2028 including hiring, installation and removal of Christmas lighting throughout Dartford town centre, based on the current scheme consisting of: 32 x Lamp column motifs, 17 x Across street motifs, 1 x Ceiling of light, 15 x wall mounted motifs, 1 x 3D Snowman, 150m of icicle lights, 1 x Christmas tree with 500m lights, 2 x trees with 40 Boa lights, 1 x living wall decorated with LED Lights.",Dartford Borough Council,,,GBP,2026-10-07,,award,complete,,https://www.find-tender.service.gov.uk/Notice/094792-2026,2026-10-07T14:10:59.699216+00:00
FTS,ocds-h6vhtk-06a77c_094791-2026,Christmas Lights - 2026-2029,"Elmton with Creswell parish council wish to enter a three-year contract for 40 Christmas lights on lighting columns in Creswell (to be rented or brought, installed, taken down and stored). Thirty nine lighting columns are already in use and have the requisite sockets and timers fitted to the lighting columns. However, one lighting column will need a new socket fitted. The lighting columns are all on Elmton Road.
Three-year contract for 2026, 2027 and 2028:
• 39 lights (on lighting columns with e",Elmton with Creswell Parish Council,,,GBP,2026-10-07,,award,complete,,https://www.find-tender.service.gov.uk/Notice/094791-2026,2026-10-07T14:10:59.699220+00:00
FTS,ocds-h6vhtk-069e6e_094790-2026,Purchase of 1 bed social rented units,To purchase 1 bedroom social rented units,East Staffordshire Borough Council,,,GBP,2026-10-07,,award,complete,,https://www.find-tender.service.gov.uk/Notice/094790-2026,2026-10-07T14:10:59.699222+00:00
FTS,ocds-h6vhtk-0782ce_094789-2026,Commercial waste and recycling,Waste Collection and Recycling across multiple locations across the borough. Including Housing &  multi-storey carpark.,Wokingham Borough Council,,3000000.0,GBP,2026-10-07,,planning,planned,,https://www.find-tender.service.gov.uk/Notice/094789-2026,2026-10-07T14:10:59.699226+00:00
FTS,ocds-h6vhtk-0782cd_094788-2026,CPU 5930 GP Health Checks,"GPs to deliver community-based NHS Health Checks to improve the number of people over 40 accessing preventive assessment and advice; improve equity, ensuring that those who are most at risk are identified and prioritised appropriately; and to optimise opportunities to improve health and address risk factors for cardiovascular disease.",Nottingham City Council,,,GBP,2026-10-07,,award,complete,85000000,https://www.find-tender.service.gov.uk/Notice/094788-2026,2026-10-07T14:10:59.699229+00:00
FTS,ocds-h6vhtk-0782cc_094787-2026,JSTOR Archives,JSTOR archives + alumni access,Bath Spa University,,,GBP,2026-10-07,,award,complete,,https://www.find-tender.service.gov.uk/Notice/094787-2026,2026-10-07T14:10:59.699231+00:00
FTS,ocds-h6vhtk-0782cb_094786-2026,Tutbury Health Centre Access Ramp,Tutbury Health Centre - Access ramp and associated external works,NHS Property Services Limited,,,GBP,2026-10-07,,award,complete,,https://www.find-tender.service.gov.uk/Notice/094786-2026,2026-10-07T14:10:59.699233+00:00
FTS,ocds-h6vhtk-0782ca_094785-2026,PSOGI Conference,PCO for PSOGI 2029 Conference,The Christie NHS Foundation Trust,,,GBP,2026-10-07,,award,complete,,https://www.find-tender.service.gov.uk/Notice/094785-2026,2026-10-07T14:10:59.699235+00:00
FTS,ocds-h6vhtk-0782c9_094784-2026,Apollo Mission Simulator Fit Out Main Contractor,SMG wishes to establish a contract for the provision of Fit Out Main Contractor works for the Apollo Mission Simulator Gallery.,Science Museum Group,,700000.0,GBP,2026-10-07,2026-11-02,tender,active,,https://www.find-tender.service.gov.uk/Notice/094784-2026,2026-10-07T14:10:59.699238+00:00
FTS,ocds-h6vhtk-07819e_094783-2026,Multi Functional Devices & Digital Solutions,Y26009 Multi Functional Devices & Digital Solutions,Kent County Council (t/a Procurement Services),,,GBP,2026-10-07,,award,complete,,https://www.find-tender.service.gov.uk/Notice/094783-2026,2026-10-07T14:10:59.699240+00:00
FTS,ocds-h6vhtk-0782c8_094782-2026,"Consultation Services for Existing Town Plan Reviews, and Rural Place Plan Review Development for Gilford, Keady and Rathfriland","Armagh City, Banbridge and Craigavon Borough Council invites Tenders from suitably experienced and qualified Consultant Teams to review existing town plans and develop Rural Place Plan Reviews for the three places of Gilford, Keady and Rathfriland. Further detail available within Documents section of eTendersNI CfT workspace.","Armagh City, Banbridge and Craigavon Borough Council",,,GBP,2026-10-07,2026-10-28,tender,active,,https://www.find-tender.service.gov.uk/Notice/094782-2026,2026-10-07T14:10:59.699243+00:00
FTS,ocds-h6vhtk-0696e6_094781-2026,"Heating, Electrical, Mechanical and Decarbonisation Framework","The procurement will establish a single combined, multi-supplier Heating, Electrical, Mechanical and Decarbonisation Framework, not divided into lots, for the provision of works and associated services to domestic and non-domestic properties and buildings, including occupied and void properties. The scope will include, but is not limited to, the provision, supply, installation, replacement, upgrading, servicing, statutory and safety inspection, testing, planned and responsive maintenance and rep",EASTERN PROCUREMENT LIMITED,,1060972300.47,GBP,2026-10-07,2026-11-04,tenderUpdate,active,,https://www.find-tender.service.gov.uk/Notice/094781-2026,2026-10-07T14:10:59.699246+00:00
FTS,ocds-h6vhtk-0782c7_094780-2026,Campus Futures,Contract Details Notice,Cardiff University,,,GBP,2026-10-07,,award,complete,,https://www.find-tender.service.gov.uk/Notice/094780-2026,2026-10-07T14:10:59.699248+00:00
FTS,ocds-h6vhtk-0782c6_094779-2026,STA-27037 Bloomberg Subscription and Terminals,Provision of Bloomberg Subscription and Terminals for 12 months.,Royal Holloway and Bedford New College,,,GBP,2026-10-07,,award,complete,,https://www.find-tender.service.gov.uk/Notice/094779-2026,2026-10-07T14:10:59.699250+00:00
FTS,ocds-h6vhtk-0782c5_094778-2026,Norwich and Brundall to Loddon Hobart High,"Home to School transport - Norwich and Brundall to Loddon Hobart High School.
£30,420.00",Norfolk County Council,,,GBP,2026-10-07,,award,complete,,https://www.find-tender.service.gov.uk/Notice/094778-2026,2026-10-07T14:10:59.699252+00:00
FTS,ocds-h6vhtk-068fcc_094777-2026,NAIROBI RAILWAY CITY TA,"Foreign, Commonwealth and Development Office (FCDO) awarded a contract for delivery of Technical Assistance for Nairobi Railway City Technical Assistance Project (NRC TA) in Kenya to KPMG Advisory Services Ltd.
The contract would require the supplier to provide expertise to support Kenya Railways to fully develop and unlock the economic potential of the Railway City Project in Nairobi, Kenya. The Supplier will provide the strategic oversight of the Railway City Project, leadership, stakeholder m","Foreign, Commonwealth and Development Office",,,GBP,2026-10-07,,award,complete,,https://www.find-tender.service.gov.uk/Notice/094777-2026,2026-10-07T14:10:59.699255+00:00
FTS,ocds-h6vhtk-0782c4_094776-2026,3068 Bonington Gallery Vertical Lifting Platform,"Design, manufacture, installation and commissioning of the replacement vertical lifting platform located in Bonington Gallery all in accordance with the attached Tender documentation.
For more information about this opportunity, please visit the eSourcing portal at: 
https://neupc.delta-esourcing.com/tenders/UK-UK-Nottingham:-Lift-installation-work./N78H59928M
To respond to this opportunity, please click here: 
https://neupc.delta-esourcing.com/respond/N78H59928M",Nottingham Trent University,,,GBP,2026-10-07,2026-10-28,tender,active,,https://www.find-tender.service.gov.uk/Notice/094776-2026,2026-10-07T14:10:59.699257+00:00
FTS,ocds-h6vhtk-0775bf_094775-2026,"Refurbishment of The Cedars, North Walsham and Reconstruction of the associated Boundary Wall","North Norfolk District Council (the Council) is seeking to appoint a suitably qualified contractor to refurbish The Cedars – a Grade II listed building located within North Walsham Conservation Area, together with the reconstruction of a historic boundary wall within the site’s curtilage.
The Council has elected to reserve this competition to suppliers that are based within the administrative area of Norfolk.
For the purposes of this procurement, a supplier will be considered “based within” the ",North Norfolk District Council,,150000.0,GBP,2026-10-07,2026-10-30,tenderUpdate,active,,https://www.find-tender.service.gov.uk/Notice/094775-2026,2026-10-07T14:10:59.699259+00:00
FTS,ocds-h6vhtk-05a09d_094774-2026,WCC- Third Party Managed Direct Debit solution,"Warwickshire County Council (the Council) is seeking a third party Direct Debit solution, with the potential to progress to a fully managed service. The solution must support the automated collection of income to reduce manual data entry, improve efficiency, and minimise the need for ongoing monitoring.
The Council requires a system capable of fast and accurate creation and verification of Direct Debit mandates, fully compliant with BACs requirements and aligned with Warwickshire County Council'",Warwickshire County Council,,,GBP,2026-10-07,,award,complete,,https://www.find-tender.service.gov.uk/Notice/094774-2026,2026-10-07T14:10:59.699261+00:00
FTS,ocds-h6vhtk-065c4e_094773-2026,Bedlington Town Centre Phase 3,"The project seeks to construct a new 19,000 sq. ft retail store for B & M and 1800 sq. ft Starbucks Drive thru with external works as the third phase of Bedlington Town Centre Regeneration for Advance Northumberland.",ADVANCE NORTHUMBERLAND (COMMERCIAL) LIMITED,,,GBP,2026-10-07,,award,complete,,https://www.find-tender.service.gov.uk/Notice/094773-2026,2026-10-07T14:10:59.699263+00:00
FTS,ocds-h6vhtk-06bb04_094772-2026,Provision of Best Start Hubs and Healthy Babies Parenting Services,"Manchester City Council's Manchester Strategy 2025-2035 strategic theme sets out the
city's overarching priorities. Our People, focuses on everyone who calls Manchester
home, and seeks to ensure that all residents have the opportunity to live their best lives.
This theme is centred on supporting people to be happy, healthy, safe, and active from
childhood and throughout their lives. It recognises that the wellbeing of Manchester's
residents is fundamental to the city's long-term success",Manchester City Council,,,GBP,2026-10-07,,award,complete,,https://www.find-tender.service.gov.uk/Notice/094772-2026,2026-10-07T14:10:59.699267+00:00
FTS,ocds-h6vhtk-0782c3_094771-2026,Formalin Biopsy Pots,Formalin Biopsy Pots and Associated Products,The Shrewsbury and Telford Hospital NHS Trust,,105000.0,GBP,2026-10-07,2026-10-16,tender,active,,https://www.find-tender.service.gov.uk/Notice/094771-2026,2026-10-07T14:10:59.699270+00:00
FTS,ocds-h6vhtk-0782c2_094770-2026,Photographic Equipment,The Northern School of Arts required photography equipment and associated items for the teaching of students,The Northern School of Art,,,GBP,2026-10-07,,award,complete,,https://www.find-tender.service.gov.uk/Notice/094770-2026,2026-10-07T14:10:59.699272+00:00
FTS,ocds-h6vhtk-0782c1_094769-2026,Cutane Clinic Dermatology,"The contract is to provide consultant led dermatology services, covering major, intermediate and minor skin procedures.",NHS NORFOLK AND SUFFOLK INTEGRATED CARE BOARD,,,GBP,2026-10-07,,award,complete,85100000,https://www.find-tender.service.gov.uk/Notice/094769-2026,2026-10-07T14:10:59.699276+00:00
FTS,ocds-h6vhtk-0782c0_094768-2026,Asite Software Solution ,Asite cloud-based construction and engineering project management platform,Natural Resources Wales,,,GBP,2026-10-07,,award,complete,,https://www.find-tender.service.gov.uk/Notice/094768-2026,2026-10-07T14:10:59.699278+00:00
FTS,ocds-h6vhtk-0782bf_094767-2026,CSP27904 - Service contract for NMR,"Procurement Description
***** THIS IS A CONTRACT DETAILS NOTICE, NOT A CALL FOR COMPETITION *****
This procurement is being concluded without competition due to an absence of competition for technical reasons, only a particular supplier can supply the
goods, services or works required, and there are no reasonable alternatives to those goods, services or works.
Brief Description of Requirement
Service contract for NMR",UK Research and Innovation,,,GBP,2026-10-07,,award,complete,,https://www.find-tender.service.gov.uk/Notice/094767-2026,2026-10-07T14:10:59.699280+00:00
FTS,ocds-h6vhtk-0782be_094766-2026,North Wales Accommodation Review,"NRW require services relating to three locations in North Wales. This work will 
inform NRW's decision on the preferred accommodation solution and the most appropriate site 
strategy going forward. ",Natural Resources Wales,,,GBP,2026-10-07,,award,complete,,https://www.find-tender.service.gov.uk/Notice/094766-2026,2026-10-07T14:10:59.699282+00:00
FTS,ocds-h6vhtk-077770_094765-2026,DfT - Scan of Streets - Request for Information,"The Department for Transport is seeking market insight into options for creating, acquiring, licensing or stewarding a nationally consistent digital representation of England’s road network. The purpose of this RFI is to understand what data already exists, what could be collected or derived, what commercial and ownership models are available, and the likely costs, benefits and risks of different approaches. Suppliers are invited to respond on feasibility, existing work, commercial models, owner",Department for Transport,,,GBP,2026-10-07,,planningUpdate,planning,,https://www.find-tender.service.gov.uk/Notice/094765-2026,2026-10-07T14:10:59.699284+00:00
FTS,ocds-h6vhtk-05f933_094764-2026,Forklift Tucks for the Port of Sunderland,,,,,GBP,2026-10-07,,contractTermination,,,https://www.find-tender.service.gov.uk/Notice/094764-2026,2026-10-07T14:10:59.699286+00:00
FTS,ocds-h6vhtk-0782bd_094763-2026,0661 Boars Head Footbridge Superstructure Renewal Works Contract 2026,"Boars Head Footbridge is a three span simply supported steel structure, which carries the footbridge running parallel to the A5106 Chorley Road, over the West Coast Mainline railway line, in Wigan. The deck consists of an existing steel deck, supported by steel trestles located adjacent the up and down lines and bankseat abutments located in the embankments. All are located within the Network Rail Boundary. Wigan Council are seeking tier 1 Network Rail contractors to undertake the following work",Wigan Council,,975000.0,GBP,2026-10-07,2026-11-20,tender,active,,https://www.find-tender.service.gov.uk/Notice/094763-2026,2026-10-07T14:10:59.699289+00:00
FTS,ocds-h6vhtk-0782bc_094762-2026,Provision of Healthshare Health Connect Enterprise System,Provision of Healthshare Health Connect Enterprise System Contract extension permitted within the main contract via LPP Framework,SOMERSET NHS FOUNDATION TRUST,,,GBP,2026-10-07,,award,complete,72000000,https://www.find-tender.service.gov.uk/Notice/094762-2026,2026-10-07T14:10:59.699293+00:00
FTS,ocds-h6vhtk-064af2_094761-2026,Learning and Development Suppliers Framework,"This award notice relates to the admission of suppliers onto the Learning and Development Suppliers Framework established by West Sussex County Council.
The framework is a flexible framework operating under the Light Touch Regime and remains open.
The suppliers listed in the associated award data have  have been admitted to one or more framework lots. Admission to the framework does not guarantee any call-off business or contract value.
Awards may be made either through further competition or di",West Sussex County Council,,,GBP,2026-10-07,,award,complete,,https://www.find-tender.service.gov.uk/Notice/094761-2026,2026-10-07T14:10:59.699296+00:00
FTS,ocds-h6vhtk-0782bb_094760-2026,WL -Electric Vehicle Lease and Maintenance Services for FM,"Provision of three electric vehicles for the Facilities Department under an existing lease arrangement, including associated service and maintenance support",West London NHS Trust,,,GBP,2026-10-07,,award,complete,,https://www.find-tender.service.gov.uk/Notice/094760-2026,2026-10-07T14:10:59.699298+00:00
FTS,ocds-h6vhtk-0782aa_094759-2026,"LTC - Support, Maintenance and Subscription for Track Record Engage (TRE)",Track Record is the system used by Lower Thames Crossing Land & Property to manage the LTC property portfolio.,National Highways Limited,,,GBP,2026-10-07,,award,complete,,https://www.find-tender.service.gov.uk/Notice/094759-2026,2026-10-07T14:10:59.699300+00:00
FTS,ocds-h6vhtk-0782ba_094758-2026,Supply of CleanCap Reagent AG 3OMe 100 μmole & Reagent AU 100 μmole,"We require the supply of the following reagents for delivery to CPI, 1 Union Square, Central Park, Darlington, DL1 1GL:
10 x Reagent AG 3'OMe 100 μmole (Ref: N-7413-100)
10 x Reagent AU 100 μmole (Ref: N-7114-100)",CENTRE FOR PROCESS INNOVATION LIMITED,,,GBP,2026-10-07,,award,complete,,https://www.find-tender.service.gov.uk/Notice/094758-2026,2026-10-07T14:10:59.699302+00:00
FTS,ocds-h6vhtk-06e8a7_094757-2026,"Foulness SPA Ornithological Surveys, Intertidal Survey and Mapping",,,,,GBP,2026-10-07,,tenderCancellation,complete,,https://www.find-tender.service.gov.uk/Notice/094757-2026,2026-10-07T14:10:59.699304+00:00
FTS,ocds-h6vhtk-0782b9_094756-2026,Interim Capital Programme,"The Interim Capital Programme covers the following works:        
The Programme aims to address stock condition survey data, ongoing maintenance records and resident feedback to support a program of works to meet current housing standards, i.e. Decent Homes, and to reduce the ongoing burden on responsive repair services. These Works will mitigate immediate risks within and prevent further deterioration to Sandwell MBC properties on a priority basis dependent on urgency, health and safety implica",Sandwell Metropolitan Borough Council,,16000000.0,GBP,2026-10-07,2026-11-13,tender,active,,https://www.find-tender.service.gov.uk/Notice/094756-2026,2026-10-07T14:10:59.699306+00:00
FTS,ocds-h6vhtk-06c251_094755-2026,Provision for arboriculture and associated services,"Beyond Housing have tree stock survey data and require to contract with qualified contractors to deliver remedial and reactive tree works.
The purpose of the contract is to provide Beyond Housing Limited with a straightforward process for requesting works, fair consistent pricing and safe methods of working, to ensure high quality value for money services are provided.
The works varies with work required ranging from crown lifting to crown thinning, felling, with stump grinding, shrub bed and He",Beyond Housing Limited,,,GBP,2026-10-07,,award,complete,,https://www.find-tender.service.gov.uk/Notice/094755-2026,2026-10-07T14:10:59.699309+00:00
FTS,ocds-h6vhtk-0782b7_094754-2026,V00926 FAC Controller Replacement,The requirement is specifically for a replacement programme of 110 DR controllers as well as 135 TC controllers.,NHS Golden Jubilee,,,GBP,2026-10-07,,award,complete,50532000,https://www.find-tender.service.gov.uk/Notice/094754-2026,2026-10-07T14:10:59.699311+00:00
FTS,ocds-h6vhtk-0782b8_094753-2026,"Traffic Signal Maintenance, Installation and Services Contract  ","Currently the six Local Authorities deliver traffic signal maintenance, installation and some associated services through a single Term Service Contract. The contract commenced in April 2018 and is due to expire on March 31st 2028.
The current contract covers the maintenance of the existing assets which in summary includes, 740 traffic signal junctions, 764 traffic signal crossing and circa 340 electronic signs of various types.  In addition, the contract covers new installation works and provid",Liverpool City Region Combined Authority,,175000000.0,GBP,2026-10-07,,planning,planning,,https://www.find-tender.service.gov.uk/Notice/094753-2026,2026-10-07T14:10:59.699313+00:00
FTS,ocds-h6vhtk-078125_094752-2026,TVCA-PROC-0881 - Business Tees Valley Support Spine Framework,Tees Valley Combined Authority (TVCA)] (the 'Contracting Authority') is looking to procure a framework comprising 7 single suppliers lots for the provision business support services via competitive flexible procedure. The detail on the stages can be found in the Part 1 ITT Document. The various lots will be: Lot 1 – Foundational Economy Lot 2 – Advanced Manufacturing and Modern Industrial Technologies Lot 3 – Digital and Tech Lot 4 – Creative and Cultural Industries Lot 5 – Games Lot 6 – Female ,Tees Valley Combined Authority,,12000000.0,GBP,2026-10-07,2026-10-30,tenderUpdate,active,,https://www.find-tender.service.gov.uk/Notice/094752-2026,2026-10-07T14:10:59.699317+00:00
FTS,ocds-h6vhtk-065d69_094751-2026,"Retention, storage and subsequent deletion of data relating to 119 VBS",,NHS England,,,GBP,2026-10-07,,contractAmendment,,,https://www.find-tender.service.gov.uk/Notice/094751-2026,2026-10-07T14:10:59.699319+00:00
FTS,ocds-h6vhtk-0782b6_094750-2026,Award of Financial System Renewal,"The Council required to renew its contract for its finance system in order to maintain continuity, this was facilitated by direct arard under Public contracts (Scotland) Regulations 2015 33(b) (ii) Technical Reasons",Aberdeen City Council,,,GBP,2026-10-07,,award,complete,72000000,https://www.find-tender.service.gov.uk/Notice/094750-2026,2026-10-07T14:10:59.699321+00:00
Contracts Finder,ocds-b5fd17-bca39c1e-7fdd-4bae-9fcb-a07709b3bd6f_371093a9-3eae-41f2-b6ba-c164f3e7cfe9-916847,CBC-2121-Q-SM ESigns at Standalone Farm - AWARD,"The Council will provide as much support and information as it can to help guide you through the quotation process. Questions asked together with the response, will be made available to all tenderers, to ensure a fair and consistent approach to all. 
       
      If there is anything you are not sure about or need clarification on, please use the Correspondence facility within the In-tend electronic tendering system. Last date for receiving questions on the In-Tend system: 7th September 2026",Central Bedfordshire Council,,,GBP,2026-10-06,2026-09-11,award,complete,22314000,https://www.contractsfinder.service.gov.uk/Notice/371093a9-3eae-41f2-b6ba-c164f3e7cfe9-916847,2026-10-07T14:11:02.458557+00:00
Contracts Finder,ocds-b5fd17-cc3146c0-7124-4e2a-a342-356a8d3bc648_702d51d2-f833-4b96-9fd8-46aa2fd8e8e8-916845,ERP Programme Change Management,"Support from specialist ERP consultants to provide additional capacity for the ERP Replacement Programme.
Initially additional capacity is sought for programme management and business change leadership/delivery to support the Prepare and Procure phase, with the provision to extend this resource for the ERP implementation stage (subject to funding).

The initial contract term is 8 months with the option to extend for a further 26 months up to July 2029

This is a call off from ESPO Framework",Kirklees Council,,1500000.0,GBP,2026-10-06,2026-08-05,award,complete,72000000,https://www.contractsfinder.service.gov.uk/Notice/702d51d2-f833-4b96-9fd8-46aa2fd8e8e8-916845,2026-10-07T14:11:02.458720+00:00
Contracts Finder,ocds-b5fd17-eb52a225-19c3-49f3-b242-aeeb28b38ee1_34de9c19-3c90-486d-ae35-68986e9e5753-916846,GB-Sheffield: Microsoft,"For the provision of Microsoft software.

Additional information: This was procured via GCA TEPAS 2 national aggregation (NFC200)",British Business Bank,,4767467.0,GBP,2026-10-06,2026-06-15,award,complete,48000000,https://www.contractsfinder.service.gov.uk/Notice/34de9c19-3c90-486d-ae35-68986e9e5753-916846,2026-10-07T14:11:02.458832+00:00
Contracts Finder,ocds-b5fd17-d4ed8427-df1f-46f2-9316-d24188d489d0_0d84aaec-ba20-4233-8771-d2d861867c81-916844,GB-Sheffield: Workday Adaptive Planning Software,"For the provision Workplace Adaptive Planning cloud software

Additional information: This was procured Via GCA G-Cloud 14 (RM1557.14)",British Business Bank,,169995.0,GBP,2026-10-06,2026-09-01,award,complete,48000000,https://www.contractsfinder.service.gov.uk/Notice/0d84aaec-ba20-4233-8771-d2d861867c81-916844,2026-10-07T14:11:02.458941+00:00
Contracts Finder,ocds-b5fd17-36dda9bb-6f66-4a27-9e0e-d3fdc63d0c4c_9e406bf2-0f16-423c-a4f2-98f1431438a6-916843,Tourism Campaign - Digital Marketing,"This contract is to provide North York Moors National Park with Digital Marketing for our Tourism Campaign running through 2027.
The contract will commence in November 2026 and complete in February 2028.",North York Moors National Park,,,GBP,2026-10-06,2026-11-10,tender,active,79342100,https://www.contractsfinder.service.gov.uk/Notice/9e406bf2-0f16-423c-a4f2-98f1431438a6,2026-10-07T14:11:02.459044+00:00
Contracts Finder,ocds-b5fd17-6aafc8f1-eac9-4a80-beab-0e4c723c849f_3bc64d66-d3e6-4ae8-b374-6c33070de582-916842,SEN20642-SEN-TAXI -Bowman Academy,SEN20642-SEN-TAXI -Bowman Academy,Leicestershire County Council,,17680.0,GBP,2026-10-06,2026-10-04,award,complete,60000000,https://www.contractsfinder.service.gov.uk/Notice/3bc64d66-d3e6-4ae8-b374-6c33070de582-916842,2026-10-07T14:11:02.459144+00:00
Contracts Finder,ocds-b5fd17-9d5ee441-487a-4620-9896-36361e18cadb_5f739c26-28d0-4bb4-98d4-1206b1f5fde1-916841,RM6261 SIM Cards - Awarded Contract,SIM Card Services for the Asylum Seeker Cohort at Initial Accommodation without access to WiFi.,Home Office,,457538.0,GBP,2026-10-06,2026-03-30,award,complete,31712112,https://www.contractsfinder.service.gov.uk/Notice/5f739c26-28d0-4bb4-98d4-1206b1f5fde1-916841,2026-10-07T14:11:02.459275+00:00
Contracts Finder,ocds-b5fd17-d30a9889-4ae6-4ce1-a898-a91dcf2f4989_4e3a4a11-ba67-4aaa-a4db-8a96f6225e9f-916840,Taxi and MPV (1-8 seats) Passenger Assistant - Taxi and MPV (1-8 seats) Passenger Assistant,"Vehicle type: Saloon 
Passenger Assistant Required:  Yes 
 
Proposed Taxi Route:
From:  BN10 7PG
To:   Ropemakers Academy, BN27 1FB

Frequency: Monday - Friday 
Daily School Time: 08:30 - 14:30
 
Comments for Operator:  
 ASD
 This opportunity has been distributed on SProc.net",East Sussex County Council,,,GBP,2026-10-06,2026-10-06,award,complete,60000000,https://www.contractsfinder.service.gov.uk/Notice/4e3a4a11-ba67-4aaa-a4db-8a96f6225e9f-916840,2026-10-07T14:11:02.459396+00:00
Contracts Finder,ocds-b5fd17-bda72ff9-a5e7-4455-9afc-b14d6166adb0_bace7fff-fd02-4804-91e6-26beda4498fb-916838,ICO Statutory Regulatory Sandbox Design,"Ignore - erroneous duplicate notice.
This notice is an inadvertent duplicate of a previously published contract award notice relating to the same contract award. No separate contract award is being notified. The previously published notice remains valid and this duplicate notice should be disregarded.",Information Commissioners Office,,,GBP,2026-10-06,2025-12-12,awardUpdate,complete,79410000,https://www.contractsfinder.service.gov.uk/Notice/bace7fff-fd02-4804-91e6-26beda4498fb-916838,2026-10-07T14:11:02.459498+00:00
Contracts Finder,ocds-b5fd17-20c3e9ca-57b1-40af-b297-a56d9cc3f292_22eee460-7364-4c75-a9b3-ae23c183cd9f-916839,Phase 2 GameChanger  - BEPO & Spring Hangers,Phase 2 GameChanger  - British Experimental Pile 0 (BEPO) & Spring Hangers,Nuclear Restoration Services,,343638.73,GBP,2026-10-06,2026-09-17,award,complete,73110000,https://www.contractsfinder.service.gov.uk/Notice/22eee460-7364-4c75-a9b3-ae23c183cd9f-916839,2026-10-07T14:11:02.459598+00:00
Contracts Finder,ocds-b5fd17-7555abbb-1a01-4251-bf3c-ada038b8166b_163e109e-fa90-46dc-b9a5-0a9b77f15db4-916837,Commercial Heating - Short Term,This will be an interim arrangement that will enable LBS to maintain continuity of essential commercial heating services.,Leeds City Council,,,GBP,2026-10-06,2026-09-29,award,complete,45232141,https://www.contractsfinder.service.gov.uk/Notice/163e109e-fa90-46dc-b9a5-0a9b77f15db4-916837,2026-10-07T14:11:02.459693+00:00
Contracts Finder,ocds-b5fd17-7b003627-763a-4188-a9a8-da20b6893eaf_2b37dac3-009b-4386-8b36-53f2f338e603-916836,Procedure Packs,"Procedure Packs Contract utilising NHS Supply Chain: Framework Agreement for Procedure Packs Project_1068 - 2023/S 000-031398 including: CABG Packs, Cardiac Valve Packs, Neuro Ventric Packs, Neuro Laminectomy Packs, Neuro Craniotomy Packs, ECMO Packs and C-Section Packs",KCH Interventional Facilities Management LLP,540000.0,600000.0,GBP,2026-10-06,2026-09-30,award,complete,33000000,https://www.contractsfinder.service.gov.uk/Notice/2b37dac3-009b-4386-8b36-53f2f338e603-916836,2026-10-07T14:11:02.459792+00:00
Contracts Finder,ocds-b5fd17-fa969a5a-a855-46f4-b48b-b461d3f27610_8d0db2d9-0f8c-4a38-8b1d-cd9506623bc1-916835,Asbestos Removal,Removal  of asbestos identified at Surrey Police sites,Surrey Police,,45000.0,GBP,2026-10-06,2026-05-06,award,complete,90650000,https://www.contractsfinder.service.gov.uk/Notice/8d0db2d9-0f8c-4a38-8b1d-cd9506623bc1-916835,2026-10-07T14:11:02.459893+00:00
Contracts Finder,ocds-b5fd17-8c16041a-209e-4303-b27f-f0b5b9982587_24289390-0cfe-48d6-a0c4-f55b885276ab-916833,Infrastructure Delivery,"Award of a call-off against the South East Wales Technical and
Professional Services framework.",COVENTRY CITY COUNCIL,,375000.0,GBP,2026-10-06,2026-09-01,award,complete,71314000,https://www.contractsfinder.service.gov.uk/Notice/24289390-0cfe-48d6-a0c4-f55b885276ab-916833,2026-10-07T14:11:02.459992+00:00
Contracts Finder,ocds-b5fd17-9de8e85e-4853-4e9b-95f7-4f6cc6af2427_dd4b8c71-0c22-4828-8a5d-d16736c06053-916834,RFL- Samsung  V5 Ultrasound Framework ref 2021/S 000-007768,RFL- Samsung  V5 Ultrasound Framework ref 2021/S 000-007768,Royal Free NHS Foundation Trust,27995.0,33594.0,GBP,2026-10-06,2026-09-01,award,complete,33100000,https://www.contractsfinder.service.gov.uk/Notice/dd4b8c71-0c22-4828-8a5d-d16736c06053-916834,2026-10-07T14:11:02.460090+00:00
Contracts Finder,ocds-b5fd17-9755d928-325b-4ac8-8dc7-ff97476dd64c_a2e4e6b3-165a-4ded-bff9-c3d6cd85f9f6-916831,S188-Mainstream Taxi -Manor High School,S188-Mainstream Taxi -Manor High School,Leicestershire County Council,,54.0,GBP,2026-10-06,2026-09-21,award,complete,60000000,https://www.contractsfinder.service.gov.uk/Notice/a2e4e6b3-165a-4ded-bff9-c3d6cd85f9f6-916831,2026-10-07T14:11:02.460211+00:00
Contracts Finder,ocds-b5fd17-d67d648b-15f2-491f-8c8b-843321cbbcdf_a257f1ad-0d16-40e3-a864-15cb50789ddc-916830,Review of a Vision for Transport - East Midlands Combined County Authority,Review of the Mayors Vision for Transport - East Midlands Combined County Authority. Awarded through YPO 1141,Nottinghamshire County Council,,92700.0,GBP,2026-10-06,2026-05-25,award,complete,72221000,https://www.contractsfinder.service.gov.uk/Notice/a257f1ad-0d16-40e3-a864-15cb50789ddc-916830,2026-10-07T14:11:02.460311+00:00
Contracts Finder,ocds-b5fd17-57986014-5e9b-4f70-939c-98b150292ac6_78389b63-1f52-49a3-9daa-60c9c11ab89c-914004,Digital Forms and Situational Reporting  Platform (Aire Logic Limited -  Forms4Health - Healthcare Forms),"A secure standards based digital forms and workflow platform to enable NHS Greater Manchester to capture, manage, and report time-critical operational and clinical data across its health and care system.",N H S Shared Business Services,,390000.0,GBP,2026-10-06,2026-07-01,award,complete,72000000,https://www.contractsfinder.service.gov.uk/Notice/78389b63-1f52-49a3-9daa-60c9c11ab89c-914004,2026-10-07T14:11:02.460408+00:00
Contracts Finder,ocds-b5fd17-c26c1e3a-6acd-471d-a4f2-d95569033c92_2e2308b9-b3f9-4f29-943d-232f8c936297-916829,Renovation of Three Bedroom Flat,Renovation of a three bedroom flat in Herefordshire,Herefordshire Council,,145120.0,GBP,2026-10-06,2026-07-06,award,complete,45000000,https://www.contractsfinder.service.gov.uk/Notice/2e2308b9-b3f9-4f29-943d-232f8c936297-916829,2026-10-07T14:11:02.460504+00:00
Contracts Finder,ocds-b5fd17-8f0ad6df-a302-4175-9cd8-af8c962c2dcf_c567ef46-3fb1-4955-9d66-d30a2536c8de-916828,Content Strategist - Contingent Labour,Content Strategist - Contingent Labour,The National Archives,,59976.0,GBP,2026-10-06,2026-10-02,award,complete,79620000,https://www.contractsfinder.service.gov.uk/Notice/c567ef46-3fb1-4955-9d66-d30a2536c8de-916828,2026-10-07T14:11:02.460600+00:00
Contracts Finder,ocds-b5fd17-385e7a1e-ee52-487f-a69a-f810aa784f6e_ec4f27c6-fce9-48b5-849b-b294efff1f07-916825,Electric Vehicle Salary Sacrifice,Staff benefit - lease of vehicles through salary sacrifice,Greater Manchester Police,,16000000.0,GBP,2026-10-06,2026-08-28,award,complete,60110000,https://www.contractsfinder.service.gov.uk/Notice/ec4f27c6-fce9-48b5-849b-b294efff1f07-916825,2026-10-07T14:11:02.460694+00:00
Contracts Finder,ocds-b5fd17-8029ffd2-e199-4fac-8042-369db270c149_88959f08-21ee-40ea-a275-c66ce8a008e3-916826,CWF Lot 1B - WF2506 04 Askam Village School - Electrical and Fabric Works,"The Council wishes to procure the following the following work:
The works comprise a full electrical works package upon a live school site. Areas of the school are to be decanted to an externally placed portable classroom unit to allow a sequential works procedure. Works include:
• Distribution Equipment
• Fire Alarm
• Security
• Lighting & Emergency Lighting
• Small Power
• Data & Telecommunications
• Asbestos Removal Works
• Lath and Plaster Ceiling Removal Works
• Insulation Upgrade",WESTMORLAND AND FURNESS COUNCIL,,660000.0,GBP,2026-10-06,2026-07-09,award,complete,45000000,https://www.contractsfinder.service.gov.uk/Notice/88959f08-21ee-40ea-a275-c66ce8a008e3-916826,2026-10-07T14:11:02.460789+00:00
Contracts Finder,ocds-b5fd17-42d36f6e-bd2f-4e6f-90bb-e0d8c3b8b75b_bf257731-29ec-484b-aebc-cb947d65ff76-916827,Apprenticeship provider for Ashfield and Mansfield District Councils,"Level 3 Business Admin for 3 people
Level 3 Maintenance and Installation Electrician for 2 people
Level 3 Gas Engineering Operative for 1 person
Awarded through YPO 1086",Nottinghamshire County Council,,84000.0,GBP,2026-10-06,2026-08-24,award,complete,80000000,https://www.contractsfinder.service.gov.uk/Notice/bf257731-29ec-484b-aebc-cb947d65ff76-916827,2026-10-07T14:11:02.460884+00:00
Contracts Finder,ocds-b5fd17-dca0e224-98f8-4387-9ff5-a289c19d8db9_ea666420-f0eb-42f6-b182-a3e2451cbdb6-916824,Core Infrastructure - BAU Legal Support,"Contract for Ad Hoc legal support for a group of strategic IT contracts, including advice on:

Contract Management and Interpretation
Supplier Relationship and Dispute Resolution
Governance and Collaboration
Transition and Exit
Procurement and Modification Advice
Employment, TUPE and Pensions
Commercial and Financial Matters
Security, Data, and Regulatory Issues
Technology and AI","Department for Environment, Food and Rural Affairs",,350000.0,GBP,2026-10-06,2026-09-10,award,complete,79111000,https://www.contractsfinder.service.gov.uk/Notice/ea666420-f0eb-42f6-b182-a3e2451cbdb6-916824,2026-10-07T14:11:02.460978+00:00
Contracts Finder,ocds-b5fd17-674ee190-e992-4ea5-bc4c-d853ff4687e5_4a27d1ea-d2de-4b3a-be1c-745d5b2efa4b-916821,Contingent Labour - Senior Interaction designer,Contingent Labour - Senior Interaction designer,The National Archives,,34632.0,GBP,2026-10-06,2026-10-06,award,complete,79620000,https://www.contractsfinder.service.gov.uk/Notice/4a27d1ea-d2de-4b3a-be1c-745d5b2efa4b-916821,2026-10-07T14:11:02.461133+00:00
Contracts Finder,ocds-b5fd17-8954cc1d-d287-46d1-b6b1-8f7179fafd9d_a06e5fdb-91cc-45f2-aaa2-94312844c82d-916823,Mobile Voice and Data Services (RM6261-Lot1-VMO2-SO1,Mobile Voice and Data Services (RM6261-Lot1-VMO2-SO1,West Sussex County Council,,131239.58,GBP,2026-10-06,2026-08-03,award,complete,32500000,https://www.contractsfinder.service.gov.uk/Notice/a06e5fdb-91cc-45f2-aaa2-94312844c82d-916823,2026-10-07T14:11:02.461240+00:00
Contracts Finder,ocds-b5fd17-85d5d395-c2ad-465a-b19d-175257954db0_89e60c44-2a9f-4284-995d-7dca7f2a28ed-916820,2026 - Microsoft Enterprise Agreement,The purpose of the procurement process was to appoint a single supplier to provide our Microsoft Enterprise Licence Requirements over the next three years or so.,Wiltshire Fire And Rescue Service,,2389535.86,GBP,2026-10-06,2026-05-20,award,complete,48000000,https://www.contractsfinder.service.gov.uk/Notice/89e60c44-2a9f-4284-995d-7dca7f2a28ed-916820,2026-10-07T14:11:02.461336+00:00
Contracts Finder,ocds-b5fd17-0bfb739c-5d37-4052-9ec6-23d5b2c256ad_a70e8069-9d9b-4104-9900-5dc4834459e1-916822,ITT For Project 10197355,ITT For Project 10197355,Innovate UK,,11860.0,GBP,2026-10-06,2026-09-15,award,complete,79421100,https://www.contractsfinder.service.gov.uk/Notice/a70e8069-9d9b-4104-9900-5dc4834459e1-916822,2026-10-07T14:11:02.461431+00:00
Contracts Finder,ocds-b5fd17-ce8a1bfe-795d-4b6a-b4aa-0075bf0c1b5a_1b4c9b2b-f1cb-41dc-adb0-041de914efa2-915719,PTX Bacs payments software,"Awarded contract for Bacs Payments and collections services.

This Call Off contract has been sources via a shortlist exercise on the RM1557.14 G-Cloud 14 Framework Agreement, Lot 2 - Cloud software.

The initial contract value is £36,726.72 incl. VAT for 2 years. 

The contract includes an optional extension period of up to 12 months. If utilised, the overall call-off contract value will be £55,090.08 incl. VAT for 3 years in total.",Security Industry Authority,36726.72,55090.08,GBP,2026-10-06,2026-06-15,award,complete,48000000,https://www.contractsfinder.service.gov.uk/Notice/1b4c9b2b-f1cb-41dc-adb0-041de914efa2-915719,2026-10-07T14:11:02.461530+00:00
Contracts Finder,ocds-b5fd17-24274861-f606-42ec-855b-64c510128ada_9259f07f-075a-42c3-8fe6-120f4e0daf5e-916819,ITT For Project 10200378,ITT For Project 10200378,Innovate UK,,13137.0,GBP,2026-10-06,2026-09-15,award,complete,79421100,https://www.contractsfinder.service.gov.uk/Notice/9259f07f-075a-42c3-8fe6-120f4e0daf5e-916819,2026-10-07T14:11:02.461634+00:00
Contracts Finder,ocds-b5fd17-ee72bf0b-2e7f-4273-a95a-2d4c50fa8478_5468a15a-0774-493e-8355-b55b3bf9f1ca-916817,ITT For Project 10194585,ITT For Project 10194585,Innovate UK,,6030.0,GBP,2026-10-06,2026-09-15,award,complete,79421100,https://www.contractsfinder.service.gov.uk/Notice/5468a15a-0774-493e-8355-b55b3bf9f1ca-916817,2026-10-07T14:11:02.461773+00:00
Contracts Finder,ocds-b5fd17-c7b59451-df57-401e-a27e-ef586874f32c_07ce2a56-7baa-41ff-9242-e8d363ffbe2e-916818,GB-London: Maintenance of Play Equipment at the Diana Memorial Playground,"The Works that the Contractor is instructed to carry out and complete comprise the inspection, maintenance and repair of play equipment at The Diana Princess of Wales Memorial Playground, as further described in the Contract Documents (the ""Works"").",THE ROYAL PARKS LIMITED,,38508.0,GBP,2026-10-06,2026-08-18,award,complete,50870000,https://www.contractsfinder.service.gov.uk/Notice/07ce2a56-7baa-41ff-9242-e8d363ffbe2e-916818,2026-10-07T14:11:02.461872+00:00
Contracts Finder,ocds-b5fd17-5dfd834e-2407-44e3-989b-f665f8bf8754_cbc17c3a-69ee-48a0-8d23-0e005bffbc9e-916815,ITT For Project 10210366 and 10207047,ITT For Project 10210366 and 10207047,Innovate UK,,3510.0,GBP,2026-10-06,2026-09-01,award,complete,79421100,https://www.contractsfinder.service.gov.uk/Notice/cbc17c3a-69ee-48a0-8d23-0e005bffbc9e-916815,2026-10-07T14:11:02.461972+00:00
Contracts Finder,ocds-b5fd17-ca505e5e-b553-46e8-b355-ad1882492519_7653c180-3122-4c6a-a667-d3d6b6528937-916816,RFL  Sonosite Ultrasound Framework ref  2021/S 000-007768,RFL  Sonosite Ultrasound Framework ref  2021/S 000-007768,Royal Free NHS Trust,,36277.5,GBP,2026-10-06,2026-08-21,award,complete,33100000,https://www.contractsfinder.service.gov.uk/Notice/7653c180-3122-4c6a-a667-d3d6b6528937-916816,2026-10-07T14:11:02.462068+00:00
Contracts Finder,ocds-b5fd17-d1e562b4-653a-484d-ae45-9c53f0cd1917_19f7bb9a-e5ff-4c0a-9f0a-2d45c0787d63-916814,SEN20629-SEN-TAXI-DOROTHY GOODMAN LOWER SITE/DOROTHY GOODMAN UPPER BARWELL LANE,SEN20629-SEN-TAXI-DOROTHY GOODMAN LOWER SITE/DOROTHY GOODMAN UPPER BARWELL LANE,Leicestershire County Council,,34710.0,GBP,2026-10-06,2026-10-04,award,complete,60000000,https://www.contractsfinder.service.gov.uk/Notice/19f7bb9a-e5ff-4c0a-9f0a-2d45c0787d63-916814,2026-10-07T14:11:02.462164+00:00
Contracts Finder,ocds-b5fd17-ee99fcd8-12ca-456d-ac14-3378341bee4a_47344f3d-eb19-419d-89ea-653c10869956-916812,ITT For Project 10210353 and 10206522,ITT For Project 10210353 and 10206522,Innovate UK,,3950.0,GBP,2026-10-06,2026-09-01,award,complete,79421100,https://www.contractsfinder.service.gov.uk/Notice/47344f3d-eb19-419d-89ea-653c10869956-916812,2026-10-07T14:11:02.462269+00:00
Contracts Finder,ocds-b5fd17-f74c0c4a-51a2-478d-94d9-4edb26bb14f6_8de7ef79-4a48-4d63-ba4b-d5571e8cb3a7-916811,"NWUHG EPR - Order Management, LIMS & Pathology IT Advisory  Services","Order Management, LIMS & Pathology IT Advisory Services relating to Meditech EPR solution",Norfolk and Norwich University Hospitals NHS Foundation Trust,,54000.0,GBP,2026-10-06,2026-08-31,award,complete,72000000,https://www.contractsfinder.service.gov.uk/Notice/8de7ef79-4a48-4d63-ba4b-d5571e8cb3a7-916811,2026-10-07T14:11:02.462363+00:00
Contracts Finder,ocds-b5fd17-ae3033d5-5c2c-4abd-ad70-e1d0298b1c43_90364314-eb01-4c16-a64e-14ee6e9904b1-916810,ITT For Project 10208700,ITT For Project 10208700,Innovate UK,,2125.0,GBP,2026-10-06,2026-09-01,award,complete,79421100,https://www.contractsfinder.service.gov.uk/Notice/90364314-eb01-4c16-a64e-14ee6e9904b1-916810,2026-10-07T14:11:02.462457+00:00
Contracts Finder,ocds-b5fd17-c2fdb78d-5090-4402-819a-f66c7a45ea03_d656e80d-6819-4b2d-9397-033de073c1fd-916808,Security Operations Centre Services,"RM6100
Security Operations Centre Services

Two year optional extension of the contract invoked.",HM Land Registry,3163000.0,5500000.0,GBP,2026-10-06,2022-11-21,awardUpdate,complete,72000000,https://www.contractsfinder.service.gov.uk/Notice/d656e80d-6819-4b2d-9397-033de073c1fd-916808,2026-10-07T14:11:02.462551+00:00
Contracts Finder,ocds-b5fd17-c08f13be-85e6-4f8a-a93d-3e33bec812d4_9dd0c257-3b7f-4eda-bddb-377b89ee18e6-916807,GB-Norwich: 26-017 - Euston Court Roof Handrail Installation and Associated Works,"Broadland is inviting tenders for Euston Court, Great Yarmouth for the roof handrail installation and associated works.

Additional information: The contracting authority considers that this contract may be suitable for economic operators that are small or medium enterprises (SMEs). However, any selection of tenderers will be based solely on the criteria set out for the procurement.",Broadland Housing Association Limited,10000.0,25000.0,GBP,2026-10-06,2026-10-26,tender,active,50000000,https://www.contractsfinder.service.gov.uk/Notice/9dd0c257-3b7f-4eda-bddb-377b89ee18e6,2026-10-07T14:11:02.462648+00:00
Contracts Finder,ocds-b5fd17-a335694c-f393-4835-9e55-7b668567df57_a5077703-c8a3-437e-b689-63bd5a88717b-916805,ITT For Project 10209821,ITT For Project 10209821,Innovate UK,,2505.0,GBP,2026-10-06,2026-09-01,award,complete,79421100,https://www.contractsfinder.service.gov.uk/Notice/a5077703-c8a3-437e-b689-63bd5a88717b-916805,2026-10-07T14:11:02.462741+00:00
Contracts Finder,ocds-b5fd17-2ebdb425-3895-47d4-8a71-575bf3038310_aafc0c14-7d26-4a88-8a6f-db0f1edce8db-916806,UKRI-6126 Clean Energy Demand Turn Up Trial,"This is for a trial delivery lead to manage the design, mobilisation, delivery, consumer research and evaluation of a Demand Turn Up (DTU) trial via the Government Commercial Agency Research & Insights RM6126 DPS.",UK Research and Innovation,2268358.37,2500000.0,GBP,2026-10-06,2026-08-07,award,complete,98110000,https://www.contractsfinder.service.gov.uk/Notice/aafc0c14-7d26-4a88-8a6f-db0f1edce8db-916806,2026-10-07T14:11:02.462836+00:00
Contracts Finder,ocds-b5fd17-7ee662c7-1977-454d-a7b1-cd7ec5014296_b0c574cf-34a3-4b8e-8180-06e5117115fd-916790,NUNCON - Waste and Recycling App,"Provision of an app to support resident communication, engagement and usability of Nuneaton and Bedworth's waste and recycling services.",Nuneaton & Bedworth Borough Council,,,GBP,2026-10-06,2026-08-25,awardUpdate,complete,72000000,https://www.contractsfinder.service.gov.uk/Notice/b0c574cf-34a3-4b8e-8180-06e5117115fd-916790,2026-10-07T14:11:02.462927+00:00
Contracts Finder,ocds-b5fd17-6eabb1ef-3bb9-423c-b263-a780801d54fd_1f5f7b3a-58cb-4a30-ba26-66aeb95812cc-916802,ITT For Project 10206441,ITT For Project 10206441,Innovate UK,,2330.0,GBP,2026-10-06,2026-09-01,award,complete,79421100,https://www.contractsfinder.service.gov.uk/Notice/1f5f7b3a-58cb-4a30-ba26-66aeb95812cc-916802,2026-10-07T14:11:02.463038+00:00
Contracts Finder,ocds-b5fd17-549cc0bc-0e0b-4c4f-a43e-0a3a8f12f3b7_2a069772-8543-4b02-abfb-d97a33cc553e-916568,Skateboard Park Remodelling,"The Town Council requires a contractor to supply all materials, construct, and manage the remodelling works to the skateboard park to the point of recommissioning. 

The remodelling to comprise increasing the concrete landing area to one end by 1 metre in length and building out of the banking with a plateau 1m in length with a less steep slope to the ground level. 

Tenders are preferred electronically and can be sent to:

clerk@highamferrers-tc.gov.uk
Subject Line: Skatebaord Park Remod",Higham Ferrers Town Council,20000.0,25000.0,GBP,2026-10-06,2026-11-06,tender,active,37535200,https://www.contractsfinder.service.gov.uk/Notice/2a069772-8543-4b02-abfb-d97a33cc553e,2026-10-07T14:11:02.463137+00:00
Contracts Finder,ocds-b5fd17-d64bc4a9-1ee7-4616-824e-690978af6ff3_ba8ae677-c40b-4cb9-8016-a61b61c8ca97-916803,QBR044 2026-10-06 (0900) Leiston - Beccles High School (The Forge) (8 seats with a PA) - AWARD,"Suffolk County Council is seeking a mini competition against the following Dynamic Purchasing System: `The supply of Passenger Transport Services`, OJEU Notice Id: 2018/S 031-067685.
      
      QBR044 2026-10-06 (0900) Leiston - Beccles High School (The Forge) (8 seats with a PA)
      
      Further details can be found in the 'Tenders / My Tenders' area of this website, by selecting the 'View Details' button for this project.
      
      The deadline for returned submissions is 0900 o",Suffolk County Council Passenger Transport,,,GBP,2026-10-06,2026-10-06,award,complete,60000000,https://www.contractsfinder.service.gov.uk/Notice/ba8ae677-c40b-4cb9-8016-a61b61c8ca97-916803,2026-10-07T14:11:02.463237+00:00
Contracts Finder,ocds-b5fd17-84d39db8-381c-471b-b23d-0e1ae6dc4e84_f9e2ec03-efde-4a1c-b486-dd7ef033eed1-916800,ITT For Project 10210334,ITT For Project 10210334,Innovate UK,,2540.0,GBP,2026-10-06,2026-09-01,award,complete,79421100,https://www.contractsfinder.service.gov.uk/Notice/f9e2ec03-efde-4a1c-b486-dd7ef033eed1-916800,2026-10-07T14:11:02.463331+00:00
Contracts Finder,ocds-b5fd17-792a8c30-dbea-4c19-b53b-675db70c888a_fda89b80-fdb3-4aa7-ae7b-981bfaf99009-916795,Quantity Surveying (QS) support for the Ormiston Rivers SEN project,Quantity Surveying (QS) support for the Ormiston Rivers SEN project,ESSEX COUNTY COUNCIL,,43338.97,GBP,2026-10-06,2026-06-25,award,complete,71324000,https://www.contractsfinder.service.gov.uk/Notice/fda89b80-fdb3-4aa7-ae7b-981bfaf99009-916795,2026-10-07T14:11:02.463426+00:00
Contracts Finder,ocds-b5fd17-09154744-b725-4a7f-bf9d-ad2b505a67ca_d29b9bc1-d66c-4f40-a87a-ea596a9628c9-916788,Case Management System,"The Parliamentary and Correspondence
Team (PCT), Freedom of Information
Team (FOI) and Civil Service Pensions
Team (CSP) all share access to a case
management system, eCase handles
correspondence, parliamentary questions
and freedom of information requests off
the-shelf.",Cabinet Office,,131900.0,GBP,2026-10-06,2026-09-24,award,complete,48000000,https://www.contractsfinder.service.gov.uk/Notice/d29b9bc1-d66c-4f40-a87a-ea596a9628c9-916788,2026-10-07T14:11:02.463519+00:00
Contracts Finder,ocds-b5fd17-45571d99-eb15-4cb8-a0f8-9dd354902c53_8720ef43-e768-4b3c-ba06-9a56af0d2991-916801,Hardware Support (NETBACKUP Appliance),Hardware Support (NETBACKUP Appliance),West Sussex County Council,,35793.91,GBP,2026-10-06,2026-09-21,award,complete,30200000,https://www.contractsfinder.service.gov.uk/Notice/8720ef43-e768-4b3c-ba06-9a56af0d2991-916801,2026-10-07T14:11:02.463613+00:00
Contracts Finder,ocds-b5fd17-29bd4863-00a9-4478-a78e-3536da9b852d_e47933e1-afe0-4f05-900e-9d204ea169be-916794,COV - The Purchase of Pest Control Vehicles,The purchase seven (7) Pest Control vehicles via direct award under the TPPL vehicle purchase framework (TPPLHCCOP03).,COVENTRY CITY COUNCIL,,184159.85,GBP,2026-10-06,2026-10-05,award,complete,34100000,https://www.contractsfinder.service.gov.uk/Notice/e47933e1-afe0-4f05-900e-9d204ea169be-916794,2026-10-07T14:11:02.463706+00:00
Contracts Finder,ocds-b5fd17-547c5490-9bb2-4804-8bd7-6e429dd5e621_0a8c329d-c299-4e61-9ba2-84f8a3874756-916798,ITT For Project 10211349,ITT For Project 10211349,Innovate UK,,2775.0,GBP,2026-10-06,2026-09-01,award,complete,79421100,https://www.contractsfinder.service.gov.uk/Notice/0a8c329d-c299-4e61-9ba2-84f8a3874756-916798,2026-10-07T14:11:02.463798+00:00
Contracts Finder,ocds-b5fd17-5e497289-c854-4dc0-bb6f-362561a08680_a7edc5dc-c218-4a1a-93f6-2fab09f1c93a-916799,Services for HR Leaders (Gartner),"UKHSA is currently undertaking a workforce transformation to support the new strategic direction of the org post COVID-19. This transformation focuses on the enhancement of organisational capabilities to be agile/adaptive to respond to new emerging health threats across the UK alongside right sizing back-office functions to drive efficiency.

As a strategic professional services advisor Gartner will support this workforce transformation by strengthening the people function as they move from tr",UK Health Security Agency,96000.0,211200.0,GBP,2026-10-06,2026-09-15,award,complete,98110000,https://www.contractsfinder.service.gov.uk/Notice/a7edc5dc-c218-4a1a-93f6-2fab09f1c93a-916799,2026-10-07T14:11:02.463893+00:00
Contracts Finder,ocds-b5fd17-240a3772-7816-4851-aeac-efa6cfbf859d_288208d3-9a04-4dbd-8773-8ac3e01339c3-916793,ITT for  Projects  10209092   10210199   10207814   10209936   10209735   10210954   10208327,ITT for  Projects  10209092   10210199   10207814   10209936   10209735   10210954   10208327,UK RESEARCH & INNOVATION,,16500.0,GBP,2026-10-06,2026-09-01,award,complete,79421100,https://www.contractsfinder.service.gov.uk/Notice/288208d3-9a04-4dbd-8773-8ac3e01339c3-916793,2026-10-07T14:11:02.463985+00:00
Contracts Finder,ocds-b5fd17-84f2f03a-8a01-48f4-ac95-0784bc87cafa_69a5d1c6-4012-442d-ae76-ed2c3a3a5b98-916797,NWUHG EPR - Xylem Technical Programme Management Services,Technical Programme Management Services for Meditech EPR deployment,Norfolk and Norwich University Hospitals NHS Foundation Trust,,180900.0,GBP,2026-10-06,2026-08-18,award,complete,72000000,https://www.contractsfinder.service.gov.uk/Notice/69a5d1c6-4012-442d-ae76-ed2c3a3a5b98-916797,2026-10-07T14:11:02.464077+00:00
Contracts Finder,ocds-b5fd17-adf917d4-32b4-4008-8846-4a66255956f8_71d42382-0bc9-4ec1-bb26-96ef11e0e0a8-916796,Contract event management and reporting 2026-2029,Contract event management and reporting 2026-2029,West Sussex County Council,,331128.0,GBP,2026-10-06,2026-09-17,award,complete,32500000,https://www.contractsfinder.service.gov.uk/Notice/71d42382-0bc9-4ec1-bb26-96ef11e0e0a8-916796,2026-10-07T14:11:02.464169+00:00
Contracts Finder,ocds-b5fd17-b2ff6b83-9b53-4993-b3b6-3d3a9dac6aab_03e6299f-f98e-409a-9808-0effbbeaa95d-910433,"Award under the Software Licence Resellers (SLRA) Framework Agreement, Number: ITS4052 SU using SLRA Lot 4 Commercial Off The Shelf Software (COTS)","This Award Notice is for the provision of Rubrik Enterprise Edition and Cloud Vault under the Software Licence Resellers Agreement (SLRA) using Lot 4 Commercial Off The Shelf Software (COTS).

All values in this award notice have been rounded up and the contract end date includes the optional extension periods.",UNIVERSITY OF CHESTER,,220000.0,GBP,2026-10-06,2026-07-13,award,complete,48000000,https://www.contractsfinder.service.gov.uk/Notice/03e6299f-f98e-409a-9808-0effbbeaa95d-910433,2026-10-07T14:11:02.464288+00:00
Contracts Finder,ocds-b5fd17-70f4e122-aab6-4fd2-8d02-cf0b80291659_0b45e8f1-adf8-4e5e-b31a-34fa4edfc85f-916792,NWUHG EPR PMO Support,EPR Project Management Office support,Norfolk and Norwich University Hospitals NHS Foundation Trust,,214000.0,GBP,2026-10-06,2026-08-16,award,complete,72000000,https://www.contractsfinder.service.gov.uk/Notice/0b45e8f1-adf8-4e5e-b31a-34fa4edfc85f-916792,2026-10-07T14:11:02.464387+00:00
Contracts Finder,ocds-b5fd17-7df7db6b-a6f2-42da-bbd6-9ac45210d862_dd524e94-6c11-4c57-a744-04847cd61ce5-916791,Mids - AOMR Lot 2 - Works Arising from Hydrometric Asset Surveys 2026/2027,Mids - AOMR Lot 2 - Works Arising from Hydrometric Asset Surveys 2026/2027,DEFRA,,324899.74,GBP,2026-10-06,2026-07-26,award,complete,45246410,https://www.contractsfinder.service.gov.uk/Notice/dd524e94-6c11-4c57-a744-04847cd61ce5-916791,2026-10-07T14:11:02.464482+00:00
Contracts Finder,ocds-b5fd17-0ba5e557-ffc9-491c-85ff-2cf147bfbf4d_4506c274-82cb-42d0-8531-14ddda83a8ef-916616,Microsoft Licensing,Provision of the College's Microsoft product licensing requirements. This call-off contract was awarded as a direct award under the SUPC Software License Reseller Agreement (SLRA) - Lot 1: Microsoft and Associated Services. This framework agreement was established under the Public Contracts Regulations.,Gateshead College,,264000.0,GBP,2026-10-06,2026-09-11,award,complete,48000000,https://www.contractsfinder.service.gov.uk/Notice/4506c274-82cb-42d0-8531-14ddda83a8ef-916616,2026-10-07T14:11:02.464575+00:00
Contracts Finder,ocds-b5fd17-bd3de390-8cb8-4d1c-832e-d51e10c95241_9a565949-4a33-466d-b1eb-206916a91b9d-916785,ITT  for  Projects  10208914  10207311  10210233,ITT  for  Projects  10208914  10207311  10210233,UK RESEARCH & INNOVATION,,5850.0,GBP,2026-10-06,2026-09-01,award,complete,79421100,https://www.contractsfinder.service.gov.uk/Notice/9a565949-4a33-466d-b1eb-206916a91b9d-916785,2026-10-07T14:11:02.464669+00:00
Contracts Finder,ocds-b5fd17-bfee622c-de42-45b5-9e7b-507b4083c487_9414f840-2fc2-49c0-96b6-0e05ee46f401-916789,RFL - Stryker Stack system Framework Ref 2021/S 000-007768,RFL - Stryker Stack system Framework Ref 2021/S 000-007768,Royal  Free NHS Trust,169962.91,141635.76,GBP,2026-10-06,2026-07-01,award,complete,33100000,https://www.contractsfinder.service.gov.uk/Notice/9414f840-2fc2-49c0-96b6-0e05ee46f401-916789,2026-10-07T14:11:02.464763+00:00
Contracts Finder,ocds-b5fd17-8bd265cf-2e2a-4f8b-b0d3-76469a666514_e215de68-15db-45e1-beed-80ee67757437-916784,S775 -Mainstream Taxi -Ivanhoe School,S775 -Mainstream Taxi -Ivanhoe School,Leicestershire County Council,,52.0,GBP,2026-10-06,2026-09-11,award,complete,60000000,https://www.contractsfinder.service.gov.uk/Notice/e215de68-15db-45e1-beed-80ee67757437-916784,2026-10-07T14:11:02.464856+00:00
Contracts Finder,ocds-b5fd17-27dba969-d0f2-411a-a237-c726bf0f2181_53bc0e3f-280d-4ab8-a9fc-8f5e7642c37b-916783,GB-St. Helens: Contract Award Notice - Joint Venture Business Case Torus-Homes England,Contract Award Notice - Joint Venture Business Case Torus-Homes England,Torus Group,,96000.0,GBP,2026-10-06,2026-09-14,award,complete,79400000,https://www.contractsfinder.service.gov.uk/Notice/53bc0e3f-280d-4ab8-a9fc-8f5e7642c37b-916783,2026-10-07T14:11:02.464949+00:00
Contracts Finder,ocds-b5fd17-aeb29935-c150-4cd0-a2c8-df23e2f91f15_88efcb5b-b53a-4223-9ce1-e99f126e5c1b-916782,ITT for  Projects  10208243   10206566   10207563,ITT for  Projects  10208243   10206566   10207563,UK RESEARCH & INNOVATION,,7710.0,GBP,2026-10-06,2026-09-01,award,complete,79421100,https://www.contractsfinder.service.gov.uk/Notice/88efcb5b-b53a-4223-9ce1-e99f126e5c1b-916782,2026-10-07T14:11:02.465044+00:00
Contracts Finder,ocds-b5fd17-a218510f-a473-4117-9afa-73a1e6bb5160_dd1cec60-e35b-487a-9aa6-00918075f8b1-916289,"Apple Equipment & Associated Services under the Apple Equipment & Associated Services framework, Framework Reference ITS3028 NW","This Award Notice follows University of Chester placing a direct award with Academia Limited under the Apple Equipment & Associated Services framework, Framework Reference ITS3028 NW.

The University can access this agreement as a member of NWUPC. In line with the guidance provided by NWUPC this direct award is made under the framework Terms and Conditions.

All values in this award notice have been rounded up based on previous expenditure which is liable to vary from actual future expenditu",UNIVERSITY OF CHESTER,,200000.0,GBP,2026-10-06,2026-09-14,award,complete,30213100,https://www.contractsfinder.service.gov.uk/Notice/dd1cec60-e35b-487a-9aa6-00918075f8b1-916289,2026-10-07T14:11:02.465139+00:00
Contracts Finder,ocds-b5fd17-a7bb0cc5-0ee2-44bf-a9d3-6c6bdd9bcb74_a36058e9-793d-4f50-8f1d-03bde6e2277e-916752,ARP Microsoft Licenses,"Provision of Microsoft licensing services for the Ambulance Radio Programme (ARP), including the supply, management, administration and support of Microsoft 365 and associated licences, together with licence management and related support services.",Ambulance Radio Programme (ARP),,167088.6,GBP,2026-10-06,2026-07-21,award,complete,48300000,https://www.contractsfinder.service.gov.uk/Notice/a36058e9-793d-4f50-8f1d-03bde6e2277e-916752,2026-10-07T14:11:02.465239+00:00
Contracts Finder,ocds-b5fd17-c10f911d-47e6-45fa-942b-80ab1e499469_668903c1-49aa-4c6a-9fba-4cf64aad2009-916780,Chartered Manager Level 6 (Apprenticeships) 2026,Procurement of a training provider to deliver up to 10 x Chartered Manager Level 6 apprenticeships to CCC colleagues,Cambridgeshire County Council,,,GBP,2026-10-06,2026-05-20,award,complete,80000000,https://www.contractsfinder.service.gov.uk/Notice/668903c1-49aa-4c6a-9fba-4cf64aad2009-916780,2026-10-07T14:11:02.465329+00:00
Contracts Finder,ocds-b5fd17-8192bd04-6191-4fd9-b6aa-b6923e8b616e_820fc548-7797-49eb-b788-47347d8d20c7-916781,PR2330 - Travel and Accommodation Services,Travel and Accommodation Services,Public Service Ombudsman,,211000.0,GBP,2026-10-06,2026-08-18,award,complete,63510000,https://www.contractsfinder.service.gov.uk/Notice/820fc548-7797-49eb-b788-47347d8d20c7-916781,2026-10-07T14:11:02.465422+00:00
Contracts Finder,ocds-b5fd17-22c262e6-9f52-43d3-9054-6fec036fe46d_cd451c25-8c25-46cb-9107-65eeb575e6f7-916778,Radford House - Internal Refurbishment (Change of Use),"Ramsgate Town Council will be appointing a contractor to undertake internal refurbishment and alteration works to at Radford House.

The works are located at the public facility in Ramsgate - previously the Old Fire Station, at 18-20 Effingham Street, Ramsgate, CT11 9AT. The internal works are part of a wider redevelopment of the site, which includes external alterations to the building, and temporary technicians accommodation (externals ongoing - internals to follow)

The refurbishment is r",Ramsgate Town Council,350000.0,500000.0,GBP,2026-10-06,2026-10-14,tenderAmendment,active,45000000,https://www.contractsfinder.service.gov.uk/Notice/cd451c25-8c25-46cb-9107-65eeb575e6f7,2026-10-07T14:11:02.465520+00:00
Contracts Finder,ocds-b5fd17-8c3d0a6d-5c10-45cf-afaa-d26debc18b5f_2108c664-20ae-49fa-add8-d913f3e0b40e-916776,CALL-OFF: Children's Services Re-Opening of the Open Select List 2025 for all Independent Placement,Provision of supported accommodation,Lincolnshire County Council,,,GBP,2026-10-06,2025-11-10,award,complete,85000000,https://www.contractsfinder.service.gov.uk/Notice/2108c664-20ae-49fa-add8-d913f3e0b40e-916776,2026-10-07T14:11:02.465611+00:00
Contracts Finder,ocds-b5fd17-1d1cc25e-547e-48a2-8b6b-6262c1f8a554_6a20390c-0182-4b51-b250-16e31605948d-916771,ITT  for  Projects  10211257   10209437,ITT  for  Projects  10211257   10209437,UK RESEARCH & INNOVATION,,3650.0,GBP,2026-10-06,2026-09-01,award,complete,79421100,https://www.contractsfinder.service.gov.uk/Notice/6a20390c-0182-4b51-b250-16e31605948d-916771,2026-10-07T14:11:02.465705+00:00
Contracts Finder,ocds-b5fd17-51e52b99-9509-445f-98c1-93b5b4a46908_828e4361-9c18-4bc4-b788-13ac250d6c69-916773,GB-St. Helens: Contract Award Notice - Joint Venture Business Case Torus-Homes England,Joint Venture Business Case Torus-Homes England,Torus Group,,54000.0,GBP,2026-10-06,2026-09-07,award,complete,79400000,https://www.contractsfinder.service.gov.uk/Notice/828e4361-9c18-4bc4-b788-13ac250d6c69-916773,2026-10-07T14:11:02.465799+00:00
Contracts Finder,ocds-b5fd17-abdd6a2a-4f5f-4506-807b-2ffee34533a6_af5508a6-87ac-4b48-b71a-6bb46498ac74-916772,GB-St. Helens: Contract Award Notice - Peel Hall Garden Village Marketing Management,Peel Hall Garden Village Marketing Management,Torus Group,,150000.0,GBP,2026-10-06,2026-08-28,award,complete,79342000,https://www.contractsfinder.service.gov.uk/Notice/af5508a6-87ac-4b48-b71a-6bb46498ac74-916772,2026-10-07T14:11:02.465892+00:00
Contracts Finder,ocds-b5fd17-3c9db80c-687a-486a-8cce-550c1a0eb11e_79f49baa-c5c5-45d8-88d6-ac78022fa306-885490,Coaching Professional Level 5 Apprenticeship,Provision of training for the Coaching Professional Level 5 apprenticeship to up to 12 x CCC employees,Cambridgeshire County Council,,,GBP,2026-10-06,2025-10-17,award,complete,80000000,https://www.contractsfinder.service.gov.uk/Notice/79f49baa-c5c5-45d8-88d6-ac78022fa306-885490,2026-10-07T14:11:02.465984+00:00
Contracts Finder,ocds-b5fd17-a42d1f2e-4e42-4382-baf6-a1e10509269e_5b4e1139-c859-4c66-850a-da4786ea9f1a-915880,Extreme Hardware Switches for West Midlands Fire & Rescue Authority (Including Support and maintenance),WMFS needs to procure replacement and additional hardware to support the planned network refresh and rollout.,West Midlands Fire Service,,397702.37,GBP,2026-10-06,2026-09-11,award,complete,32412110,https://www.contractsfinder.service.gov.uk/Notice/5b4e1139-c859-4c66-850a-da4786ea9f1a-915880,2026-10-07T14:11:02.466076+00:00
Contracts Finder,ocds-b5fd17-436e4086-6f20-4df6-928d-388883fadb9f_964d9b05-f38c-4435-8897-a75658844a4e-916756,Print Services,External Print Services; includes the printing of standard internal forms and the management of the resulting stock.,Surrey Police,,105000.0,GBP,2026-10-06,2026-05-29,award,complete,22100000,https://www.contractsfinder.service.gov.uk/Notice/964d9b05-f38c-4435-8897-a75658844a4e-916756,2026-10-07T14:11:02.466178+00:00
Contracts Finder,ocds-b5fd17-32d3b3e3-0760-4bd1-8834-112098222995_39050750-f01b-4084-be42-449be7680624-916770,7144/28 RFL- BD ALARIS NEXUS  2021/S 000-029632,"BD ALARIS NEXUS  2021/S 000-029632

Additional information: 
BD ALARIS NEXUS PK  x 6",Royal Free London NHS Trust,,18570.0,GBP,2026-10-06,2026-09-04,award,complete,33100000,https://www.contractsfinder.service.gov.uk/Notice/39050750-f01b-4084-be42-449be7680624-916770,2026-10-07T14:11:02.466273+00:00
Contracts Finder,ocds-b5fd17-3ea9d166-2348-435b-bd57-65ac2305ba93_f213272c-ac39-4a47-984c-e217744a91f2-916767,Soft Market Testing for EV Hub at Top Wighay,"Nottinghamshire County Council is exploring options for the delivery of a proposed Electric Vehicle (EV) Charging Hub at the Top Wighay development site in Linby, Nottinghamshire. The site forms part of a significant strategic development location and presents an opportunity to establish a high-quality charging destination serving residents, visitors, commuters and passing traffic",Nottinghamshire County Council,,,GBP,2026-10-06,,planning,planning,31158000,https://www.contractsfinder.service.gov.uk/Notice/f213272c-ac39-4a47-984c-e217744a91f2-916767,2026-10-07T14:11:02.466358+00:00
Contracts Finder,ocds-b5fd17-d0432127-bdf4-49b9-8f62-818a6dc138eb_fb0c33a4-5ca0-41db-a6df-ba5246a83058-916763,ITT  for  Projects  10206657  10207522,ITT  for  Projects  10206657  10207522,UK RESEARCH & INNOVATION,,2475.0,GBP,2026-10-06,2026-09-01,award,complete,79421100,https://www.contractsfinder.service.gov.uk/Notice/fb0c33a4-5ca0-41db-a6df-ba5246a83058-916763,2026-10-07T14:11:02.466451+00:00
Contracts Finder,ocds-b5fd17-bd4e81d4-8ea0-412e-996e-23bde668e36c_8eed2d3e-87eb-4795-8416-c3478d37b5b0-916765,School Business Professional Level 4 (2026),Procurement for a training provider to deliver up to 10 x School Business Professional Level 4 apprenticeships to CCC maintained schools,Cambridgeshire County Council,,,GBP,2026-10-06,2026-06-05,award,complete,80000000,https://www.contractsfinder.service.gov.uk/Notice/8eed2d3e-87eb-4795-8416-c3478d37b5b0-916765,2026-10-07T14:11:02.466541+00:00
Contracts Finder,ocds-b5fd17-655d1dff-c183-4f62-b1e7-115963a774f1_2cc9dd51-fa88-4436-8d0d-b4a0728640ec-916764,WMD - AOMR Lot 1 - Asset Recondition Programme 26/27 tender,WMD - AOMR Lot 1 - Asset Recondition Programme 26/27 tender,Environment Agency,,278267.2,GBP,2026-10-06,2026-07-31,award,complete,50324200,https://www.contractsfinder.service.gov.uk/Notice/2cc9dd51-fa88-4436-8d0d-b4a0728640ec-916764,2026-10-07T14:11:02.466634+00:00
Contracts Finder,ocds-b5fd17-0f60a183-f32b-4e73-bf41-f94fabc9864d_bd6913b0-5a84-4eb7-a704-57364acee899-916762,PDF Framework - A458 Shrewsbury to Welsh Border Pavement & Drainage Risk Reduction,PDF Framework - A458 Shrewsbury to Welsh Border Pavement & Drainage Risk Reduction,National Highways Limited,,2416216.12,GBP,2026-10-06,2026-09-11,award,complete,45233210,https://www.contractsfinder.service.gov.uk/Notice/bd6913b0-5a84-4eb7-a704-57364acee899-916762,2026-10-07T14:11:02.466726+00:00
Contracts Finder,ocds-b5fd17-3d9728a4-f9c2-4488-aade-9460489b8e6c_782ffdac-fdee-4378-aaf8-79769050c641-916757,Associate Project Manager Level 4 (Apprenticeship),Procurement for a training provider to deliver up to 10 x Associate Project Manager Level 4 apprenticeship for CCC colleagues,Cambridgeshire County Council,,,GBP,2026-10-06,2026-07-17,award,complete,09000000,https://www.contractsfinder.service.gov.uk/Notice/782ffdac-fdee-4378-aaf8-79769050c641-916757,2026-10-07T14:11:02.466818+00:00
Contracts Finder,ocds-b5fd17-0499633b-7480-4786-bf53-1740118d6246_c70ce545-d954-4932-95a8-be18736f89f0-916760,Driver Education Workshop Booking System,"Provision of an Online Drivers Education Workshop bookings course management system that connects with the National Driver Offender Re-Training System (NDORS). The system allows clients to book and pay for their Police offered courses online or over the phone. \r
\r
Awarded via CCS G-cloud 14, RM1557.14 framework. The contract term is for 36 months, with the option to extend for a further 12 Months",Leicestershire County Council,,366504.0,GBP,2026-10-06,2026-09-01,award,complete,48000000,https://www.contractsfinder.service.gov.uk/Notice/c70ce545-d954-4932-95a8-be18736f89f0-916760,2026-10-07T14:11:02.466911+00:00
Contracts Finder,ocds-b5fd17-d996b17f-7863-4d9e-970b-cbdee7265459_2bf5d251-d0dd-4319-93e9-6518a2480eba-916759,S30109 Technical Assessment RIS3 Renewals Investment Planning,"throughout RIS3, renewals investment planning has been supported by a series of Technical Partner contracts procured through the SPaTS2 framework, and awarded to the Atkins Jacobs Joint Venture.  
The Technical Partner contract has been demonstrably successful. The RIS3 Renewals Investment case development represented a step change in our investment planning approach. Building evidence and risk-based investment cases helped to ensure £XXX renewals for the next Roads period, a 45% increase in re",National Highways Limited,,500000.0,GBP,2026-10-06,2026-04-29,award,complete,73220000,https://www.contractsfinder.service.gov.uk/Notice/2bf5d251-d0dd-4319-93e9-6518a2480eba-916759,2026-10-07T14:11:02.467005+00:00
Contracts Finder,ocds-b5fd17-ff460043-602f-4b05-b8f7-a973585590f7_40fb3e3c-802f-4449-8eb1-a38561ff717c-916753,ITT  for  Projects  10205690   10205827,ITT  for  Projects  10205690   10205827,UK RESEARCH & INNOVATION,,10569.0,GBP,2026-10-06,2026-09-02,award,complete,79421100,https://www.contractsfinder.service.gov.uk/Notice/40fb3e3c-802f-4449-8eb1-a38561ff717c-916753,2026-10-07T14:11:02.467102+00:00
Contracts Finder,ocds-b5fd17-aa26b399-a4f6-478a-a52a-dcb603891e03_ac423fb7-d412-4305-82c4-7d90c571317c-916758,PDF Framework - M4 J18 Exit Slip EB MP 170.7-169.4 RS SDF,PDF Framework - M4 J18 Exit Slip EB MP 170.7-169.4 RS SDF,National Highways Limited,,412649.04,GBP,2026-10-06,2026-09-10,award,complete,45233210,https://www.contractsfinder.service.gov.uk/Notice/ac423fb7-d412-4305-82c4-7d90c571317c-916758,2026-10-07T14:11:02.467206+00:00
Contracts Finder,ocds-b5fd17-3d6d63b2-beb6-441f-ad45-8d62d9ce97ed_591dd587-2976-4a2a-b876-d7d2ee22c151-916754,GB-Hull: Staff Engagement and Cultural Diagnostic,Provision of a Staff Engagement and Culture Diagnostic programme,BIP SOLUTIONS LIMITED,,39936.0,GBP,2026-10-06,2026-09-30,award,complete,79311000,https://www.contractsfinder.service.gov.uk/Notice/591dd587-2976-4a2a-b876-d7d2ee22c151-916754,2026-10-07T14:11:02.467301+00:00
Contracts Finder,ocds-b5fd17-b43cd407-b954-47c8-a865-16d14569b387_63199f3c-adc3-4023-9f2c-67b1a7a09669-916755,GB-St. Helens: Contract Award Notice - Servicing and Maintenance to Ground Heat Pump,Servicing and Maintenance to Ground Heat Pump,Torus Group,,160000.0,GBP,2026-10-06,2026-08-17,award,complete,50720000,https://www.contractsfinder.service.gov.uk/Notice/63199f3c-adc3-4023-9f2c-67b1a7a09669-916755,2026-10-07T14:11:02.467393+00:00
Contracts Finder,ocds-b5fd17-5b2f7078-a858-4738-b892-6ca9d810995c_c839f9c9-9e61-4dae-8eac-40474c000b35-916750,GB-Hull: Competency Management System,"NOTE: This notice was updated on 06 October 2026 for the following reason: The Authority has exercised the first of two optional 12-month extension periods.  New contract expiry date of 30/09/2027(Provision and support of a competency management training system)

Additional information: Award via CCS G-Cloud 14 (RM1557.14)",BIP SOLUTIONS LIMITED,,348205.26,GBP,2026-10-06,2025-09-30,awardUpdate,complete,48931000,https://www.contractsfinder.service.gov.uk/Notice/c839f9c9-9e61-4dae-8eac-40474c000b35-916750,2026-10-07T14:11:02.467486+00:00
Contracts Finder,ocds-b5fd17-2f838440-db33-4992-b580-26ceb2cf1bc2_088516bc-f6d3-423d-8966-9191454aa4f5-916751,PDF Framework - A36 South Newton NB & SB MP 54.1 - 59.3 RS,PDF Framework - A36 South Newton NB & SB MP 54.1 - 59.3 RS,National Highways Limited,,72783.01,GBP,2026-10-06,2026-09-10,award,complete,45233210,https://www.contractsfinder.service.gov.uk/Notice/088516bc-f6d3-423d-8966-9191454aa4f5-916751,2026-10-07T14:11:02.467579+00:00
Contracts Finder,ocds-b5fd17-0fe72564-2fea-403d-89c4-7084252b07bd_5e9f0b82-839c-4f24-92b3-ba61ab2fc0bf-916749,Team Leader Level 3 Apprenticeship (2026),Procurement of a training provider to delivery up to 10 x Team Leader Level 3 apprenticeships to Cambridgeshire County Council colleagues.,Cambridgeshire County Council,,,GBP,2026-10-06,2026-05-05,award,complete,80000000,https://www.contractsfinder.service.gov.uk/Notice/5e9f0b82-839c-4f24-92b3-ba61ab2fc0bf-916749,2026-10-07T14:11:02.467668+00:00
Contracts Finder,ocds-b5fd17-3d11df8d-5066-4f2c-963b-9ee55666ece9_2330e3df-fd22-40e6-8332-250fcc110646-916748,CA17657 - ITT 03/2026 - Biannual Service of oil-fired Boilers and Emergency Breakdown Cover,"Newry, Mourne and Down District Council (the Council) has 42 buildings which rely in part or in whole on the efficient running of an oil-fired boiler system for the provision of the facilities hot water requirements.  To ensure the effective and efficient running of these systems the Council engages with a competent contractor to undertake biannual inspection/servicing of each of the oil boiler systems (boiler, pump, pipelines and storage tank).  The Council also engages the same contractor to p","Newry, Mourne and Down District Council (NMD)",,,GBP,2026-10-06,2026-09-02,awardUpdate,complete,50531100,https://www.contractsfinder.service.gov.uk/Notice/2330e3df-fd22-40e6-8332-250fcc110646-916748,2026-10-07T14:11:02.467759+00:00
Contracts Finder,ocds-b5fd17-40bb8d7b-0921-4d86-8b7f-5cebd3307b80_e4149b56-d0e7-456e-80be-9fa39bc2f21e-916747,eRostering Software (SaaS HealthRoster Optima),eRostering Software (SaaS HealthRoster Optima),The Christie NHS Foundation Trust,,257315.0,GBP,2026-10-06,2024-03-30,award,complete,48000000,https://www.contractsfinder.service.gov.uk/Notice/e4149b56-d0e7-456e-80be-9fa39bc2f21e-916747,2026-10-07T14:11:02.467852+00:00
Contracts Finder,ocds-b5fd17-cde05dd1-a3b3-4de5-a5f8-b52f3ee4d864_f1616499-fa69-4f9d-be9e-5be37c155382-916746,"IP245, 0900 2026-10-06, Bramford to Northgate High School, Ipswich (4 seats) - AWARD","Suffolk County Council is seeking a mini competition against the following Dynamic Purchasing System: `The supply of Passenger Transport Services`, OJEU Notice Id: 2018/S 031-067685.
      
      IP245, 0900 2026-10-06, Bramford to Northgate High School, Ipswich (4 seats)
      
      Further details can be found in the 'Tenders / My Tenders' area of this website, by selecting the 'View Details' button for this project.
      
      The deadline for returned submissions is 0900 2026-10-06.",Suffolk County Council Passenger Transport,,,GBP,2026-10-06,2026-10-06,award,complete,60000000,https://www.contractsfinder.service.gov.uk/Notice/f1616499-fa69-4f9d-be9e-5be37c155382-916746,2026-10-07T14:11:02.467943+00:00
Contracts Finder,ocds-b5fd17-00c28210-cc3e-4caf-85e8-e8cc893cbe25_a6b16f5a-6f37-4b54-96ae-b6f794febd92-916745,715904579 - Legal Support,Transparency documentation for 715904579 - Legal Support.,Ministry of Defence,,620000.0,GBP,2026-10-06,2026-07-17,award,complete,79100000,https://www.contractsfinder.service.gov.uk/Notice/a6b16f5a-6f37-4b54-96ae-b6f794febd92-916745,2026-10-07T14:11:02.468038+00:00
Contracts Finder,ocds-b5fd17-1b4c48b4-e1ef-457b-b4f1-23149f0be3b4_fcab0555-c2ac-49e7-8f3c-24634ab076be-916743,CA17967 - Milton Keynes College Lift Maintenance Services,"The College is seeking to contract for the provision of a Fully Comprehensive Maintenance and Service Contract for Lifts.  The Contract is for 3 years with the possibility of an extension or extensions up to a total of 24 months.

To access this competition: 

Registered:
Login to https://suppliers.multiquote.com and view the opportunity CA17967.

Not registered:
Visit https://suppliers.multiquote.com then register and quote CA17967 as the reason for registration. 

 Any queries please",Milton Keynes College,,85000.0,GBP,2026-10-06,2026-07-07,awardUpdate,complete,50750000,https://www.contractsfinder.service.gov.uk/Notice/fcab0555-c2ac-49e7-8f3c-24634ab076be-916743,2026-10-07T14:11:02.468133+00:00
Contracts Finder,ocds-b5fd17-42fd44c9-833e-4268-919a-8ca753b75ff0_eb55f76a-3700-4065-b764-cfaa5da8a33b-916741,"ITT For Project 10201712, 10200525, 10205257, 10200084 and 10204255","ITT For Project 10201712, 10200525, 10205257, 10200084 and 10204255",Innovate UK,,16980.0,GBP,2026-10-06,2026-09-02,award,complete,79421100,https://www.contractsfinder.service.gov.uk/Notice/eb55f76a-3700-4065-b764-cfaa5da8a33b-916741,2026-10-07T14:11:02.468246+00:00
Contracts Finder,ocds-b5fd17-7ed2e409-bbd5-4808-8236-fbff07f19d72_a2a7ed5a-14d0-45f1-8a1c-2f073161a781-916240,Cyber Resilience and Disaster Recovery,This is a call-off contract via Software Products and Associated Services Framework Y23065 and provides cyber resilience and disaster recovery services for a term of three years.,SURREY COUNTY COUNCIL,,1000000.0,GBP,2026-10-06,2026-06-11,award,complete,48000000,https://www.contractsfinder.service.gov.uk/Notice/a2a7ed5a-14d0-45f1-8a1c-2f073161a781-916240,2026-10-07T14:11:02.468345+00:00
Contracts Finder,ocds-b5fd17-06066087-18dc-4457-a223-bb3ebe5a91c2_afd15969-4ed4-47da-a15e-d78bf3e03ab8-916742,NCC1588 Kitchen Supply,Northumberland County Council has appointed a contractor to deliver kitchen design and supply service for Northumberland County Council tenants. Providing supply of - Kitchen/units/worktops/sink/taps and sundry associated items to allow the in-house team to carry out full kitchen re-furnishment.,Northumberland County Council,,360000.0,GBP,2026-10-06,2026-07-10,awardUpdate,complete,39141400,https://www.contractsfinder.service.gov.uk/Notice/afd15969-4ed4-47da-a15e-d78bf3e03ab8-916742,2026-10-07T14:11:02.468443+00:00
Contracts Finder,ocds-b5fd17-c1d8af62-d9d8-42a8-81e0-0f85ba07f777_ff945352-b74f-47c2-a37b-570db947913b-916740,BT1912 Luton Directory,"To provide the hosting and support services for the hubs and portals on the Luton Directory website. This Service will hosts the SEND Local Offer, Family Information Services and Adult Social Care.",Luton Council,,75000.0,GBP,2026-10-06,2026-09-11,award,complete,48220000,https://www.contractsfinder.service.gov.uk/Notice/ff945352-b74f-47c2-a37b-570db947913b-916740,2026-10-07T14:11:02.468538+00:00
Contracts Finder,ocds-b5fd17-019aa708-dd51-4633-ad24-2fec20c0c019_f4965104-50c8-4b29-b4ec-b03397971ad0-916739,ITT For Project 10200445,ITT For Project 10200445,Innovate UK,,2690.0,GBP,2026-10-06,2026-09-02,award,complete,79421100,https://www.contractsfinder.service.gov.uk/Notice/f4965104-50c8-4b29-b4ec-b03397971ad0-916739,2026-10-07T14:11:02.468632+00:00
Contracts Finder,ocds-b5fd17-c37654e5-cc90-4ba3-89ed-77ad2d97ad41_93087f2c-08ea-45a7-81d2-98f3427f079b-916733,Contractor for the provision of SharePoint and Purview Support for the NMC's  Modernisation of the Fitness to Practice Systems Programme,"Direct award conducted via Lot 3 of the CCS G Cloud 14 Framework RM1557.14. The Services to be provided by the Supplier  are listed in Framework Schedule 4 and outlined below:
-quality assurance and performance testing
- Security Services
 - Additional Services
Purview governance, Power Platform and SharePoint governance
Set up and management of Microsoft service structures; data transfer

The full scope of the Services to be provided by the Supplier are further detailed in the Call-Off c",Nursing And Midwifery Council,93600.0,187200.0,GBP,2026-10-06,2026-04-17,awardUpdate,complete,72000000,https://www.contractsfinder.service.gov.uk/Notice/93087f2c-08ea-45a7-81d2-98f3427f079b-916733,2026-10-07T14:11:02.468727+00:00
Contracts Finder,ocds-b5fd17-049412ea-bdf3-4f8d-ac9d-bdee6b824866_a291f099-31ec-4fef-8c86-00eaa2c01d11-916736,S30122 Junction Safety WP3,"Previous research has identified that collisions at junctions represent at least 21% 
of Killed and Seriously Injured KSI collisions on the Strategic Road Network 
SRN, and this is likely to be an underestimate1. The previous research did not 
provide strong recommendations for junction treatments that would reduce KSIs 
at these locations. Not having strong recommendations for junction treatments 
limits our ability to have a strong impact on National Highways Key Performance 
Indicator 1",National Highways Limited,,100000.0,GBP,2026-10-06,2026-07-15,award,complete,73220000,https://www.contractsfinder.service.gov.uk/Notice/a291f099-31ec-4fef-8c86-00eaa2c01d11-916736,2026-10-07T14:11:02.468820+00:00
Contracts Finder,ocds-b5fd17-5a26a74f-ecad-4f6b-878d-7a619bd28a0b_c3a7c831-3117-4950-a5bb-be651e9281b5-916735,"QLT362 2026-10-06 (0900) Beccles - Warren School, Lowestoft (4 seats and a PA) - AWARD","Suffolk County Council is seeking a mini competition against the following Dynamic Purchasing System: `The supply of Passenger Transport Services`, OJEU Notice Id: 2018/S 031-067685.
      
      QLT362 2026-10-06 (0900) Beccles - Warren School, Lowestoft (4 seats and a PA)
      
      Further details can be found in the 'Tenders / My Tenders' area of this website, by selecting the 'View Details' button for this project.
      
      The deadline for returned submissions is 0900 on 06/10/",Suffolk County Council Passenger Transport,,,GBP,2026-10-06,2026-10-06,award,complete,60000000,https://www.contractsfinder.service.gov.uk/Notice/c3a7c831-3117-4950-a5bb-be651e9281b5-916735,2026-10-07T14:11:02.468910+00:00
Contracts Finder,ocds-b5fd17-b8ec81d4-1655-4046-9b52-8fb2cb95c508_b430b967-b4bc-4f8c-a3af-1383b59b2a9d-915761,Oracle Licences,"The contract is for the continued provision of Oracle Fusion Enterprise Resource Planning (ERP) Cloud Service licences. The licences enable continued access to Oracle's cloud-based ERP platform, supporting core business functions including finance, procurement, and reporting.",HOUSING OMBUDSMAN,,296654.73,GBP,2026-10-06,2026-09-28,award,complete,48000000,https://www.contractsfinder.service.gov.uk/Notice/b430b967-b4bc-4f8c-a3af-1383b59b2a9d-915761,2026-10-07T14:11:02.469004+00:00
Contracts Finder,ocds-b5fd17-6f1e52ee-0fd8-4e96-baf2-091088b93d93_afc7dcf5-61df-4a50-a292-afcbca25f18a-916729,John Innes Centre: Technology Platform 1 (TP1) Glasshouses and Insectary,"This package of works form part of the Next Generation Infrastructure (NGI) Programme, a funded development programme looking to develop the facilities across Norwich Research Park to transform the existing capabilities of John Innes Centre (JIC) and The Sainsbury Laboratory (TSL), both internationally recognised centres of excellence in plant and microbial science. NGI will address the deterioration of infrastructure at JIC and TSL to create a world-class facility that will engage with its surr",JOHN INNES CENTRE,,51798884.0,GBP,2026-10-06,2024-11-18,award,complete,45214000,https://www.contractsfinder.service.gov.uk/Notice/afc7dcf5-61df-4a50-a292-afcbca25f18a-916729,2026-10-07T14:11:02.469097+00:00
Contracts Finder,ocds-b5fd17-6a3bc98e-7b6f-40fc-95b3-fd5218e0bd08_10ed487c-01d1-4fb9-b1f2-cd763a94341a-916732,Careers Fairs Logistical Support 2026/2027,"We use an events company to assist us with travelling to each university careers fair so they can set up our stands and the various recruitment materials (reports, brochures, giveaways). 

The contract will run for 1 year from the 1st September 2026 until the 31st August 2027. The estimated contract value will be £21,542.40 (Inc. VAT).",National Audit Office,,21542.4,GBP,2026-10-06,2026-08-31,award,complete,79952000,https://www.contractsfinder.service.gov.uk/Notice/10ed487c-01d1-4fb9-b1f2-cd763a94341a-916732,2026-10-07T14:11:02.469206+00:00
Contracts Finder,ocds-b5fd17-10d42cb8-fc29-4255-ba0c-cac9302e2898_8248fc1e-d645-4428-923d-d25edb9619cb-916731,DHSC: CAG: Contingent Labour for PPE Contract Dissolution Programme 2026/27,1 x Contingent Labour extension for PPE Contract Dissolution Programme 2026/27,Department of Health and Social Care,,64000.0,GBP,2026-10-06,2026-09-30,award,complete,79620000,https://www.contractsfinder.service.gov.uk/Notice/8248fc1e-d645-4428-923d-d25edb9619cb-916731,2026-10-07T14:11:02.469301+00:00
Contracts Finder,ocds-b5fd17-e4146a2c-8602-4d37-9bc1-7d6eb0d91ecc_30ab82a5-5895-483a-aacd-59a666d0a01d-916730,ITT For Project 10204281,ITT For Project 10204281,Innovate UK,,1550.0,GBP,2026-10-06,2026-09-02,award,complete,79421100,https://www.contractsfinder.service.gov.uk/Notice/30ab82a5-5895-483a-aacd-59a666d0a01d-916730,2026-10-07T14:11:02.469393+00:00
Contracts Finder,ocds-b5fd17-6b661c25-868b-4e01-931f-3a587b5a5b8c_925ce4a1-7cba-45c4-9d10-1e7171b9186d-916728,"ITT For Projects 10205641, 10204810, 10200484, 10205318, 10204744 and 10203894","ITT For Projects 10205641, 10204810, 10200484, 10205318, 10204744 and 10203894",Innovate UK,,20920.0,GBP,2026-10-06,2026-09-02,award,complete,79421100,https://www.contractsfinder.service.gov.uk/Notice/925ce4a1-7cba-45c4-9d10-1e7171b9186d-916728,2026-10-07T14:11:02.469486+00:00
Contracts Finder,ocds-b5fd17-b8de6882-476d-4b17-8b4f-3418801f118a_1a9ce11d-a9c9-4028-9a35-108c4b958980-916633,W5135 Lifting Servicing,"To undertake the servicing, maintenance, and repair of passenger lifts.",Walsall Metro Borough Council,,240000.0,GBP,2026-10-06,2026-09-28,award,complete,42416120,https://www.contractsfinder.service.gov.uk/Notice/1a9ce11d-a9c9-4028-9a35-108c4b958980-916633,2026-10-07T14:11:02.469579+00:00
Contracts Finder,ocds-b5fd17-ae5dbe5e-a306-41a1-9195-6e938e0bd049_402dc5bd-179b-4c0f-bc04-4201400e9934-916727,"ITT For Project 10203446, 10205984, 10200769 and 10201354","ITT For Project 10203446, 10205984, 10200769 and 10201354",Innovate UK,,7880.0,GBP,2026-10-06,2026-09-02,award,complete,79421100,https://www.contractsfinder.service.gov.uk/Notice/402dc5bd-179b-4c0f-bc04-4201400e9934-916727,2026-10-07T14:11:02.469674+00:00
Contracts Finder,ocds-b5fd17-d5b17b19-403b-4259-b6c2-5ef78734ba89_4eed0b01-bdc4-4a06-aa52-69759a1fb6a0-916726,C0068 - Legacy Concrete Roads Reconstruction Interim Commercial Support,"The Consultant is to provide resources to support the following; 

1. Primary level commercial support for the PMs with design  

2. Interim commercial service to support the PM for the 5 Schemes 

3. Life Extension Works Schemes commercial support  

4. Handover - Transition to strategic partner 

 It is anticipated that the support services above will be provided on behalf of Commercial Delivery for schemes awarded under the Legacy Concrete Roads Reconstruction Framework (LCRRF). The",National Highways Limited,,312643.64,GBP,2026-10-06,2026-05-26,award,complete,71324000,https://www.contractsfinder.service.gov.uk/Notice/4eed0b01-bdc4-4a06-aa52-69759a1fb6a0-916726,2026-10-07T14:11:02.469769+00:00
Contracts Finder,ocds-b5fd17-0944b260-5dd7-42e7-8e77-2fe9a59c832d_018c25b5-6ec7-499d-86b8-c04b36b9d89b-916724,ITT  for  Projects  10204197  10202974  10202858,ITT  for  Projects  10204197  10202974  10202858,UK RESEARCH & INNOVATION,,6125.0,GBP,2026-10-06,2026-09-02,award,complete,79421100,https://www.contractsfinder.service.gov.uk/Notice/018c25b5-6ec7-499d-86b8-c04b36b9d89b-916724,2026-10-07T14:11:02.469862+00:00
Contracts Finder,ocds-b5fd17-3e87c9f9-d410-4a98-84dc-edff57a72036_6bf97bfb-b01a-44d8-8b9e-f71aad7f2425-916725,GB-St. Helens: Contract Award Notice - External Signage,"Provision of external signage services, procured via an approved waiver.",Torus Group,,44000.0,GBP,2026-10-06,2026-08-03,award,complete,34928470,https://www.contractsfinder.service.gov.uk/Notice/6bf97bfb-b01a-44d8-8b9e-f71aad7f2425-916725,2026-10-07T14:11:02.469957+00:00
Contracts Finder,ocds-b5fd17-5a8a03c0-43ef-4c6c-af75-604204bb4347_de815097-2164-4a79-bdf6-43aebeaabd47-916723,ITT For Project 10206198,ITT For Project 10206198,Innovate UK,,2340.0,GBP,2026-10-06,2026-09-02,award,complete,79421100,https://www.contractsfinder.service.gov.uk/Notice/de815097-2164-4a79-bdf6-43aebeaabd47-916723,2026-10-07T14:11:02.470051+00:00
Contracts Finder,ocds-b5fd17-f9546a4b-e916-4939-8223-8680ebfa1ae4_9582545c-a595-4873-8cc8-17b2790b22e4-916722,"ITT For Projects 10205899, 10204848, 10203426 and 10205903","ITT For Projects 10205899, 10204848, 10203426 and 10205903",Innovate UK,,17610.0,GBP,2026-10-06,2026-09-02,award,complete,79421100,https://www.contractsfinder.service.gov.uk/Notice/9582545c-a595-4873-8cc8-17b2790b22e4-916722,2026-10-07T14:11:02.470144+00:00
Contracts Finder,ocds-b5fd17-5095ff7b-9e0c-44d5-977f-4fc9156e7645_eee718e6-0264-4e78-902d-455e2bf4d165-916718,ITT  for  Projects  10205902  10205179  10205929,ITT  for  Projects  10205902  10205179  10205929,UK RESEARCH & INNOVATION,,10525.0,GBP,2026-10-06,2026-09-02,award,complete,79421100,https://www.contractsfinder.service.gov.uk/Notice/eee718e6-0264-4e78-902d-455e2bf4d165-916718,2026-10-07T14:11:02.470244+00:00
Contracts Finder,ocds-b5fd17-0bd0a53c-8add-4c49-bccc-56b98889961c_7ef675a0-a400-4e5b-90c7-3620271f890b-912717,"IQ Licence, Software and Remote Training","IQ Licence, Software and Remote Training 
Period: 01.09.26 - 31.08.29
Cost: £69,705.00",QE FACILITIES LIMITED,69705.0,83646.0,GBP,2026-10-06,2026-08-30,award,complete,48000000,https://www.contractsfinder.service.gov.uk/Notice/7ef675a0-a400-4e5b-90c7-3620271f890b-912717,2026-10-07T14:11:02.470339+00:00
Contracts Finder,ocds-b5fd17-998e78ba-63fb-4659-8ecf-2e4b501cab7a_ed21dc2d-432f-4fc0-aa78-a53b7a78ada7-916721,Strategic Advisor Development for East Midlands Combined County Authority,"To provide EMCCA with a strategic commercial development and advisory role on projects at Ratcliffe Power Station and the East Midlands Intermodal Park (EMIP), sitting within the Trent Arc Geography. Awarded through YPO 1141",Nottinghamshire County Council,,56588.5,GBP,2026-10-06,2026-08-11,award,complete,79000000,https://www.contractsfinder.service.gov.uk/Notice/ed21dc2d-432f-4fc0-aa78-a53b7a78ada7-916721,2026-10-07T14:11:02.470432+00:00
Contracts Finder,ocds-b5fd17-2b9907b2-ec5f-463e-b98b-25312f2d68b1_bdf18fb5-2717-42e8-bf2e-95d3c1c25e75-916720,GB-St. Helens: Contract Award Notice - Sales CRM System,"Provision of a Sales Customer Relationship Management (CRM) System, procured via an approved waiver.",Torus Group,,150007.0,GBP,2026-10-06,2026-06-18,award,complete,48445000,https://www.contractsfinder.service.gov.uk/Notice/bdf18fb5-2717-42e8-bf2e-95d3c1c25e75-916720,2026-10-07T14:11:02.470528+00:00
Contracts Finder,ocds-b5fd17-e7409f67-131d-4917-9167-ebbb08cf6842_55af33f6-7909-49fb-89bc-d0ff82272b88-916719,ITT For Project 10204106,ITT For Project 10204106,Innovate UK,,5123.0,GBP,2026-10-06,2026-09-02,award,complete,79421100,https://www.contractsfinder.service.gov.uk/Notice/55af33f6-7909-49fb-89bc-d0ff82272b88-916719,2026-10-07T14:11:02.470621+00:00
Contracts Finder,ocds-b5fd17-ff1896a8-041a-4981-807c-007d33085566_5193a20a-b43b-4295-bb4d-ba1beab02075-916717,ITT For Projects 10206028 and 10205661,ITT For Project 10206028 and 10205661,Innovate UK,,10788.0,GBP,2026-10-06,2026-09-02,award,complete,79421100,https://www.contractsfinder.service.gov.uk/Notice/5193a20a-b43b-4295-bb4d-ba1beab02075-916717,2026-10-07T14:11:02.470714+00:00
Contracts Finder,ocds-b5fd17-335badad-aa43-4c8b-8fbf-9fa68b5da4ae_ec94d4a7-8629-4dab-a85a-ebd987966f83-916715,ITT  for  Project  10205609,ITT  for  Project  10205609,UK RESEARCH & INNOVATION,,2775.0,GBP,2026-10-06,2026-09-02,award,complete,79421100,https://www.contractsfinder.service.gov.uk/Notice/ec94d4a7-8629-4dab-a85a-ebd987966f83-916715,2026-10-07T14:11:02.470805+00:00
Contracts Finder,ocds-b5fd17-5d9b8fca-7334-41e2-9c95-f0efb2a0bd90_a0b7be78-1f6d-4e67-a742-edea8670caca-916716,ITT For Project 10205687,ITT For Project 10205687,Innovate UK,,3684.0,GBP,2026-10-06,2026-09-02,award,complete,79421100,https://www.contractsfinder.service.gov.uk/Notice/a0b7be78-1f6d-4e67-a742-edea8670caca-916716,2026-10-07T14:11:02.470900+00:00
Contracts Finder,ocds-b5fd17-02645679-62e8-4391-ad2b-b3a90246fccb_278fb308-0c8e-4018-8e47-e64c6c3eb118-916714,ITT For Project 10204345,ITT For Project 10204345,Innovate UK,,2170.0,GBP,2026-10-06,2026-09-02,award,complete,79421100,https://www.contractsfinder.service.gov.uk/Notice/278fb308-0c8e-4018-8e47-e64c6c3eb118-916714,2026-10-07T14:11:02.470995+00:00
Contracts Finder,ocds-b5fd17-f5f9e1fe-7ac6-47dc-8dec-df5a7187e4a2_c9c61980-842d-4600-848f-02f0fbf8a449-916713,PAHT - RTT Validation Services,Direct award under under COCH F075,The Princess Alexandra Hospital NHS Trust,100000.0,300000.0,GBP,2026-10-06,2026-01-06,award,complete,72310000,https://www.contractsfinder.service.gov.uk/Notice/c9c61980-842d-4600-848f-02f0fbf8a449-916713,2026-10-07T14:11:02.471098+00:00
Contracts Finder,ocds-b5fd17-0a5850a2-404b-48cc-abc1-87fc70e7a52a_53c56d78-0a8d-42a0-af9d-e78fd62ed899-916712,BHNFT - Financial Recovery Consultancy,Financial Recovery Consultancy for Barnsley and Rotherham Trusts,Barnsley Hospital NHS Foundation Trust,,191250.0,GBP,2026-10-06,2026-07-31,award,complete,66171000,https://www.contractsfinder.service.gov.uk/Notice/53c56d78-0a8d-42a0-af9d-e78fd62ed899-916712,2026-10-07T14:11:02.471200+00:00
Contracts Finder,ocds-b5fd17-3d66ccfe-1404-42bd-9bd5-bc0499daac68_0970dd40-0f99-4b4c-9d90-42566bd3c5a9-916710,ITT   for  Project  10205156,ITT   for  Project  10205156,UK RESEARCH & INNOVATION,,2050.0,GBP,2026-10-06,2026-09-02,award,complete,79421100,https://www.contractsfinder.service.gov.uk/Notice/0970dd40-0f99-4b4c-9d90-42566bd3c5a9-916710,2026-10-07T14:11:02.471293+00:00
Contracts Finder,ocds-b5fd17-2c6aaa1e-d00b-4972-bb6a-2552600a6aa7_0c62fbba-2ec1-4280-8fa3-02155951095e-916711,ITT For Project 10204324,ITT For Project 10204324,Innovate UK,,1422.0,GBP,2026-10-06,2026-09-02,award,complete,79421100,https://www.contractsfinder.service.gov.uk/Notice/0c62fbba-2ec1-4280-8fa3-02155951095e-916711,2026-10-07T14:11:02.471386+00:00
Contracts Finder,ocds-b5fd17-2b90af7a-014d-458a-9c4c-407ab4a8b68c_075c92bb-cb9f-428b-9e7e-9991df06a460-916709,ITT For Project 10200629,ITT For Project 10200629,Innovate UK,,4415.0,GBP,2026-10-06,2026-09-02,awardUpdate,complete,79421100,https://www.contractsfinder.service.gov.uk/Notice/075c92bb-cb9f-428b-9e7e-9991df06a460-916709,2026-10-07T14:11:02.471477+00:00
Contracts Finder,ocds-b5fd17-2654d89d-b94c-4fcc-baa8-6626f5d79e09_40c4facb-d342-4f6d-a3d6-0a1ac6a31a03-916694,"Conversion of Storm Shelter into Public Convenience Facilities and Refurbishment of Accessible Toilet Accommodation, Blenheim Gardens, Minehead","Minehead Town Council invites suitably qualified and experienced contractors to submit tenders for the conversion of the former storm shelter within Blenheim Gardens, Minehead into modern public convenience facilities together with the refurbishment and conversion of a separate toilet building within the gardens to provide fully accessible toilet accommodation and associated storage facilities.

The site occupies a prominent position within Blenheim Gardens, Minehead's principal public open sp",Minehead Town Council,,200000.0,GBP,2026-10-06,2026-11-06,tender,active,45211310,https://www.contractsfinder.service.gov.uk/Notice/40c4facb-d342-4f6d-a3d6-0a1ac6a31a03,2026-10-07T14:11:02.471572+00:00
Contracts Finder,ocds-b5fd17-f62e622f-9b80-4d5d-8964-849a8c9c983f_9caa7b34-9bb1-4ce9-9406-a0ab194678a7-916706,ITT for  Project  10205758,ITT for  Project  10205758,UK RESEARCH & INNOVATION,,2920.0,GBP,2026-10-06,2026-09-02,award,complete,79421100,https://www.contractsfinder.service.gov.uk/Notice/9caa7b34-9bb1-4ce9-9406-a0ab194678a7-916706,2026-10-07T14:11:02.471664+00:00
Contracts Finder,ocds-b5fd17-4175f069-1589-4270-92a2-7b6aa62e7c2c_1c48e424-1604-4b4a-8548-cfaabd29938f-916707,Call off Contract Under Prison Education Dynamic Purchasing System for Skills for Working Life Courses for Prisoners at HMP Humber,"Call off Contract Under Prison Education Dynamic Purchasing System for Skills for Working Life Courses for Prisoners at HMP Humber. The supplier will deliver a course which cultivates positive attitudes to work, with the development of essential skills and behaviours for working life. Successful learners shall be empowered to either, progress within the prison to the next stage of their learning and development, or apply for secure and sustain meaningful employment on release.",Ministry of Justice,,17000.0,GBP,2026-10-06,2026-09-10,award,complete,80000000,https://www.contractsfinder.service.gov.uk/Notice/1c48e424-1604-4b4a-8548-cfaabd29938f-916707,2026-10-07T14:11:02.471756+00:00
Contracts Finder,ocds-b5fd17-dca92928-c05f-4eee-b84b-b648176861d6_8939f136-e95b-45c7-80fa-5ae9bdd9e01a-916705,ITT  for  Project  10204409,ITT  for  Project  10204409,UK RESEARCH & INNOVATION,,2410.0,GBP,2026-10-06,2026-09-02,award,complete,79421100,https://www.contractsfinder.service.gov.uk/Notice/8939f136-e95b-45c7-80fa-5ae9bdd9e01a-916705,2026-10-07T14:11:02.471851+00:00
Contracts Finder,ocds-b5fd17-cdb0bdb4-d413-4aeb-9ae5-8525716ad41c_5d091862-0913-4cd0-8bb0-bab801da5feb-916704,HMCTS Salisbury Law Court Project : Chiller Replacement BPRN: 15706,Chiller Replacement,Ministry of Justice,,1841479.0,GBP,2026-10-06,2026-02-12,award,complete,45216112,https://www.contractsfinder.service.gov.uk/Notice/5d091862-0913-4cd0-8bb0-bab801da5feb-916704,2026-10-07T14:11:02.471945+00:00
Contracts Finder,ocds-b5fd17-0050ed23-6b38-4b12-86bc-96a24f2399a6_acc26501-26ca-41a8-956c-02587731c329-916703,"Relocation of UKHSA Rivergate office to Temple Quay House, Bristol","Relocation of UKHSA Rivergate office to Temple Quay House, Bristol",UK Health Security Agency,,22086.23,GBP,2026-10-06,2026-10-01,award,complete,98392000,https://www.contractsfinder.service.gov.uk/Notice/acc26501-26ca-41a8-956c-02587731c329-916703,2026-10-07T14:11:02.472039+00:00
Contracts Finder,ocds-b5fd17-ece3b1fd-326b-4e37-87d6-5357cf613aaf_5cb3b7f1-2bd2-4e8e-ad26-fc3cf855029c-916702,ITT For Project 10205981,ITT For Project 10205981,Innovate UK,,21512.5,GBP,2026-10-06,2026-09-09,award,complete,79421100,https://www.contractsfinder.service.gov.uk/Notice/5cb3b7f1-2bd2-4e8e-ad26-fc3cf855029c-916702,2026-10-07T14:11:02.472132+00:00
Contracts Finder,ocds-b5fd17-99511cfc-4517-4431-b99a-c04254fb9da6_d3d0d1b8-51b4-4b8d-9e27-24d170240c78-916701,ITT  for  Project  10204507,ITT  for  Project  10204507,UK RESEARCH & INNOVATION,,2740.0,GBP,2026-10-06,2026-09-02,award,complete,79421100,https://www.contractsfinder.service.gov.uk/Notice/d3d0d1b8-51b4-4b8d-9e27-24d170240c78-916701,2026-10-07T14:11:02.472231+00:00
Contracts Finder,ocds-b5fd17-10b6cc92-64e3-4388-aec1-37a6c51bb9df_22dae021-f25c-44b4-b9f2-ed5c1de5a4f6-916700,ITT For Project 10207821,ITT For Project 10207821,Innovate UK,,4550.0,GBP,2026-10-06,2026-09-08,award,complete,79421100,https://www.contractsfinder.service.gov.uk/Notice/22dae021-f25c-44b4-b9f2-ed5c1de5a4f6-916700,2026-10-07T14:11:02.472325+00:00
Contracts Finder,ocds-b5fd17-3c75758a-b200-451a-bb0d-88bf0cf5ca63_12400faa-4e0e-46f1-a939-6ccad33e8421-916698,ITT For Project 10205506,ITT For Project 10205506,Innovate UK,,3575.0,GBP,2026-10-06,2026-09-08,award,complete,79421100,https://www.contractsfinder.service.gov.uk/Notice/12400faa-4e0e-46f1-a939-6ccad33e8421-916698,2026-10-07T14:11:02.472418+00:00
Contracts Finder,ocds-b5fd17-e63b30d7-7809-4f32-9ee8-4364684cbb42_6e1c36e4-4a85-400d-aee3-d6c7caa24c47-916697,ITT  for  Project  10205458,ITT  for  Project  10205458,UK RESEARCH & INNOVATION,,3400.0,GBP,2026-10-06,2026-09-02,award,complete,79421100,https://www.contractsfinder.service.gov.uk/Notice/6e1c36e4-4a85-400d-aee3-d6c7caa24c47-916697,2026-10-07T14:11:02.472513+00:00
Contracts Finder,ocds-b5fd17-b492104c-03d3-4875-a11b-d57cde063939_17c6017b-2ffe-4c1b-9e7c-081948279627-916690,Bowburn Development Route Options Assessment Report,"Bowburn Development Route Options Assessment Report

Further competition in relation to Framework Agreement NEPO212: Support Services for the Development of the Built Environment: Lot 9: Highways & Transportation",Durham County Council,,706508.36,GBP,2026-10-06,2026-07-07,award,complete,79000000,https://www.contractsfinder.service.gov.uk/Notice/17c6017b-2ffe-4c1b-9e7c-081948279627-916690,2026-10-07T14:11:02.472607+00:00
Contracts Finder,ocds-b5fd17-1b63aeb3-2422-48ef-8d41-519552b61a42_187ff6c2-41d3-46dd-95a5-197dac63d874-916699,"QBE107 09:00 2026-10-06 Stowmarket to West Suffolk College, Bury St Edmunds - 4-seater vehicle required - AWARD","Suffolk County Council is seeking a mini competition against the following Dynamic Purchasing System: `The supply of Passenger Transport Services`, OJEU Notice Id: 2018/S 031-067685.
      
      QBE107 09:00 2026-10-06 Stowmarket to West Suffolk College, Bury St Edmunds - 4-seater vehicle required
      
      Further details can be found in the 'Tenders / My Tenders' area of this website, by selecting the 'View Details' button for this project.
      
      The deadline for returned subm",Suffolk County Council Passenger Transport,,,GBP,2026-10-06,2026-10-06,award,complete,60000000,https://www.contractsfinder.service.gov.uk/Notice/187ff6c2-41d3-46dd-95a5-197dac63d874-916699,2026-10-07T14:11:02.472699+00:00
Contracts Finder,ocds-b5fd17-edc5d0de-a2a4-44bd-8f12-acf302f54a8b_11caea64-8334-44c7-8793-e7d931bc232a-916696,ITT For Project 10206520,ITT For Project 10206520,Innovate UK,,3412.5,GBP,2026-10-06,2026-09-08,award,complete,79421100,https://www.contractsfinder.service.gov.uk/Notice/11caea64-8334-44c7-8793-e7d931bc232a-916696,2026-10-07T14:11:02.472795+00:00
Contracts Finder,ocds-b5fd17-cd07fa5c-5bf6-4996-a783-9d4f7b8e72ab_3020f036-0b9b-477e-86a8-dc4e568d4394-916695,"Design, supply and installation of photovoltaic (PV) solar panels at West Berkshire Council's Integrated Waste Management Site at Padworth, Reading - AWARD","The Council is tendering a contract for the design, supply and installation of photovoltaic (PV) solar panels at the Council's Integrated Waste Management Site (IWMS) at Padworth.
      
      Bidders must ONLY complete the 'PAS91 Questionnaire - Padworth PV' document for this first stage. Bidders who are successful at pre-qualification stage will be invited to tender for the contract.
      
      Please note the ITT documents have been included but are FOR REFERENCE ONLY and should not be ",West Berkshire Council,,,GBP,2026-10-06,2025-03-24,award,complete,45260000,https://www.contractsfinder.service.gov.uk/Notice/3020f036-0b9b-477e-86a8-dc4e568d4394-916695,2026-10-07T14:11:02.472887+00:00
Contracts Finder,ocds-b5fd17-d98dcad9-722c-46db-985e-60203a3a2a3a_db9007c6-fb41-42b6-9092-e3fad990c357-916693,ITT For Project 10205378,ITT For Project 10205378,Innovate UK,,14000.0,GBP,2026-10-06,2026-09-09,award,complete,79421100,https://www.contractsfinder.service.gov.uk/Notice/db9007c6-fb41-42b6-9092-e3fad990c357-916693,2026-10-07T14:11:02.472980+00:00
Contracts Finder,ocds-b5fd17-bbe3a980-6d6a-406a-9504-54585e67e15a_63fc9cc9-2436-4c56-a3f3-8fef0d5d220b-916692,ITT for project 83025504,ITT for project 83025504,UK RESEARCH & INNOVATION,,8525.0,GBP,2026-10-06,2026-02-25,award,complete,79421100,https://www.contractsfinder.service.gov.uk/Notice/63fc9cc9-2436-4c56-a3f3-8fef0d5d220b-916692,2026-10-07T14:11:02.473075+00:00
Contracts Finder,ocds-b5fd17-be57d1fa-b2f3-4b81-98fd-eec25c412bf5_dc4980a3-b6c5-4601-bdfd-45a2ccf09e11-916691,ENHT - Diligent Boardbooks,East and North Hertfordshire Teaching NHS Trust award for Diligent Boardbooks via NOE CPC Total Technology Solutions Framework.,East and North Hertfordshire Teaching Hospital NHS Trust,50000.0,52000.0,GBP,2026-10-06,2026-07-06,award,complete,48517000,https://www.contractsfinder.service.gov.uk/Notice/dc4980a3-b6c5-4601-bdfd-45a2ccf09e11-916691,2026-10-07T14:11:02.473168+00:00
Contracts Finder,ocds-b5fd17-b8aaa9ab-9e0f-49d3-87d3-acc01e1e1f74_156729d1-a3f7-415f-94c0-9e2c2f594210-916689,ITT for project 83025218,ITT for project 83025218,UK RESEARCH & INNOVATION,,7090.0,GBP,2026-10-06,2026-04-14,award,complete,79421100,https://www.contractsfinder.service.gov.uk/Notice/156729d1-a3f7-415f-94c0-9e2c2f594210-916689,2026-10-07T14:11:02.473268+00:00
Contracts Finder,ocds-b5fd17-ff093c87-898e-4180-a626-292c2fc77502_2b1cfebf-3a10-4cb2-ba32-db79b55ed4f3-916688,Workforce Solution - Delivery Manager,"A workforce programme offering professional, managerial, operational and administrative workers through a wide range of delivery routes, including statements of work (SOW).

Delivery of the contact management project for Investment requires continuity of a lead transformation and delivery management role. Continued requirement for this role",BRITISH BUSINESS BANK PLC,,75000.0,GBP,2026-10-06,2026-09-21,award,complete,79620000,https://www.contractsfinder.service.gov.uk/Notice/2b1cfebf-3a10-4cb2-ba32-db79b55ed4f3-916688,2026-10-07T14:11:02.473361+00:00
Contracts Finder,ocds-b5fd17-0e0a1ef4-1d98-4a71-88de-53358ded1d98_e9f2391a-4277-4a3c-9b5f-3e92bafaa5d5-916687,M2627-21 - DELAWARE ROAD SCS DOORS AND IP INSTALL,"Installation of heavy-duty vandal resistant Steel entrance doors and screens and control equipment to include magnetic locks, overhead closers, Magna lock or similar and IP door entry, Layout to match existing design.

Additional information: 
All documents can be freely accessed on: https://procontract.due-north.com/",Southend City Council,,200000.0,GBP,2026-10-06,2026-11-06,tender,active,32360000,https://www.contractsfinder.service.gov.uk/Notice/e9f2391a-4277-4a3c-9b5f-3e92bafaa5d5,2026-10-07T14:11:02.473455+00:00
Contracts Finder,ocds-b5fd17-c209cf63-388b-41c7-b2b3-4fbd2b6727e4_c84b58fa-f3ef-4361-bb40-cc4f5a9415c1-916675,Command and House Paper Services for HM Treasury,"Command and house paper production, print management, storage and distribution services for HM Treasury fiscal events and related publications.",HM TREASURY,,317335.0,GBP,2026-10-06,2026-08-10,award,complete,79810000,https://www.contractsfinder.service.gov.uk/Notice/c84b58fa-f3ef-4361-bb40-cc4f5a9415c1-916675,2026-10-07T14:11:02.473548+00:00
Contracts Finder,ocds-b5fd17-d366e3a2-e047-4943-adc9-195696b6c467_5e5d0248-ec14-4ad3-bcca-01ef4a8b99a9-916686,PAN3564- Supply of Mobile Elevated Work Platform (MEWP),This project is to replace 1 existing vehicle that is currently classed as beyond economical repair due to a road traffic collision.,Leicester City Council,,103568.76,GBP,2026-10-06,2026-07-29,award,complete,42000000,https://www.contractsfinder.service.gov.uk/Notice/5e5d0248-ec14-4ad3-bcca-01ef4a8b99a9-916686,2026-10-07T14:11:02.473640+00:00
Contracts Finder,ocds-b5fd17-41ed4e03-8a99-447e-b956-c140df377cb3_24ccf6d5-25d8-4696-acd9-517f6be921a4-916685,ALS002 0900 2026-10-05 Saxmundham to Sunflower Community Care Farm The Homestead Snape (4-seater vehicle)required. - AWARD,"Suffolk County Council is seeking a mini competition against the following Dynamic Purchasing System: `The supply of Passenger Transport Services`, OJEU Notice Id: 2018/S 031-067685.
      
      ALS002 0900 2026-10-05 Saxmundham to Sunflower Community Care Farm The Homestead Snape (4-seater vehicle) required.
      
      Further details can be found in the 'Tenders / My Tenders' area of this website, by selecting the 'View Details' button for this project.
      
      The deadline for r",Suffolk County Council Passenger Transport,,,GBP,2026-10-06,2026-10-05,award,complete,60000000,https://www.contractsfinder.service.gov.uk/Notice/24ccf6d5-25d8-4696-acd9-517f6be921a4-916685,2026-10-07T14:11:02.473734+00:00
Contracts Finder,ocds-b5fd17-e62cd65b-a882-4516-a22b-0502bebefdc8_133661e4-1046-4104-aba6-44fd019483dc-916683,Taxi and MPV (1-8 seats) - Taxi and MPV (1-8 seats),"Vehicle type: Saloon 
Passenger Assistant Required:  No
 
Proposed Taxi Route:
From:  BN20 8UL 
To:   The Haven Church of England Methodist Primary School, BN23 5SW

Frequency: Monday - Friday 
Daily School Time: 08:50 - 15:30
 
Comments for Operator:  
 ASD and ADHD 
 
 This opportunity has been distributed on SProc.net",East Sussex County Council,,,GBP,2026-10-06,2026-10-05,award,complete,60000000,https://www.contractsfinder.service.gov.uk/Notice/133661e4-1046-4104-aba6-44fd019483dc-916683,2026-10-07T14:11:02.473825+00:00
Contracts Finder,ocds-b5fd17-1bf1adc0-59d4-4b66-bb8a-0a7964226c83_8c989744-6b6d-49b0-8c4f-8d29298353bc-916680,ITT For Project 10191874,ITT For Project 10191874,Innovate UK,,1370.0,GBP,2026-10-06,2026-04-01,award,complete,79421100,https://www.contractsfinder.service.gov.uk/Notice/8c989744-6b6d-49b0-8c4f-8d29298353bc-916680,2026-10-07T14:11:02.473918+00:00
Contracts Finder,ocds-b5fd17-30188f2b-9028-4260-ada8-2d42fa56419d_bccef8fe-6b35-46ca-a2eb-c2302f1b6692-916677,SPRINGS LEISURE CENTRE - LEISURE FACILITIES PROGRAMME,"The Works are the design and construction of the new Springs leisure centre. Works include a new five court sports hall, 25m swimming pool and 13m learner pool, health suite, wet changing village, dry changing areas, viewing area for the pool, soft play, co-location offices/wellbeing hub, multi-use fitness studio, 3nr studios, competition standard indoor bowls, pool plant. The existing building is to be demolished and replaced with permeable paving.",SHEFFIELD CITY COUNCIL,,40000000.0,GBP,2026-10-06,2026-09-24,award,complete,45212100,https://www.contractsfinder.service.gov.uk/Notice/bccef8fe-6b35-46ca-a2eb-c2302f1b6692-916677,2026-10-07T14:11:02.474013+00:00
Contracts Finder,ocds-b5fd17-1c900bf2-d1f4-4563-babf-f48bdaf9a7b0_ac6c0e1b-a43d-4c36-964a-896e15ad477f-916682,HO Central DSA Postal Services,"This requirement covers the collection of letters and documents from various Home Office functions, together with their delivery to UK customers, including the provision of final-mile delivery services.",Home Office,,7200000.0,GBP,2026-10-06,2026-10-21,award,complete,64112000,https://www.contractsfinder.service.gov.uk/Notice/ac6c0e1b-a43d-4c36-964a-896e15ad477f-916682,2026-10-07T14:11:02.474109+00:00
Contracts Finder,ocds-b5fd17-cfbcfd6d-b41a-49a3-a32c-3b4e9908aae2_3637df8a-0ee2-45ec-936e-af02e2450615-916681,37357 - fullhurst community college,"This contract is for the provision of transport services - journey stated in the title of this notice. It has been awarded following a Mini Competition under Council's Dynamic Purchasing System (DPS) PAN3059 - Passenger Transport Services.

 

To find out more about this DPS and how to provide taxi services to the Council, please see Taxi firms tendering for contracts (leicester.gov.uk)

Additional information: 
At the point of award, we are no longer seeking tenders.",Leicester City Council,,27144.0,GBP,2026-10-06,2026-10-06,award,complete,60120000,https://www.contractsfinder.service.gov.uk/Notice/3637df8a-0ee2-45ec-936e-af02e2450615-916681,2026-10-07T14:11:02.474211+00:00
Contracts Finder,ocds-b5fd17-fe1652bb-1faf-4fdb-ae2c-a17a1c7ca940_a0cc1f7f-753b-4d9e-9373-9a9e09d32bc5-916669,Executive Coaching,"The National Audit Office (NAO) has awarded a contract to Ernst & Young LLP (EY) for the provision of executive coaching services.

The contract has been awarded through the Government Campus arrangement under the Cabinet Office framework contract C2980, Learning and Development. 

The total contract value is £72,000 (inclusive of VAT). The contract commenced on 1 April 2025 and will run for a period of three years, expiring on 31 March 2028.",National Audit Office,,72000.0,GBP,2026-10-06,2025-01-31,awardUpdate,complete,79632000,https://www.contractsfinder.service.gov.uk/Notice/a0cc1f7f-753b-4d9e-9373-9a9e09d32bc5-916669,2026-10-07T14:11:02.474307+00:00
Contracts Finder,ocds-b5fd17-66bfd8c5-6ce0-47f9-9958-76018c440390_c2139f47-fab5-41bf-a69e-2f381f5e6e37-916678,ITT For Project 10189416 and 10191940,ITT For Project 10189416 and 10191940,Innovate UK,,4650.0,GBP,2026-10-06,2026-04-01,award,complete,79421100,https://www.contractsfinder.service.gov.uk/Notice/c2139f47-fab5-41bf-a69e-2f381f5e6e37-916678,2026-10-07T14:11:02.474401+00:00
Contracts Finder,ocds-b5fd17-efd8a272-f6d0-4e6f-974b-dab893f16a37_6897206e-86e1-4b6e-85fd-a45e9037e6ef-916674,ITT For Project 10192265,ITT For Project 10192265,Innovate UK,,3480.0,GBP,2026-10-06,2026-04-01,award,complete,79421100,https://www.contractsfinder.service.gov.uk/Notice/6897206e-86e1-4b6e-85fd-a45e9037e6ef-916674,2026-10-07T14:11:02.474494+00:00
Contracts Finder,ocds-b5fd17-98338178-1d88-4832-bb92-6ae35b810a7c_2025b36f-8d81-4efb-b72c-fbde519d9919-916673,Executive Search 6x roles in Transport,Recruitment for the following roles   • 2 x Senior Technician  • 2 x Principal Transport Planner • 1 x Senior Transport Planner  • 1 x Programme and Performance Manager,Sheffield City Council,,40000.0,GBP,2026-10-06,2026-09-11,award,complete,79600000,https://www.contractsfinder.service.gov.uk/Notice/2025b36f-8d81-4efb-b72c-fbde519d9919-916673,2026-10-07T14:11:02.474587+00:00
Contracts Finder,ocds-b5fd17-b926bec9-f1df-4001-9538-99969164dba7_f2c68816-8155-48fa-95a9-5e7d3054e627-916672,"QIP483 0900 2026-10-06 Ipswich - WS Training, Ipswich (6-seated vehicle and a PA required) - AWARD","Suffolk County Council is seeking a mini competition against the following Dynamic Purchasing System: `The supply of Passenger Transport Services`, OJEU Notice Id: 2018/S 031-067685.
      
      QIP483 0900 2026-10-06 Ipswich - WS Training, Ipswich (6-seated vehicle and a PA required)
      
      Further details can be found in the 'Tenders / My Tenders' area of this website, by selecting the 'View Details' button for this project.
      
      The deadline for returned submissions is 09",Suffolk County Council Passenger Transport,,,GBP,2026-10-06,2026-10-06,award,complete,60000000,https://www.contractsfinder.service.gov.uk/Notice/f2c68816-8155-48fa-95a9-5e7d3054e627-916672,2026-10-07T14:11:02.474680+00:00
Contracts Finder,ocds-b5fd17-abbf35d1-9093-41e9-8a43-1e4babc2c895_d50a19d2-7e1d-4ff6-8d8e-141128ea4f16-916671,Taxi and MPV (1-8 seats) Passenger Assistant - Taxi and MPV (1-8 seats) Passenger Assistant,"Vehicle type: Saloon
Passenger Assistant Required:  Yes

Proposed Taxi Route:
From:  BN23 8EQ
To:   BN7 2XH

Frequency: Monday and Wednesday only
Daily School Time: 12:30 to 15:30 both days

 Comments: Social, Emotional & Mental Health (SEMH),   Autism Spectrum Disorder (ASD), Chron's disease, PICA
 This opportunity has been distributed on SProc.net",East Sussex County Council,,,GBP,2026-10-06,2026-10-05,award,complete,60000000,https://www.contractsfinder.service.gov.uk/Notice/d50a19d2-7e1d-4ff6-8d8e-141128ea4f16-916671,2026-10-07T14:11:02.474771+00:00
Contracts Finder,ocds-b5fd17-93dd42f5-5f1c-419e-9896-f5032dba0642_da1ce232-266e-4acf-9efe-b5878471b062-916670,Taxi and MPV (1-8 seats) - Taxi and MPV (1-8 seats),"Vehicle type: Saloon
Passenger Assistant Required: No

Proposed Taxi Route: 
From: BN20 8HA
To: Northease Manor School, BN7 3EY

Frequency: Monday to Friday
Daily School Time: Mon-Thurs 08:30-16:00 and Fri 08:30-15:00
 This opportunity has been distributed on SProc.net",East Sussex County Council,,,GBP,2026-10-06,2026-10-05,award,complete,60000000,https://www.contractsfinder.service.gov.uk/Notice/da1ce232-266e-4acf-9efe-b5878471b062-916670,2026-10-07T14:11:02.474862+00:00
Contracts Finder,ocds-b5fd17-70e1810c-e114-4e06-ba4e-6a5cc7682837_c7ed36fb-32d9-48e2-97dc-c36eb4d13635-916668,ITT For Project 10192452 and 10191388,ITT For Project 10192452 and 10191388,Innovate UK,,6900.0,GBP,2026-10-06,2026-04-01,award,complete,79421100,https://www.contractsfinder.service.gov.uk/Notice/c7ed36fb-32d9-48e2-97dc-c36eb4d13635-916668,2026-10-07T14:11:02.474954+00:00
Contracts Finder,ocds-b5fd17-8778b62e-4351-41a4-910e-3fd799660a4c_8fbef1dd-04ef-4962-b3e3-925dc23ff855-916664,CWF Lot 2A - Town End (Orton) Bridge,"The contract will be to undertake the design and build of the saddling of the 2 main spans, along with repairs to the arch barrels, and repairs to the western flood span.",WESTMORLAND AND FURNESS COUNCIL,,106583.3,GBP,2026-10-06,2026-06-24,award,complete,44212100,https://www.contractsfinder.service.gov.uk/Notice/8fbef1dd-04ef-4962-b3e3-925dc23ff855-916664,2026-10-07T14:11:02.475047+00:00
Contracts Finder,ocds-b5fd17-27be235d-e3ca-4851-9b26-ddd12f305cf9_c5ebe9ad-7e84-4ee8-a668-66615ab4458e-916666,ITT For Project 10192929 and 10193081,ITT For Project 10192929 and 10193081,Innovate UK,,6000.0,GBP,2026-10-06,2026-04-01,award,complete,79421100,https://www.contractsfinder.service.gov.uk/Notice/c5ebe9ad-7e84-4ee8-a668-66615ab4458e-916666,2026-10-07T14:11:02.475139+00:00
Contracts Finder,ocds-b5fd17-5affbb7a-0930-4649-88cd-eef3801fca41_0c720e23-18b3-44b9-b1b1-ddd7c6bec857-916667,PND G-Cloud 14 Call-Off,Direct award of a call off contract under G-Cloud 14 - Lot 2 (Cloud Software),Home Office,,996800.0,GBP,2026-10-06,2026-05-25,awardUpdate,complete,72222300,https://www.contractsfinder.service.gov.uk/Notice/0c720e23-18b3-44b9-b1b1-ddd7c6bec857-916667,2026-10-07T14:11:02.475242+00:00
Contracts Finder,ocds-b5fd17-83eaf8db-d5a2-41ac-b755-621498ee8f36_f18469e5-ecda-4c87-8128-b37085d7abdd-916651,Vehicle Hire,"Hire of cars and vans.

Contract value based on current usage.",Greater Manchester Police,,580000.0,GBP,2026-10-06,2026-07-29,award,complete,60110000,https://www.contractsfinder.service.gov.uk/Notice/f18469e5-ecda-4c87-8128-b37085d7abdd-916651,2026-10-07T14:11:02.475336+00:00
Contracts Finder,ocds-b5fd17-6686ae21-a94b-4e17-8565-7c9cdec1d827_13081a93-79bd-4907-a3ba-cf35bb96a969-916660,EICR Compliance,"Electrical Installation Condition Report (EICR) Testing, Certification and Associated C1 & C2 Remedial Works

To deliver a comprehensive Electrical Installation Condition Report (EICR) testing and associated remedial works programme across the Council's residential housing portfolio.


The proposed contract will comprise the inspection, testing, certification, and associated C1 & C2 remedial electrical works to occupied and void residential properties.

The initial contract period is for ",Tendring District Council,,900000.0,GBP,2026-10-06,2026-09-01,award,complete,71314100,https://www.contractsfinder.service.gov.uk/Notice/13081a93-79bd-4907-a3ba-cf35bb96a969-916660,2026-10-07T14:11:02.475431+00:00
Contracts Finder,ocds-b5fd17-750aea26-1cdb-4a1f-8c02-95a97e5c309a_0b468909-3978-43b3-8531-99c50e6f3b87-916663,"ITT For Project 10192730, 10192333, 10188184, 10193187, 10190486 and 10191241","ITT For Project 10192730, 10192333, 10188184, 10193187, 10190486 and 10191241",Innovate UK,,23820.0,GBP,2026-10-06,2026-04-01,award,complete,79421100,https://www.contractsfinder.service.gov.uk/Notice/0b468909-3978-43b3-8531-99c50e6f3b87-916663,2026-10-07T14:11:02.475524+00:00
Contracts Finder,ocds-b5fd17-9ffde6c0-b78c-4cb1-be77-59c37d1fe1bc_ed14e2ba-eb7c-4a70-93e9-656ffb9b13f9-916630,Skills Bootcamps - EMCCA,"Nottinghamshire County Council on behalf of the East Midlands Combined County Authority (EMCCA) conducted a Further Competition via the Crown Commercial Services Dynamic Purchasing System (DPS), ref: RM6348 Adult Skills and Learning DPS to obtain qualified suppliers to deliver its Skills Bootcamps provision across the EMCCA region.

The further competition was divided into the following Lots:
Lot 1- Construction Green Construction and Renewable Energy
Lot 2- Digital
Lot 3 - Early Years and ",NOTTINGHAMSHIRE COUNTY COUNCIL,3092121.4,9276364.2,GBP,2026-10-06,2026-06-07,award,complete,80000000,https://www.contractsfinder.service.gov.uk/Notice/ed14e2ba-eb7c-4a70-93e9-656ffb9b13f9-916630,2026-10-07T14:11:02.475620+00:00
Contracts Finder,ocds-b5fd17-cea0c82f-474c-4708-8c74-81fc052d0dbf_279a355b-bb64-4763-872b-fe8831f76ebd-916659,3 Delivery Support Officers - London and South East DST,"CON 1636 - 3 Delivery Support Officers - London and South East DST (temporary agency staff) 

Initial Term: 23/03/2026-31/07/2026
Initial Value: £65,011.21 (Inc Vat)

Maximum Term: Until 31/01/2027
Maximum Value: £160,085.47 (Inc Vat)","OFFICE FOR STANDARDS IN EDUCATION, CHILDRENS SERVICES AND SKILLS",107974.25,160085.47,GBP,2026-10-06,2026-03-16,awardUpdate,complete,79620000,https://www.contractsfinder.service.gov.uk/Notice/279a355b-bb64-4763-872b-fe8831f76ebd-916659,2026-10-07T14:11:02.475719+00:00
Contracts Finder,ocds-b5fd17-1c0d9f4e-9dfb-404d-a1c5-2ab4ec70036e_574bac79-bf53-4eab-a5a5-e11f5e25f519-916652,Contingent Labour - Digital Commercial Capacity,Specialist contingent labour to support commercial delivery and procurement activities for projectdelivery.gov.uk,HM TREASURY,,49075.0,GBP,2026-10-06,2026-09-03,award,complete,79418000,https://www.contractsfinder.service.gov.uk/Notice/574bac79-bf53-4eab-a5a5-e11f5e25f519-916652,2026-10-07T14:11:02.475815+00:00
Contracts Finder,ocds-b5fd17-ab3eefc0-6e28-4550-af0c-92d62fad5c5b_7d078a2a-6552-4c75-87ab-1a4bcc0a37aa-916658,RFI_2992 | CRML0025 Lincolnshire - Street Lighting Expression of Interest,"Balfour Beatty Living Places (BBLP) working on behalf of Lincolnshire County Council is undertaking an Expression of
Interest (EOI) exercise to better understand the market for highway electrical, street lighting installations and utility
connection services across the Lincolnshire Highways contract.

The purpose of this exercise is to identify suppliers with relevant experience, capability and geographical coverage
who may be interested in supporting future works. This is not a tender and ",BALFOUR BEATTY LIVING PLACES LIMITED,,,GBP,2026-10-06,,planning,planning,50232100,https://www.contractsfinder.service.gov.uk/Notice/7d078a2a-6552-4c75-87ab-1a4bcc0a37aa-916658,2026-10-07T14:11:02.475903+00:00
Contracts Finder,ocds-b5fd17-a9c9926b-0818-4349-bbc1-4dd46896c6fd_20f27a44-5322-4a48-becf-213df4883eff-916661,ITT For Project 10191259,ITT For Project 10191259,Innovate UK,,2960.0,GBP,2026-10-06,2026-04-01,award,complete,79421100,https://www.contractsfinder.service.gov.uk/Notice/20f27a44-5322-4a48-becf-213df4883eff-916661,2026-10-07T14:11:02.475997+00:00
Contracts Finder,ocds-b5fd17-70ed4951-8bc9-4b86-943e-a92262f22b9f_4fc4e930-efe3-46fd-88cf-e79fe1d1caa1-916662,DDaT26335 - Software Subscription,"***PLEASE NOTE THIS IS AN AWARD NOTICE, NOT A CALL FOR COMPETITION*** 

This Call Off contract has been sourced via a longlist shortlist exercise on the G Cloud 14 Framework (RM1557.14).

 DESNZ had a requirement for the provision of Software Subscription.

There is an optional 12 months extension available under this contract.",ICS on behalf of DSIT and DESNZ,,18825.0,GBP,2026-10-06,2026-09-15,award,complete,48000000,https://www.contractsfinder.service.gov.uk/Notice/4fc4e930-efe3-46fd-88cf-e79fe1d1caa1-916662,2026-10-07T14:11:02.476092+00:00
Contracts Finder,ocds-b5fd17-28e8effb-83c4-462f-bf0a-c57f843b0ac2_669e686e-9f90-45c0-8330-b7dca87300d5-916656,ITT For Project 10192547,ITT For Project 10192547,Innovate UK,,3870.0,GBP,2026-10-06,2026-04-01,award,complete,79421100,https://www.contractsfinder.service.gov.uk/Notice/669e686e-9f90-45c0-8330-b7dca87300d5-916656,2026-10-07T14:11:02.476196+00:00
Contracts Finder,ocds-b5fd17-d74e95da-6aa7-4402-8e6f-c8e3e123cbd2_4a974ead-09c2-4f3e-9349-04ff832fa109-916657,CPA/SPU/2969P Purchase of Volkswagen Vehicles,Call-Off Contract - Framework Ref: CCS RM6244 - BLC-FLEET-0020b - Local Contract Ref CPA/SPU/2969P - Call-Off Contract for High Performance & Advanced Emergency Service Vehicles,The Police and Crime Commissioner for Cheshire,,195210.0,GBP,2026-10-06,2026-09-29,award,complete,34100000,https://www.contractsfinder.service.gov.uk/Notice/4a974ead-09c2-4f3e-9349-04ff832fa109-916657,2026-10-07T14:11:02.476292+00:00
Contracts Finder,ocds-b5fd17-de57b65d-f8b3-4cf4-a9ea-1a175fedf860_d317248c-13e6-4c98-8c6e-f0aa8d0ac377-916655,DDaT25584 - Provision of CHECK Penetration Testing,"***** THIS IS AN AWARD NOTICE, NOT A CALL FOR COMPETITION ***** 

This procurement is being concluded following a mini competition under the Government Commercial Agency RM3764.3 Cyber Security Services 3 Framework.

Brief Description of Requirement  

ICS Digital team required the provision of Penetration testing services from a
CHECK accredited supplier to gain assurance in the security of its IT systems.",ICS on behalf of DSIT and DESNZ,,450000.0,GBP,2026-10-06,2026-07-03,award,complete,72225000,https://www.contractsfinder.service.gov.uk/Notice/d317248c-13e6-4c98-8c6e-f0aa8d0ac377-916655,2026-10-07T14:11:02.476388+00:00
Contracts Finder,ocds-b5fd17-e1b6b05e-6200-4d1e-817a-567dc6b4b0b8_74b9b77c-3d40-4818-b997-817752887301-916648,Melton Borough Council - Parkside Redevelopment,Works to reconfigure Parkside offices,WESTWORKS PROCUREMENT LIMITED,,331460.0,GBP,2026-10-06,2026-09-03,award,complete,45000000,https://www.contractsfinder.service.gov.uk/Notice/74b9b77c-3d40-4818-b997-817752887301-916648,2026-10-07T14:11:02.476485+00:00
Contracts Finder,ocds-b5fd17-94d201a2-443b-4f78-9a3e-6abe71399ed1_c1d626c7-47f2-4d51-a4bb-86757f551a96-916650,ITT For Project 10189369,ITT For Project 10189369,Innovate UK,,2900.0,GBP,2026-10-06,2026-04-01,award,complete,79421100,https://www.contractsfinder.service.gov.uk/Notice/c1d626c7-47f2-4d51-a4bb-86757f551a96-916650,2026-10-07T14:11:02.476583+00:00
Contracts Finder,ocds-b5fd17-946060d3-6e0b-4c75-8d93-21b74cac81a0_510ba42a-c173-4a95-bd55-0d6b0ca877c9-916654,Appointment of a Void Security Contractor,Void security services to LCC for void properties and sites.,Liverpool City Council,,298000.0,GBP,2026-10-06,2026-08-03,award,complete,79710000,https://www.contractsfinder.service.gov.uk/Notice/510ba42a-c173-4a95-bd55-0d6b0ca877c9-916654,2026-10-07T14:11:02.476677+00:00
Contracts Finder,ocds-b5fd17-632f4b07-e31a-4fcc-bc7b-b3843218742f_9a390a43-24f8-4086-9eab-498b1c1e4474-916653,Pharmaceuticals Wholesale Services Extension,"Medicines Supply Chain Partnership. 1 Year Extension via existing EofE framework, whilst new PPSA Framework is finalised",University Hospitals Dorset NHS Foundation Trust,,34852098.0,GBP,2026-10-06,2026-06-30,award,complete,33600000,https://www.contractsfinder.service.gov.uk/Notice/9a390a43-24f8-4086-9eab-498b1c1e4474-916653,2026-10-07T14:11:02.476771+00:00
Contracts Finder,ocds-b5fd17-fbc5c770-c6fa-4aea-9185-a4ea6895e651_a07b1e29-a7a0-4c74-a3c7-6dccbe2e2932-916646,Temporary Personal Assistant,"CON 1690 - Temporary Personal Assistant - Val Wade Recruitment 

Initial Term: 01/10/2026 - 31/01/2027
Initial Value: £21,848 Inc Vat

Maximum Term: Until 31/07/2027
Maximum Value: £54,619.99 Inc Vat","OFFICE FOR STANDARDS IN EDUCATION, CHILDRENS SERVICES AND SKILLS",21848.0,54619.99,GBP,2026-10-06,2026-09-24,award,complete,79620000,https://www.contractsfinder.service.gov.uk/Notice/a07b1e29-a7a0-4c74-a3c7-6dccbe2e2932-916646,2026-10-07T14:11:02.476866+00:00
Contracts Finder,ocds-b5fd17-71424b30-7ac1-4fa0-840d-0debed8b4497_c3f2a29e-64ba-4adc-a190-ec0828d3f03d-916649,Cobas 5800 End to end PCR Platform (DxA),"This requirement will support the Diagnostic Accelerator (DxA) Programme at Porton Down by providing a Roche PCR platform to maintain diagnostic development, validation, evaluation and pandemic preparedness capabilities during planned infrastructure works affecting the existing Roche Cobas 8800 estate.",UK Health Security Agency,,294000.0,GBP,2026-10-06,2026-09-29,award,complete,38000000,https://www.contractsfinder.service.gov.uk/Notice/c3f2a29e-64ba-4adc-a190-ec0828d3f03d-916649,2026-10-07T14:11:02.476961+00:00
Contracts Finder,ocds-b5fd17-d3fc4940-f234-49d2-9cc2-83b061e1850e_16b591f3-923b-47d1-9c3c-a68ad32bb263-916564,Nether Bridge Parapet Repairs,This project comprises parapet repair works to Nether Bridge. Refer to SL82-ODW Outlined Description of Works included within tender documents.,WESTMORLAND AND FURNESS COUNCIL,,33840.46,GBP,2026-10-06,2026-08-07,award,complete,44212120,https://www.contractsfinder.service.gov.uk/Notice/16b591f3-923b-47d1-9c3c-a68ad32bb263-916564,2026-10-07T14:11:02.477055+00:00
Contracts Finder,ocds-b5fd17-523ea637-f1a4-4368-ac15-ec271545a78c_705f38d4-0e13-40c1-b57a-9d261b03f26e-916645,National Trust-NI- Skernaghan Point - Woodland Creation,"The National Trust is seeking a suitably qualified contractor to deliver woodland creation, hedgerow planting, fencing, and associated landscape improvement works at Skernaghan Point, Islandmagee, County Antrim.
 
This project forms part of the National Trust's wider habitat restoration and nature recovery programme, aimed at enhancing biodiversity, improving habitat connectivity, and increasing climate resilience within this important coastal landscape.
The successful contractor will be resp",THE NATIONAL TRUST FOR PLACES OF HISTORIC INTEREST OR NATURAL BEAUTY,,50000.0,GBP,2026-10-06,2026-10-26,tender,active,77000000,https://www.contractsfinder.service.gov.uk/Notice/705f38d4-0e13-40c1-b57a-9d261b03f26e,2026-10-07T14:11:02.477152+00:00
Contracts Finder,ocds-b5fd17-775bbbae-85cb-41ee-8c14-6a04df269bbc_cce3ef27-41a1-412c-aa27-8de28d1b15dd-916647,Home to school-9 seats and over Phase 3 2026,"See attached spreadsheet

www.the-chest.org.uk",Cheshire west and Chester Borough Council,,701385.0,GBP,2026-10-06,2026-03-26,award,complete,60000000,https://www.contractsfinder.service.gov.uk/Notice/cce3ef27-41a1-412c-aa27-8de28d1b15dd-916647,2026-10-07T14:11:02.477253+00:00
Contracts Finder,ocds-b5fd17-44288026-7713-4513-b51e-eda0a037232c_8a72771d-d571-43d9-9592-dfb0081a045c-916644,CA17134 - Provision of  M&E Services for Chichester College Group,"CCG is inviting tenders for the provision of Mechanical and Electrical (M&E) maintenance services across its estate

To access this competition: 

Registered:
Login to https://suppliers.multiquote.com and view the opportunity CA17134.

Not registered:
Visit https://suppliers.multiquote.com then register and quote CA17134 as the reason for registration. 

 Any queries please contact MultiQuote on 020 3920 8054.",Chichester College Group,,,GBP,2026-10-06,2026-07-31,awardUpdate,complete,71334000,https://www.contractsfinder.service.gov.uk/Notice/8a72771d-d571-43d9-9592-dfb0081a045c-916644,2026-10-07T14:11:02.477345+00:00
Contracts Finder,ocds-b5fd17-8907771f-aace-4e07-af58-4a3617aa67ac_fcfc5e80-186f-4648-9e9e-92a7fa2ba56c-916642,ITT For Project 10190349,ITT For Project 10190349,Innovate UK,,3800.0,GBP,2026-10-06,2026-04-01,award,complete,79421100,https://www.contractsfinder.service.gov.uk/Notice/fcfc5e80-186f-4648-9e9e-92a7fa2ba56c-916642,2026-10-07T14:11:02.477438+00:00
Contracts Finder,ocds-b5fd17-0fc6347f-43a7-4f91-8b00-7372439b5969_cbf32ef9-f554-45c1-9f78-f20c27f093db-916643,CQC Well Led Financial Governance Assessor 26_27,Provision of appropriately skilled and experienced Financial Governance Assessor to join CQC regulation teams undertaking NHS organisation Well Led Assessments.,NHS England,,65000.0,GBP,2026-10-06,2026-09-28,award,complete,79212100,https://www.contractsfinder.service.gov.uk/Notice/cbf32ef9-f554-45c1-9f78-f20c27f093db-916643,2026-10-07T14:11:02.477534+00:00
Contracts Finder,ocds-b5fd17-32e5ffb1-a3d8-4c6e-95a0-53abbf82eae6_c2623b01-4469-4418-a4e2-16eb441fb8f2-916641,HRE - ETC/146 - Edinburgh - Carlisle - Ale Water Viaduc,ETC/146 - Edinburgh - Carlisle - Ale Water Viaduct,National Highways Limited,,187614.0,GBP,2026-10-06,2026-10-01,award,complete,34621000,https://www.contractsfinder.service.gov.uk/Notice/c2623b01-4469-4418-a4e2-16eb441fb8f2-916641,2026-10-07T14:11:02.477628+00:00
Contracts Finder,ocds-b5fd17-0673b953-c892-4f8e-b3d3-7b69d4be4913_844bcb07-a3b7-4eef-b8ea-e10e1e86178f-916640,ITT For Project 10191780,ITT For Project 10191780,Innovate UK,,2080.0,GBP,2026-10-06,2026-04-01,award,complete,79421100,https://www.contractsfinder.service.gov.uk/Notice/844bcb07-a3b7-4eef-b8ea-e10e1e86178f-916640,2026-10-07T14:11:02.477721+00:00
Contracts Finder,ocds-b5fd17-3728c30b-e6c9-416f-8925-e3bba0b4a9c3_03d87ba3-6436-4d34-bee0-a0629a0f520c-916626,Eccles Recreation Ground Multi-Sports Area,Further competition through Salford's Technical And Highways Works Framework Lot 6 - Landscaping And Associated Services,Salford City Council,,73138.95,GBP,2026-10-06,2026-08-14,award,complete,45112720,https://www.contractsfinder.service.gov.uk/Notice/03d87ba3-6436-4d34-bee0-a0629a0f520c-916626,2026-10-07T14:11:02.477813+00:00
Contracts Finder,ocds-b5fd17-fc9eab58-3bf3-466c-942c-93165cd3a33a_171121f9-afee-4a52-b335-6c3382642084-916639,ID: 37360 - THE MAGPIE LEARNING CENTRE,"This contract is for the provision of transport services - journey stated in the title of this notice. It has been awarded following a Mini Competition under Council's Dynamic Purchasing System (DPS) PAN3059 - Passenger Transport Services.

To find out more about this DPS and how to provide taxi services to the Council, please see Taxi firms tendering for contracts (leicester.gov.uk)",Leicester City Council,,31520.0,GBP,2026-10-06,2026-10-06,award,complete,60120000,https://www.contractsfinder.service.gov.uk/Notice/171121f9-afee-4a52-b335-6c3382642084-916639,2026-10-07T14:11:02.477908+00:00
Contracts Finder,ocds-b5fd17-3aa3926f-727e-41a1-830b-d59a1b9dfd0d_a7edd8e3-a86a-4663-97f5-9d74a609a100-916638,37353 - WHM Education,"This contract is for the provision of transport services - journey stated in the title of this notice. It has been awarded following a Mini Competition under Council's Dynamic Purchasing System (DPS) PAN3059 - Passenger Transport Services.

 

To find out more about this DPS and how to provide taxi services to the Council, please see Taxi firms tendering for contracts (leicester.gov.uk)

Additional information: 
At the point of award, we are no longer seeking tenders.",Leicester City Council,,34854.0,GBP,2026-10-06,2026-10-06,award,complete,60120000,https://www.contractsfinder.service.gov.uk/Notice/a7edd8e3-a86a-4663-97f5-9d74a609a100-916638,2026-10-07T14:11:02.478003+00:00
Contracts Finder,ocds-b5fd17-ba989bcd-8fb5-4cca-8a7b-d22a4e7a4363_ce8b11cd-2093-4fb1-ad8b-58543af43863-916637,ITT For Project 10193067,ITT For Project 10193067,Innovate UK,,3235.0,GBP,2026-10-06,2026-04-01,award,complete,79421100,https://www.contractsfinder.service.gov.uk/Notice/ce8b11cd-2093-4fb1-ad8b-58543af43863-916637,2026-10-07T14:11:02.478098+00:00
Contracts Finder,ocds-b5fd17-29204190-7ff8-46aa-b18e-2d3a0a52af56_fb39fdf0-bf1e-446e-98b3-bf8d1202f967-916632,"Provision of Multifunctional Devices (MFDs),","Previously awarded. Published here for transparency purposes. Awarded Call-Off Contract issued under RM6361 Multifunctional Devices (MFDs) Lot 4, for the provision of Multifunctional Devices (MFDs), Print and Digital Workflow Software Services and Managed Print Service Provision.",SUFFOLK COUNTY COUNCIL,,860000.0,GBP,2026-10-06,2026-09-21,award,complete,72000000,https://www.contractsfinder.service.gov.uk/Notice/fb39fdf0-bf1e-446e-98b3-bf8d1202f967-916632,2026-10-07T14:11:02.478200+00:00
Contracts Finder,ocds-b5fd17-9b02b82e-6d56-4ee1-9856-9dcd0e8bfb5b_47a334fa-c89c-467c-a115-eadf11c721a0-916636,715692452: Provision of Court Recording and Transcription Services,Provision of Court Recording and Transcription Services,Ministry of Defence,,166666.0,GBP,2026-10-06,2026-09-03,award,complete,33120000,https://www.contractsfinder.service.gov.uk/Notice/47a334fa-c89c-467c-a115-eadf11c721a0-916636,2026-10-07T14:11:02.478294+00:00
Contracts Finder,ocds-b5fd17-f06d1a98-50fb-4a71-a7b1-1922cfebfcb0_fa7f1e77-a20b-4441-863d-4a0597f0b06a-916635,Procurement of CNC Machinery and Welding Equipment,"Partnership Fund for a Resilient Ukraine Phase 2 (PFRU-2) is a multi-year, multi-donor-funded programme managed by the UK's Foreign, Commonwealth and Development Office.
As part of its project activities, PFRU-2 is seeking an organization to supply the CNC Machinery and Welding Equipment.

Please note the following important tender provisions:
•	the deadline for submitting proposals is October 13, 2026, at 15:00 Kyiv time;
•	all questions regarding the tender conditions must be submitted no","Chemonics International, Inc.",,1.0,GBP,2026-10-06,2026-10-13,tenderAmendment,active,42662000,https://www.contractsfinder.service.gov.uk/Notice/fa7f1e77-a20b-4441-863d-4a0597f0b06a,2026-10-07T14:11:02.478390+00:00
Contracts Finder,ocds-b5fd17-b70e7993-dcae-4d85-9cdb-b2fb26653cc3_b623f943-c60e-48a0-ac7c-7d06477779d8-916634,Procurement of 3 x Compact Road Sweepers,"Procurement of 3 x Compact Road Sweepers 
Direct Award via Call Off from HGV & Specialist Vehicles North East Procurement
Organisation HGV & Specialist Vehicles Procurement Framework -Lot 3: Sweeper conversions up to 44t Framework Ref NEP0224 REF: UN32940",Nottinghamshire County Council,,252024.0,GBP,2026-10-06,2026-07-29,award,complete,34114000,https://www.contractsfinder.service.gov.uk/Notice/b623f943-c60e-48a0-ac7c-7d06477779d8-916634,2026-10-07T14:11:02.478487+00:00
Contracts Finder,ocds-b5fd17-130c59bc-b969-456a-86f8-01d58c5e7e0a_c1d4dc00-1cd9-4281-81c8-a6a2b00afde4-916631,"QSC246 09:00 2026-10-05 Onehouse to Hillside Special School, Sudbury - 6-seater vehicle with 3 row seat configuration and a Passenger Assistant - AWARD","Suffolk County Council is seeking a mini competition against the following Dynamic Purchasing System: `The supply of Passenger Transport Services`, OJEU Notice Id: 2018/S 031-067685.
      
      QSC246 09:00 2026-10-05 Onehouse to Hillside Special School, Sudbury - 6-seater vehicle with 3 row seat configuration and a Passenger Assistant
      
      Further details can be found in the 'Tenders / My Tenders' area of this website, by selecting the 'View Details' button for this project.
    ",Suffolk County Council Passenger Transport,,,GBP,2026-10-06,2026-10-05,award,complete,60000000,https://www.contractsfinder.service.gov.uk/Notice/c1d4dc00-1cd9-4281-81c8-a6a2b00afde4-916631,2026-10-07T14:11:02.478580+00:00
Contracts Finder,ocds-b5fd17-dc2a633a-a715-408b-ac82-b0af735a72f0_c2ac72af-8d7e-4d33-8f48-a006cc798bfc-916561,DDaT26400 - IT hardware reuse,"***** THIS IS AN AWARD NOTICE, NOT A CALL FOR COMPETITION ***** 
This procurement is being concluded as a direct award under the NWUPC Framework Agreement ITS3082 NW - Equipment Re-Use,
Recycling and Disposal Services.

Brief Description of Requirement 

UKRI had requirement to upgrade IT hardware.",UK SHARED BUSINESS SERVICES LIMITED,,77374.0,GBP,2026-10-06,2026-09-01,award,complete,72540000,https://www.contractsfinder.service.gov.uk/Notice/c2ac72af-8d7e-4d33-8f48-a006cc798bfc-916561,2026-10-07T14:11:02.478675+00:00
Contracts Finder,ocds-b5fd17-e896b9e7-adfa-4158-8f4e-b3ab3dedaaf8_4fcb4969-0908-469f-b700-1d4325e57d22-916629,"GB-Warrington: Peel Hall, Purchaser's Agent",Purchaser's Agent in connection with the proposed development at Peel Hall,TORUS62 DEVELOPMENTS LIMITED,,633797.0,GBP,2026-10-06,2026-09-16,award,complete,71530000,https://www.contractsfinder.service.gov.uk/Notice/4fcb4969-0908-469f-b700-1d4325e57d22-916629,2026-10-07T14:11:02.478768+00:00
Contracts Finder,ocds-b5fd17-09e9a9de-599b-445e-b9ca-bcf91bdb84b5_b6219c14-df75-45a4-9551-aaaeb64b8fe8-916628,CPU 8311 Electrical Materials,"Nottingham City Council Housing Services is seeking tenders from suitable entities for inclusion on a framework for the supply of Electrical Materials including meter boxes.

The products covered by this tender are:

• Cabling
• Circuit protection
• Lighting products
• Wiring accessories
• Heaters
• Meter Boxes
• Smoke alarms
• Ventilation products
• Isolators
• Trunking
• Switches
• Showers
• Fires
• Engraving
• Miscellaneous accessories and materials",Nottingham City Council,,6690000.0,GBP,2026-10-06,2026-06-10,award,complete,38550000,https://www.contractsfinder.service.gov.uk/Notice/b6219c14-df75-45a4-9551-aaaeb64b8fe8-916628,2026-10-07T14:11:02.478863+00:00
Contracts Finder,ocds-b5fd17-604f80c8-d1fe-4972-ac2e-bc4beee35343_0e87220f-fd22-4db3-9a44-1f1e9dd65742-916627,"GB-Knowsley: Huyton Cricket Club, Employer's Agent",Employer's services in connection with the proposed development at Huyton Cricket Club,TORUS62 Developments LIMITED,,185574.8,GBP,2026-10-06,2026-09-17,award,complete,71530000,https://www.contractsfinder.service.gov.uk/Notice/0e87220f-fd22-4db3-9a44-1f1e9dd65742-916627,2026-10-07T14:11:02.478956+00:00
Contracts Finder,ocds-b5fd17-8eda38b0-58f0-4f71-b60e-8554351ae50c_e79f2993-8040-4419-8a74-aea4b76d7124-916625,ITT For Project 10190097,ITT For Project 10190097,Innovate UK,,3800.0,GBP,2026-10-06,2026-04-01,award,complete,79421100,https://www.contractsfinder.service.gov.uk/Notice/e79f2993-8040-4419-8a74-aea4b76d7124-916625,2026-10-07T14:11:02.479050+00:00
Contracts Finder,ocds-b5fd17-6c2ea0ca-9316-4932-b941-df4e95901b2d_8602df33-00c5-4355-9791-edab616e4e15-916624,ID: 37362 - LEICESTER PARTNERSHIP SCHOOL,"This contract is for the provision of transport services - journey stated in the title of this notice. It has been awarded following a Mini Competition under Council's Dynamic Purchasing System (DPS) PAN3059 - Passenger Transport Services.

To find out more about this DPS and how to provide taxi services to the Council, please see Taxi firms tendering for contracts (leicester.gov.uk)",Leicester City Council,,23365.0,GBP,2026-10-06,2026-10-06,award,complete,60120000,https://www.contractsfinder.service.gov.uk/Notice/8602df33-00c5-4355-9791-edab616e4e15-916624,2026-10-07T14:11:02.479144+00:00
Contracts Finder,ocds-b5fd17-307650b2-173d-4247-9515-889ddc468104_7868c01b-3dff-42fa-80d8-a2b6ed2c0196-916622,ITT For Project 10190501,ITT For Project 10190501,Innovate UK,,4075.0,GBP,2026-10-06,2026-04-01,award,complete,79421100,https://www.contractsfinder.service.gov.uk/Notice/7868c01b-3dff-42fa-80d8-a2b6ed2c0196-916622,2026-10-07T14:11:02.479246+00:00
Contracts Finder,ocds-b5fd17-99b8a6bc-fe10-42af-ba8d-437f6075ef07_0554df0a-35e3-4167-83ee-04b1dda17def-916604,GB-Sheffield: Project Fresh,Legal Services Project Fresh BBFSL utilised the Government Commercial Agency (GCA) RM6360 Legal Panel for Government Lot 3 Finance and High Risk / Innovation,BIP SOLUTIONS LIMITED,,25000.0,GBP,2026-10-06,2026-09-30,award,complete,79100000,https://www.contractsfinder.service.gov.uk/Notice/0554df0a-35e3-4167-83ee-04b1dda17def-916604,2026-10-07T14:11:02.479345+00:00
Contracts Finder,ocds-b5fd17-b4e8659d-d287-4275-9fae-c493a8fc3430_3fcb59b4-9f7c-46ba-8e1c-1997c8dd6730-916623,Clerk of Works Monk Bretton and Thorpe Willoughby,"Clerk or Works for 2 projects, Monks Bretton and Thorpe Willoughby",Yorkshire Housing Limited,,126100.0,GBP,2026-10-06,2026-09-25,award,complete,71315200,https://www.contractsfinder.service.gov.uk/Notice/3fcb59b4-9f7c-46ba-8e1c-1997c8dd6730-916623,2026-10-07T14:11:02.479441+00:00
Contracts Finder,ocds-b5fd17-b01e6e13-3632-4ceb-83bf-39934b6e2865_be31afe0-f508-4b88-a553-d0d2f9459af0-916620,"ITT For Projects 10189155, 10191092, and 10191288","ITT For Projects 10189155, 10191092, and 10191288",Innovate UK,,9560.0,GBP,2026-10-06,2026-04-01,award,complete,79421100,https://www.contractsfinder.service.gov.uk/Notice/be31afe0-f508-4b88-a553-d0d2f9459af0-916620,2026-10-07T14:11:02.479534+00:00
Contracts Finder,ocds-b5fd17-56fba5e4-8371-4d99-9f46-edd75d977d7f_7bf91886-26ff-48dd-8b92-2bd159ca9e21-916619,PS26212 - Energy Sector Threat Sharing and Analysis Centre,"***** THIS IS AN AWARD NOTICE, NOT A CALL FOR COMPETITION *****

This procurement is being concluded following a mini competition under the GCA RM3764.3 - Cyber Security Services 3 DPS, DPS FILTER CATEGORY: NCSC Assured Services

Brief overview of the requirements being awarded

The Department of Energy Security & Net Zero (DESNZ) is responsible for ensuring that the UK has a resilient energy sector. With the increasing use of cyber as an offensive attack methodology, and an increasing poo",DESNZ,,,GBP,2026-10-06,2026-09-04,award,complete,73000000,https://www.contractsfinder.service.gov.uk/Notice/7bf91886-26ff-48dd-8b92-2bd159ca9e21-916619,2026-10-07T14:11:02.479626+00:00
Contracts Finder,ocds-b5fd17-e706bf71-a26e-47e1-bc13-41e6c8911409_0bad79d9-da27-4049-beeb-b6f4b8f1d132-916610,Facilities - Manned Guarding and Reception 2022-29,"The selected supplier, Corps Security (UK) LIMITED, will provide manned guarding and reception services for the NAO London office, along with remote monitoring services for the Newcastle office.
The contract will run for an initial five-year term from Friday 1 April 2022 to Wednesday 31 March 2027, with the option to extend for two additional 12-month periods, up to Saturday 31 March 2029.",National Audit Office,2688319.57,3153991.09,GBP,2026-10-06,2022-02-28,awardUpdate,complete,79993100,https://www.contractsfinder.service.gov.uk/Notice/0bad79d9-da27-4049-beeb-b6f4b8f1d132-916610,2026-10-07T14:11:02.479719+00:00
Contracts Finder,ocds-b5fd17-867c7fba-d255-4ad6-bf42-057da3376304_a85399a5-9319-4980-b6fb-6b8a59c6691e-916617,ITT For Project 10192798 and 10189753,ITT For Project 10192798 and 10189753,Innovate UK,,4580.0,GBP,2026-10-06,2026-04-01,award,complete,79421100,https://www.contractsfinder.service.gov.uk/Notice/a85399a5-9319-4980-b6fb-6b8a59c6691e-916617,2026-10-07T14:11:02.479811+00:00
Contracts Finder,ocds-b5fd17-b2210a8a-d5c3-4611-abe7-2fae3d499d20_fea2e71d-bcd3-4334-9550-2219e7eac5a6-916618,ID: 37367 - PINDAR NURSERY,"This contract is for the provision of transport services - journey stated in the title of this notice. It has been awarded following a Mini Competition under Council's Dynamic Purchasing System (DPS) PAN3059 - Passenger Transport Services.

To find out more about this DPS and how to provide taxi services to the Council, please see Taxi firms tendering for contracts (leicester.gov.uk)",Leicester City Council,,30654.0,GBP,2026-10-06,2026-10-06,award,complete,60120000,https://www.contractsfinder.service.gov.uk/Notice/fea2e71d-bcd3-4334-9550-2219e7eac5a6-916618,2026-10-07T14:11:02.479905+00:00
Contracts Finder,ocds-b5fd17-d8ab48a5-e0d4-44f2-beb8-0d16f85780bb_23ca627e-4a41-4715-875d-127bf320810e-916539,Contingent Labour - Data and Systems,"Contingent labour to provide specialist finance system, data and process improvement expertise.",HM TREASURY,,98000.0,GBP,2026-10-06,2026-08-28,award,complete,72316000,https://www.contractsfinder.service.gov.uk/Notice/23ca627e-4a41-4715-875d-127bf320810e-916539,2026-10-07T14:11:02.479998+00:00
Contracts Finder,ocds-b5fd17-04dfa80a-3245-4c7c-86e7-e59d44565485_9ee39f6e-2d83-4b12-912e-7dc32353dd00-916615,Rental of 1 x Interventional Radiology Suite,"Rental of 1 x Interventional Radiology mobile Suite

Additional information: 
Awarded via NHSSC Managed Equipment & Clinical Services Solutions framework 2021/S 000-032144",Leeds Teaching Hospitals NHS Trust,,1778140.0,GBP,2026-10-06,2026-09-29,award,complete,33111800,https://www.contractsfinder.service.gov.uk/Notice/9ee39f6e-2d83-4b12-912e-7dc32353dd00-916615,2026-10-07T14:11:02.480092+00:00
Contracts Finder,ocds-b5fd17-5794f03a-1920-4b13-9bbe-cc5b55cb64e0_ef170f9f-a152-4596-88e8-153faec3828e-916521,Blackkfriars Park Multi-Use Games Area,"further competition thought Salfords Technical And Highways Works
Framework Lot 6 - Landscaping And Associated Services.  Submissions via the chest.",Salford City Council,,62525.3,GBP,2026-10-06,2026-08-07,award,complete,45112720,https://www.contractsfinder.service.gov.uk/Notice/ef170f9f-a152-4596-88e8-153faec3828e-916521,2026-10-07T14:11:02.480200+00:00
Contracts Finder,ocds-b5fd17-77b880b3-b5cb-422e-a9f4-8938d2838c1c_5a69d7f5-af69-4d94-ad39-8c47d33fe22d-916614,Digital and Technology Solutions Professional Level 6 Apprenticeship,This contract is for the provision of the Digital and Technology Solutions Professional Level 6 Apprenticeship.,NHS Business Services Authority,,26460.0,GBP,2026-10-06,2026-09-12,award,complete,80000000,https://www.contractsfinder.service.gov.uk/Notice/5a69d7f5-af69-4d94-ad39-8c47d33fe22d-916614,2026-10-07T14:11:02.480295+00:00
Contracts Finder,ocds-b5fd17-74235aac-6033-4bdd-a346-9b00fa8f837e_1c81ca07-0085-40ca-9d89-db99295997f9-916612,ITT For Project 10192980,ITT For Project 10192980,Innovate UK,,3885.0,GBP,2026-10-06,2026-04-01,award,complete,79421100,https://www.contractsfinder.service.gov.uk/Notice/1c81ca07-0085-40ca-9d89-db99295997f9-916612,2026-10-07T14:11:02.480389+00:00
Contracts Finder,ocds-b5fd17-b86689f3-68c3-40e3-84a9-66e9c6c95832_8f1cb997-6f6b-4279-9b3b-dd55442c2a61-916488,"Framework for Drawdown Technical Assistance - Transaction Advisory, Finance and Investment Support (BRAVE-IS)","DAI Global UK is seeking proposals from firms to provide transaction advisory, finance and investment support to the Building Resilience and Addressing Vulnerability to Emergencies - Institutional Strengthening (BRAVE-IS) programme in Pakistan. BRAVE-IS is a multi-year (2026-2029) technical assistance programme funded by the UK Foreign, Commonwealth & Development Office (FCDO).

Background
Pakistan is among the countries most exposed to climate and disaster risk. The binding constraint on res",DAI GLOBAL UK LTD,,,GBP,2026-10-06,2026-10-20,tender,active,66171000,https://www.contractsfinder.service.gov.uk/Notice/8f1cb997-6f6b-4279-9b3b-dd55442c2a61,2026-10-07T14:11:02.480482+00:00
Contracts Finder,ocds-b5fd17-5f8e905e-07ee-476a-bc54-d838629dddb5_99233021-02a5-4530-8244-76ac427b6b7e-916609,ITT For Project 10191376,ITT For Project 10191376,Innovate UK,,3940.0,GBP,2026-10-06,2026-04-01,award,complete,79421100,https://www.contractsfinder.service.gov.uk/Notice/99233021-02a5-4530-8244-76ac427b6b7e-916609,2026-10-07T14:11:02.480576+00:00
Contracts Finder,ocds-b5fd17-4c963ee9-dc6a-4489-b756-a502f8c59316_6aa62c9c-73a5-4735-9b5e-16f08473452e-916608,TEL L1 DA Oct26 - The Mayor and Burgesses of The London Borough of Harrow-awarded,"This contract award notice is to notify the market that THE MAYOR AND BURGESSES OF THE LONDON BOROUGH OF HARROW based in Harrow, UK have appointed Careium as their Technology Enabled Lives provider for a period of THREE years. This appointment has been made under the Northern Housing Consortium's Technology Enabled Lives framework. (Contract Award Notice 2024/S 000-000849)",NORTHERN HOUSING CONSORTIUM LIMITED,,1719000.0,GBP,2026-10-06,2026-09-25,award,complete,50421000,https://www.contractsfinder.service.gov.uk/Notice/6aa62c9c-73a5-4735-9b5e-16f08473452e-916608,2026-10-07T14:11:02.480669+00:00
Contracts Finder,ocds-b5fd17-aad59284-469f-4a1c-8f9d-3e82b03baf85_8ccc1897-dc8f-4ce0-9be5-8456621afa25-916607,ITT For Project 10190557 and 10193318,ITT For Project 10190557 and 10193318,Innovate UK,,6040.0,GBP,2026-10-06,2026-04-01,award,complete,79421100,https://www.contractsfinder.service.gov.uk/Notice/8ccc1897-dc8f-4ce0-9be5-8456621afa25-916607,2026-10-07T14:11:02.480765+00:00
Contracts Finder,ocds-b5fd17-651f2478-34e4-490d-9531-fa0281c8e4a8_2159f2b1-8db0-4a93-afe2-b50d0551e44f-916513,CPT_23_25 Mobile Voice and Data Sims,"National Audit Office (NAO) directly awarded a contract to the supplier through Lot 1: Mobile Voice and Data Services  of Crown Commercial Services RM6261 Mobile Voice and Data Services framework. 

The selected Supplier  Virgin Media Business Limited will be providing sim cards to the NAO.  The contract duration will be 3 years with  optional  two, 12 month extensions until Thursday 4 May 2028.

The contract had been extended for 12 months until Tuesday 4 May 2027.",National Audit Office,,300000.0,GBP,2026-10-06,2023-02-01,awardUpdate,complete,72000000,https://www.contractsfinder.service.gov.uk/Notice/2159f2b1-8db0-4a93-afe2-b50d0551e44f-916513,2026-10-07T14:11:02.480859+00:00
Contracts Finder,ocds-b5fd17-7ef3e9ed-ede9-4c00-8943-786f740a8c66_5ae16a74-9899-4159-b928-563cb62db92f-916600,Experian Data Quality Enterprise Licence,"Experian's Data Quality Enterprise Licence is an existing software used for Address Validation Services. 
The contract is a direct award to Academia Limited as a software reseller under the Procurement Services Software Products and Associated Services Y23065 framework.    
This contract is for the renewal of the Licence for a 2 year period and includes an upgrade to the Hosted Address Validation service and a 6 month Aperture Adoption Licence. 
The value for the 2 year term is £416,999.27 (i",OPEN UNIVERSITY(THE),,416999.27,GBP,2026-10-06,2026-09-29,award,complete,48000000,https://www.contractsfinder.service.gov.uk/Notice/5ae16a74-9899-4159-b928-563cb62db92f-916600,2026-10-07T14:11:02.480955+00:00
Contracts Finder,ocds-b5fd17-92ccb072-60f1-4737-9c0c-f8f33c4be2de_251e006e-71c2-4401-9acb-4fe050343641-916605,ITT For Project 10188213,ITT For Project 10188213,Innovate UK,,4110.0,GBP,2026-10-06,2026-04-01,award,complete,79421100,https://www.contractsfinder.service.gov.uk/Notice/251e006e-71c2-4401-9acb-4fe050343641-916605,2026-10-07T14:11:02.481051+00:00
Contracts Finder,ocds-b5fd17-10c912f0-d009-4cfd-8bfe-f45df7bd858d_64a43aa2-d0e2-4988-9792-bdb6052db610-916606,Manchester International Airport - Shotcrete works,"The planned introduction of longer train services to the Airport in response to future demand growth will mean that double stacking arrangements of trains as currently used will no longer be viable.Through the project's Delivery Steering Group, Northern and TransPennine Express have carried out analysis which has identified that additional platform capacity is needed at the airport in order to realise the full benefit of longer train services serving the airport.
      
      The scheme is par",Kier Transportation - CP7 NWC,250000.0,500000.0,GBP,2026-10-06,2026-10-16,tender,active,44114100,https://www.contractsfinder.service.gov.uk/Notice/64a43aa2-d0e2-4988-9792-bdb6052db610,2026-10-07T14:11:02.481150+00:00
Contracts Finder,ocds-b5fd17-2ac10da6-3f19-4ea8-93c3-88d552958ae3_c32b8034-52ec-457f-889d-5f41738d9c60-916485,Oakwood Play Area,Further competition through the Salford Technical And Highways Works Framework Lot 6 - Landscaping And Associated Services,Salford City Council,,86782.14,GBP,2026-10-06,2026-08-07,award,complete,50800000,https://www.contractsfinder.service.gov.uk/Notice/c32b8034-52ec-457f-889d-5f41738d9c60-916485,2026-10-07T14:11:02.481252+00:00
Contracts Finder,ocds-b5fd17-270de2ce-aa95-4ef7-988e-0c3c819fa340_337defce-eb3d-4810-8158-820661f96b21-916602,ITT For Project 10190582,ITT For Project 10190582,Innovate UK,,2400.0,GBP,2026-10-06,2026-04-01,award,complete,79421100,https://www.contractsfinder.service.gov.uk/Notice/337defce-eb3d-4810-8158-820661f96b21-916602,2026-10-07T14:11:02.481349+00:00
Contracts Finder,ocds-b5fd17-d46695c4-af41-40e7-9ec8-b86ec4a78e2d_b365221c-69e9-4c31-ae03-b2d40cdffeaf-916603,S30142 DMRB / MCHW Geotechnical Standards Technical updates,"The need for updates to the Design Manual for Roads and Bridges (DMRB) and Manual 
of Contract Documents for Highways Works (MCHW) (Instructions for Specifiers (IfS) 
and Specification for Highway Works (SHW)) has been established from a review 
carried out by National Highways. The objectives are to: 
- enhance content, usability, and structure in line with the current revision of the 
Manual for Development of Documents (MDD); 
- increase the applicability to modern forms of contracts an",National Highways Limited,,200000.0,GBP,2026-10-06,2026-08-31,award,complete,73220000,https://www.contractsfinder.service.gov.uk/Notice/b365221c-69e9-4c31-ae03-b2d40cdffeaf-916603,2026-10-07T14:11:02.481443+00:00
Contracts Finder,ocds-b5fd17-5ddb4deb-d165-45b4-974b-26a56b98e2c2_b3c8cc6b-feda-4ec2-a08c-c98f1532a0cf-916601,IR35 Project Strengthened Control Framework,IR35 Project Strengthened Control Framework,"Department for Environment, Food and Rural Affairs",,291450.0,GBP,2026-10-06,2026-08-28,award,complete,79212100,https://www.contractsfinder.service.gov.uk/Notice/b3c8cc6b-feda-4ec2-a08c-c98f1532a0cf-916601,2026-10-07T14:11:02.481538+00:00
Contracts Finder,ocds-b5fd17-e5ba536f-9885-448b-a8f4-b97e4f11ec63_326cd58b-7f8a-4ef9-823c-a35c2ecc9e09-916566,"A, L & M L1.2 FC Oct26 - Stevenage Borough Council - awarded","This contract award notice is to notify the market that Stevenage Borough Council based in Stevenage, UK have appointed Ductclean as their Asbestos, Legionella and Mould Management provider for a period of THREE years, with an option to extend for a further ONE year. This appointment has been made under the Northern Housing Consortium's Asbestos, Legionella and Mould Management Framework. (Contract Award Notice 2024/S 000-13653)",NORTHERN HOUSING CONSORTIUM LIMITED,,800000.0,GBP,2026-10-06,2026-10-02,award,complete,90600000,https://www.contractsfinder.service.gov.uk/Notice/326cd58b-7f8a-4ef9-823c-a35c2ecc9e09-916566,2026-10-07T14:11:02.481632+00:00
Contracts Finder,ocds-b5fd17-031e38d3-ab71-42ff-8eb6-926b39add54f_a1c0780c-977e-4832-898d-491c4820bf06-916598,ITT For Project 10198801,ITT For Project 10198801,Innovate UK,,2660.0,GBP,2026-10-06,2026-04-16,award,complete,79421100,https://www.contractsfinder.service.gov.uk/Notice/a1c0780c-977e-4832-898d-491c4820bf06-916598,2026-10-07T14:11:02.481725+00:00
Contracts Finder,ocds-b5fd17-1a774b32-b56f-4fdb-a4c1-2d5fbf01be1d_5564161a-b264-460b-b7d2-a465359ea0ee-916599,Milton Keynes Waste Recovery Plant Residual Waste Treatment Contract - AWARD,"Milton Keynes City Council (the 'Authority') invites expressions of interest from suitably qualified and experienced organisations in relation to its contract for the operation and maintenance of Milton Keynes Waste Recovery Park (MKWRP) (the 'Contract').
      
      The MKWRP is an innovative, operational residual waste recovery facility comprising three adjoined and interlinked technologies: mechanical treatment, dry anaerobic digestion and advance thermal treatment, capable of processing u",Milton Keynes City Council,,,GBP,2026-10-06,2025-03-24,award,complete,90500000,https://www.contractsfinder.service.gov.uk/Notice/5564161a-b264-460b-b7d2-a465359ea0ee-916599,2026-10-07T14:11:02.481817+00:00
Contracts Finder,ocds-b5fd17-3f352919-5a30-4ba5-81fe-83cb867321fd_0ac708cb-b915-47a9-8585-a4642a8330f4-916597,Award of a call off contract under the Prison Education Dynamic Purchasing System for Reading Support provision for prisoners at HMP Guys Marsh,"Award of a call off contract under the Prison Education Dynamic Purchasing System for Reading Support provision for prisoners at HMP Guys Marsh. The supplier will deliver a programme designed to support, coach, train and provide structured supervision for peer mentor prisoners who are involved with the delivery of one-to-one support for those with very low literacy and low numeracy amongst people in prison (below L1 English / Maths).",Ministry of Justice,,64497.0,GBP,2026-10-06,2026-08-24,award,complete,80000000,https://www.contractsfinder.service.gov.uk/Notice/0ac708cb-b915-47a9-8585-a4642a8330f4-916597,2026-10-07T14:11:02.481912+00:00
Contracts Finder,ocds-b5fd17-d00ecef1-b1d9-465c-b0bc-a201083808d6_5dba3890-e4e8-476a-9f2e-b17092009f6d-916596,ITT  for  Project  83041518,ITT  for  Project  83041518,UK RESEARCH & INNOVATION,,4965.0,GBP,2026-10-06,2026-09-04,award,complete,79421100,https://www.contractsfinder.service.gov.uk/Notice/5dba3890-e4e8-476a-9f2e-b17092009f6d-916596,2026-10-07T14:11:02.482005+00:00
Contracts Finder,ocds-b5fd17-76e90144-f0ef-42ac-9811-fba2e71c46d9_4d69044e-12a8-4bdf-8800-3287517eecda-916595,ITT For Project 83040852,ITT For Project 83040852,Innovate UK,,3900.0,GBP,2026-10-06,2026-03-06,award,complete,79421100,https://www.contractsfinder.service.gov.uk/Notice/4d69044e-12a8-4bdf-8800-3287517eecda-916595,2026-10-07T14:11:02.482103+00:00
Contracts Finder,ocds-b5fd17-12af0a06-49b1-4b74-b6da-60afd44f2e35_02be1d7b-32fa-41c0-a3e9-8224f7b3f7b2-916594,ITT For Project 83037959,ITT For Project 83037959,Innovate UK,,4800.0,GBP,2026-10-06,2026-03-10,award,complete,79421100,https://www.contractsfinder.service.gov.uk/Notice/02be1d7b-32fa-41c0-a3e9-8224f7b3f7b2-916594,2026-10-07T14:11:02.482204+00:00
Contracts Finder,ocds-b5fd17-dd47c96d-329e-4125-824e-e49c3cbeab08_896d0dd2-c45a-4388-8b06-3932d1c5ee26-916591,ITT  for  Project  83049673,ITT  for  Project  83049673,UK RESEARCH & INNOVATION,,10750.0,GBP,2026-10-06,2026-09-04,award,complete,79421100,https://www.contractsfinder.service.gov.uk/Notice/896d0dd2-c45a-4388-8b06-3932d1c5ee26-916591,2026-10-07T14:11:02.482299+00:00
Contracts Finder,ocds-b5fd17-1331d8ae-ce47-4622-8efd-72a472ec609f_09dfb6c9-e357-4fed-87e7-cb82b03a3820-916593,Award of a call off contract under the Prison Education Dynamic Purchasing System for the provision of Demolition course for prisoners at HMP/YOI Isis,"Award of a call off contract under the Prison Education Dynamic Purchasing System for the provision of Demolition course for prisoners at HMP/YOI Isis. The supplier will  deliver accredited industry standard Certificate of Competence of Demolition Operatives (CCDO) demolition course with added Construction Skills Certification Scheme (CSCS), Construction Industry Training Board (CITB) Health & Safety. to enable prisoners to gain employment in the construction industry on release.",Ministry of Justice,,19680.0,GBP,2026-10-06,2026-09-14,award,complete,80000000,https://www.contractsfinder.service.gov.uk/Notice/09dfb6c9-e357-4fed-87e7-cb82b03a3820-916593,2026-10-07T14:11:02.482394+00:00
Contracts Finder,ocds-b5fd17-3b323129-0d4b-4476-830f-78ef89e183d8_3714e069-820d-4938-8d2b-b235653258cb-916592,Supply of Coffee and associated sundries,"supply of coffee associated sundries to United Lincolnshire Teaching Hospitals NHS Trust sites.

Additional information: 
Values and dates include all extensions and options. There is no guarantee of the take up off any extension or options.",United Lincolnshire Hospital NHS Trust,30000.0,200000.0,GBP,2026-10-06,2026-08-27,award,complete,15861000,https://www.contractsfinder.service.gov.uk/Notice/3714e069-820d-4938-8d2b-b235653258cb-916592,2026-10-07T14:11:02.482489+00:00
Contracts Finder,ocds-b5fd17-e1ff5fbe-46a9-4a16-981e-d35b10f30366_afe8fe34-b7b5-4d00-80cf-b63e3058d332-916590,ITT For Project 83040120,ITT For Project 83040120,Innovate UK,,4650.0,GBP,2026-10-06,2026-04-16,award,complete,79421100,https://www.contractsfinder.service.gov.uk/Notice/afe8fe34-b7b5-4d00-80cf-b63e3058d332-916590,2026-10-07T14:11:02.482583+00:00
Contracts Finder,ocds-b5fd17-97b7d64c-1413-4554-9465-93aa7013c376_ceb99e76-7094-40c6-b4f5-34e6cb5051b4-916589,ITT for Project  10181818,ITT for Project  10181818,UK RESEARCH & INNOVATION,,3750.0,GBP,2026-10-06,2026-09-14,award,complete,79421100,https://www.contractsfinder.service.gov.uk/Notice/ceb99e76-7094-40c6-b4f5-34e6cb5051b4-916589,2026-10-07T14:11:02.482677+00:00
Contracts Finder,ocds-b5fd17-693da443-0492-4d33-be0e-71b3dd75c2e8_1dfe8652-a5fa-4040-9ecb-dfabf702297a-916588,ITT For Project 83021430,ITT For Project 83021430,Innovate UK,,6450.0,GBP,2026-10-06,2026-05-06,award,complete,79421100,https://www.contractsfinder.service.gov.uk/Notice/1dfe8652-a5fa-4040-9ecb-dfabf702297a-916588,2026-10-07T14:11:02.482770+00:00
Contracts Finder,ocds-b5fd17-59350f3b-450f-4d14-bf56-df25f5444a10_97bbeb61-1cda-47a9-8229-dcc992e73adb-916587,ITT For Project 83036789,ITT For Project 83036789,Innovate UK,,4500.0,GBP,2026-10-06,2026-03-17,award,complete,79421100,https://www.contractsfinder.service.gov.uk/Notice/97bbeb61-1cda-47a9-8229-dcc992e73adb-916587,2026-10-07T14:11:02.482864+00:00
Contracts Finder,ocds-b5fd17-d766f585-ae30-46d3-8f70-2c9b76c8869b_dda899f7-cc1d-49e9-8f01-c4002f0f3555-916586,ITT For Project 83026886,ITT For Project 83026886,Innovate UK,,13200.0,GBP,2026-10-06,2026-03-17,award,complete,79421100,https://www.contractsfinder.service.gov.uk/Notice/dda899f7-cc1d-49e9-8f01-c4002f0f3555-916586,2026-10-07T14:11:02.482958+00:00
Contracts Finder,ocds-b5fd17-824881b3-d87b-4cb4-b3fc-7c74788ab2a8_de0196a0-3dc3-4e14-980c-ee1740e7cb09-916585,ITT for Project  10182462,ITT for Project  10182462,UK RESEARCH & INNOVATION,,6052.0,GBP,2026-10-06,2026-09-14,award,complete,79421100,https://www.contractsfinder.service.gov.uk/Notice/de0196a0-3dc3-4e14-980c-ee1740e7cb09-916585,2026-10-07T14:11:02.483055+00:00
Contracts Finder,ocds-b5fd17-2961c41a-d44f-49c7-a79d-f405ae2e5583_17f54304-4783-4278-a0b6-6a3f050c5b36-916582,Construction Professional Services DPS,"The RM6242 DPS will be organised into distinct categories so:
Suppliers can indicate all elements relevant to their service offering, and Customers can filter the elements to produce a shortlist of appointed suppliers to invite to a competition.

The four (4) distinct categories comprise of:

Technical & Professional Services
Industry Sector
Geographical Regions
Additional Capability 

Within these filters are further sub-filters that agencies can select to demonstrate the level of ser",Government Commercial Agency,,800000000.0,GBP,2026-10-06,2029-02-23,tenderAmendment,active,50200000,https://www.contractsfinder.service.gov.uk/Notice/17f54304-4783-4278-a0b6-6a3f050c5b36,2026-10-07T14:11:02.483150+00:00
Contracts Finder,ocds-b5fd17-f4df5ad7-8025-480c-93f2-233c8943da37_0c7e85e6-d5d9-4990-854f-71b010b2d5ab-916583,ITT for Project  10180346,ITT for Project  10180346,UK RESEARCH & INNOVATION,,4982.0,GBP,2026-10-06,2026-09-14,award,complete,79421100,https://www.contractsfinder.service.gov.uk/Notice/0c7e85e6-d5d9-4990-854f-71b010b2d5ab-916583,2026-10-07T14:11:02.483253+00:00
Contracts Finder,ocds-b5fd17-97b18c32-3bac-4e44-a403-767d8c897668_bbbc836d-3e98-4b76-b123-58a3903474b0-916580,ITT for Project 10184442,ITT for Project 10184442,UK RESEARCH & INNOVATION,,5600.0,GBP,2026-10-06,2026-09-14,award,complete,79421100,https://www.contractsfinder.service.gov.uk/Notice/bbbc836d-3e98-4b76-b123-58a3903474b0-916580,2026-10-07T14:11:02.483346+00:00
Contracts Finder,ocds-b5fd17-3fba6e74-66ba-4e8a-85ee-8cc3142dd46c_7655c803-183b-4d94-8bdd-47357519eba8-916579,NRS Sites IT Hardware Refresh 2026,Procurement IT Hardware and peripherals for the 2025-26 Refresh programme,NRS,,1950000.0,GBP,2026-10-06,2026-09-11,award,complete,30230000,https://www.contractsfinder.service.gov.uk/Notice/7655c803-183b-4d94-8bdd-47357519eba8-916579,2026-10-07T14:11:02.483439+00:00
Contracts Finder,ocds-b5fd17-d35259d0-97cd-40b6-9645-f81a1486b13e_6290646b-0172-4d00-ade5-16701a4464ea-916578,ITT for Project  10181490,ITT for Project  10181490,UK RESEARCH & INNOVATION,,7482.0,GBP,2026-10-06,2026-09-14,award,complete,79421100,https://www.contractsfinder.service.gov.uk/Notice/6290646b-0172-4d00-ade5-16701a4464ea-916578,2026-10-07T14:11:02.483535+00:00
Contracts Finder,ocds-b5fd17-e3760183-d3ba-4e8d-9097-8fce7cc9cadc_144a2edb-a372-4570-9117-5b1a99c30947-916577,"Reggie Replacement - develop, build new intranet site","Provision of a new Office for National Statistics (ONS) intranet solution, including design, development, implementation, ongoing support, and maintenance services. The contract is being awarded through the G-Cloud 14 Framework (RM1557) and will establish a single supplier arrangement.  Contract Value: £126,000.00",Office for National Statistics,,126000.0,GBP,2026-10-06,2026-08-03,award,complete,48825000,https://www.contractsfinder.service.gov.uk/Notice/144a2edb-a372-4570-9117-5b1a99c30947-916577,2026-10-07T14:11:02.483628+00:00
