source,notice_id,title,description,organisation,value_low,value_high,currency,published_date,deadline,notice_type,status,cpv_codes,url,scraped_at
FTS,ocds-h6vhtk-06eb0f_080603-2026,Techscheme Provision,Tech Scheme provision as part of Staff Benefits package.,Karbon Homes,,,GBP,2026-08-25,,award,complete,79990000,https://www.find-tender.service.gov.uk/Notice/080603-2026,2026-08-25T07:40:20.886762+00:00
FTS,ocds-h6vhtk-06eb0e_080602-2026,Workforce Management and Rostering System,"Provision of UKG Pro Workforce Management cloud software (Timekeeping, Advanced Scheduling, Absence Management, Analytics, Data Hub, hardware support and associated services).",GA TRAINS LIMITED,,,GBP,2026-08-25,,award,complete,48450000,https://www.find-tender.service.gov.uk/Notice/080602-2026,2026-08-25T07:40:20.886796+00:00
FTS,ocds-h6vhtk-06e7e7_080601-2026,HIWM Leadership Training,Direct award for a 2 year programme of leadership development training for Health Innovation West Midlands.,University Hospitals Birmingham NHS Foundation Trust,,,GBP,2026-08-25,,award,complete,,https://www.find-tender.service.gov.uk/Notice/080601-2026,2026-08-25T07:40:20.886805+00:00
FTS,ocds-h6vhtk-067dae_080600-2026,SCAPE Construction Works and Services Framework,"Scape Procure Limited (trading as SCAPE) is establishing a framework agreement for the provision of construction works and services throughout England, Wales, and Northern Ireland. 
This framework includes the following Lots:
Lot 1 - England | Construction Works & Services
Lot 2 - England | Residential Construction Works and Services: Decarbonisation, Retrofit, Repair & Maintenance
Lot 3 - Wales | Construction, Housing, Works & Services
Lot 4 - Northern Ireland | Construction, Housing, Works & S",SCAPE PROCURE LIMITED,,8000000000.0,GBP,2026-08-25,,tender,active,,https://www.find-tender.service.gov.uk/Notice/080600-2026,2026-08-25T07:40:20.886813+00:00
FTS,ocds-h6vhtk-06eb0d_080599-2026,Training Facilities,Multiple training facilities to be commissioned across the Commissioners Fire estates.,Cumbria Commissioner Fire and Rescue Authority,,,GBP,2026-08-25,,award,complete,,https://www.find-tender.service.gov.uk/Notice/080599-2026,2026-08-25T07:40:20.886818+00:00
FTS,ocds-h6vhtk-06eb0c_080598-2026,Role actors for specialist courses,"West Yorkshire Combined Authority as the Contracting Authority for West Yorkshire Police are getting ready to tender for the Role actors for specialist interview course requirements.  The current contractual arrangements are due to expire 31/08/2027.  
As part of our preparations, we are wanting to undertake pre-market engagement with you, potential providers and partners to ensure we get our approach and specification right and that the tender opportunity is attractive to the market.",West Yorkshire Combined Authority,,300000.0,GBP,2026-08-25,,planning,planning,,https://www.find-tender.service.gov.uk/Notice/080598-2026,2026-08-25T07:40:20.886823+00:00
FTS,ocds-h6vhtk-06eb0b_080597-2026,Fire Fighter Development Programme (FFDP),A contract has been awarded by Nuclear Restoration Services (NRS) Limited (Dounreay) following a limited competitive procedure for the Provision of Fire Fighter Development Programme (FFDP),Nuclear Restoration Services Limited,,,GBP,2026-08-25,,award,complete,,https://www.find-tender.service.gov.uk/Notice/080597-2026,2026-08-25T07:40:20.886827+00:00
FTS,ocds-h6vhtk-06eb0a_080596-2026,Environmental Enforcement Services,"Concessions contract to provide uniformed enforcement officers and the necessary infrastructure, for the delivery of dedicated enforcement of each of the street scene issues within the Ipswich Borough area.",Ipswich Borough Council,,0.0,GBP,2026-08-25,2026-10-06,tender,active,,https://www.find-tender.service.gov.uk/Notice/080596-2026,2026-08-25T07:40:20.886842+00:00
FTS,ocds-h6vhtk-0649d0_080595-2026,Provision of Trade and Diplomatic Plates 2026,The procurement will be for the provision of trade and diplomatic plates to support the needs of DVLA and the end users of the products.,Driver and Vehicle Licensing Agency,,,GBP,2026-08-25,,award,complete,,https://www.find-tender.service.gov.uk/Notice/080595-2026,2026-08-25T07:40:20.886848+00:00
FTS,ocds-h6vhtk-06bcad_080594-2026,Lancashire Champions Programme,,,,,GBP,2026-08-25,,tenderCancellation,withdrawn,,https://www.find-tender.service.gov.uk/Notice/080594-2026,2026-08-25T07:40:20.886856+00:00
FTS,ocds-h6vhtk-06e2e1_080593-2026,Parliament Hill Cafe - External Works - C1725CW112,"Tenderers were required to submit a fully priced specification in Excel formatas part of their tender submission. All four contractors complied with thisrequirement and submitted the specification in the correct format. Ananalysis of the priced specifications is included in Appendix A. The awardcriteria for the tender were based on price, subject to the scope of worksdescribed and covered within the specification. All four tender submissionswere reviewed and confirmed to be arithmetically correc",The Mayor and Commonalty and Citizens of the City of London,,,GBP,2026-08-25,,awardUpdate,complete,,https://www.find-tender.service.gov.uk/Notice/080593-2026,2026-08-25T07:40:20.886861+00:00
FTS,ocds-h6vhtk-06ac7a_080592-2026,Purchase of Heating Fuel Berlin,Purchase of heating fuel for British Embassy in Berlin,"Foreign, Commonwealth and Development Office",,,GBP,2026-08-25,,award,complete,,https://www.find-tender.service.gov.uk/Notice/080592-2026,2026-08-25T07:40:20.886866+00:00
FTS,ocds-h6vhtk-06dbcc_080591-2026,"Open Framework for the Provision of Passenger Transport Services, Preliminary Market Engagement.","Herefordshire Council (""the Council"") intends to establish a multi supplier, multi lot open framework for the Provision of Passenger Transport Services to secure transport services to support access to education, social care, public health and wider community services.  Currently, services are procured via the Council's Passenger Transport Dynamic Purchasing System.
Before commencing the procurement, the Council is issuing this Preliminary Market Engagement notice to invite interested suppliers ",Herefordshire Council,,,GBP,2026-08-25,,planningUpdate,planning,,https://www.find-tender.service.gov.uk/Notice/080591-2026,2026-08-25T07:40:20.886873+00:00
FTS,ocds-h6vhtk-06eb09_080590-2026,Research Management and Governance Capability Enhancement Programme,"The primary objective of the research management capacity building programme is to onboard a highly specialised UK professional body or research management agency to co-design, contextualise, and co-deliver an international-standard research governance programme to enhance capability. The initiative aims to shift institutional mindsets from basic project administration to strategic, visionary research leadership",British Council,,,GBP,2026-08-25,2026-09-16,tender,active,,https://www.find-tender.service.gov.uk/Notice/080590-2026,2026-08-25T07:40:20.886890+00:00
FTS,ocds-h6vhtk-0510f8_080589-2026,Space Technology Solutions,,Government Commercial Agency,,,GBP,2026-08-24,,award,,,https://www.find-tender.service.gov.uk/Notice/080589-2026,2026-08-25T07:40:20.886894+00:00
FTS,ocds-h6vhtk-0510f8_080588-2026,Space Technology Solutions,,Government Commercial Agency,,,GBP,2026-08-24,,award,,,https://www.find-tender.service.gov.uk/Notice/080588-2026,2026-08-25T07:40:20.886898+00:00
FTS,ocds-h6vhtk-0510f8_080587-2026,Space Technology Solutions,,Government Commercial Agency,,,GBP,2026-08-24,,award,,,https://www.find-tender.service.gov.uk/Notice/080587-2026,2026-08-25T07:40:20.886902+00:00
FTS,ocds-h6vhtk-06eb08_080586-2026,Cheshire and Merseyside WorkWell Service,"NHS Cheshire and Merseyside Integrated Care Board is seeking suitably qualified providers to deliver the Cheshire and Merseyside WorkWell Service across nine locality Lots. The service will provide early intervention work and health support to help people with health conditions or disabilities to start, stay in or return to work.",NHS Cheshire and Merseyside Integrated Care Board,,6699005.0,GBP,2026-08-24,2026-09-21,tender,active,,https://www.find-tender.service.gov.uk/Notice/080586-2026,2026-08-25T07:40:20.886906+00:00
FTS,ocds-h6vhtk-06eb07_080585-2026,Fire Alarm System Installation at BATUK,Fire Alarm System Installation at Kifaru Barracks,Defence Infrastructure Organisation,,200000.0,GBP,2026-08-24,2026-10-12,tender,active,,https://www.find-tender.service.gov.uk/Notice/080585-2026,2026-08-25T07:40:20.886911+00:00
FTS,ocds-h6vhtk-06eb06_080584-2026,Employer's Agent & Multi Disciplinary Professional Services,"Reading Borough Council (RBC) requires access to a corporate Employer's Agent (EA) and multidisciplinary professional consultancy service to support the planning, procurement, delivery and post-completion administration of construction, refurbishment, compliance and asset-related projects across the Council's property portfolio.",Reading Borough Council,,,GBP,2026-08-24,,planning,planned,,https://www.find-tender.service.gov.uk/Notice/080584-2026,2026-08-25T07:40:20.886915+00:00
FTS,ocds-h6vhtk-066883_080583-2026,SWFTCS SOFT FM,"The contract will include, but is not limited to, the delivery of:
• Domestic and Clinical Cleaning Services
• Portering and Logistics Services
• Catering and Patient Hospitality Services
• Security and Reception Services
• Infection Prevention & Control support in all service areas",South Warwickshire NHS Foundation Trust,,,GBP,2026-08-24,,award,complete,,https://www.find-tender.service.gov.uk/Notice/080583-2026,2026-08-25T07:40:20.886919+00:00
FTS,ocds-h6vhtk-06eb05_080582-2026,Site Energy Project Development Services,"This opportunity (“Contract”) is for a single supplier to provide energy assessments and detailed reports identifying opportunities for energy efficiency improvements and reduction of operational costs in the following areas:
•	Energy Centre utilities, metering strategy & utility energy analysis
•	Chilled water project opportunity study
•	Compressed air project opportunity study
•	High level energy audit for modular office buildings & warehouses
•	Review of site BMS and submetering
Further detai",THE PIRBRIGHT INSTITUTE,,51000.0,GBP,2026-08-24,2026-09-28,tender,active,,https://www.find-tender.service.gov.uk/Notice/080582-2026,2026-08-25T07:40:20.886924+00:00
FTS,ocds-h6vhtk-06eb04_080581-2026,Bidders Information Event: Best Start in Life,"As set out in the notice published on 3 July 2026, Bradford Children and Families Trust (BCFT) has been established as a community interest company limited by guarantee and is wholly owned by Bradford Council. The Trust provides a long-term, sustainable platform to drive improved performance and deliver high-quality, innovative social care services for children, young people, and families across the Bradford Metropolitan District. In 2025, the Government announced the Giving Every Child the Best",Bradford Children & Families Trust,,6139800.0,GBP,2026-08-24,,planning,planning,,https://www.find-tender.service.gov.uk/Notice/080581-2026,2026-08-25T07:40:20.886930+00:00
FTS,ocds-h6vhtk-06d14d_080580-2026,ESOS Provision of Electricity Supply on behalf of Lighthouse Schools Partnership,"This tender opportunity has been issued by ESOS Energy Ltd, on behalf of Lighthouse Schools Partnership. The proposed contract will be for the provision of Electricity Supply - 100% Rego backed Energy to the Trust for a 24-month contract. ESOS Energy will provide contract management support and act as the first point of contact for the retailer throughout the contract period. The winning Supplier must be willing to work collaboratively with ESOS Energy. Their responsibilities include validating ",Lighthouse Schools Partnership,,,GBP,2026-08-24,,award,complete,,https://www.find-tender.service.gov.uk/Notice/080580-2026,2026-08-25T07:40:20.886935+00:00
FTS,ocds-h6vhtk-06eb03_080579-2026,Estates & Property Service (Closedown - Legacy payments),An urgent business need has arisen to ensure continuity of supplier payments and support the orderly close-down of the Estates & Property Services Contract,National Highways Limited,,,GBP,2026-08-24,,award,complete,,https://www.find-tender.service.gov.uk/Notice/080579-2026,2026-08-25T07:40:20.886938+00:00
FTS,ocds-h6vhtk-06eafd_080578-2026,TEN-2627-047 (PA2023) – Asset Allocation System,"Nest is seeking to appoint one supplier to provide, implement and support one hosted software-as-a-service solution for Nest Invest, comprising two mandatory capabilities: Asset Allocation and Total Portfolio View.
The Asset Allocation capability must support Nest Invest’s multi-level fund-of-funds structure and its controlled, model-driven asset allocation process. This includes strategic and tactical asset allocation, portfolio modelling and optimisation, configurable targets, limits and toler",National Employment Savings Trust (NEST) Corporation,,7300000.0,GBP,2026-08-24,2026-10-07,tenderUpdate,active,,https://www.find-tender.service.gov.uk/Notice/080578-2026,2026-08-25T07:40:20.886943+00:00
FTS,ocds-h6vhtk-06eafd_080577-2026,TEN-2627-047 (PA2023) – Asset Allocation and TPV,"Nest is seeking to appoint one supplier to provide, implement and support one hosted software-as-a-service solution for Nest Invest, comprising two mandatory capabilities: Asset Allocation and Total Portfolio View.
The Asset Allocation capability must support Nest Invest’s multi-level fund-of-funds structure and its controlled, model-driven asset allocation process. This includes strategic and tactical asset allocation, portfolio modelling and optimisation, configurable targets, limits and toler",National Employment Savings Trust (NEST) Corporation,,7300000.0,GBP,2026-08-24,2026-10-07,tenderUpdate,active,,https://www.find-tender.service.gov.uk/Notice/080577-2026,2026-08-25T07:40:20.886946+00:00
FTS,ocds-h6vhtk-06eb02_080576-2026,LEG T202 Emergency & Mass Evacuation System,"Luminate Education Group (LEG) requires a phased implementation of a campus mass communications system for the safety of students, staff and visiting members of the public and implementation of the Terrorism (Protection of Premises) Act 2025 more commonly known as Martyn`s Law.
The aim is to select a mass communications system that can be installed at a number of LEG campus sites to support campus incident plans by alerting campus users of potential danger in an effective, efficient and timely w",Luminate Education Group,,145833.0,GBP,2026-08-24,2026-09-23,tender,active,,https://www.find-tender.service.gov.uk/Notice/080576-2026,2026-08-25T07:40:20.886952+00:00
FTS,ocds-h6vhtk-059023_080575-2026,Music - Early Intervention Services for Parents and Their Children Within the 6 Children and Family Centres and Other Related Venues,"Contract for activities for parents with their children, involving music to enrich and stimulate their children's early brain development and to improve their readiness for school. Incorporating other skills such as use of basic signing / rhyming would be welcomed.
Sessions should target families with children in different age / stage abilities e.g. baby, or toddler, or pre-school. Back-to-back sessions with a short 'reset' period between them could be programmed.",London Borough of Bromley,,,GBP,2026-08-24,,award,complete,,https://www.find-tender.service.gov.uk/Notice/080575-2026,2026-08-25T07:40:20.886956+00:00
FTS,ocds-h6vhtk-06eb01_080574-2026,Void Property Refurbishment Works ,Void Property Refurbishment Works at Hedyn Specific Site ,Tai Hedyn Limited,,,GBP,2026-08-24,,award,complete,,https://www.find-tender.service.gov.uk/Notice/080574-2026,2026-08-25T07:40:20.886960+00:00
FTS,ocds-h6vhtk-066295_080573-2026,Provisions of Appliance Bay Doors & Gates Maintenance Services,"Scope of Services
The maintenance services required will include, but will not be limited to:
	Doors
- Powered and manually operated vertically and horizontally moving appliance bay doors
- Revolving and powered entrance doors and speed lanes
- Automatic door-closing devices associated with appliance bay doors
	Vehicle Control Systems
- Vehicle access control systems (excluding wider access control systems unless included in scope)
- Traffic (vehicle) barriers
- Hydraulic traffic bollards
	Ga",London Fire Commissioner,,3702040.8,GBP,2026-08-24,,tenderUpdate,active,,https://www.find-tender.service.gov.uk/Notice/080573-2026,2026-08-25T07:40:20.886964+00:00
FTS,ocds-h6vhtk-06eb00_080572-2026,NCHA202646 - Customer Insight/Survey Software,"The service should deliver a fully integrated customer insight platform that connects seamlessly with NCHA’s core systems, automates real‑time feedback collection, and supports flexible, multi‑channel survey distribution. It must enable advanced survey creation, branded templates, multi‑language delivery, and robust reporting tools that combine data from all touchpoints into a single, actionable view of customer satisfaction.",Nottingham Community Housing Association Limited,,100.0,GBP,2026-08-24,,planning,planning,,https://www.find-tender.service.gov.uk/Notice/080572-2026,2026-08-25T07:40:20.886968+00:00
FTS,ocds-h6vhtk-06de58_080571-2026,British Museum Round Reading Room Roof Oculus Works,"Project Overview
The British Museum is seeking to appoint a Principal Contractor for a programme of essential roof repair and replacement works to the Grade I listed Round Reading Room, located at the centre of the Museum. 
Building Context and Heritage Significance
The Round Reading Room was designed by Sydney Smirke and completed in 1857. It is a structure of exceptional national heritage significance, combining iron primary construction with brick masonry, a copper-clad dome, and a fully glaz",British Museum,,9000000.0,GBP,2026-08-24,2026-10-05,tender,active,,https://www.find-tender.service.gov.uk/Notice/080571-2026,2026-08-25T07:40:20.886977+00:00
FTS,ocds-h6vhtk-06eaff_080570-2026,NHS Health Checks,"An NHS Health Check is a free health assessment offered to help prevent serious cardiovascular conditions by spotting risks early. For the purpose of this local service, those eligible are between 40 and 74 years old without already diagnosed long term cardiovascular health conditions, and either registered with a Somerset GP or living in Somerset. The service may be offered to staff or patients meeting this criterion.
The aim of this service is to reduce access barriers for those with severe me",Somerset Council,,,GBP,2026-08-24,,award,complete,85141200,https://www.find-tender.service.gov.uk/Notice/080570-2026,2026-08-25T07:40:20.886981+00:00
FTS,ocds-h6vhtk-06eafe_080569-2026,ID602 External Cyclical Decorations,"Aspire are looking to appoint 2 contractors to deliver the external cyclical painting programme for FY26/27 - Commencing June 2026. With the option to extend and allow for FY27/28 Programme to be issued as well. 
The budget is £350,000 per year. This is not guaranteed and is for the scope of works therefore split between 2x contractors.",Aspire Housing,,,GBP,2026-08-24,,award,complete,,https://www.find-tender.service.gov.uk/Notice/080569-2026,2026-08-25T07:40:20.886985+00:00
FTS,ocds-h6vhtk-06eafd_080568-2026,TEN-2627-047 (PA2023) – Asset Allocation and TPV,"Nest is seeking to appoint one supplier to provide, implement and support one hosted software-as-a-service solution for Nest Invest, comprising two mandatory capabilities: Asset Allocation and Total Portfolio View.
The Asset Allocation capability must support Nest Invest’s multi-level fund-of-funds structure and its controlled, model-driven asset allocation process. This includes strategic and tactical asset allocation, portfolio modelling and optimisation, configurable targets, limits and toler",1,,7300000.0,GBP,2026-08-24,2026-10-07,tender,active,,https://www.find-tender.service.gov.uk/Notice/080568-2026,2026-08-25T07:40:20.886989+00:00
FTS,ocds-h6vhtk-06bdf4_080567-2026,Wirral Advocacy Hub,"The Council is seeking to appoint a single organisation, or a consortium to provide a range of statutory and non-statutory advocacy support via a Wirral Advocacy Hub. 
This contract is for the delivery of statutory social care and mental health advocacy services in Wirral.  The contract also includes non-statutory advocacy services where they are linked to Care Act, Mental Health Act and Mental Capacity Act support and a requirement to promote and develop self-advocacy and peer advocacy.
Further",Wirral Council,,,GBP,2026-08-24,2026-09-23,tender,active,,https://www.find-tender.service.gov.uk/Notice/080567-2026,2026-08-25T07:40:20.886993+00:00
FTS,ocds-h6vhtk-06d363_080566-2026,Managed and Extended Detection and Response Solution,"GLF Schools seeks to procure a Managed Detection and Response (MDR) solution, supported by Extended Detection and Response (XDR) capabilities, to provide continuous threat monitoring, investigation, detection, and response capabilities across its digital estate.
The Contract is required for a period of 3 years from 1st January 2027 with the option to extend for a further 2 years, ie a 3+2 year contract.",GLF SCHOOLS,,360000.0,GBP,2026-08-24,2026-09-10,tenderUpdate,active,,https://www.find-tender.service.gov.uk/Notice/080566-2026,2026-08-25T07:40:20.886999+00:00
FTS,ocds-h6vhtk-069134_080565-2026,Holiday Activities and Food (HAF) Pre Market Engagement,"West Northamptonshire Council (WNC) is hosting an online Market Engagement Information Session for organisations interested in the forthcoming recommissioning of 
the Holiday Activities and Food (HAF) Programme.
Following our initial Market Engagement Event held in June 2026, we are aware that further interest has been generated from organisations wishing to understand the upcoming commissioning opportunity. As a result, WNC is offering an additional information session to provide prospective pr",West Northamptonshire Council,,2000000.0,GBP,2026-08-24,,planning,planning,,https://www.find-tender.service.gov.uk/Notice/080565-2026,2026-08-25T07:40:20.887004+00:00
FTS,ocds-h6vhtk-06eafc_080564-2026,Gloucestershire Refugee Support Service 2026,"Gloucestershire County Council (the Council) on behalf of the Gloucestershire Strategic Migration Partnership (GSMP)
Gloucestershire County Council intends to award a Single-Supplier Contract for the delivery of support services for refugees. The procurement will be conducted through an Open Competitive Selection Process in accordance with the Procurement Act 2023 Light Touch Regime.
The contract value is estimated at up to £1.5 million, with funding expected to reduce over the life of the contr",Gloucestershire County Council-,,1500000.0,GBP,2026-08-24,2026-09-23,tender,active,,https://www.find-tender.service.gov.uk/Notice/080564-2026,2026-08-25T07:40:20.887008+00:00
FTS,ocds-h6vhtk-06c6ff_080563-2026,Edoxaban Review Service W94009,,Betsi Cadwaladr University Health Board,,,GBP,2026-08-24,,awardUpdate,,85121100,https://www.find-tender.service.gov.uk/Notice/080563-2026,2026-08-25T07:40:20.887012+00:00
FTS,ocds-h6vhtk-06c6ff_080562-2026,Edoxaban Review Service W94006,,Betsi Cadwaladr University Health Board,,,GBP,2026-08-24,,awardUpdate,,85121100,https://www.find-tender.service.gov.uk/Notice/080562-2026,2026-08-25T07:40:20.887016+00:00
FTS,ocds-h6vhtk-06eafb_080561-2026,Client Transport Services 2026 - 2034 - SEND,"Client Transport Services 2026 - 2034 - SEND : West Ewell to Ewell
1 pupil - saloon vehicle required",Surrey County Council,,,GBP,2026-08-24,,award,complete,,https://www.find-tender.service.gov.uk/Notice/080561-2026,2026-08-25T07:40:20.887022+00:00
FTS,ocds-h6vhtk-06c292_080560-2026,Home to School Transport (Buses),SEND buses transport service to take children/young people to and from their place of education.,London Borough of Southwark,,,GBP,2026-08-24,,award,complete,,https://www.find-tender.service.gov.uk/Notice/080560-2026,2026-08-25T07:40:20.887025+00:00
FTS,ocds-h6vhtk-06af52_080559-2026,Bradford Children’s Services - Children and Young Person’s Occupational Therapy Service,"City of Bradford Metropolitan District Council is commissioning a providerto deliver a full Social Care Occupational Therapy Service for Children and Young People. The primary role is to assess a child or young person in the community, home base, and support them to increase independence and engagement in everyday activities. The service will: • support children and young people with physical disabilities, complex health needs, neurodiverse needs including ASD and behaviours that challenge • pro",City of Bradford Metropolitan District Council,,,GBP,2026-08-24,,award,complete,,https://www.find-tender.service.gov.uk/Notice/080559-2026,2026-08-25T07:40:20.887029+00:00
FTS,ocds-h6vhtk-05f1ad_080558-2026,"Provision of Vehicle Conversions, Conversion Parts, Livery, Emergency Lighting and Signage",,"The Police, Fire and Crime Commissioner for Northamptonshire",,,GBP,2026-08-24,,contractAmendment,,,https://www.find-tender.service.gov.uk/Notice/080558-2026,2026-08-25T07:40:20.887035+00:00
FTS,ocds-h6vhtk-06eafa_080557-2026,Bus Services Framework,"The proposed Bus Services Framework is being established to support the future procurement of a wide range of bus and passenger transport services. These include secured local bus services, schools and works transport, group travel, seasonal services, Metro replacement services, and other operational or emergency transport requirements. The framework will operate as a closed framework agreement for an initial three-year period, with the option to extend for up to 24 months. The total estimated f",Tyne and Wear Passenger Transport Executive T/A Nexus,,20000000.0,GBP,2026-08-24,,planning,planning,,https://www.find-tender.service.gov.uk/Notice/080557-2026,2026-08-25T07:40:20.887039+00:00
FTS,ocds-h6vhtk-066c58_080556-2026,Heavy Overhaul of London Underground Switch Tilter (LUST) Wagons,"The contract comprises the heavy overhaul, repair, testing and recertification of London Underground Switch Tilter (LUST) Wagons and associated lifting equipment used to support the Modular Points and Crossings (MPaC) system and track renewal activities across the London Underground network.
The scope includes the overhaul and refurbishment of eight (8) LUST Wagons, six (6) lifting beams and sixty-four (64) pairs of cross and connector beams, together with associated inspection, testing, certifi",Transport for London,,,GBP,2026-08-24,,award,complete,,https://www.find-tender.service.gov.uk/Notice/080556-2026,2026-08-25T07:40:20.887043+00:00
FTS,ocds-h6vhtk-06eaf9_080555-2026,WGSN database subscription renewal,"WGSN Ltd. is the unique supplier. This is a library subscription that the university has taken since 2009 and the resource is embedded into the teaching of Art and Design courses. The time and cost of change would outweigh any savings that could be generated by running a competitive procurement process. The value of the contract is below the £207,720.00 including VAT threshold for tendering set by the UK Government under the PA2023 regulations.",Coventry University,,,GBP,2026-08-24,,award,complete,,https://www.find-tender.service.gov.uk/Notice/080555-2026,2026-08-25T07:40:20.887047+00:00
FTS,ocds-h6vhtk-06cad0_080554-2026,Provision of Water Supply Services - Midsomer Norton Schools Partnership -,"Midsomer Norton Schools Partnership - Provision of Water Supply Services - This tender opportunity has been issued by ESOS Energy Ltd, on behalf of Midsomer Norton Schools Trust. The proposed contract will be for the provision of Water Supply Services to the Trust. The Supplier shall ensure continuity of water supply and deliver all onboarding and switching activities (including data collection and industry flows) such that supply commences on the agreed start date with no avoidable interruption",Midsomer Norton Schools Partnership,,,GBP,2026-08-24,,award,complete,,https://www.find-tender.service.gov.uk/Notice/080554-2026,2026-08-25T07:40:20.887051+00:00
FTS,ocds-h6vhtk-06c6ff_080553-2026,Edoxaban Review Service W94002,,Betsi Cadwaladr University Health Board,,,GBP,2026-08-24,,awardUpdate,,85121100,https://www.find-tender.service.gov.uk/Notice/080553-2026,2026-08-25T07:40:20.887054+00:00
FTS,ocds-h6vhtk-06eaf8_080552-2026,Westcliff Adult Community Centre Boiler Replacement,"Urgent replacement of the two main boilers and re-pipe the low loss header for better hot water flow
£72,000",Southend-on-Sea City Council,,,GBP,2026-08-24,,award,complete,,https://www.find-tender.service.gov.uk/Notice/080552-2026,2026-08-25T07:40:20.887058+00:00
FTS,ocds-h6vhtk-06eaf7_080551-2026,M&E,Design and installation of MEP services,Springboard Two Housing Association Limited,,,GBP,2026-08-24,,award,complete,,https://www.find-tender.service.gov.uk/Notice/080551-2026,2026-08-25T07:40:20.887064+00:00
FTS,ocds-h6vhtk-06d939_080550-2026,Estates Strategy,"Introduction and Background
City College Plymouth provides general further education, higher education and work-based learning to the city of Plymouth and surrounding areas. As a leading provider of vocational training in the Southwest, it has a vision to be the learning destination of choice, providing learning without limits at the heart of the local community.
The 5-year Estates Strategy (2026-2031) will outline the roadmap to transform the College property portfolio into a sustainable, effic",City College Plymouth,,,GBP,2026-08-24,2026-09-02,tenderUpdate,active,,https://www.find-tender.service.gov.uk/Notice/080550-2026,2026-08-25T07:40:20.887068+00:00
FTS,ocds-h6vhtk-06d550_080549-2026,Critical Minerals - Demand Aggregation Platform,"A new web-based platform to help UK industry consolidate and pool its critical mineral demand across different industries, facilitate industry-led strategic offtake agreements, and help industry and Government to make better use of UK public finance to catalyse private investment.",Department for Business & Trade,,4166666.67,GBP,2026-08-24,,planning,planned,,https://www.find-tender.service.gov.uk/Notice/080549-2026,2026-08-25T07:40:20.887072+00:00
FTS,ocds-h6vhtk-06eaf6_080548-2026,Provision of Method of Entry (MoE) Kit,"Provision of Method of Entry (MoE) Kit for Northamptonshire Police.
This is a call-off contract with an up to value of £40,000 excluding VAT for the initial 3 year term and 12-month optional extension.
There is no commitment for the Authority to spend the full amount.","The Police, Fire and Crime Commissioner for Northamptonshire",,,GBP,2026-08-24,,award,complete,,https://www.find-tender.service.gov.uk/Notice/080548-2026,2026-08-25T07:40:20.887075+00:00
FTS,ocds-h6vhtk-06eaf5_080547-2026,New Forest Deer PSS: Co-ordinator - Southern New Forest Deer Management Group (DMG South),"The Co-ordinator will lead and facilitate development of the New Forest SDMG, supporting stakeholders to establish a shared vision, clear purpose, formal membership arrangements and effective governance. 
The role will help create the structures, relationships and evidence base required for the group to operate independently and contribute to the long-term delivery of the New Forest Deer Protected Site Strategy.",Natural England,,18750.0,GBP,2026-08-24,2026-09-18,tender,active,,https://www.find-tender.service.gov.uk/Notice/080547-2026,2026-08-25T07:40:20.887079+00:00
FTS,ocds-h6vhtk-05eddd_080546-2026,Provision of Learning Management System (LMS),"Leicester’s Safeguarding Children Partnership, in collaboration with Leicestershire and Rutland’s Safeguarding Children Partnership, is seeking to procure a Learning Management System (LMS) to support and enhance its multi-agency training program. The partnership delivers a range of safeguarding training and conferences with approximately 2,500 delegates attending each year, the training is delivered through a mix of in-person classroom sessions and online learning modules. In addition to delive",Leicester City Council,,,GBP,2026-08-24,,award,complete,,https://www.find-tender.service.gov.uk/Notice/080546-2026,2026-08-25T07:40:20.887083+00:00
FTS,ocds-h6vhtk-0699f1_080545-2026,Offsite biodiversity gains and climate contributions,,NATIONAL GRID UK LIMITED,,,GBP,2026-08-24,,award,,,https://www.find-tender.service.gov.uk/Notice/080545-2026,2026-08-25T07:40:20.887086+00:00
FTS,ocds-h6vhtk-06eaf4_080544-2026,HMS/CRM and Finance Systems Consultancy Support,"The supplier will be required to design and deliver a structured requirements‑gathering exercise across all relevant service areas and user groups, resulting in a comprehensive specifications that meets the Trust's current and future needs. In addition, the supplier will map existing housing and customer‑facing processes and, finance processes, identify inefficiencies and opportunities for improvement, and design future‑state processes aligned with sector best practice and a modern HMS/CRM and f",WEAVER VALE HOUSING TRUST LIMITED,,,GBP,2026-08-24,,award,complete,,https://www.find-tender.service.gov.uk/Notice/080544-2026,2026-08-25T07:40:20.887090+00:00
FTS,ocds-h6vhtk-06a8ba_080543-2026,Construction of Revoe Community Sports Facilities Development,"Blackpool Council is looking to appoint a Supplier for the delivery of 2 x 7-a-side 3G Football Pitches, 1 x Multi Use Games Area, 2 x Padel Courts and associated landscaping. The site is adjacent to Blackpool Football Club, off Seasiders Way, Blackpool. The scheme is at RIBA Stage 3, and Blackpool Council will engage a Lead Consultant who will continue to be employed by Blackpool Council throughout the duration of the works through to completion. A planning application was submitted in April 20",Blackpool Borough Council,,4000000.0,GBP,2026-08-24,2026-09-07,tender,active,,https://www.find-tender.service.gov.uk/Notice/080543-2026,2026-08-25T07:40:20.887095+00:00
FTS,ocds-h6vhtk-06c9e4_080542-2026,"Prairie Sports Village, Burnley - Construction of Car Park","Tenders are invited from contractors having the resources, sufficient capacity and experience working with Local Authority clients to create a new car park that The Prairie Sports Village, Burnley. All works must be in accordance with the specification and written instructions in the tender documents.
The contractor will also be responsible for the secure and safe segregation from public areas to all occupied units. Post construction cleaning is required also.
The full details of the Council's r",Burnley Borough Council,,,GBP,2026-08-24,,award,complete,,https://www.find-tender.service.gov.uk/Notice/080542-2026,2026-08-25T07:40:20.887098+00:00
FTS,ocds-h6vhtk-06c6ff_080541-2026,Edoxaban Review Service W91032,,Betsi Cadwaladr University Health Board,,,GBP,2026-08-24,,awardUpdate,,85121100,https://www.find-tender.service.gov.uk/Notice/080541-2026,2026-08-25T07:40:20.887104+00:00
FTS,ocds-h6vhtk-06eaf3_080540-2026,Planned Maintenance Framework - NI,"NHMF Frameworx is undertaking preliminary market engagement in relation to the proposed establishment of a dedicated Planned Maintenance Framework for Northern Ireland.
The proposed framework is intended to provide NHMF members, housing providers and other public sector organisations across Northern Ireland with a compliant and flexible route to market for the delivery of planned investment, refurbishment, improvement and associated maintenance works.
The final scope and lot structure will be in",NHMF (NPC) LIMITED,,1500000000.0,GBP,2026-08-24,,planning,planning,,https://www.find-tender.service.gov.uk/Notice/080540-2026,2026-08-25T07:40:20.887110+00:00
FTS,ocds-h6vhtk-06be49_080539-2026,Fusion APPG Support,Fusion APPG Support for UKAEA,UK Atomic Energy Authority,,,GBP,2026-08-24,,award,complete,,https://www.find-tender.service.gov.uk/Notice/080539-2026,2026-08-25T07:40:20.887114+00:00
FTS,ocds-h6vhtk-06eaf2_080538-2026,Provision of a Financial Management System,"Derby College Group (herein referred to as ‘DCG’) currently utilises a Financial Management System via the Open Accounts system.  This contract is due to expire automatically on 31.07.27. The intended outcome of the process is to determine the most advantageous tender(s) (MAT) and select a suitable Financial Management System, capable of meeting all DCG specified requirements for implementation before 01.08.27 to ensure seamless continuity of system functionality for DCG. 
Derby College Group un",Derby College Group,,,GBP,2026-08-24,2026-09-21,tender,active,,https://www.find-tender.service.gov.uk/Notice/080538-2026,2026-08-25T07:40:20.887120+00:00
FTS,ocds-h6vhtk-0673a0_080537-2026,The Primary Value Added Reseller (VAR) for the Metropolitan Police Service,"Provides a managed route for the procurement of technology hardware, software and associated services, delivering commercial oversight, supply chain management and value for money across the MPS technology estate.",Mayor's Office for Policing and Crime,,,GBP,2026-08-24,,award,complete,,https://www.find-tender.service.gov.uk/Notice/080537-2026,2026-08-25T07:40:20.887123+00:00
FTS,ocds-h6vhtk-06ca59_080536-2026,"Stakeholder, Political Engagement & Reputation Communications PR","The successful bidder will understand the political and regulatory landscape of FE, have existing relationships across Whitehall, Parliament, and the trade and national press, and can move at pace when issues arise.",The City of Liverpool College,,,GBP,2026-08-24,,award,complete,,https://www.find-tender.service.gov.uk/Notice/080536-2026,2026-08-25T07:40:20.887127+00:00
FTS,ocds-h6vhtk-06d754_080535-2026,Strategic Partner Support,"Cardiff and Vale University Health Board has invested in a critical programme of strategic transformation which has started to shape the future of health and care delivery across the nation. This initiative is progressing well and is making impressive inroads, having developed and implemented a cohesive, long-term vision and strategy that is addressing the evolving needs of the population, is responding to systemic challenges and ensuring the implementation of sustainable integrated care models ",Cardiff and Vale University Health Board,,,GBP,2026-08-24,,award,complete,,https://www.find-tender.service.gov.uk/Notice/080535-2026,2026-08-25T07:40:20.887131+00:00
FTS,ocds-h6vhtk-06eaf1_080534-2026,Inpatient Detox (IPD),This contract is for medically managed alcohol inpatient detox using drug strategy grant (DATRIG) which includes allocation for IPD.  SBC commissions this service on behalf on Hartlepool and Stockton. The aim of the service is to provide safe withdrawal from alcohol dependence for residents who have been referred by Specialist Community Drug and Alcohol Recovery Services as part of their recovery plan.  The service provides care to service users with substance-related problems that are sufficien,Stockton on Tees Borough Council,,,GBP,2026-08-24,,award,complete,85312500,https://www.find-tender.service.gov.uk/Notice/080534-2026,2026-08-25T07:40:20.887135+00:00
FTS,ocds-h6vhtk-06eaf0_080533-2026,Ymarfer Gwrando Dwfn Rhaglen Marmot Marmot Programme Deep Listening Exercise,"Mae Cyngor Bwrdeistref Sirol Merthyr Tudful yn ceisio penodi darparwr cymwys a phrofiadol priodol i ddylunio a chyflwyno Ymarfer Gwrando Dwfn i gefnogi Rhaglen Marmot Merthyr Tudful.
Bydd y darparwr penodedig yn gweithio ar y cyd â'r Cyngor, Prifysgol De Cymru, partneriaid Bwrdd Gwasanaethau Cyhoeddus Cwm Taf Morgannwg, rhanddeiliaid lleol a chymunedau i gasglu, dadansoddi ac adrodd ar brofiadau byw trigolion ledled y Fwrdeistref Sirol. Bydd yr ymarfer yn llywio datblygu polisi yn y dyfodol, cyn",Cyngor Bwrdeistref Sirol Merthyr Tudful Merthyr Tydfil County Borough Council,,77000.0,GBP,2026-08-24,2026-09-14,tender,active,,https://www.find-tender.service.gov.uk/Notice/080533-2026,2026-08-25T07:40:20.887139+00:00
FTS,ocds-h6vhtk-06eaef_080532-2026,Electoral Management System and Support,"Electoral Management System and support, including Mobile Canvassing App and the addition of WebReg for use in Blaby District.",Blaby District Council,,,GBP,2026-08-24,,award,complete,72200000,https://www.find-tender.service.gov.uk/Notice/080532-2026,2026-08-25T07:40:20.887142+00:00
FTS,ocds-h6vhtk-06eaee_080531-2026,"Provision of Homeless Supported Accommodation, Outreach Tenancy Support and Housing First Services","This Prior Information Notice relates to a Provider Information Event only in relation to a Falkirk Council Framework Agreement for the Provision of Homeless Supported Accommodation, Outreach Tenancy Support and Housing First Services.
Please see Section VI below for additional information.",Falkirk Council,,6600000.0,GBP,2026-08-24,,planning,planned,85300000,https://www.find-tender.service.gov.uk/Notice/080531-2026,2026-08-25T07:40:20.887148+00:00
FTS,ocds-h6vhtk-0659de_080530-2026,Accommodation and Support for Ex-Offenders,Provision of Accommodation and Support for Ex-Offenders,Oxford City Council,,,GBP,2026-08-24,,award,complete,,https://www.find-tender.service.gov.uk/Notice/080530-2026,2026-08-25T07:40:20.887152+00:00
FTS,ocds-h6vhtk-065cc9_080529-2026,Provision of a Cloud Transition Training Programme,"Digital Health and Care Wales (""DHCW"") have had a requirement for a Cloud Transition Training Programme.The Cloud  Transition Programme (""CTP"") is a multi-year transformation initiative to migrate National digital services from legacy on-premises infrastructure to secure, cloud platform which will improve reliability, security and performances across NHS Wales. 
The CTP is also driving organisational change within DHCW, this is being conducted by equipping and supporting staff with the skills, t",Digital Health & Care Wales,,,GBP,2026-08-24,,award,complete,,https://www.find-tender.service.gov.uk/Notice/080529-2026,2026-08-25T07:40:20.887155+00:00
FTS,ocds-h6vhtk-06eaed_080528-2026,Lindo wing roof,Appointment of a Principle Designer to provide CDM Principal Designer Services in connection with the Lindo Wing Roof project at St Mary's Hospital,Imperial College Healthcare NHS Trust,,,GBP,2026-08-24,,award,complete,71317210,https://www.find-tender.service.gov.uk/Notice/080528-2026,2026-08-25T07:40:20.887159+00:00
FTS,ocds-h6vhtk-06eaec_080527-2026,Provision of Public Health Knowledge and Library Services from UKHSA,"The existing UKHSA subscription is more cost effective than a separate, new subscription. This service allows NHS Public Health staff to carry out skilled literature searching, stay up to date on the latest research and empowers practitioners with essential tools to enhance patient care and advance their professional expertise.",NHS England,,,GBP,2026-08-24,,award,complete,,https://www.find-tender.service.gov.uk/Notice/080527-2026,2026-08-25T07:40:20.887162+00:00
FTS,ocds-h6vhtk-06eaeb_080526-2026,"Transport Infrastructure, Maintenance & Enhancements (TIME) Framework","Transport for Wales (TfW) is developing a new multi-lot framework agreement for the provision of infrastructure, maintenance, and enhancement works and services across the transport sector. 
The framework is intended to provide a compliant, flexible, and efficient route to market for a broad range of transport-related activities, supporting the ongoing maintenance, renewal, improvement, and enhancement of rail infrastructure and associated assets. The framework will be organised into a number of",Transport for Wales Rail Limited (Utility Buyer),,250000000.0,GBP,2026-08-24,,planning,planning,,https://www.find-tender.service.gov.uk/Notice/080526-2026,2026-08-25T07:40:20.887166+00:00
FTS,ocds-h6vhtk-05e009_080525-2026,Clinical Waste Management,"The provision of a Clinical Waste Management service including safe handling, collection, transportation and safe & legal disposal.
The original notice UK-10494 was published by University Hospitals Morecambe Bay NHS Foundation Trust on behalf of the Northern Clinical Waste Consortium. 
The corrected value based upon the initial contract period of 3 years is £10,365,847.32 excluding VAT and is split across the following consortium member organisations:
North Cumbria Integrated Care NHS Foundatio",North Cumbria Integrated Care NHS Foundation Trust,,,GBP,2026-08-24,,award,complete,,https://www.find-tender.service.gov.uk/Notice/080525-2026,2026-08-25T07:40:20.887170+00:00
FTS,ocds-h6vhtk-06eaea_080524-2026,London Offender Personality Disorder (OPD) Community Pathway Services - Modification,,NHS England,,,GBP,2026-08-24,,awardUpdate,,85121000,https://www.find-tender.service.gov.uk/Notice/080524-2026,2026-08-25T07:40:20.887173+00:00
FTS,ocds-h6vhtk-06eae9_080523-2026,PS26234 - Communication support,"***** THIS IS A CONTRACT DETAILS NOTICE, NOT A CALL FOR COMPETITION *****
This procurement is being concluded without competition due there are no reasonable alternatives to those goods, services or works
Brief Description of Requirement UK Research and Innovation (UKRI) have a requirement for Communication support",UK Research and Innovation,,,GBP,2026-08-24,,award,complete,,https://www.find-tender.service.gov.uk/Notice/080523-2026,2026-08-25T07:40:20.887177+00:00
FTS,ocds-h6vhtk-06d074_080522-2026,Rodney Stoke Access Track Improvements,"Access track improvements to be completed by the end of September 2026. Location: Rodney Stoke, Mendip, Somerset . See Request for Quotation document for full specification.",Natural England,,,GBP,2026-08-24,,award,complete,,https://www.find-tender.service.gov.uk/Notice/080522-2026,2026-08-25T07:40:20.887180+00:00
FTS,ocds-h6vhtk-065653_080521-2026,Bariatric Equipment Rental - Lancashire Teaching Hospitals,Rental of Bariatric Equipment for Lancashire Teaching Hospitals NHS Foundation Trust,Lancashire Teaching Hospitals NHS Foundation Trust,,,GBP,2026-08-24,,award,complete,,https://www.find-tender.service.gov.uk/Notice/080521-2026,2026-08-25T07:40:20.887185+00:00
FTS,ocds-h6vhtk-06eae8_080520-2026,"Provision of equipment, reagents and consumables for Immunohistochemistry",Provision of equipment and reagents and consumables for the Immunohistochemistry service within Cellular Pathology.,NHS Wales Shared Services Partnership (hosted by Velindre University NHS Trust),,,GBP,2026-08-24,,award,complete,,https://www.find-tender.service.gov.uk/Notice/080520-2026,2026-08-25T07:40:20.887191+00:00
FTS,ocds-h6vhtk-06c8c2_080519-2026,Independent Scrutineer SEND,"Northumberland County Council wishes to commission a suitably experienced provider to undertake the role of Independent Scrutineer of the Northumberland Strategic SEND Partnership. The provider must be able to offer independent scrutiny, rigorous constructive challenge, independent chair role and objective assurance to support the SEND Partnership to fulfil its responsibilities for improving outcomes, experiences and inclusion for children and young people with SEND and their families.
The role ",Northumberland County Council,,,GBP,2026-08-24,,award,complete,,https://www.find-tender.service.gov.uk/Notice/080519-2026,2026-08-25T07:40:20.887195+00:00
FTS,ocds-h6vhtk-0680ae_080518-2026,Staff Survey and Employee Experience Platform,"York St John University (YSJ) will be procuring a new staff survey and employee experience platform to support the delivery of its People and Culture Plan and its ambition to be The University for Social Impact. Building on the foundations already established, YSJ will seek a more mature, insight-driven approach to understanding, measuring and enhancing the experiences and working lives of its staff.
For more information about this opportunity, please visit the eSourcing portal at: 
https://neup",York St John University,,,GBP,2026-08-24,2026-10-19,tender,active,,https://www.find-tender.service.gov.uk/Notice/080518-2026,2026-08-25T07:40:20.887198+00:00
FTS,ocds-h6vhtk-06eae7_080517-2026,PMEN UKFE - 259 Aluminium Waveguide Straightness,"The project aims to investigate and validate a suitable measurement technique for measuring the internal (axis and surface) straightness and cylindricity of waveguides
For more information about this opportunity, please visit the eSourcing portal at: 
https://ukfe.delta-esourcing.com/tenders/UK-UK-Abingdon:-Technical-inspection-and-testing-services./HKKZ9F95TT
To respond to this opportunity, please click here: 
https://ukfe.delta-esourcing.com/respond/HKKZ9F95TT",UK Fusion Energy Limited,,20000.0,GBP,2026-08-24,,planning,planning,,https://www.find-tender.service.gov.uk/Notice/080517-2026,2026-08-25T07:40:20.887202+00:00
FTS,ocds-h6vhtk-06eae6_080516-2026,Ceredigion - Replacement of Infrared Interpretation and Assisted Listening System,"Ceredigion County Council is seeking to procure the services of a qualified and experienced contractor or organisation to undertake the replacement of the existing Sennheiser Infrared (IR) interpretation and assisted listening system within the Council Chamber. The supplier shall provide a complete installation service, including supply, installation, configuration, testing and commissioning of the proposed solution. Bidders may also offer a maintenance service, which the Council may elect to aw",Cyngor Sir Ceredigion County Council,,25000.0,GBP,2026-08-24,2026-09-15,tender,active,,https://www.find-tender.service.gov.uk/Notice/080516-2026,2026-08-25T07:40:20.887206+00:00
FTS,ocds-h6vhtk-04ce34_080515-2026,Insourced Autism Assessment Service – Children and Young People (CYP),"Barnsley Metropolitan Borough Council (the Council) is seeking to establish a contract with a Single Provider via the Commercial Procurement Services Autism and ADHD Assessment Services Framework (Ref: F/097/AAAS/24/AB). The purpose of this call‑off is to support the insourced delivery of autism diagnostic assessments for Children and Young People currently on the Barnsley waiting list, utilising external clinical capacity within NHS or local authority settings to reduce delays and improve acces",Barnsley Metropolitan Borough Council,,,GBP,2026-08-24,,award,complete,85000000,https://www.find-tender.service.gov.uk/Notice/080515-2026,2026-08-25T07:40:20.887211+00:00
FTS,ocds-h6vhtk-06eae5_080514-2026,Newcastle Christmas Markets - Chalet Hire,"Newcastle City Council seeks to identify a suitable partner to manufacture, supply, install, maintain, and remove 58 chalets of various sizes to serve the Christmas Market in the busy thriving city centre of Newcastle.",Newcastle City Council,,104000.0,GBP,2026-08-24,2026-09-14,tender,active,,https://www.find-tender.service.gov.uk/Notice/080514-2026,2026-08-25T07:40:20.887215+00:00
FTS,ocds-h6vhtk-06eae4_080513-2026,PHW-ITT-63915 - PUBLIC HEALTH WALES BTW CARDIFF – BUILDING WORKS – INTERNAL AND EXTERNAL,"PHW require a supplier to deliver external and internal building refurbishment works, including front and side elevation scaffolding, side render removal, masonry repairs and redecoration, rainwater goods clearance, and front timber window frame repairs and painting, to supply all labour, materials, access equipment, and management. The scope also covers full site safety, waste removal, weekly progress reporting, pre-tender site visits, and the submission of required programs, insurance, and hea",Public Health Wales NHS Trust,,125000.0,GBP,2026-08-24,2026-09-28,tender,active,,https://www.find-tender.service.gov.uk/Notice/080513-2026,2026-08-25T07:40:20.887218+00:00
FTS,ocds-h6vhtk-06eae3_080512-2026,Recycle Week Evaluation and PR stats,"Recycle Week 2026 will run from 14-20 September 2026 but with core campaign activity running from 31 August to 30 September and aims to increase recycling participation among adults (with a focus on 18-34 year-olds) who believe recycling is worthwhile in principle but are not consistently recycling all recyclable items. 
The campaign will focus on building a stronger sense of recycling worthwhileness, helping people understand that their individual recycling actions make a meaningful difference.",Waste & Resources Action Programme,,,GBP,2026-08-24,,award,complete,,https://www.find-tender.service.gov.uk/Notice/080512-2026,2026-08-25T07:40:20.887222+00:00
FTS,ocds-h6vhtk-06eae2_080511-2026,The Engine Room Evaluation,Tees Valley Combined Authority (TVCA) is seeking a provide to deliver an evaluation of the engine room project a 3-year Arts Council Funded creative sector support programme.,Tees Valley Combined Authority,,,GBP,2026-08-24,,award,complete,,https://www.find-tender.service.gov.uk/Notice/080511-2026,2026-08-25T07:40:20.887228+00:00
FTS,ocds-h6vhtk-04b35a_080510-2026,Meter Data Management System,"This procurement is for a Meter Data Management System (MDMS) to support the nationwide rollout of AMI smart metering to ~135,000 business customers by providing the central data management platform for smart meter data. This procurement runs in parallel with a separate procurement for smart water meters, Head-End-Systems (HES) and communication networks. The MDMS must be able to integrate with the smart metering solutions being procured through this parallel framework and provide functionality ",Scottish Water,,,GBP,2026-08-24,,award,complete,72222300,https://www.find-tender.service.gov.uk/Notice/080510-2026,2026-08-25T07:40:20.887232+00:00
FTS,ocds-h6vhtk-06c6ff_080509-2026,Edoxaban Review Service W94031,,Betsi Cadwaladr University Health Board,,,GBP,2026-08-24,,awardUpdate,,85121100,https://www.find-tender.service.gov.uk/Notice/080509-2026,2026-08-25T07:40:20.887235+00:00
FTS,ocds-h6vhtk-06eae1_080508-2026,Reinstatement Valuation for Insurance,"Spelthorne Borough Council (""the Council”) invites quotations from suitably qualified and experienced suppliers to provide a reinstatement cost assessment (RCA) for building insurance purposes. ",Spelthorne Borough Council,,,GBP,2026-08-24,,award,complete,,https://www.find-tender.service.gov.uk/Notice/080508-2026,2026-08-25T07:40:20.887240+00:00
FTS,ocds-h6vhtk-06eae0_080507-2026,Commercial Electrical Servicing & Remedial Works,"Carmarthenshire County Council requires suitably qualified and accredited contractors to undertake servicing (and any remedial works) of electrical equipment installations across its commercial (i.e. non-housing) property portfolio, focussed specifically on:
• Electrical Installation Condition Reports (EICRs)
• Portable Appliance Testing (PAT)
• Emergency Lighting
• EV Charging
• Solar PV/Battery Storage/Cleaning
• Surge Protection Devices
• Air Circuit Breakers (ACBs)
• Lightning Protection 
• ",Carmarthenshire County Council,,5000000.0,GBP,2026-08-24,,planning,planning,,https://www.find-tender.service.gov.uk/Notice/080507-2026,2026-08-25T07:40:20.887244+00:00
FTS,ocds-h6vhtk-06c6ff_080506-2026,Edoxaban Review Service W94024,,Betsi Cadwaladr University Health Board,,,GBP,2026-08-24,,awardUpdate,,85121100,https://www.find-tender.service.gov.uk/Notice/080506-2026,2026-08-25T07:40:20.887247+00:00
FTS,ocds-h6vhtk-06c6ff_080505-2026,Edoxaban Review Service W94019,,Betsi Cadwaladr University Health Board,,,GBP,2026-08-24,,awardUpdate,,85121100,https://www.find-tender.service.gov.uk/Notice/080505-2026,2026-08-25T07:40:20.887251+00:00
FTS,ocds-h6vhtk-069beb_080504-2026,NOE CPC Specialist Security Services & Nurse Call Systems,The aim of the project is to design a new solution that will replace our current Security Services (NOE.0571) framework agreement (expiry 08/06/2027) and cover an enhanced specialised scope.,"Leeds and York Partnership NHS Foundation Trust, trading as North of England NHS Commercial Procurement Collaborative (""NOE CPC"")",,145000000.0,GBP,2026-08-24,,planning,planned,,https://www.find-tender.service.gov.uk/Notice/080504-2026,2026-08-25T07:40:20.887256+00:00
Contracts Finder,ocds-b5fd17-0c6645ae-1ffd-450c-a57d-c1cece2b8562_c3867725-20ed-43f3-b5a7-25f960a44aae-911904,WQP M1 Top Lock Cottage - Ground Investigation Works,"Ground investigation works associated with the Water Quality Programme M1 Top Lock Cottage scheme (PIN 623826), delivered as a call-off under the Ground Investigation Framework (Midlands Lot). The works comprise ground investigation and associated reporting in accordance with the scheme Ground Investigation Scope Report and ICE Specification.",National Highways Limited,,59550.54,GBP,2026-08-24,2026-08-24,award,complete,45111250,https://www.contractsfinder.service.gov.uk/Notice/c3867725-20ed-43f3-b5a7-25f960a44aae-911904,2026-08-25T07:40:23.357223+00:00
Contracts Finder,ocds-b5fd17-88a2edd4-8980-4b30-90b2-cd06e6f272dd_b42db63d-2f2c-4cb2-b022-86aedb243609-911903,Taxi and MPV (1-8 seats) Passenger Assistant - Taxi and MPV (1-8 seats) Passenger Assistant,"Vehicle type: saloon
Passenger Assistant Required: Yes 

Proposed Taxi Route:
From: 
TN37 7EG 
TN40 2SE
To:   Headstart school Ninfield, TN33 9EG

Frequency: Monday-Friday
Daily School Time: 8:45-15-10
 This opportunity has been distributed on SProc.net",East Sussex County Council,,,GBP,2026-08-24,2026-08-27,tender,active,60000000,https://www.contractsfinder.service.gov.uk/Notice/b42db63d-2f2c-4cb2-b022-86aedb243609,2026-08-25T07:40:23.357509+00:00
Contracts Finder,ocds-b5fd17-72db28b1-c882-4e40-8470-acd916a51a98_15eb309e-0399-4182-ac5c-078f382cf098-911902,Taxi and MPV (1-8 seats) Passenger Assistant - Taxi and MPV (1-8 seats) Passenger Assistant,"Vehicle type: Saloon 
Passenger Assistant Required:  Yes 

Proposed Taxi Route:
From:
BN22 7FD
BN9 0LX
To:   East Sussex College, Eastbourne - BN21 2UF

Frequency: 
Monday-Wednesday: PM journeys only 
Thursday: AM and PM journey
Friday - AM journey and two PM journeys (one for each pupil)
Daily School Time: 9:00-15:15

Comments for Operator:  
Pupil 1 requires transport Monday-Friday for the PM trip only at 13:00. 
Pupil 2 requires transport Thursday PM, Friday AM and Friday PM.",East Sussex County Council,,,GBP,2026-08-24,2026-08-28,tender,active,60000000,https://www.contractsfinder.service.gov.uk/Notice/15eb309e-0399-4182-ac5c-078f382cf098,2026-08-25T07:40:23.357712+00:00
Contracts Finder,ocds-b5fd17-c6d8cc4e-5643-491b-bde3-512357759b1f_b95bc07b-f441-4aa0-88b5-f6f91233744a-911901,CBC-2100-Q-SM Kingfishers - Replacement Bath - AWARD,"The Council will provide as much support and information as it can to help guide you through the quotation process. Questions asked together with the response, will be made available to all tenderers, to ensure a fair and consistent approach to all. 
       
      If there is anything you are not sure about or need clarification on, please use the Correspondence facility within the In-tend electronic tendering system. Last date for receiving questions on the In-Tend system: 7th August 2026
  ",Central Bedfordshire Council,,,GBP,2026-08-24,2026-08-14,award,complete,44411200,https://www.contractsfinder.service.gov.uk/Notice/b95bc07b-f441-4aa0-88b5-f6f91233744a-911901,2026-08-25T07:40:23.357923+00:00
Contracts Finder,ocds-b5fd17-2a03f0e3-ff79-468b-bffc-b6123bf61fb0_33eac406-754a-4579-bc6d-64eb096e9333-908554,Technology Delivery Partner 2026,"Provision of a dedicated Programme Team and expert ""critical friend"" oversight to drive, sequence, and deliver a new round of strategic procurements across the Buyer's technology pipeline (including WAN, LAN, and associated medium-sized technology procurements). The service encompasses overall programme planning, dependency mapping, stakeholder governance, requirements gathering, and market engagement coordination.",GOVERNMENT PROPERTY AGENCY,,900000.0,GBP,2026-08-24,2026-05-14,awardUpdate,complete,72000000,https://www.contractsfinder.service.gov.uk/Notice/33eac406-754a-4579-bc6d-64eb096e9333-908554,2026-08-25T07:40:23.358125+00:00
Contracts Finder,ocds-b5fd17-c26c4d20-3bb7-4548-9459-91f832bd3c38_22b2d17f-2933-44ba-8489-a0e40c8644ba-911900,"QBE092 09:00 2026-08-24 Brandon & Lakenheath to West Suffolk College, Bury St Edmunds - 6-seater and a Passenger Assistant required - AWARD","Suffolk County Council is seeking a mini competition against the following Dynamic Purchasing System: `The supply of Passenger Transport Services`, OJEU Notice Id: 2018/S 031-067685.
      
      QBE092 09:00 2026-08-24 Brandon & Lakenheath to West Suffolk College, Bury St Edmunds - 6-seater and a Passenger Assistant required
      
      Further details can be found in the 'Tenders / My Tenders' area of this website, by selecting the 'View Details' button for this project.
      
      Th",Suffolk County Council Passenger Transport,,,GBP,2026-08-24,2026-08-24,award,complete,60000000,https://www.contractsfinder.service.gov.uk/Notice/22b2d17f-2933-44ba-8489-a0e40c8644ba-911900,2026-08-25T07:40:23.358319+00:00
Contracts Finder,ocds-b5fd17-04e6ec0e-ac07-4718-80c2-b5c580ec3182_37870d33-d73d-429c-9ca5-61a81e7a98ed-911899,"QHL116 09:00 2026-08-20 Brockley to The Arch @ Castle Manor, Haverhill - 4-seater vehicle & PA required - AWARD","Suffolk County Council is seeking a mini competition against the following Dynamic Purchasing System: `The supply of Passenger Transport Services`, OJEU Notice Id: 2018/S 031-067685.
      
      QHL116 09:00 2026-08-20 Brockley to The Arch @ Castle Manor, Haverhill - 4-seater vehicle & PA required
      
      Further details can be found in the 'Tenders / My Tenders' area of this website, by selecting the 'View Details' button for this project.
      
      The deadline for returned subm",Suffolk County Council Passenger Transport,,,GBP,2026-08-24,2026-08-20,awardUpdate,complete,60000000,https://www.contractsfinder.service.gov.uk/Notice/37870d33-d73d-429c-9ca5-61a81e7a98ed-911899,2026-08-25T07:40:23.358506+00:00
Contracts Finder,ocds-b5fd17-e845682d-85fa-4b5d-809e-3893e4c4acd0_6e0ee821-0ca9-413f-82d1-ee0f1f45417b-911898,Sir Francis Way Demolition,"Demolitions Works for Sir Francis Way Residential Development on former Garage Site at Land South West of Sir Francis Way, Brentwood, Essex.

Demolition of all existing garages and associated hardstanding on the site to enable the future the Redevelopment of site (development of 3 new 3 bedroom homes and associated works) under the Strategic Housing Delivery Programme.",Brentwood Borough Council,,56835.94,GBP,2026-08-24,2026-03-02,award,complete,45111100,https://www.contractsfinder.service.gov.uk/Notice/6e0ee821-0ca9-413f-82d1-ee0f1f45417b-911898,2026-08-25T07:40:23.358713+00:00
Contracts Finder,ocds-b5fd17-ceffeabf-3b73-4b63-b0ec-a6da2cb9543c_5545ee74-3654-4bdf-ab69-6037bccacdb3-911893,Invitation to Tender - Evaluation Impact Case Studies,"CONTEXT
The Future Parks Accelerator (FPA) programme ran from 2019 to 2022 working intensively with 8 Local Authorities to help identify and develop new ways to care for the urban natural environment, create a step change in how people engaged with parks and greenspaces in the participant cities; and identify new ways to fund parks and greenspaces for the long term, putting the management and funding of green space on a more sustainable footing. 
7 of the FPA Cohort remained closely involved w",THE NATIONAL TRUST FOR PLACES OF HISTORIC INTEREST OR NATURAL BEAUTY,20000.0,25000.0,GBP,2026-08-24,2026-09-14,tender,active,73100000,https://www.contractsfinder.service.gov.uk/Notice/5545ee74-3654-4bdf-ab69-6037bccacdb3,2026-08-25T07:40:23.358919+00:00
Contracts Finder,ocds-b5fd17-a35b86f3-8f00-467a-9c8e-9a6d6e862ffe_2334fddc-16e8-4c81-9ba9-2a76a114409b-911897,TRAS3118 - Refresh of the Transport User Personas,"The Transport User Personas were launched in 2023 and directly supports tailored policy-making and communications. We will undertake a refresh of the Transport User Personas to support the department&apos;s Improving Journeys for People strategic outcome. The refresh will provide updated analysis and tools for the persons and the work will involve: - Updating the data - Adding new aspects of transport e.g. road safety behaviour, freight and aviation and maritime - Increasing coverage of rural ar",DfTc - Department for Transport,,500000.0,GBP,2026-08-24,2026-07-08,award,complete,73200000,https://www.contractsfinder.service.gov.uk/Notice/2334fddc-16e8-4c81-9ba9-2a76a114409b-911897,2026-08-25T07:40:23.359110+00:00
Contracts Finder,ocds-b5fd17-17f730d4-7715-446d-93ba-54b757e3a182_fd11db13-7586-4c75-bfca-422e2403e1df-911896,"QBE093 09:00 2026-08-24 Haverhill to Sir Peter Hall School, Bury St Edmunds,  - 4-seater vehicle and a Passenger Assistant required - AWARD","Suffolk County Council is seeking a mini competition against the following Dynamic Purchasing System: `The supply of Passenger Transport Services`, OJEU Notice Id: 2018/S 031-067685.
      
      QBE093 09:00 2026-08-24 Haverhill to Sir Peter Hall School, Bury St Edmunds,  - 4-seater vehicle and a Passenger Assistant required
      
      Further details can be found in the 'Tenders / My Tenders' area of this website, by selecting the 'View Details' button for this project.
      
      Th",Suffolk County Council Passenger Transport,,,GBP,2026-08-24,2026-08-24,award,complete,60000000,https://www.contractsfinder.service.gov.uk/Notice/fd11db13-7586-4c75-bfca-422e2403e1df-911896,2026-08-25T07:40:23.359289+00:00
Contracts Finder,ocds-b5fd17-dcc630f6-ba50-4877-a0e3-7bc45b0d2c92_38ceb79c-277e-4fd9-977f-74c3a0abff1b-911894,AWS Platform Management,Platform management services (security and data security),HM TREASURY,,1952634.0,GBP,2026-08-24,2026-07-17,awardUpdate,complete,72260000,https://www.contractsfinder.service.gov.uk/Notice/38ceb79c-277e-4fd9-977f-74c3a0abff1b-911894,2026-08-25T07:40:23.359470+00:00
Contracts Finder,ocds-b5fd17-c638bd69-e9c3-484d-b1a5-45f6e3e1ab8f_894785d5-0297-4456-a0a8-faed89cfe7b1-911892,2026 ESCR Consultancy Support,"The contract provides specialist data migration services to support the transfer of data from CareDirector to Mosaic. The supplier is responsible for developing and managing the migration strategy, including data cleansing, ETL/SSIS package development, data validation, reconciliation of financial and client records, testing, and error resolution. The role also includes defining data structures, supporting the creation of a repository for non-migrated data, managing migration milestones and perf",WAKEFIELD COUNCIL,,237739.0,GBP,2026-08-24,2026-06-30,award,complete,72220000,https://www.contractsfinder.service.gov.uk/Notice/894785d5-0297-4456-a0a8-faed89cfe7b1-911892,2026-08-25T07:40:23.359647+00:00
Contracts Finder,ocds-b5fd17-c7d3c77a-c7ea-4a4b-aa6d-69b5061ba24c_23d5fafd-63b0-432f-bd32-a3c4c6985bf8-911891,Lift Servicing & Maintenance,"Requirement for lift servicing & maintenance in Tendring District owned assets.

Initial term is 3 years with the option to extend for a further two years.",Tendring District Council,,137500.0,GBP,2026-08-24,2026-05-31,awardUpdate,complete,42416100,https://www.contractsfinder.service.gov.uk/Notice/23d5fafd-63b0-432f-bd32-a3c4c6985bf8-911891,2026-08-25T07:40:23.359822+00:00
Contracts Finder,ocds-b5fd17-4607f5e7-20b8-4ce1-be69-a04a08f33830_8559a4aa-b04c-4429-ba99-e12f98760f9c-911890,QSC237 09:00 2026-08-20 Great Cornard to Explore Outdoor (Sudbury) - 4-seater vehicle - AWARD,"Suffolk County Council is seeking a mini competition against the following Dynamic Purchasing System: `The supply of Passenger Transport Services`, OJEU Notice Id: 2018/S 031-067685.
      
      QSC237 09:00 2026-08-20 Great Cornard to Explore Outdoor (Sudbury) - 4-seater vehicle
      
      Further details can be found in the 'Tenders / My Tenders' area of this website, by selecting the 'View Details' button for this project.
      
      The deadline for returned submissions is 09:00 2",Suffolk County Council Passenger Transport,,,GBP,2026-08-24,2026-08-20,award,complete,60000000,https://www.contractsfinder.service.gov.uk/Notice/8559a4aa-b04c-4429-ba99-e12f98760f9c-911890,2026-08-25T07:40:23.360018+00:00
Contracts Finder,ocds-b5fd17-2a5769ee-c1ed-4049-8970-d5f601fa6789_2e321a24-7367-48bb-aa45-9c4bb55b952e-911889,Provision of Technical Support for Energy Procurement,"The Trust requires specialist support for the Green Heat Network Fund (GHNF) Application, which is scheduled for submission around April 2025.

This was awarded through the NHSSBS Consultancy and Advisory Services for Health Framework, Lot 6 - Finance and Procurement.",Guy's and St Thomas' NHS Foundation Trust,,60000.0,GBP,2026-08-24,2025-10-31,award,complete,71314300,https://www.contractsfinder.service.gov.uk/Notice/2e321a24-7367-48bb-aa45-9c4bb55b952e-911889,2026-08-25T07:40:23.360200+00:00
Contracts Finder,ocds-b5fd17-2b1146fc-2ccd-4890-bc8f-cdf29d9ee33b_dbf030a4-f6a8-4cea-8dcb-aee48710c241-911887,CA17930 - Reinstatement Valuation for Insurance,"Revaluation of 13 commercial investment assets and associated units for insurance reinstatement valuation.

To access this competition: 

Registered:
Login to https://suppliers.multiquote.com and view the opportunity CA17930.

Not registered:
Visit https://suppliers.multiquote.com then register and quote CA17930 as the reason for registration. 

 Any queries please contact MultiQuote on 020 3920 8054.",Spelthorne Borough Council,,,GBP,2026-08-24,2026-06-30,award,complete,70332200,https://www.contractsfinder.service.gov.uk/Notice/dbf030a4-f6a8-4cea-8dcb-aee48710c241-911887,2026-08-25T07:40:23.360373+00:00
Contracts Finder,ocds-b5fd17-3bd91799-623d-4441-ac13-c84e9c4fc593_cca692dc-4ef0-4a05-956e-c1b8ae9508d1-911886,CBMDC 529 - ModernGov,"Modern.Gov annual support, maintenance and hosting for 3 years.
GCA - RM6259 Vertical Application Solutions.",City of Bradford Metropolitan District Council,49000.0,55000.0,GBP,2026-08-24,2026-07-06,award,complete,72000000,https://www.contractsfinder.service.gov.uk/Notice/cca692dc-4ef0-4a05-956e-c1b8ae9508d1-911886,2026-08-25T07:40:23.360550+00:00
Contracts Finder,ocds-b5fd17-9b153673-b19c-4622-94bf-7fcadf217074_6eaba8ea-bee1-4192-b148-86a430d9d69b-911884,"QSC238 09:00 2026-08-21 Great Cornard to The Christopher Centre, Sudbury - 4-seater vehicle required - AWARD","Suffolk County Council is seeking a mini competition against the following Dynamic Purchasing System: `The supply of Passenger Transport Services`, OJEU Notice Id: 2018/S 031-067685.
      
      QSC238 09:00 2026-08-21 Great Cornard to The Christopher Centre, Sudbury - 4-seater vehicle required
      
      Further details can be found in the 'Tenders / My Tenders' area of this website, by selecting the 'View Details' button for this project.
      
      The deadline for returned submiss",Suffolk County Council Passenger Transport,,,GBP,2026-08-24,2026-08-21,award,complete,60000000,https://www.contractsfinder.service.gov.uk/Notice/6eaba8ea-bee1-4192-b148-86a430d9d69b-911884,2026-08-25T07:40:23.360723+00:00
Contracts Finder,ocds-b5fd17-05a4fe0d-2768-486c-995c-eed17f1c7b2c_79629ee8-5af9-4bf6-b267-3338e2a972f4-911883,FYY- 26/27 - Maintenance contract: Endoscopic Equipment Ergea SRH WGH RACH RSCH,"Fully Comprehensive Plus (FC+) maintenance cover for Electromed equipment and agreed endoscope assets, including planned preventative maintenance, repairs, labour, travel and replacement parts (subject to exclusions). This has been awarded via the NHSSC Framework """"Maintenance, Repair and Calibration of Medical Equipment - 2021/S000-021535 - Lot 7 - Endoscopy"". The contract will be for 1 year due to the age of equipment.",University Hospitals Sussex NHS Foundation Trust,,45080.74,GBP,2026-08-24,2026-08-21,award,complete,50420000,https://www.contractsfinder.service.gov.uk/Notice/79629ee8-5af9-4bf6-b267-3338e2a972f4-911883,2026-08-25T07:40:23.360912+00:00
Contracts Finder,ocds-b5fd17-7a644f94-d72e-409b-8191-5133664da2e3_eb3e3c1a-6018-492f-90e0-86e1c60951dd-911882,Overseas Debt Collection,"Modification Notice
      Original description: SLC would like to appoint a UK based DCA to make contact with customers who SLC believe are resident overseas. As a minimum it is expected that the contacts will consist of inbound and outbound telephony, letters, emails and SMS. SLC is interested in innovative approaches and strategies that will maximise the number of quality contacts, which in turn will facilitate the achievement of the objectives of the activity. The key objectives are •to coll",Student Loans Company,,2500000.0,GBP,2026-08-24,2019-03-31,tender,active,79940000,https://www.contractsfinder.service.gov.uk/Notice/eb3e3c1a-6018-492f-90e0-86e1c60951dd,2026-08-25T07:40:23.361102+00:00
Contracts Finder,ocds-b5fd17-6ee5b8b6-28e3-44a7-824f-e7854a1835c9_dcb2a672-8ecd-4766-bdd7-b7ad3144d5ed-911881,Lot 4 - Tameside Metropolitan Borough Council,"Tameside Council have carried out a number of mini competitions for their Home to School requirements via the Home To School Transport Dynamic Purchasing System. Routes awarded and contract values below:

SEN 881 -  £40,660
SEN 882 -  £21,280
SEN 883 -  £47,405
SEN 884 -  £20,900
SEN 885 - £47,500
SEN 886 - £17,480
SEN 887 - £47,496
SEN 888 -  £50,540",Tameside Metropolitan Borough Council,,17480.0,GBP,2026-08-24,2026-08-03,award,complete,60130000,https://www.contractsfinder.service.gov.uk/Notice/dcb2a672-8ecd-4766-bdd7-b7ad3144d5ed-911881,2026-08-25T07:40:23.361281+00:00
Contracts Finder,ocds-b5fd17-e9236b13-5f1e-4a3b-8abb-4425f42e1cd7_fbcd09cd-be9a-45fb-b1e8-bb63b706888d-911880,Infonetica renewal,"Research Ethics Compliance 
Management Software 
Export Controls Compliance Management 
Software for Research

Procured via G Cloud 14.",UNIVERSITY OF SALFORD(THE),,239591.0,GBP,2026-08-24,2026-07-28,award,complete,48000000,https://www.contractsfinder.service.gov.uk/Notice/fbcd09cd-be9a-45fb-b1e8-bb63b706888d-911880,2026-08-25T07:40:23.361469+00:00
Contracts Finder,ocds-b5fd17-5f0c96a8-f0cf-43f2-b6a7-973ddef685a7_54b65754-6886-450b-a7f8-18c2bc21210d-911879,"QIP465 0900 2026-08-24 Ipswich - Broke hall primary school, Ipswich (4-seated electric wheelchair vehicle and a PA required) - AWARD","Suffolk County Council is seeking a mini competition against the following Dynamic Purchasing System: `The supply of Passenger Transport Services`, OJEU Notice Id: 2018/S 031-067685.
      
      QIP465 0900 2026-08-24 Ipswich - Broke hall primary school, Ipswich (4-seated electric wheelchair vehicle and a PA required)
      
      Further details can be found in the 'Tenders / My Tenders' area of this website, by selecting the 'View Details' button for this project.
      
      The deadl",Suffolk County Council Passenger Transport,,,GBP,2026-08-24,2026-08-24,award,complete,60000000,https://www.contractsfinder.service.gov.uk/Notice/54b65754-6886-450b-a7f8-18c2bc21210d-911879,2026-08-25T07:40:23.361638+00:00
Contracts Finder,ocds-b5fd17-84a02b74-ed42-4c06-8d3a-b08303436c18_aaa33906-9e3d-4b58-8cda-812afa149dda-911878,Painting & Surface Coating Works - Ref: JGC/2026/01,"Jomi Growth Consulting is seeking qualified contractors to provide high-specification painting, protective coating, and interior/exterior decoration services. Works include comprehensive surface preparation, prime coating, and application of specialist finishes strictly adhering to UK safety and environmental standards.

Additional information: Full tender documentation, scope of works, and submission instructions will be issued directly to shortlisted suppliers following the initial response ",Jomi Growth Consulting,15000.0,25000.0,GBP,2026-08-24,2026-09-07,tender,active,45442110,https://www.contractsfinder.service.gov.uk/Notice/aaa33906-9e3d-4b58-8cda-812afa149dda,2026-08-25T07:40:23.361818+00:00
Contracts Finder,ocds-b5fd17-adb5d74f-de87-400b-b934-56fd464da32f_ed3fcdf1-0fac-4bed-9a0f-0f9fb92bfd5a-911877,"QBE043 09:00 2026-08-12 Haverhill to West Suffolk College (Minden House), Bury St Edmunds - 4-seater vehicle & PA required - AWARD","Suffolk County Council is seeking a mini competition against the following Dynamic Purchasing System: `The supply of Passenger Transport Services`, OJEU Notice Id: 2018/S 031-067685.
      
      QBE043 09:00 2026-08-12 Haverhill to West Suffolk College (Minden House), Bury St Edmunds - 4-seater vehicle & PA required
      
      Further details can be found in the 'Tenders / My Tenders' area of this website, by selecting the 'View Details' button for this project.
      
      The deadlin",Suffolk County Council Passenger Transport,,,GBP,2026-08-24,2026-08-12,awardUpdate,complete,60000000,https://www.contractsfinder.service.gov.uk/Notice/ed3fcdf1-0fac-4bed-9a0f-0f9fb92bfd5a-911877,2026-08-25T07:40:23.362002+00:00
Contracts Finder,ocds-b5fd17-3167b4eb-52ea-480a-a6cf-9e14217ddeac_d7edecec-eabc-48c8-8600-f26713d18cb5-911876,CA18086 - Tender 16/2026 - Public Address & Lighting Systems for NMDDC Events Department,"Newry, Mourne and Down District Council ('The Council') is inviting tenders from suitably experienced suppliers for the provision of Public Address (PA) & Lighting Systems for Tourism, Arts and Culture events.



To access this competition: 

Registered:
Login to https://suppliers.multiquote.com and view the opportunity CA18086.

Not registered:
Visit https://suppliers.multiquote.com then register and quote CA18086 as the reason for registration. 

 Any queries please contact MultiQu","Newry, Mourne and Down District Council (NMD)",,,GBP,2026-08-24,2026-08-10,awardUpdate,complete,79952000,https://www.contractsfinder.service.gov.uk/Notice/d7edecec-eabc-48c8-8600-f26713d18cb5-911876,2026-08-25T07:40:23.362179+00:00
Contracts Finder,ocds-b5fd17-8ce49a42-04e1-4f62-9515-8137bca0104c_7bb209aa-ac95-436a-9b9f-f996e726d584-911869,Director Recruitment,Recruitment of Director role,Oxfordshire County Council,,12950.0,GBP,2026-08-24,2026-04-29,award,complete,79600000,https://www.contractsfinder.service.gov.uk/Notice/7bb209aa-ac95-436a-9b9f-f996e726d584-911869,2026-08-25T07:40:23.362353+00:00
Contracts Finder,ocds-b5fd17-0225b3de-c452-477c-9482-dd068cebf117_7e2b279e-a1c0-43e0-8bc7-a3dcd69ad3e7-911875,Childcare Grant Payment Services,"Modification Notice
      Original description: Provision of 3rd Party Services to process the payment of Childcare Grants directly to Childcare providers through an online portal.
      Description of the modifications
      The contract has been extended through to 31st March 2028, this requires an additional value to be added.
      Description of the economic or technical reasons and the inconvenience or duplication of cost preventing a change of contractor:
      This extension is requ",Student Loans Company,,3600000.0,GBP,2026-08-24,2018-06-01,tender,active,66172000,https://www.contractsfinder.service.gov.uk/Notice/7e2b279e-a1c0-43e0-8bc7-a3dcd69ad3e7,2026-08-25T07:40:23.362536+00:00
Contracts Finder,ocds-b5fd17-3ead37e9-3fda-46aa-adaf-0c9aa3471546_29ef1bc9-8978-4236-a331-84b71172ce80-911874,Incident Command Unit (FRS),Vehicle Purchase  - Incident Command Unit for FRS. Joint tender for 4F services  - East Sussex FRS/Surrey FRS/Kent FRS/West Sussex FRS),West Sussex County Council,,586000.0,GBP,2026-08-24,2025-08-21,award,complete,50111000,https://www.contractsfinder.service.gov.uk/Notice/29ef1bc9-8978-4236-a331-84b71172ce80-911874,2026-08-25T07:40:23.362708+00:00
Contracts Finder,ocds-b5fd17-8de80bde-83fb-49c1-b487-be10da692f3f_d34191ce-097a-4cbe-8245-70af0072eccd-911867,Unlocking Commercial and Industrial Captive Renewable Energy in Uganda: Market Sizing and Regulatory Reform,"The UK Government's Partnering for Accelerated Climate Transitions (UK PACT) programme is inviting proposals from qualified suppliers or consortia to deliver technical assistance to Uganda's Electricity Regulatory Authority (ERA).

Uganda's electricity sector is predominantly powered by renewable energy and demand is growing rapidly. However, uptake of commercial and industrial (C&I) captive renewable energy remains limited due to regulatory gaps, insufficient market data, and barriers to inve",PALLADIUM INTERNATIONAL LIMITED,,350000.0,GBP,2026-08-24,2026-09-21,tender,active,09000000,https://www.contractsfinder.service.gov.uk/Notice/d34191ce-097a-4cbe-8245-70af0072eccd,2026-08-25T07:40:23.362904+00:00
Contracts Finder,ocds-b5fd17-2272a179-7b8b-4af8-b0c1-e70f1453cf01_e0d99f6b-9903-40c1-a5f3-5f7a6a257440-911873,EPP0145 - Asbestos Removal,"Call off from Eastern Procurement framework for asbestos surveying, removal & making good works.",Tendring District Council,,300000.0,GBP,2026-08-24,2025-12-01,award,complete,45262660,https://www.contractsfinder.service.gov.uk/Notice/e0d99f6b-9903-40c1-a5f3-5f7a6a257440-911873,2026-08-25T07:40:23.363078+00:00
Contracts Finder,ocds-b5fd17-f0b22c6d-a6ed-4807-b3b3-99060b648091_ec85b498-59dd-4409-a862-35d1eed1dee0-911870,Insurance Purchase,This notice is for notification of an awarded contract only. It is not an invitation to participate. This contact is for the annual insurances policy renewal.,Defence Science and Technology Laboratory,90242.86,90243.0,GBP,2026-08-24,2026-08-24,award,complete,66510000,https://www.contractsfinder.service.gov.uk/Notice/ec85b498-59dd-4409-a862-35d1eed1dee0-911870,2026-08-25T07:40:23.363252+00:00
Contracts Finder,ocds-b5fd17-37e46c8a-79ee-4b6b-a521-c7f3a6d8217d_c80580aa-21c8-465c-a66b-29987ef48b4b-911871,HMT Public Services Network Gateway Service,Secure Gateway Managed Service to support access to the National Security Vetting Solution (NSVS) application via the Public Services Network (PSN).,HM TREASURY,,48120.0,GBP,2026-08-24,2026-07-24,award,complete,32424000,https://www.contractsfinder.service.gov.uk/Notice/c80580aa-21c8-465c-a66b-29987ef48b4b-911871,2026-08-25T07:40:23.363432+00:00
Contracts Finder,ocds-b5fd17-b05e811f-6e4a-43e8-a0f0-63f217d7e469_6a39fe81-fd57-4f91-8048-03395f88f4df-911868,PDF Framework - M6 Bents Farm - J45 - Southbound only,PDF Framework - M6 Bents Farm - J45 - Southbound only,National Highways Limited,,3745407.75,GBP,2026-08-24,2026-07-25,award,complete,45233210,https://www.contractsfinder.service.gov.uk/Notice/6a39fe81-fd57-4f91-8048-03395f88f4df-911868,2026-08-25T07:40:23.363612+00:00
Contracts Finder,ocds-b5fd17-fb10db20-fcec-443a-8484-85a1bccf1ec3_8651c372-6b6c-41fa-af75-55d2c9061df3-911859,Engaging and Progressing People (UKSPF 2026-2027 and trailblazer funding priorities),"The key types of activity to be supported by this programme are (this is not an exhaustive list and innovative approaches to engage and support the target groups are welcomed, provided it supports delivery of the programmes outputs and outcomes):
•
A person-centred, holistic, tailored, flexible and accessible offer
•
initial assessment & triage-based support
•
Referral to specialist interventions both within the delivery partnership and to external partners, to assist individuals to overco",CITY OF YORK COUNCIL,,2000000.0,GBP,2026-08-24,2026-03-25,award,complete,73200000,https://www.contractsfinder.service.gov.uk/Notice/8651c372-6b6c-41fa-af75-55d2c9061df3-911859,2026-08-25T07:40:23.363787+00:00
Contracts Finder,ocds-b5fd17-a0abd06b-051f-4064-8709-97ec61721526_847d28b1-e395-4a2e-9ede-990f2b97cbd1-911866,Full RIBA Feasibility study for Roof Replacement of Stoke Newington Town Hall,"The purpose of this Contract Award is to appoint a Lead Architectural Consultant to work alongside specialist sub-consultants in Structural engineering and Mechanical & Electrical/drainage, to deliver a comprehensive RIBA Stage 1 Feasibility Study and capital cost estimate for the full replacement of the flat and pitched roofs at Stoke Newington Town Hall (SNTH).",London Borough of Hackney,,50000.0,GBP,2026-08-24,2026-07-31,award,complete,71241000,https://www.contractsfinder.service.gov.uk/Notice/847d28b1-e395-4a2e-9ede-990f2b97cbd1-911866,2026-08-25T07:40:23.363986+00:00
Contracts Finder,ocds-b5fd17-75fed247-98ac-49a4-a02d-a53e985a2807_72870724-809c-4528-ad96-4928321bfed3-911863,Furniture Services L1 DA Sep26 - Knowsley Metropolitan Borough Council - awarded,"This contract award notice is to notify the market that Knowsley Metropolitan Borough Council based in Knowsley, UK have appointed  Furniture Resource Centre Ltd as their Furniture Services provider for a period of THREE years, with an option to extend for a further THREE x ONE year individual periods years. This appointment has been made under the Northern Housing Consortium's Furniture Services Framework. (Contract Award Notice 2023/S 000-027886)",NORTHERN HOUSING CONSORTIUM LIMITED,,6000000.0,GBP,2026-08-24,2026-08-03,award,complete,39000000,https://www.contractsfinder.service.gov.uk/Notice/72870724-809c-4528-ad96-4928321bfed3-911863,2026-08-25T07:40:23.364172+00:00
Contracts Finder,ocds-b5fd17-27d3cc1a-141a-4454-a1d5-cff71554e79e_58618ac0-8242-421d-8550-bb1710b9675e-911864,TEC Partnership - Approved Contractor Framework - Mechanical - AWARD,"The TEC Partnership is a major further and higher education provider, encompassing the Grimsby Institute, University Centre Grimsby, Scarborough TEC, East Riding College, and Skegness College.
      
      In addition to its main campuses, the Partnership includes two specialist training providers:
      •	National Employer Training: Serving both regional and national requirements.
      •	Transafe Training: Based in Immingham, North East Lincolnshire.
      
      Together, these entities",TEC Partnership,,,GBP,2026-08-24,2026-06-24,award,complete,50710000,https://www.contractsfinder.service.gov.uk/Notice/58618ac0-8242-421d-8550-bb1710b9675e-911864,2026-08-25T07:40:23.364352+00:00
Contracts Finder,ocds-b5fd17-072fb11e-eaaa-40ad-a9dd-0bec9f5f6a85_d17f27a9-f7e9-4ca0-b410-2281bd11f3a5-911862,Digital Pharmacy Solutions,"Midlands Partnership University NHS Foundation Trust is seeking to identify providers able to deliver both an Electronic Prescribing and Medicines Administration (ePMA) system and an Electronic Prescription Service (EPS) capability, with implementation and go live anticipated from Financial Year 2028 onwards.

The Trust is seeking to engage with suitably qualified and experienced suppliers who may be able to provide an integrated solution covering both elements of the requirement.

The antic",Midlands Partnership University Foundation Trust,,,GBP,2026-08-24,,planning,planning,48000000,https://www.contractsfinder.service.gov.uk/Notice/d17f27a9-f7e9-4ca0-b410-2281bd11f3a5-911862,2026-08-25T07:40:23.364522+00:00
Contracts Finder,ocds-b5fd17-25278188-f87b-4ffd-b28f-99b6c576a3ae_ae33a0e4-fd4a-4c0c-bb82-3ba7f1b5ee7a-911860,Lower Thames Crossing - Kent Roads - Pile Cropping,"The scope of works comprises the provision of all necessary labour, plant and equipment to undertake pile cropping activities as required across LTC - Kent Roads.

The works will include the safe and controlled cropping of piles to the required cut-off levels in accordance with project requirements, specifications and relevant health and safety standards.
The subcontractor will be required to provide suitably trained and competent personnel, including appropriate supervision. All operatives m",SKANSKA CONSTRUCTION UK LIMITED,300000.0,500000.0,GBP,2026-08-24,2026-09-03,tenderAmendment,active,19241000,https://www.contractsfinder.service.gov.uk/Notice/ae33a0e4-fd4a-4c0c-bb82-3ba7f1b5ee7a,2026-08-25T07:40:23.364702+00:00
Contracts Finder,ocds-b5fd17-32034397-5683-4672-8693-66b95c4a4320_da34cc07-d410-4ffc-8fa4-9781f239e2d5-911706,CSP26756,"***Please note this is an award notice, not a call for competition***

UK Research and Innovation have a requirement to bring in a Principal Enterprise Architect on a temporary basis. This has been sourced via direct award against CCS RM6277 Non Clinical Staffing.",UK SHARED BUSINESS SERVICES LIMITED,,292594.5,GBP,2026-08-24,2026-08-06,award,complete,79620000,https://www.contractsfinder.service.gov.uk/Notice/da34cc07-d410-4ffc-8fa4-9781f239e2d5-911706,2026-08-25T07:40:23.364875+00:00
Contracts Finder,ocds-b5fd17-1c4cbb6a-a336-48c1-b5fd-697d0a581bf2_1e3314e1-2bd6-4401-bc79-eefa4e641285-911858,Lot 4 - Tameside Metropolitan Borough Council,"Tameside Council have carried out a mini competition for their Home to School requirements via the Home To School Transport Dynamic Purchasing System. Route awarded and contract value below: 

SOC 157 - £29,640",Tameside Metropolitan Borough Council,,29640.0,GBP,2026-08-24,2026-07-28,award,complete,60130000,https://www.contractsfinder.service.gov.uk/Notice/1e3314e1-2bd6-4401-bc79-eefa4e641285-911858,2026-08-25T07:40:23.365071+00:00
Contracts Finder,ocds-b5fd17-0f4f5481-17e6-4457-96ba-6c70b2f0dc77_931fcacc-3c3f-4162-9b96-2c860a1c4a0f-911856,Digital Delivery Implementation - Agile,18 months professional services to support the implementation of Agile ways of working. Value is exclusive of VAT.,STUDENT LOANS COMPANY LIMITED,,1170020.0,GBP,2026-08-24,2026-07-22,award,complete,72000000,https://www.contractsfinder.service.gov.uk/Notice/931fcacc-3c3f-4162-9b96-2c860a1c4a0f-911856,2026-08-25T07:40:23.365246+00:00
Contracts Finder,ocds-b5fd17-c6205bb1-337f-4718-abb5-36b32ed16f4f_c050e5bf-f240-4986-875f-61cf4277b899-911857,WHHT - Capital Advisor Support,Contract for Capital Advisor Consultancy Support at West Hertfordshire Teaching Hospitals NHS Trust (WHHT). This contract was a direct award via the GCA LVPS Framework RM6237.,West Hertfordshire Teaching Hospitals NHS Trust,45000.0,55000.0,GBP,2026-08-24,2026-02-17,award,complete,71530000,https://www.contractsfinder.service.gov.uk/Notice/c050e5bf-f240-4986-875f-61cf4277b899-911857,2026-08-25T07:40:23.365419+00:00
Contracts Finder,ocds-b5fd17-a776f8a8-d761-4453-a754-6a29a68a9a3f_f8aeb4f4-7378-4154-88e9-b28e02a0b112-911855,"QFX033 2026-08-24 (0900) Trimley St Mary to Projection Education, Felixstowe (4 seats) - AWARD","Suffolk County Council is seeking a mini competition against the following Dynamic Purchasing System: `The supply of Passenger Transport Services`, OJEU Notice Id: 2018/S 031-067685.
      
      QFX033 2026-08-24 (0900) Trimley St Mary to Projection Education, Felixstowe (4 seats)
      
      Further details can be found in the 'Tenders / My Tenders' area of this website, by selecting the 'View Details' button for this project.
      
      The deadline for returned submissions is 0900 o",Suffolk County Council Passenger Transport,,,GBP,2026-08-24,2026-08-24,award,complete,60000000,https://www.contractsfinder.service.gov.uk/Notice/f8aeb4f4-7378-4154-88e9-b28e02a0b112-911855,2026-08-25T07:40:23.365587+00:00
Contracts Finder,ocds-b5fd17-62ce09ad-b9e1-4d5d-875f-e28a39d014d5_a3a741e4-ca35-4c93-95be-dc61fa1f24dd-911853,PAHT - ITU Rear Store Room And Lobby Works,Contract for ITU Rear Store Room And Lobby Works at PAHT. Procured under SBS HPCCAS Framework SBS10190.,The Princess Alexandra Hospital NHS Trust,30000.0,40000.0,GBP,2026-08-24,2026-08-10,award,complete,45453100,https://www.contractsfinder.service.gov.uk/Notice/a3a741e4-ca35-4c93-95be-dc61fa1f24dd-911853,2026-08-25T07:40:23.365760+00:00
Contracts Finder,ocds-b5fd17-d0a3b370-3ff4-4eab-bbf8-83ab897564bc_f8c547f6-31a6-4ed2-8da0-30446ef713b3-911852,37208 - FSD ACADEMY,"This contract is for the provision of transport services - journey stated in the title of this notice. It has been awarded following a Mini Competition under Council's Dynamic Purchasing System (DPS) PAN3059 - Passenger Transport Services.

To find out more about this DPS and how to provide taxi services to the Council, please see Taxi firms tendering for contracts (leicester.gov.uk)",Leicester City Council,,21048.0,GBP,2026-08-24,2026-08-24,award,complete,60120000,https://www.contractsfinder.service.gov.uk/Notice/f8c547f6-31a6-4ed2-8da0-30446ef713b3-911852,2026-08-25T07:40:23.365953+00:00
Contracts Finder,ocds-b5fd17-a3eb7052-ab65-4eca-9fe5-877d00d708f9_09dc79f8-7437-48aa-b4ca-d5edce2e9588-911851,Skyline Property Refurbishments Property 1  -1 Greenway Horwich BL6 6RP GMCA1552,"The contract for the refurbishment of 1 Greenway, Horwich was tendered with a maximum allowed submission price of £250,000. Whilst the current refurbishment budget is £200,000 per property (incl fees), this figure is not market tested, therefore tender submissions were allowed up to £250,000 to ensure a realistic market cost for the works could be identified.",Greater Manchester Combined Authority,,182869.19,GBP,2026-08-24,2025-12-12,award,complete,71500000,https://www.contractsfinder.service.gov.uk/Notice/09dc79f8-7437-48aa-b4ca-d5edce2e9588-911851,2026-08-25T07:40:23.366136+00:00
Contracts Finder,ocds-b5fd17-57f08807-0d4f-4321-b5c6-f8be119da63a_dfc8c1cf-d55f-43a7-9a9a-57296bf46223-911850,CA18044 - ITT 32/2026 - PEACEPLUS PP1013 Kilcoo Regeneration Group Refubishment Project,"Applications are invited from Contractors, under the terms of the NEC4 ECSC Short Contract, for PEACEPLUS Project: Altnaveigh House - Upgrade & refurbishment project: A combination of mechanical and electrical upgrades, and general refurbishment activities across multiple areas of an existing operational community facility.
The works will be for: Working in Occupied Premises - 45211000-9, General Construction Work - 5210000-2, Refurbishment over 15K - 45453100-8, Washroom Systems - 45330000-9, ","Newry, Mourne and Down District Council (NMD)",,,GBP,2026-08-24,2026-07-09,awardUpdate,complete,45421000,https://www.contractsfinder.service.gov.uk/Notice/dfc8c1cf-d55f-43a7-9a9a-57296bf46223-911850,2026-08-25T07:40:23.366304+00:00
Contracts Finder,ocds-b5fd17-8491e12c-1cfa-418f-be22-82ef35818839_8f50c74a-d2ac-4d39-848e-a3a419307787-911848,HR and Duty Management System,"Provision of hosted HR and Duty Management System.
Direct Award via RM6259 Vertical Application Solutions Framework",British Transport Police,,1953000.0,GBP,2026-08-24,2026-01-30,award,complete,48000000,https://www.contractsfinder.service.gov.uk/Notice/8f50c74a-d2ac-4d39-848e-a3a419307787-911848,2026-08-25T07:40:23.366483+00:00
Contracts Finder,ocds-b5fd17-17af3f76-da70-4278-a30d-b936e9f444bd_654788e0-038a-4395-a20b-685dead52ad4-911835,Cyber Insurance,"Cyber Insurance - Resilience Premium 01.08.26 to 31.07.27
via  LUPC Insurance Brokerage Framework (INS5070W LU).",BATH SPA UNIVERSITY,,73160.0,GBP,2026-08-24,2026-07-31,award,complete,72000000,https://www.contractsfinder.service.gov.uk/Notice/654788e0-038a-4395-a20b-685dead52ad4-911835,2026-08-25T07:40:23.366657+00:00
Contracts Finder,ocds-b5fd17-749621bb-824d-40e3-8d02-bea2c1d69861_9c1ab59f-1255-4af8-af7e-276801ea134d-911833,Modernising Government Communications Programme Consultancy Support,"The Modernising Government Communications Programme is up to 24 mts, the supplier will shape and deliver a comprehensive reform of the government communications function across 15 priority projects.",Cabinet Office,,960750.0,GBP,2026-08-24,2026-07-24,award,complete,79413000,https://www.contractsfinder.service.gov.uk/Notice/9c1ab59f-1255-4af8-af7e-276801ea134d-911833,2026-08-25T07:40:23.366831+00:00
Contracts Finder,ocds-b5fd17-1fcf0286-ba4f-47c6-9339-ed61cf51d753_43539aa2-f04d-478c-8297-efe3af17df21-911834,CA17868 - ITT 20/2026 - PEACEPLUS PP2011 Greenhill YMCA - Outdoor Upgrade Works,"Applications are invited from Contractors, under the terms of the NEC4 ECSC Short Contract, who wish to be tender for the following PEACEPLUS project: Greenhill YMCA - Outdoor Upgrade Works - PP2011: A range of external upgrade works including fencing and trail works at the Greenhill YMCA site in Newcastle. 

The works will be for Civil Engineering - 45200000-9, Landscaping - 45112700-2, Paved Areas - 45233200-1, Land Clearance - 45111220-6, Works for complete or part construction and civil en","Newry, Mourne and Down District Council (NMD)",,,GBP,2026-08-24,2026-06-18,awardUpdate,complete,45200000,https://www.contractsfinder.service.gov.uk/Notice/43539aa2-f04d-478c-8297-efe3af17df21-911834,2026-08-25T07:40:23.367012+00:00
Contracts Finder,ocds-b5fd17-bcf57a11-53a3-4a5b-9420-29f50165e060_77a8828b-884f-43cf-8e05-e935334c6bdd-911832,GB-London: Further Competition for Security Systems Maintenance under ESPO Security and Surveillance 628_23 Lot 2,"Maintenance service for planned preventative and reactive maintenance of all CCTV and intruder detection equipment on 3 sites - NHM South Kensington, NHM Tring and a storage site located in Southwest London. This will also extend to the new NHM Unlocked site at the Thames Valley Science Park.",Natural History Museum,,350000.0,GBP,2026-08-24,2026-06-17,award,complete,50610000,https://www.contractsfinder.service.gov.uk/Notice/77a8828b-884f-43cf-8e05-e935334c6bdd-911832,2026-08-25T07:40:23.367189+00:00
Contracts Finder,ocds-b5fd17-2da30735-2369-4095-bacc-ee70a076b087_d86d3d7c-5f02-47b4-9584-ddf4378ea710-911831,"QOC540 09:00 2026-08-19 Fornham St Martin, Bury St Edmunds to Gretton School, Girton, Cambs - 4-seater with PA & Individual transport and TUPE applies - AWARD","Suffolk County Council is seeking a mini competition against the following Dynamic Purchasing System: `The supply of Passenger Transport Services`, OJEU Notice Id: 2018/S 031-067685.
      
      QOC540 09:00 2026-08-19 Fornham St Martin, Bury St Edmunds to Gretton School, Girton, Cambs - 4-seater with PA & Individual transport and TUPE applies
      
      Further details can be found in the 'Tenders / My Tenders' area of this website, by selecting the 'View Details' button for this project",Suffolk County Council Passenger Transport,,,GBP,2026-08-24,2026-08-19,award,complete,60000000,https://www.contractsfinder.service.gov.uk/Notice/d86d3d7c-5f02-47b4-9584-ddf4378ea710-911831,2026-08-25T07:40:23.367359+00:00
Contracts Finder,ocds-b5fd17-c956d2ab-96a1-4249-bbe3-17b82189039b_7397d248-4b2c-40d5-a535-e7356f3b0f38-911815,Waste Management Software License,South Ribble Borough Council awarded via Direct Award under RM6259 Vertical Application Solutions the procurement of Waste Management Software: Whitespace,South Ribble Borough Council,,121000.0,GBP,2026-08-24,2026-05-29,award,complete,48100000,https://www.contractsfinder.service.gov.uk/Notice/7397d248-4b2c-40d5-a535-e7356f3b0f38-911815,2026-08-25T07:40:23.367536+00:00
Contracts Finder,ocds-b5fd17-67b69d89-5fc1-4f14-9c2f-5edae1a20fa6_6d62961e-566c-4c0d-ae18-0bf58f6a7472-911830,Hackney Service Centre cooling system redesign feasibility study,"The purpose of this contract is to appoint a lead Architect, working in collaboration with a specialist Mechanical & Electrical Engineer and a Quantity Surveyor, to deliver a comprehensive feasibility study for replacing the end of life secondary cooling system across all 5 floors of the Hackney Service Centre (HSC), located at 1 Hillman Street. The contract is being awarded as a Direct Award from AMD Professional Consultancy Services Framework Lot 1.",London Borough of Hackney,,15000.0,GBP,2026-08-24,2026-07-22,award,complete,71241000,https://www.contractsfinder.service.gov.uk/Notice/6d62961e-566c-4c0d-ae18-0bf58f6a7472-911830,2026-08-25T07:40:23.367708+00:00
Contracts Finder,ocds-b5fd17-d57d58b1-a5cc-4e5d-9a26-30a4ebb0a0c9_6429785a-ad4d-4fad-b923-5ba82a3b1f17-911829,Taxi and MPV (1-8 seats) - Taxi and MPV (1-8 seats),"Vehicle type: Saloon 
Passenger Assistant Required:  No

Proposed Taxi Route:
From:  BN10 8GU
To:   Sutton and District Training, BN2 6DA
Frequency: Wednesday - Friday 
Daily School Time: 10:00am-3:30pm

Comments for Operator:  
Female driver required 
Initially approved until end of December 2026. 
 This opportunity has been distributed on SProc.net",East Sussex County Council,,,GBP,2026-08-24,2026-08-23,award,complete,60000000,https://www.contractsfinder.service.gov.uk/Notice/6429785a-ad4d-4fad-b923-5ba82a3b1f17-911829,2026-08-25T07:40:23.367901+00:00
Contracts Finder,ocds-b5fd17-1ffcf394-67f6-4fb9-9b48-d5bf72ae819d_db563b06-91a0-4e0a-9f99-44194201f7e1-911828,S343- Mainstream Taxi- The Hinckley School,S343- Mainstream Taxi- The Hinckley School,Leicestershire County Council,,68.5,GBP,2026-08-24,2026-08-24,award,complete,60000000,https://www.contractsfinder.service.gov.uk/Notice/db563b06-91a0-4e0a-9f99-44194201f7e1-911828,2026-08-25T07:40:23.368089+00:00
Contracts Finder,ocds-b5fd17-030d410b-d1ed-41a0-912f-4be0f66ed2b4_fa65e54d-1f3c-4259-8f78-a32c32aca537-911827,WAN Network Backup Links,The requirement is to provide a resilient MAN network connectivity for the six UCLH sites with one uplink to three distribution switches in three locations. To provide OS2 fibre from building cabinet to building cabinet using diverse links.,University College London Hospitals NHS Foundation Trust,108245.0,185218.81,GBP,2026-08-24,2026-07-10,award,complete,72720000,https://www.contractsfinder.service.gov.uk/Notice/fa65e54d-1f3c-4259-8f78-a32c32aca537-911827,2026-08-25T07:40:23.368264+00:00
Contracts Finder,ocds-b5fd17-5a0c4c42-794e-41b3-aa0c-1c0905b5263b_5838c621-e8d1-4f6a-8d29-88f997a412ad-911826,HMCG Vehicle Fit Out & Installation,HMCG Vehicle Fit Out & Installation for operational vehicles purchased during FY 26/27.,MCA - Maritime and Coastguard Agency,,341353.14,GBP,2026-08-24,2026-07-13,award,complete,50111100,https://www.contractsfinder.service.gov.uk/Notice/5838c621-e8d1-4f6a-8d29-88f997a412ad-911826,2026-08-25T07:40:23.368436+00:00
Contracts Finder,ocds-b5fd17-2a52000a-8baf-4912-9658-6ed41778137e_c6c846b9-10c5-4153-8da9-155e385878d6-911825,Lot 4 - Tameside Metropolitan Borough Council,"Tameside Council have carried out a number of mini competitions for their Home to School requirements via the Home To School Transport Dynamic Purchasing System. Routes awarded and contract values below: 

SEN 874 - £46,740
SEN 875 - £43,320
SEN 876 - £15,200
SEN 877 - £45,600
SEN 878 - £48,450
SEN 879 - £36,670
SEN 880 -  £53,200",Tameside Metropolitan Borough Council,,15200.0,GBP,2026-08-24,2026-07-23,award,complete,60130000,https://www.contractsfinder.service.gov.uk/Notice/c6c846b9-10c5-4153-8da9-155e385878d6-911825,2026-08-25T07:40:23.368609+00:00
Contracts Finder,ocds-b5fd17-40e0f200-2914-4def-a192-ea16ffe29f3c_80a28d13-5227-4e09-ad7d-b2497bc56c4c-911824,Improving innovation procurement for the Innovation & Research (I&R) Designated Fund,"This is a call-off from an existing National Highways Framework Agreement.

This work directly impacts our Innovation and Research Designated Fund (I&R DF). In Year 1 of RIS3, NH used a two-stage innovation competition model. This starts with an open call and market engagement, followed by procurement.

NH wants to assess whether this approach can be improved for Year 2. Including:
- Exploring a single-stage model that may be simpler, more scalable and less resource intensive for Innovation",National Highways Limited,,70000.0,GBP,2026-08-24,2026-08-24,award,complete,73110000,https://www.contractsfinder.service.gov.uk/Notice/80a28d13-5227-4e09-ad7d-b2497bc56c4c-911824,2026-08-25T07:40:23.368780+00:00
Contracts Finder,ocds-b5fd17-85855169-6ce4-4d0c-8e66-16d98c915a1f_50bf06ee-bf4b-492e-b02b-37d8994711c4-911823,Nimbus Forensic Case Management,Subscription for Nimbus core and portal licences,COMPETITION AND MARKETS AUTHORITY,31000.0,62000.0,GBP,2026-08-24,2026-08-13,awardUpdate,complete,48000000,https://www.contractsfinder.service.gov.uk/Notice/50bf06ee-bf4b-492e-b02b-37d8994711c4-911823,2026-08-25T07:40:23.368974+00:00
Contracts Finder,ocds-b5fd17-7ff00e2c-124e-4bb8-b6ff-5c0fa4cb66b3_b44a363b-1ff8-48b4-896c-541541a6f819-911822,"QSC232 09:00 2026-08-19 Onehouse to Hillside Special School, Sudbury - 4-seater vehicle with a PA - AWARD","Suffolk County Council is seeking a mini competition against the following Dynamic Purchasing System: `The supply of Passenger Transport Services`, OJEU Notice Id: 2018/S 031-067685.
      
      QSC232 09:00 2026-08-19 Onehouse to Hillside Special School, Sudbury - 4-seater vehicle with a PA
      
      Further details can be found in the 'Tenders / My Tenders' area of this website, by selecting the 'View Details' button for this project.
      
      The deadline for returned submission",Suffolk County Council Passenger Transport,,,GBP,2026-08-24,2026-08-19,award,complete,60000000,https://www.contractsfinder.service.gov.uk/Notice/b44a363b-1ff8-48b4-896c-541541a6f819-911822,2026-08-25T07:40:23.369150+00:00
Contracts Finder,ocds-b5fd17-73c9e6e9-48ce-4b7f-8633-18311ebaff81_7ce0ecba-c214-4b87-90e2-f2b41c5e6cea-911820,"QLS062 0900 2026-08-20 Leiston - Kelsale CEVC primary school, Kelsale (4-seated vehicle required) - AWARD","Suffolk County Council is seeking a mini competition against the following Dynamic Purchasing System: `The supply of Passenger Transport Services`, OJEU Notice Id: 2018/S 031-067685.
      
      QLS062 0900 2026-08-20 Leiston - Kelsale CEVC primary school, Kelsale (4-seated vehicle required)
      
      Further details can be found in the 'Tenders / My Tenders' area of this website, by selecting the 'View Details' button for this project.
      
      The deadline for returned submission",Suffolk County Council Passenger Transport,,,GBP,2026-08-24,2026-08-20,award,complete,60000000,https://www.contractsfinder.service.gov.uk/Notice/7ce0ecba-c214-4b87-90e2-f2b41c5e6cea-911820,2026-08-25T07:40:23.369318+00:00
Contracts Finder,ocds-b5fd17-13e0b11c-b162-4694-aa75-e4f4c2aaa05a_7c039dba-8d70-4fd9-9a66-bd5d21593a10-911819,26071 Cambridgeshire County Council - Attendance Software for Virtual Schools,"Cambridgeshire Virtual School requires a cloud-based Attendance Monitoring Service to support the tracking, reporting, and analysis of attendance for Children in Care.\r
\r
The system must enable the Local Authority to:\r
· Monitor daily attendance in near real time\r
· Identify absence patterns quickly\r
· Intervene promptly where concerns arise\r
· Maintain accurate, auditable attendance records\r
\r
The solution should support both automated and manual attendance collection methods, e",Cambridgeshire County Council,,9745.5,GBP,2026-08-24,2026-06-25,award,complete,31711310,https://www.contractsfinder.service.gov.uk/Notice/7c039dba-8d70-4fd9-9a66-bd5d21593a10-911819,2026-08-25T07:40:23.369489+00:00
Contracts Finder,ocds-b5fd17-66d09981-83ca-4b07-94cf-eab70776e0f8_3606dade-9568-4ad2-b37f-0e84d70b0063-911818,S342-Mainstream Taxi 5 seats -The Hinckley School,S342-Mainstream Taxi 5 seats -The Hinckley School,Leicestershire County Council,,45.6,GBP,2026-08-24,2026-08-24,award,complete,60000000,https://www.contractsfinder.service.gov.uk/Notice/3606dade-9568-4ad2-b37f-0e84d70b0063-911818,2026-08-25T07:40:23.369665+00:00
Contracts Finder,ocds-b5fd17-168e1c39-dc0d-4cee-8d5c-b1cd0f0358d1_5f35de19-ddc0-480a-abe6-d579a7c8d35f-911816,CST025-169 Provision of Apprenticeship (Public Health Practitioner Integrated Degree Level 6),Non DCC Framework - Apprenticeship & Associated Training - 1086 (YPO),Derbyshire County Council,,80000.0,GBP,2026-08-24,2026-08-23,award,complete,80000000,https://www.contractsfinder.service.gov.uk/Notice/5f35de19-ddc0-480a-abe6-d579a7c8d35f-911816,2026-08-25T07:40:23.369834+00:00
Contracts Finder,ocds-b5fd17-939faea9-300b-4b61-96fb-620c550240cc_75c0e169-403f-4d1a-a968-e34f21a41c29-911753,GB-London: Supplementary Street Enforcement Services- Concession Contract,"The Royal Borough of Kensington & Chelsea (RBKC) has awarded a concession contract to Kingdom Services Group Ltd for the delivery of supplementary street enforcement services. The contract was procured via a mini-competition using the the ProcurePublic's Security Services, Vacant Property, Guardian, Mansafe Framework. The contract is awarded for a period of 3 years with an option to extend for additional 2 years, commencing on 18 September 2026.",BIP SOLUTIONS LIMITED,,,GBP,2026-08-24,2026-09-17,award,complete,75242000,https://www.contractsfinder.service.gov.uk/Notice/75c0e169-403f-4d1a-a968-e34f21a41c29-911753,2026-08-25T07:40:23.370003+00:00
Contracts Finder,ocds-b5fd17-130558c0-e01b-4d40-883f-68e19d3b6609_29d4e63f-520f-4687-ba19-81db2e4dbf96-911813,Levens Primary School - Roofing Associated Works,Roofing repairs and associated works,WESTMORLAND AND FURNESS COUNCIL,,42468.0,GBP,2026-08-24,2026-08-11,award,complete,45000000,https://www.contractsfinder.service.gov.uk/Notice/29d4e63f-520f-4687-ba19-81db2e4dbf96-911813,2026-08-25T07:40:23.370181+00:00
Contracts Finder,ocds-b5fd17-d8410b9f-5111-4511-8f29-f8c0f4cbdd7b_081ac93b-0d6e-4faa-b184-4e69ea072089-911812,PR 2026 044 Provision of Accessibility Compliance Auditing Services,"Accessibility Compliance Auditing Services for the CPS SharePoint Online Intranet, including WCAG 2.2 AA accessibility assessment, document accessibility reviews, assistive technology testing, compliance reporting, remediation roadmap, accessibility statement support and knowledge transfer services.",CPS,,83333.33,GBP,2026-08-24,2026-06-26,award,complete,79212000,https://www.contractsfinder.service.gov.uk/Notice/081ac93b-0d6e-4faa-b184-4e69ea072089-911812,2026-08-25T07:40:23.370353+00:00
Contracts Finder,ocds-b5fd17-14428e42-e965-489a-9e0d-2417561e1be4_f5b1afd5-d925-4d74-ae52-37cf70746034-911811,Taxi and MPV (1-8 seats) Passenger Assistant - Taxi and MPV (1-8 seats) Passenger Assistant,"Vehicle type: Saloon 
Passenger Assistant Required:  Yes 

Proposed Taxi Route:
From:  BN27 2LF
To:   Hazel Court School 

Frequency: Monday - Friday 
Daily School Time: 08:45 - 15:00 
 This opportunity has been distributed on SProc.net",East Sussex County Council,,,GBP,2026-08-24,2026-08-27,tender,active,60000000,https://www.contractsfinder.service.gov.uk/Notice/f5b1afd5-d925-4d74-ae52-37cf70746034,2026-08-25T07:40:23.370523+00:00
Contracts Finder,ocds-b5fd17-54e30f3e-5d94-4d7a-9d1f-69fa849df282_55f4e1c5-db24-44b1-a3c9-b95e8611c5ca-911808,Colt Circuit provision,Supply of IP network access and high-capacity data connectivity circuits to GLD UK locations.,Government Legal Department,,280224.0,GBP,2026-08-24,2026-07-27,award,complete,64221000,https://www.contractsfinder.service.gov.uk/Notice/55f4e1c5-db24-44b1-a3c9-b95e8611c5ca-911808,2026-08-25T07:40:23.370693+00:00
Contracts Finder,ocds-b5fd17-23c019af-e9ea-43f8-95cc-5bdf5cc88e02_fef0c07a-eafd-4121-9950-7f7f519c76e7-911802,Replacement Load Balancers,"This contract is for the supply, licensing and support of a replacement load-balancing solution for UWE. This includes replacement load-balancing hardware, F5 Distributed Cloud services, associated software licensing, maintenance, technical support and access to relevant updates and patches for the duration of the 60-month contract term.",UNIVERSITY OF THE WEST OF ENGLAND,,211937.64,GBP,2026-08-24,2026-07-30,award,complete,32420000,https://www.contractsfinder.service.gov.uk/Notice/fef0c07a-eafd-4121-9950-7f7f519c76e7-911802,2026-08-25T07:40:23.370862+00:00
Contracts Finder,ocds-b5fd17-d914e4bd-c140-4471-98e8-f7f86b16efef_3f17635e-4153-418b-8358-e667efa589bc-911810,Taxi and MPV (1-8 seats) Passenger Assistant - Taxi and MPV (1-8 seats) Passenger Assistant,"Vehicle type: 4 seater
Passenger Assistant Required: PA required

Proposed Taxi Route: 
From: BN27 3QG
To: All Saints Primary School, TN39 5HA
Frequency: Monday to Friday
Daily School Time: Mon - Fri 08:45-15:00

Comments for Operator: 
PA required. Asthma - Blue inhaler. Never had an asthma attack as of March 2026 so has never been used in an emergency to date
 This opportunity has been distributed on SProc.net",East Sussex County Council,,,GBP,2026-08-24,2026-08-27,tender,active,60000000,https://www.contractsfinder.service.gov.uk/Notice/3f17635e-4153-418b-8358-e667efa589bc,2026-08-25T07:40:23.371048+00:00
Contracts Finder,ocds-b5fd17-6eb36bdb-2730-40ce-a900-40df3e7d0c67_3307a4e6-4c52-49d0-8d90-ba55ea554b63-911809,"QOC936 0900 2026-08-21 Lowestoft - Kings Dam project, Gillingham (4-seated vehicle required)  - AWARD","Suffolk County Council is seeking a mini competition against the following Dynamic Purchasing System: `The supply of Passenger Transport Services`, OJEU Notice Id: 2018/S 031-067685.
      
      QOC936 0900 2026-08-21 Lowestoft - Kings Dam project, Gillingham (4-seated vehicle required) 
      
      Further details can be found in the 'Tenders / My Tenders' area of this website, by selecting the 'View Details' button for this project.
      
      The deadline for returned submissions is",Suffolk County Council Passenger Transport,,,GBP,2026-08-24,2026-08-21,award,complete,60000000,https://www.contractsfinder.service.gov.uk/Notice/3307a4e6-4c52-49d0-8d90-ba55ea554b63-911809,2026-08-25T07:40:23.371215+00:00
Contracts Finder,ocds-b5fd17-e3c76357-5fbf-4920-9b6e-e37f40bc60e0_d355da16-7341-4c82-a716-297e12e8dc43-911807,Recyclable liners for food waste kitchen caddies,Recyclable liners for food waste kitchen caddies,City of Bradford Metropolitan District Council,,67500.0,GBP,2026-08-24,2026-06-10,award,complete,77120000,https://www.contractsfinder.service.gov.uk/Notice/d355da16-7341-4c82-a716-297e12e8dc43-911807,2026-08-25T07:40:23.371393+00:00
Contracts Finder,ocds-b5fd17-4232a044-35e6-4b3b-9a94-fd4f0d8ac628_935e0610-5089-4ef5-8075-59739a0c081d-911806,"QIP117 0900 2026-08-21 Kesgrave - Bucklesham primary school, Bucklesham (4-seated vehicle and a PA required) - AWARD","Suffolk County Council is seeking a mini competition against the following Dynamic Purchasing System: `The supply of Passenger Transport Services`, OJEU Notice Id: 2018/S 031-067685.
      
      QIP117 0900 2026-08-21 Kesgrave - Bucklesham primary school, Bucklesham (4-seated vehicle and a PA required)
      
      Further details can be found in the 'Tenders / My Tenders' area of this website, by selecting the 'View Details' button for this project.
      
      The deadline for returned",Suffolk County Council Passenger Transport,,,GBP,2026-08-24,2026-08-21,award,complete,60000000,https://www.contractsfinder.service.gov.uk/Notice/935e0610-5089-4ef5-8075-59739a0c081d-911806,2026-08-25T07:40:23.371557+00:00
Contracts Finder,ocds-b5fd17-89f6147d-602a-4e2d-8358-29fa9fb927b4_ea596daf-62c2-4dd8-9527-8a0f3958e221-911805,Provision of Ivanti Licences,Happy Signals licencing for IT Service Management.,DfTc - Department for Transport,70626.0,80000.0,GBP,2026-08-24,2026-08-01,award,complete,48000000,https://www.contractsfinder.service.gov.uk/Notice/ea596daf-62c2-4dd8-9527-8a0f3958e221-911805,2026-08-25T07:40:23.371731+00:00
Contracts Finder,ocds-b5fd17-f1df5698-33a4-448c-aad6-6b1a54686f7f_1739de3f-f833-47d1-90bc-966a9a76eb37-911804,37203 - THE CITY OF LEICESTER COLLEGE,"This contract is for the provision of transport services - journey stated in the title of this notice. It has been awarded following a Mini Competition under Council's Dynamic Purchasing System (DPS) PAN3059 - Passenger Transport Services.

To find out more about this DPS and how to provide taxi services to the Council, please see Taxi firms tendering for contracts (leicester.gov.uk)",Leicester City Council,,25728.0,GBP,2026-08-24,2026-08-24,award,complete,60120000,https://www.contractsfinder.service.gov.uk/Notice/1739de3f-f833-47d1-90bc-966a9a76eb37-911804,2026-08-25T07:40:23.371925+00:00
Contracts Finder,ocds-b5fd17-fb81a0bb-dbec-4329-ad8b-fe865619cc55_7d6a98c9-8b19-4186-a296-fc5444e8f5a7-911803,BEAM Notes (Magic Notes),"Specialist tool provided by Beam to the Buyer for caseworkers that turns conversations, documents and video into detailed assessments and reports, together with the following additional features, BEAM Talk and BEAM Interpret.",Sheffield City Council,,137500.0,GBP,2026-08-24,2026-08-06,award,complete,48300000,https://www.contractsfinder.service.gov.uk/Notice/7d6a98c9-8b19-4186-a296-fc5444e8f5a7-911803,2026-08-25T07:40:23.372105+00:00
Contracts Finder,ocds-b5fd17-ed19111b-6299-4ebe-9809-c9f337e964aa_c16eb2e0-6e57-4f60-bb7f-6527639a6b6a-911801,ID: 37173 - HOMEFIELD COLLEGE,"This contract is for the provision of transport services - journey stated in the title of this notice. It has been awarded following a Mini Competition under Council's Dynamic Purchasing System (DPS) PAN3059 - Passenger Transport Services.

To find out more about this DPS and how to provide taxi services to the Council, please see Taxi firms tendering for contracts (leicester.gov.uk)",Leicester City Council,,23634.0,GBP,2026-08-24,2026-08-24,award,complete,60120000,https://www.contractsfinder.service.gov.uk/Notice/c16eb2e0-6e57-4f60-bb7f-6527639a6b6a-911801,2026-08-25T07:40:23.372278+00:00
Contracts Finder,ocds-b5fd17-c0008e3b-586b-441b-9f7a-63f0c4f5f861_948dd818-be2c-4d9a-be7e-51d5e47c5fb3-911800,"QHL117 09:00 2026-08-21 Haverhill to Coupals Primary Academy, Haverhill - 4-seater vehicle and a Passenger Assistant required - AWARD","Suffolk County Council is seeking a mini competition against the following Dynamic Purchasing System: `The supply of Passenger Transport Services`, OJEU Notice Id: 2018/S 031-067685.
      
      QHL117 09:00 2026-08-21 Haverhill to Coupals Primary Academy, Haverhill - 4-seater vehicle and a Passenger Assistant required
      
      Further details can be found in the 'Tenders / My Tenders' area of this website, by selecting the 'View Details' button for this project.
      
      The dead",Suffolk County Council Passenger Transport,,,GBP,2026-08-24,2026-08-21,award,complete,60000000,https://www.contractsfinder.service.gov.uk/Notice/948dd818-be2c-4d9a-be7e-51d5e47c5fb3-911800,2026-08-25T07:40:23.372444+00:00
Contracts Finder,ocds-b5fd17-9ee17025-b05d-4b58-bba1-a41e8dea4939_c7012629-e217-48b4-8eef-b784cff8e29f-911793,37171 - THE CITY OF LEICESTER COLLEGE,"This contract is for the provision of transport services - journey stated in the title of this notice. It has been awarded following a Mini Competition under Council's Dynamic Purchasing System (DPS) PAN3059 - Passenger Transport Services.

 

To find out more about this DPS and how to provide taxi services to the Council, please see Taxi firms tendering for contracts (leicester.gov.uk)

Additional information: 
AT THE POINT OF AWARD, WE ARE NO LONGER SEEKING TENDERS",Leicester City Council,,20124.0,GBP,2026-08-24,2026-08-24,award,complete,60120000,https://www.contractsfinder.service.gov.uk/Notice/c7012629-e217-48b4-8eef-b784cff8e29f-911793,2026-08-25T07:40:23.372613+00:00
Contracts Finder,ocds-b5fd17-5d699491-7c25-4681-bd3a-aebfafd572e0_36f66ec0-a633-44f3-9170-426559247f61-911786,Provision of Water Treatment Services,"The Nottingham University Hospitals NHS Trust (The Approved Organisation) has awarded a Call-off Contract for provision of water treatment services (The Services).
 
The objective is to ensure the safety of all water used patients, staff and visitors, and to minimise the risk of infection of waterborne pathogens such as legionella and pseudomonas aeruginosa.

The Services include, but are not limited to, the following:

- Servicing and Maintenance of Thermostatic Mixing Valve/Tap (TMV/T)'s",Nottingham University Hospital NHS Trust,232000.0,1160000.0,GBP,2026-08-24,2026-08-03,award,complete,50511100,https://www.contractsfinder.service.gov.uk/Notice/36f66ec0-a633-44f3-9170-426559247f61-911786,2026-08-25T07:40:23.372787+00:00
Contracts Finder,ocds-b5fd17-4fc512b9-0af1-4592-bfac-e23bbc7b5b48_dc6cbfdd-4acb-4dfa-ad00-e72209c182f6-911785,"QIP325 0900 2026-08-20 Thurston - Claydon high school, Claydon (4-seated vehicle and PA required) - AWARD","Suffolk County Council is seeking a mini competition against the following Dynamic Purchasing System: `The supply of Passenger Transport Services`, OJEU Notice Id: 2018/S 031-067685.
      
      QIP325 0900 2026-08-20 Thurston - Claydon high school, Claydon (4-seated vehicle and PA required)
      
      Further details can be found in the 'Tenders / My Tenders' area of this website, by selecting the 'View Details' button for this project.
      
      The deadline for returned submission",Suffolk County Council Passenger Transport,,,GBP,2026-08-24,2026-08-20,award,complete,60000000,https://www.contractsfinder.service.gov.uk/Notice/dc6cbfdd-4acb-4dfa-ad00-e72209c182f6-911785,2026-08-25T07:40:23.372974+00:00
Contracts Finder,ocds-b5fd17-d7205080-641b-4375-8625-61a62575bd5d_722371e8-5a1e-4aa7-b19d-740ad0c2969f-911784,Homes England - Otterpool Park - Delivery Advice,Advice on the delivery routes and vehicles,Homes England (the name adopted by the Homes and Communities Agency),,32493.95,GBP,2026-08-24,2026-06-21,award,complete,71000000,https://www.contractsfinder.service.gov.uk/Notice/722371e8-5a1e-4aa7-b19d-740ad0c2969f-911784,2026-08-25T07:40:23.373157+00:00
Contracts Finder,ocds-b5fd17-f1667dc4-f35f-4389-a80e-6e813d8a95e7_d27381bc-1a22-4c4b-b2cd-e89da88392d7-911783,RA359929 - Dental chairs PPM MSE Trustwide,"1 x annual service per unit including labour; any breakdown repairs outside of the annual service are chargeable at our standard labour rate.
Technician Call Out included for a period of 12 months following the date of the annual service.
Parts required are discounted by 10% off our standard rates for a period of 12 months following the date of the annual service.
please see attached Site locations and S/N.
please can we only have one quotes for all 3 sites.
 - To access this competition: l",MSE Group,,,GBP,2026-08-24,2026-08-25,tender,active,33000000,https://www.contractsfinder.service.gov.uk/Notice/d27381bc-1a22-4c4b-b2cd-e89da88392d7,2026-08-25T07:40:23.373328+00:00
Contracts Finder,ocds-b5fd17-3d944e11-d5f4-4f65-a452-09d9c0ab8b99_b937e79e-93d3-49a0-ab1b-aac6cfa3ccba-911782,Renewable Energy Group Buying Scheme.,Surrey County Council (SCC) is seeking  tenders from suitably qualified suppliers for the provision of Renewable Energy Group Buying Scheme.,SURREY COUNTY COUNCIL,,30000000.0,GBP,2026-08-24,2026-03-25,award,complete,71000000,https://www.contractsfinder.service.gov.uk/Notice/b937e79e-93d3-49a0-ab1b-aac6cfa3ccba-911782,2026-08-25T07:40:23.373496+00:00
Contracts Finder,ocds-b5fd17-044b7139-3fe3-4696-84ed-ec21e559cd83_b1ac1b85-6cc7-4463-8aee-ba877ec91c26-911781,37172 - Tudor Grange Samworth Academy,"This contract is for the provision of transport services - journey stated in the title of this notice. It has been awarded following a Mini Competition under Council's Dynamic Purchasing System (DPS) PAN3059 - Passenger Transport Services.

 

To find out more about this DPS and how to provide taxi services to the Council, please see Taxi firms tendering for contracts (leicester.gov.uk)

Additional information: 
At the point of award, we are no longer seeking tenders.",Leicester City Council,,33228.0,GBP,2026-08-24,2026-08-24,award,complete,60120000,https://www.contractsfinder.service.gov.uk/Notice/b1ac1b85-6cc7-4463-8aee-ba877ec91c26-911781,2026-08-25T07:40:23.373664+00:00
Contracts Finder,ocds-b5fd17-9a9992b5-2cff-4d85-9c4f-62916631e05e_313ea121-97de-42d8-878b-4b7088b71b87-911773,Wigan Combined Fire Station Refurbishment - Carbon Works,"Awarded contract via direct award under NHS Hard Facilities Management 2 Framework (SBS10166) Lot 3.3 Low Carbon Energy Infrastructure.

The carbon work at Wigan Community Fire and Ambulance Station involves the replacement of the existing gas-fired domestic hot water system with a packaged electric Air Source Heat Pump (ASHP) solution, including all ancillary equipment, housed within an external compound. Plus, the connection of the new ASHPs to the building management system (BMS) to provide",THE GREATER MANCHESTER COMBINED AUTHORITY,,250000.0,GBP,2026-08-24,2025-10-01,award,complete,45000000,https://www.contractsfinder.service.gov.uk/Notice/313ea121-97de-42d8-878b-4b7088b71b87-911773,2026-08-25T07:40:23.373836+00:00
Contracts Finder,ocds-b5fd17-177c8dfc-a89c-48b8-810c-999ce770d165_1941d010-cd36-4403-bba1-c548c1db39a9-911780,"QSC236 09:00 2026-08-20 Haverhill to Hillside Special School, Sudbury - 4-seater vehicle & PA required - AWARD","Suffolk County Council is seeking a mini competition against the following Dynamic Purchasing System: `The supply of Passenger Transport Services`, OJEU Notice Id: 2018/S 031-067685.
      
      QSC236 09:00 2026-08-20 Haverhill to Hillside Special School, Sudbury - 4-seater vehicle & PA required
      
      Further details can be found in the 'Tenders / My Tenders' area of this website, by selecting the 'View Details' button for this project.
      
      The deadline for returned submi",Suffolk County Council Passenger Transport,,,GBP,2026-08-24,2026-08-20,award,complete,60000000,https://www.contractsfinder.service.gov.uk/Notice/1941d010-cd36-4403-bba1-c548c1db39a9-911780,2026-08-25T07:40:23.374017+00:00
Contracts Finder,ocds-b5fd17-40be9e39-cb3f-49f0-9b4e-f28a605a4fb6_f253728e-767b-4d67-9cb4-03c257804128-911779,QLT266 2026-08-19 (0900) Wrentham - Include Lowestoft (8 seats and a PA) - AWARD,"Suffolk County Council is seeking a mini competition against the following Dynamic Purchasing System: `The supply of Passenger Transport Services`, OJEU Notice Id: 2018/S 031-067685.
      
      QLT266 2026-08-19 (0900) Wrentham - Include Lowestoft (8 seats and a PA)
      
      Further details can be found in the 'Tenders / My Tenders' area of this website, by selecting the 'View Details' button for this project.
      
      The deadline for returned submissions is 0900 on 19/08/2026. ",Suffolk County Council Passenger Transport,,,GBP,2026-08-24,2026-08-19,award,complete,60000000,https://www.contractsfinder.service.gov.uk/Notice/f253728e-767b-4d67-9cb4-03c257804128-911779,2026-08-25T07:40:23.374194+00:00
Contracts Finder,ocds-b5fd17-166ffef9-c80c-4ada-bd29-0f47d88f9646_2f115b6a-fb7f-4a30-b87d-e3d47c2a90d3-911778,CP2856-26 EHCP Funding Framework Implementation Assurance & Transition Support,"Contract to continue to support the implementation of the EHCP framework and ensuring necessary monitoring and performance arrangements to sustain successful delivery and to support transition.

This was a direct award from Lot 4b of ESPO Consultancy Services Framework 664_25.",Devon County Council,,49740.0,GBP,2026-08-24,2026-07-31,award,complete,80000000,https://www.contractsfinder.service.gov.uk/Notice/2f115b6a-fb7f-4a30-b87d-e3d47c2a90d3-911778,2026-08-25T07:40:23.374368+00:00
Contracts Finder,ocds-b5fd17-33acb5ae-6123-4acc-9bc7-b5c124c9c5b7_786dc9c8-8adf-4c81-9b34-f2f6e6961c1e-911777,37184 - WOODFIELD SCHOOL,"This contract is for the provision of transport services - journey stated in the title of this notice. It has been awarded following a Mini Competition under Council's Dynamic Purchasing System (DPS) PAN3059 - Passenger Transport Services.

To find out more about this DPS and how to provide taxi services to the Council, please see Taxi firms tendering for contracts (leicester.gov.uk)",Leicester City Council,,40833.0,GBP,2026-08-24,2026-08-24,award,complete,60120000,https://www.contractsfinder.service.gov.uk/Notice/786dc9c8-8adf-4c81-9b34-f2f6e6961c1e-911777,2026-08-25T07:40:23.374546+00:00
Contracts Finder,ocds-b5fd17-8fd0abb4-7737-4665-8a19-0e87ce43c5ec_f13119ee-665d-4958-8fdb-aa6dd3600b0b-911774,VMWare Cloud Foundation,Chorley Borough Council awarded via a Direct Award under NHS SBS Digital Workplace Solutions 2 (Ref: SBS10510) for the procurement of VMWare Cloud Foundation 1 Year Licence,South Ribble Borough Council,,53681.64,GBP,2026-08-24,2026-05-20,award,complete,48900000,https://www.contractsfinder.service.gov.uk/Notice/f13119ee-665d-4958-8fdb-aa6dd3600b0b-911774,2026-08-25T07:40:23.374718+00:00
Contracts Finder,ocds-b5fd17-8ff92e5d-3463-4b17-94e4-c604f517d1fa_5d4d366b-0bf1-4abf-8171-426ebfdee06d-911776,"QIP088 0900 2026-08-21 Shotley - Reboot education, Ipswich & Stace provision, Kersey (4-seated vehicle and a PA required) - AWARD","Suffolk County Council is seeking a mini competition against the following Dynamic Purchasing System: `The supply of Passenger Transport Services`, OJEU Notice Id: 2018/S 031-067685.
      
      QIP088 0900 2026-08-21 Shotley - Reboot education, Ipswich & Stace provision, Kersey (4-seated vehicle and a PA required)
      
      Further details can be found in the 'Tenders / My Tenders' area of this website, by selecting the 'View Details' button for this project.
      
      The deadline",Suffolk County Council Passenger Transport,,,GBP,2026-08-24,2026-08-21,award,complete,60000000,https://www.contractsfinder.service.gov.uk/Notice/5d4d366b-0bf1-4abf-8171-426ebfdee06d-911776,2026-08-25T07:40:23.374904+00:00
Contracts Finder,ocds-b5fd17-d1229dc3-5935-4fd9-a947-718bc21667c3_b85262cf-79eb-4e04-99d1-7c3109fd72b8-911771,"Footway resurfacing works - Queensway, Normanton","Footway resurfacing works - Queensway, Normanton",WAKEFIELD COUNCIL,,88408.0,GBP,2026-08-24,2026-05-10,award,complete,45233251,https://www.contractsfinder.service.gov.uk/Notice/b85262cf-79eb-4e04-99d1-7c3109fd72b8-911771,2026-08-25T07:40:23.375081+00:00
Contracts Finder,ocds-b5fd17-67919332-0bd9-4b8c-89e5-2326e4fe2027_838b3f29-2187-428e-b372-e2a84ae535fd-911775,37183 - Fullhurst community college,"This contract is for the provision of transport services - journey stated in the title of this notice. It has been awarded following a Mini Competition under Council's Dynamic Purchasing System (DPS) PAN3059 - Passenger Transport Services.

 

To find out more about this DPS and how to provide taxi services to the Council, please see Taxi firms tendering for contracts (leicester.gov.uk)

Additional information: 
At the point of award, we are no longer seeking tenders",Leicester City Council,,11544.0,GBP,2026-08-24,2026-08-24,award,complete,60120000,https://www.contractsfinder.service.gov.uk/Notice/838b3f29-2187-428e-b372-e2a84ae535fd-911775,2026-08-25T07:40:23.375253+00:00
Contracts Finder,ocds-b5fd17-9bad6d35-5374-4780-9e47-68d25de5a44f_d6b08945-7750-4616-861a-345091707d7f-911772,Taxi and MPV (1-8 seats) - Taxi and MPV (1-8 seats),"Tender details:
Vehicle type: 8 seater
Passenger Assistant Required: No PA required.

Proposed Taxi Route: 
From: BN22 8JU, BN22 8UG, BN20 8RA
To: Northease Manor School, BN7 3EY
Frequency: Monday to Friday
Daily School Time: Mon-Thurs 08:30 to 16:00 and Fri 08:30-15:00

 This opportunity has been distributed on SProc.net",East Sussex County Council,,,GBP,2026-08-24,2026-08-17,award,complete,60000000,https://www.contractsfinder.service.gov.uk/Notice/d6b08945-7750-4616-861a-345091707d7f-911772,2026-08-25T07:40:23.375418+00:00
Contracts Finder,ocds-b5fd17-13226857-9956-466c-92ab-43833268a341_dc28cee6-1888-44de-8240-5e2892ad23e0-911770,Provision of Ivanti Licences,Ivanti licencing for IT Service Management.,DfTc - Department for Transport,,164818.46,GBP,2026-08-24,2026-07-31,award,complete,48000000,https://www.contractsfinder.service.gov.uk/Notice/dc28cee6-1888-44de-8240-5e2892ad23e0-911770,2026-08-25T07:40:23.375590+00:00
Contracts Finder,ocds-b5fd17-6d598f21-f7a8-4fa5-be64-03edbe2b82fe_b05f2f2d-0f5a-47fb-bdc6-c0a306b7145f-911769,DCP Stores Extension - Engineering Support Requirement,"Procurement of experienced Engineers to support pre-commissioning walk-down activities for the DCP Stores Extension project for 8-10 weeks starting 29th June 2026. The disciplines required are Ventilation, Mechanical and EC&I (Electrical, Control & Instrumentation",Nuclear Restoration Services Limited,,150000.0,GBP,2026-08-24,2026-06-19,award,complete,71300000,https://www.contractsfinder.service.gov.uk/Notice/b05f2f2d-0f5a-47fb-bdc6-c0a306b7145f-911769,2026-08-25T07:40:23.375770+00:00
Contracts Finder,ocds-b5fd17-150faa6c-e376-4ece-8e12-b491fc201eeb_717aa221-0a23-41ae-b6cc-c14a69d213e4-911768,Taxi and MPV (1-8 seats) Passenger Assistant - Taxi and MPV (1-8 seats) Passenger Assistant,"Tender details:
Vehicle type: 06 Seat MPV
Passenger Assistant Required:  Yes

Proposed Taxi Route:
From:  TN34 2RE, TN35 5AL
To:   Hazel Court School, BN23 8EJ

Frequency: Monday - Friday 
Daily School Time: 08:45 - 15:00

Comments to Operator:
TUPE MAY APPLY
 This opportunity has been distributed on SProc.net",East Sussex County Council,,,GBP,2026-08-24,2026-07-13,award,complete,60000000,https://www.contractsfinder.service.gov.uk/Notice/717aa221-0a23-41ae-b6cc-c14a69d213e4-911768,2026-08-25T07:40:23.375954+00:00
Contracts Finder,ocds-b5fd17-fa44c6dc-3dc1-4ade-8cee-d082c67f74c6_4df12e2b-96e2-44cf-8636-c0c4f638b399-911761,Laptop Refresh 2026,Chorley & South Ribble Borough Councils awarded via Direct Award under NHS SBS Tech Devices - Link 4 Lot 1 (Ref: SBS10515) for the purchase of 700x Dell Pro 14 (PC14250) XCTO Base.,South Ribble Borough Council,,710584.0,GBP,2026-08-24,2026-07-21,award,complete,30213100,https://www.contractsfinder.service.gov.uk/Notice/4df12e2b-96e2-44cf-8636-c0c4f638b399-911761,2026-08-25T07:40:23.376131+00:00
Contracts Finder,ocds-b5fd17-4175c4d2-0fc2-4ca2-b58b-bbdf9716b71c_609090c7-1829-45ec-a100-3c35397bfb3b-911767,"QIP994 0900 2026-08-21 Woodbridge - Piper's vale primary academy, Ipswich (4-seated vehicle and a PA required) - AWARD","Suffolk County Council is seeking a mini competition against the following Dynamic Purchasing System: `The supply of Passenger Transport Services`, OJEU Notice Id: 2018/S 031-067685.
      
      QIP994 0900 2026-08-21 Woodbridge - Piper's vale primary academy, Ipswich (4-seated vehicle and a PA required)
      
      Further details can be found in the 'Tenders / My Tenders' area of this website, by selecting the 'View Details' button for this project.
      
      The deadline for return",Suffolk County Council Passenger Transport,,,GBP,2026-08-24,2026-08-21,award,complete,60000000,https://www.contractsfinder.service.gov.uk/Notice/609090c7-1829-45ec-a100-3c35397bfb3b-911767,2026-08-25T07:40:23.376297+00:00
Contracts Finder,ocds-b5fd17-8ee2ab8e-fa71-41dc-bccc-2f87570f15ad_c99980df-7809-49c7-8d94-2410c1d6cc06-911766,Taxi and MPV (1-8 seats) Passenger Assistant - Taxi and MPV (1-8 seats) Passenger Assistant,"Vehicle type: 4 seater
Passenger Assistant Required: 1 x PA required

Proposed Taxi Route: 
From: BN22 9HZ and BN22 9JL
To: St Marys Wrestwood, TN40 2LU
Frequency: Monday to Friday
Daily School Time: Mon-Thurs 08:40 to 16:00 and Fri 08:40-14:30

Comments for Operator: 
1 x PA required.
TUPE may apply
 This opportunity has been distributed on SProc.net",East Sussex County Council,,,GBP,2026-08-24,2026-07-20,award,complete,60000000,https://www.contractsfinder.service.gov.uk/Notice/c99980df-7809-49c7-8d94-2410c1d6cc06-911766,2026-08-25T07:40:23.376463+00:00
Contracts Finder,ocds-b5fd17-ae569738-b6df-47e9-a1e9-94073ab00eb0_5d56b4fc-92ee-425b-aa07-df109641afd7-911765,Interpretation and Translation Services - July - December 2026,"Short term translation and interpretation services for use across the Council when interacting with citizens who are deaf, blind or English is not their first language.",Sheffield City Council,,,GBP,2026-08-24,2026-05-28,award,complete,79530000,https://www.contractsfinder.service.gov.uk/Notice/5d56b4fc-92ee-425b-aa07-df109641afd7-911765,2026-08-25T07:40:23.376639+00:00
Contracts Finder,ocds-b5fd17-17c82e65-a5fd-43cf-826b-8911e45dd472_f4acea21-5b5c-4bcd-a052-675704d66103-911764,DPS1 1378 - Winter Pollard 2026,"DPS1 1378 - Winter Pollard 2026\r
\r

Additional information: https://londonconstructionprogramme.co.uk/services/dynamic-purchasing-systems/",London Borough of Haringey,,90000.0,GBP,2026-08-24,2026-06-29,award,complete,71000000,https://www.contractsfinder.service.gov.uk/Notice/f4acea21-5b5c-4bcd-a052-675704d66103-911764,2026-08-25T07:40:23.376811+00:00
Contracts Finder,ocds-b5fd17-f5420979-78b2-4069-bbf5-bff98bc08b53_c44f7655-f17c-4b8a-90e9-a6ea17a03d6f-911763,DPS1 1373 - Winter pollarding 2026,"DPS1 1373 - Winter pollarding 2026 \r

Additional information: https://londonconstructionprogramme.co.uk/services/dynamic-purchasing-systems/",London Borough of Haringey,,90000.0,GBP,2026-08-24,2026-06-25,award,complete,71000000,https://www.contractsfinder.service.gov.uk/Notice/c44f7655-f17c-4b8a-90e9-a6ea17a03d6f-911763,2026-08-25T07:40:23.376995+00:00
Contracts Finder,ocds-b5fd17-98b134b9-6522-4de9-adde-be75b00ed759_c0bbac27-f46d-47ea-ae6b-858b8c6afb67-911762,DPS1 1382 - Winter Pollard 2026,"DPS1 1382 - Winter Pollard 2026\r
\r

Additional information: https://londonconstructionprogramme.co.uk/services/dynamic-purchasing-systems/",London Borough of Haringey,,90000.0,GBP,2026-08-24,2026-06-25,award,complete,71000000,https://www.contractsfinder.service.gov.uk/Notice/c0bbac27-f46d-47ea-ae6b-858b8c6afb67-911762,2026-08-25T07:40:23.377169+00:00
Contracts Finder,ocds-b5fd17-71847c3f-8a0c-4c12-95b2-1a87ab9e3ff5_5f9b7e16-1fff-45ad-acff-15a26af8b43a-911760,"QIP134 2026-08-20 (0900) Ipswich to Green Light Trust, Martlesham (Castan Wood) (4 seats) - AWARD","Suffolk County Council is seeking a mini competition against the following Dynamic Purchasing System: `The supply of Passenger Transport Services`, OJEU Notice Id: 2018/S 031-067685.
      
      QIP134 2026-08-20 (0900) Ipswich to Green Light Trust, Martlesham (Castan Wood) (4 seats)
      
      Further details can be found in the 'Tenders / My Tenders' area of this website, by selecting the 'View Details' button for this project.
      
      The deadline for returned submissions is 090",Suffolk County Council Passenger Transport,,,GBP,2026-08-24,2026-08-20,award,complete,60000000,https://www.contractsfinder.service.gov.uk/Notice/5f9b7e16-1fff-45ad-acff-15a26af8b43a-911760,2026-08-25T07:40:23.377335+00:00
Contracts Finder,ocds-b5fd17-082c9fbc-216e-48d9-a9bb-b520e09c4171_1e444c55-c359-4c52-b6b6-b93bf9dff2fe-911759,NEA - CDF - Skinningrove  - Post-FBC Construction,NEA - CDF - Skinningrove  - Post-FBC Construction,Environment Agency,,7155986.0,GBP,2026-08-24,2026-08-11,award,complete,45246410,https://www.contractsfinder.service.gov.uk/Notice/1e444c55-c359-4c52-b6b6-b93bf9dff2fe-911759,2026-08-25T07:40:23.377505+00:00
Contracts Finder,ocds-b5fd17-55f995fb-205a-43b1-b2e2-34635b5e9320_5912f625-bfe4-4b83-8d0d-b5fe62f4718e-911758,Framework for Healthcare-Related Substance Use Services,Framework for the Provision of Healthcare related Substance Use Services,London Borough of Hackney,,11155000.0,GBP,2026-08-24,2026-02-05,award,complete,85100000,https://www.contractsfinder.service.gov.uk/Notice/5912f625-bfe4-4b83-8d0d-b5fe62f4718e-911758,2026-08-25T07:40:23.377671+00:00
Contracts Finder,ocds-b5fd17-86d9b24f-1061-466a-ac7f-a328b19717a5_8bc81b1b-49fe-4b20-875d-2a5d1c05e428-911757,Commando Force HPW Laptop Cables,Please see attached contract,Ministry of Defence,,43055.34,GBP,2026-08-24,2026-08-04,award,complete,30200000,https://www.contractsfinder.service.gov.uk/Notice/8bc81b1b-49fe-4b20-875d-2a5d1c05e428-911757,2026-08-25T07:40:23.377847+00:00
Contracts Finder,ocds-b5fd17-c1956ee9-b028-421c-bc79-3059537893db_84304bec-58a4-400d-b817-88c783f48a12-911754,"QLT264 2026-08-14 (0900) Beccles - Dell Primary School, Lowestoft (4 seats) - AWARD","Suffolk County Council is seeking a mini competition against the following Dynamic Purchasing System: `The supply of Passenger Transport Services`, OJEU Notice Id: 2018/S 031-067685.
      
      QLT264 2026-08-14 (0900) Beccles - Dell Primary School, Lowestoft (4 seats)
      
      Further details can be found in the 'Tenders / My Tenders' area of this website, by selecting the 'View Details' button for this project.
      
      The deadline for returned submissions is 0900 on 14/08/202",Suffolk County Council Passenger Transport,,,GBP,2026-08-24,2026-08-14,award,complete,60000000,https://www.contractsfinder.service.gov.uk/Notice/84304bec-58a4-400d-b817-88c783f48a12-911754,2026-08-25T07:40:23.378028+00:00
Contracts Finder,ocds-b5fd17-8ce652b7-b920-4031-985c-31502fc810ee_9bc2c144-2a58-42a4-818b-c3a745ee274c-911751,YNE-AOMR-MC-Castle Mills Eel pass,Mini competition for Castle Mills eel pass,Environment Agency,,469441.0,GBP,2026-08-24,2026-07-24,award,complete,45246000,https://www.contractsfinder.service.gov.uk/Notice/9bc2c144-2a58-42a4-818b-c3a745ee274c-911751,2026-08-25T07:40:23.378199+00:00
Contracts Finder,ocds-b5fd17-fef31986-d682-4f11-bb27-cb53e69b8acf_cc89341e-b393-455a-9273-5538a0f874b9-911750,"QOC934 09:00 2026-08-21 Moulton to The Centre School, Cottenham, Cambs - 4-seater vehicle and a Passenger Assistant required - AWARD","Suffolk County Council is seeking a mini competition against the following Dynamic Purchasing System: `The supply of Passenger Transport Services`, OJEU Notice Id: 2018/S 031-067685.
      
      QOC934 09:00 2026-08-21 Moulton to The Centre School, Cottenham, Cambs - 4-seater vehicle and a Passenger Assistant required
      
      Further details can be found in the 'Tenders / My Tenders' area of this website, by selecting the 'View Details' button for this project.
      
      The deadl",Suffolk County Council Passenger Transport,,,GBP,2026-08-24,2026-08-21,award,complete,60000000,https://www.contractsfinder.service.gov.uk/Notice/cc89341e-b393-455a-9273-5538a0f874b9-911750,2026-08-25T07:40:23.378374+00:00
Contracts Finder,ocds-b5fd17-58ea91d8-15aa-420a-9fbb-c35b8d36b9e9_e076cf4d-5868-4e43-861e-4dda622b5196-911749,"QBE085 09:00 2026-08-21 Bardwell Bury St Edmunds to Abbey Gardens School, Bury St Edmunds - 4-seater vehicle required - AWARD","Suffolk County Council is seeking a mini competition against the following Dynamic Purchasing System: `The supply of Passenger Transport Services`, OJEU Notice Id: 2018/S 031-067685.
      
      QBE085 09:00 2026-08-21 Bardwell Bury St Edmunds to Abbey Gardens School, Bury St Edmunds - 4-seater vehicle required
      
      Further details can be found in the 'Tenders / My Tenders' area of this website, by selecting the 'View Details' button for this project.
      
      The deadline for",Suffolk County Council Passenger Transport,,,GBP,2026-08-24,2026-08-21,award,complete,60000000,https://www.contractsfinder.service.gov.uk/Notice/e076cf4d-5868-4e43-861e-4dda622b5196-911749,2026-08-25T07:40:23.378540+00:00
