source,notice_id,title,description,organisation,value_low,value_high,currency,published_date,deadline,notice_type,status,cpv_codes,url,scraped_at
FTS,ocds-h6vhtk-077fdd_093406-2026,Success For All Education Trust  - Supply of Gas,The physical supply of gas to all Authority sites along with associated invoicing and query management services,Success For All Educational Trust,,,GBP,2026-10-02,2026-10-13,tender,active,,https://www.find-tender.service.gov.uk/Notice/093406-2026,2026-10-02T13:32:18.505927+00:00
FTS,ocds-h6vhtk-077fdc_093405-2026,ENHT - Fuel Cards,ENHT - Fuel Cards - Direct award via the GCA RM6367 Framework.,East and North Hertfordshire Teaching NHS Trust,,,GBP,2026-10-02,,award,complete,,https://www.find-tender.service.gov.uk/Notice/093405-2026,2026-10-02T13:32:18.505959+00:00
FTS,ocds-h6vhtk-077fdb_093404-2026,Business North East Creative Identity,"Business North East Visual and Verbal Identity contract including: overarching creative idea with tagline, logo concept and visual identity system with 2 rounds of development and 2 application examples (event collateral example and webpage) + toolkit of final, approved logo files and design system assets.",North East Combined Authority,,,GBP,2026-10-02,,award,complete,,https://www.find-tender.service.gov.uk/Notice/093404-2026,2026-10-02T13:32:18.505965+00:00
FTS,ocds-h6vhtk-077fda_093403-2026,UKRI-6388 Shutters & Visual Assessment and Collection of Parts,"UKRI STFC appointed a supplier to provide TS2 Shutter centre modified assembly including supply replacement materials, cover plate materials, vacuum test materials, re-assembly, & delivery according to the specification.",UK Research & Innovation (UKRI),,,GBP,2026-10-02,,award,complete,,https://www.find-tender.service.gov.uk/Notice/093403-2026,2026-10-02T13:32:18.505971+00:00
FTS,ocds-h6vhtk-06eca2_093402-2026,Vehicle Maintenance Services,,,,,GBP,2026-10-02,,tenderCancellation,cancelled,,https://www.find-tender.service.gov.uk/Notice/093402-2026,2026-10-02T13:32:18.505976+00:00
FTS,ocds-h6vhtk-077fd9_093401-2026,CP2821-26 Study of Carbon Sequestration and Soil Health Impacts within Highway Earthworks,"Devon County Council (DCC), is delivering the A382 Link Road Development near Newton Abbot, Devon.  In addition to the main scheme, additional funding has been made available through the ADEPT Live Labs 2: Decarbonising Local Roads programme to fund carbon reduction measures on the project. The scheme seeks not only to improve highway safety, network resilience and traffic flow, but also to demonstrate innovative approaches to reducing and removing carbon emissions from highway construction acti",Devon County Council,,170000.0,GBP,2026-10-02,2026-10-30,tender,active,,https://www.find-tender.service.gov.uk/Notice/093401-2026,2026-10-02T13:32:18.505980+00:00
FTS,ocds-h6vhtk-06d0a4_093400-2026,Audit Qualification 2030: Structured interviews with non-PIE Audit firms,"THIS IS A CONTRACT AWARD NOTICE
The Financial Reporting Council (FRC) commissioned research services for Audit Qualification 2030: Structured Interviews with Non-PIE Audit Firms, to conduct interviews with UK non-PIE audit firms on the pre-qualification education, training and assessment of statutory auditors, including identifying current practices and barriers to effective training.",THE FINANCIAL REPORTING COUNCIL LIMITED,,,GBP,2026-10-02,,award,complete,,https://www.find-tender.service.gov.uk/Notice/093400-2026,2026-10-02T13:32:18.505984+00:00
FTS,ocds-h6vhtk-077fd8_093399-2026,CBMDC 459 Oracle Licences,Software Update License & Support - 1 year term,City of Bradford Metropolitan District Council,,,GBP,2026-10-02,,award,complete,,https://www.find-tender.service.gov.uk/Notice/093399-2026,2026-10-02T13:32:18.505995+00:00
FTS,ocds-h6vhtk-06f85f_093398-2026,NDC0089-26 - Gypsy and Traveller Accommodation Assessment,Preparation of a Gypsy and Traveller Accommodation Assessment for North Devon and Torridge.,North Devon District Council,,60000.0,GBP,2026-10-02,2026-10-12,tenderUpdate,active,,https://www.find-tender.service.gov.uk/Notice/093398-2026,2026-10-02T13:32:18.505999+00:00
FTS,ocds-h6vhtk-06fa11_093397-2026,Haslemere Playgrounds - Lion Green,"The Council invites tenders for the design, supply and installation of playground equipment and associated groundworks at Lion Green. The works will include design, site set-up, surfacing, foundations, making good, and any ancillary works required to deliver a safe, durable and compliant play area. The estimated contract value for this tender is £250,000.
Tenderers may also wish to note that separate but related playground tenders are being issued for two other sites, and bids may be submitted f",Haslemere Town Council,,250000.0,GBP,2026-10-02,2026-10-23,tenderUpdate,active,,https://www.find-tender.service.gov.uk/Notice/093397-2026,2026-10-02T13:32:18.506005+00:00
FTS,ocds-h6vhtk-077fd7_093396-2026,Maintenance Ensite X 3D Mapping System,"ASSURANCE™ PLUS SERVICE PLAN - EnSite™ X 3D Mapping System Includes: Service & Maintenance Plan (1-year) System Serial Number: 19208990, 19024214, 20191038, 19044478, 18924412, 35248.",Liverpool Heart and Chest Hospital NHS Foundation Trust,,,GBP,2026-10-02,,award,complete,,https://www.find-tender.service.gov.uk/Notice/093396-2026,2026-10-02T13:32:18.506008+00:00
FTS,ocds-h6vhtk-0774cc_093395-2026,Grounds Maintenance at WMFRA Sites 2026 - 2030,Grounds Maintenance services for WMFRA 2026 - 2030,West Midlands Fire and Rescue Authority,,,GBP,2026-10-02,2026-11-02,tender,active,,https://www.find-tender.service.gov.uk/Notice/093395-2026,2026-10-02T13:32:18.506013+00:00
FTS,ocds-h6vhtk-077fd6_093394-2026,HBC JB Land Stability Consultancy Services (ESPH779),"Hastings Borough Council is located within an area of complex geology characterised by coastal cliffs, steep slopes and areas susceptible to ground instability and landslip.
As a result, development proposals submitted to the Local Planning Authority frequently require supporting land stability and geotechnical assessments to demonstrate that development can be undertaken safely and without increasing risks to property, infrastructure or public safety.
The Council requires access to specialist g",Hastings Borough Council,,,GBP,2026-10-02,,award,complete,,https://www.find-tender.service.gov.uk/Notice/093394-2026,2026-10-02T13:32:18.506017+00:00
FTS,ocds-h6vhtk-077fd5_093393-2026,Star Academies - Building Cleaning Services - The Valley Leadership Academy,"The Trust (Star) is looking to appoint a single Supplier for the supply of building cleaning services at The Valley Leadership Academy.  
Star’s objective is to create a clean and professional learning environment to support our pupils’ education provision through both day-to-day cleaning, and deep cleaning provision throughout school holidays. 
The supplier selected will be able to provide building cleaning services (excluding external window cleaning) as detailed in Schedule 1 - Specification,",STAR ACADEMIES,,800000.0,GBP,2026-10-02,2026-11-02,tender,active,,https://www.find-tender.service.gov.uk/Notice/093393-2026,2026-10-02T13:32:18.506020+00:00
FTS,ocds-h6vhtk-077fd4_093392-2026,"ESCC DR Actuarial, Benefits and Governance Consultancy Services for the East Sussex Pension Fund","East Sussex County Council use consultants for actuarial services to provide professional level advice, ensuring effective governance of the East Sussex Pension Fund. Pension benefits are funded by contributions and investment earnings.  The Fund is governed by the Public Services Pensions Act 2013. 
An Invitation to Further Competition process was undertaken via accessing  the National LGPS Framework for Actuarial, Benefits & Governance Consultancy Services to appoint a provider to deliver a ne",East Sussex County Council,,,GBP,2026-10-02,,award,complete,,https://www.find-tender.service.gov.uk/Notice/093392-2026,2026-10-02T13:32:18.506024+00:00
FTS,ocds-h6vhtk-077fd3_093391-2026,"260027 Supply, delivery, commission, installation, consumables, & maintenance of a Femtosecond Laser Workstation for applications in metals","AMIC is seeking to establish a state-of-the-art ultrafast laser processing capability focused on precision micromachining and laser welding of metals and engineering materials. The equipment will support research and industrial projects involving micro-drilling, micro-cutting, surface texturing, structuring, thin-film patterning, precision joining and next-generation manufacturing processes.
The system will be used for both research and industrial development activities and should provide flexib",Queen's University Belfast,,750000.0,GBP,2026-10-02,,planning,planning,,https://www.find-tender.service.gov.uk/Notice/093391-2026,2026-10-02T13:32:18.506027+00:00
FTS,ocds-h6vhtk-077fd2_093390-2026,"Planned Investment Works, Major Repairs, Responsive Repairs and Voids","First Choice Homes Oldham is undertaking preliminary market engagement to inform the future procurement strategy for the delivery of planned investment works, major repairs, responsive repairs and voids services. 
Contract value estimated to breakdown as: 
Planned Investment Works £75m
Major Repairs £15m
Responsive Repairs & Voids £10
The proposed scope, contract values, lotting structure, term, extensions and procurement timetable remain under development and may change following engagement wit",First Choice Homes Oldham,,,GBP,2026-10-02,,planning,planning,,https://www.find-tender.service.gov.uk/Notice/093390-2026,2026-10-02T13:32:18.506030+00:00
FTS,ocds-h6vhtk-077fd1_093389-2026,"Centricity Server, Autodialler, Pilot Licences, & ACCR Support","This procurement is required to renew the Trust's existing Centricity support contract for an initial period of 18 months, with costs billed annually in advance. The procurement covers 12 months in Year 1 and 6 months in Year 2. This procurement will be facilitated through Lot 5 of CCS RM6259 (Vertical Application Solutions) to ensure compliance and consistency with the current agreement.<br/><br/>The Centricity solution provides critical support for the Trust's 999/111 Centricity Pilot, AACR Re",Yorkshire Ambulance Service NHS Trust,,,GBP,2026-10-02,,award,complete,72000000,https://www.find-tender.service.gov.uk/Notice/093389-2026,2026-10-02T13:32:18.506033+00:00
FTS,ocds-h6vhtk-06ec35_093388-2026,715889472-Tender Notice,"NAD (National Armaments Director Group, part of the UK Ministry of Defence (previously Defence Equipment and Support)) intends to award a contract under Procurement Reform Regulations of 2023 by means of competitive flexible procedure, for the supply and through-life support of boresight kits (boresights and interchangeable mandrels/adapters) for use on multiple weapon systems/calibres within Land Equipment Operating Centre (LEOC). The Combat Vehicles 2 team (a LEOC team) are leading this projec",Defence Equipment and Support,,4166666.67,GBP,2026-10-02,,tender,active,,https://www.find-tender.service.gov.uk/Notice/093388-2026,2026-10-02T13:32:18.506037+00:00
FTS,ocds-h6vhtk-077fd0_093387-2026,Carmarthen Bay & Estuaries Natural Capital Benefit Profile and Project Register,"Carmarthenshire County Council (on behalf of the West Wales Nutrient Management Board) has appointed a consultant to provide a bespoke, specialist GIS consultancy service for the Carmarthen Bay and Estuaries Natural Capital Benefit
Profile and Project Register.",Carmarthenshire County Council,,,GBP,2026-10-02,,award,complete,,https://www.find-tender.service.gov.uk/Notice/093387-2026,2026-10-02T13:32:18.506040+00:00
FTS,ocds-h6vhtk-0524b3_093386-2026,Leicestershire Academies Insurance Scheme,"Leicestershire Academies Insurance Scheme 
Insurance scheme for academies and maintained schools in Leicestershire.",Leicestershire County Council,,,GBP,2026-10-02,,award,complete,,https://www.find-tender.service.gov.uk/Notice/093386-2026,2026-10-02T13:32:18.506043+00:00
FTS,ocds-h6vhtk-055953_093385-2026,City of London Street Outreach & Support Services,,,,,GBP,2026-10-02,,tenderCancellation,complete,,https://www.find-tender.service.gov.uk/Notice/093385-2026,2026-10-02T13:32:18.506048+00:00
FTS,ocds-h6vhtk-077fcf_093384-2026,Clinical Partners ASD & ADHD Assessments,Urgent award for the provision of ASD/ADHD assessments.,Birmingham Community Healthcare NHS Foundation Trust,,,GBP,2026-10-02,,award,complete,85140000,https://www.find-tender.service.gov.uk/Notice/093384-2026,2026-10-02T13:32:18.506051+00:00
FTS,ocds-h6vhtk-06af2b_093383-2026,Invitation to Tender - AI Skills Boost Hub,"The Department for Science, Innovation and Technology is seeking to appoint a supplier to design, build, host, maintain and support a single integrated AI Skills Boost digital platform. The platform will bring together the existing AI Skills Boost and AI Skills Hub services into one user-focused website to support the Government’s ambition to upskill 10 million UK workers in AI skills by 2030.
The requirement includes website discovery, design, build, testing, hosting, service management, analyt","Department for Science, Innovation & Technology",,,GBP,2026-10-02,,award,complete,,https://www.find-tender.service.gov.uk/Notice/093383-2026,2026-10-02T13:32:18.506054+00:00
FTS,ocds-h6vhtk-077fce_093382-2026,CBMDC 459 Oracle Licences,Software Update License & Support - 1 year term,City of Bradford Metropolitan District Council,,,GBP,2026-10-02,,award,complete,,https://www.find-tender.service.gov.uk/Notice/093382-2026,2026-10-02T13:32:18.506059+00:00
FTS,ocds-h6vhtk-077fcd_093381-2026,High Value Laboratory Equipment,"NWUPC is undertaking preliminary market engagement to inform the development of the strategy and tender documentation for the retender of the High Value Laboratory Equipment framework which is due to expire on 31st July 2027. The forthcoming 2027 framework agreement includes the following proposed lot structure, though please note this is not yet finalised and is subject to change before tender publication: Lot 1 : Magnetic Resonance Equipment including Associated Equipment, Accessories, Consuma",North Western Universities Purchasing Consortium,,150000000.0,GBP,2026-10-02,,planning,planning,,https://www.find-tender.service.gov.uk/Notice/093381-2026,2026-10-02T13:32:18.506062+00:00
FTS,ocds-h6vhtk-0566ae_093380-2026,Bus Stop Maintenance and Civils - Lot B,"Contractors to provide services with respect to bus stop civils groundworks including the provision of new and maintenance of existing bus stop infrastructure.
Activities to include :
- Installation of new bus stop poles.
- Replace / Reseat / Removal / Relocation of existing bus stop poles .
- Delivery of hardstanding areas and kerbed works (raised / dropped kerbs).
-Installation of bus stop and bus stand clearway line markings.
- Supply and delivery only of bus stop poles / sockets.",Kent County Council,,,GBP,2026-10-02,,award,complete,,https://www.find-tender.service.gov.uk/Notice/093380-2026,2026-10-02T13:32:18.506065+00:00
FTS,ocds-h6vhtk-077fcc_093379-2026,BCU-FCONC-64313 - Urology Diagnostic - Insourcing,To support the delivery of Insourced diagnostic Urology services for Betsi Cadwaladr University Health Board (BCUHB).,Betsi Cadwaladr University Health Board,,,GBP,2026-10-02,,award,complete,85121292,https://www.find-tender.service.gov.uk/Notice/093379-2026,2026-10-02T13:32:18.506068+00:00
FTS,ocds-h6vhtk-077fcb_093378-2026,"Offender Engagement, Support and Oversight Service for High-Risk Offenders in Supported Exempt Accommodation","The Police and Crime Commissioner for Derbyshire, who is acting as the Lead Contracting Body for this procurement, is seeking to award a Contract for the provision of an Offender Engagement, Support and Oversight Service for High-Risk Offenders in Supported Exempt Accommodation, as detailed in the ITT Statement of Requirements. The Police and Crime Commissioner for Derbyshire is working in partnership with: Derbyshire County Council, Derby City Council, His Majesty’s Prison and Probation Service",The Police and Crime Commissioner for Derbyshire,,288000.0,GBP,2026-10-02,2026-11-13,tender,active,,https://www.find-tender.service.gov.uk/Notice/093378-2026,2026-10-02T13:32:18.506071+00:00
FTS,ocds-h6vhtk-077fca_093377-2026,DCWW 2113 - Low Value Small Works,"DCC is seeking to establish a framework for the delivery of Low Value Small Works across its operational and non-operational estate throughout Wales. The framework will cover low-value construction, repair, maintenance and improvement works across four specialist areas: Domestic Building Maintenance, Civils, Mechanical and Electrical.
The framework will be divided into two geographical regions, North Wales and South Wales, with each region containing the four specialist sub-lots. DCC intends to ",Dwr Cymru Cyfyngedig,,,GBP,2026-10-02,2026-10-27,tender,active,,https://www.find-tender.service.gov.uk/Notice/093377-2026,2026-10-02T13:32:18.506074+00:00
FTS,ocds-h6vhtk-077fc9_093376-2026,Energy Performance Certificates,Contractor to provide the following services for its council managed housing stock - Energy performance certificates.,Brighton and Hove City Council,,,GBP,2026-10-02,,award,complete,,https://www.find-tender.service.gov.uk/Notice/093376-2026,2026-10-02T13:32:18.506077+00:00
FTS,ocds-h6vhtk-077fc8_093375-2026,The Education Training Collective Gas Supply Tender,"SMS would like to invite you to tender for the sites listed in the accompanying RFQ, issued on behalf of Education Training Collective (ETC) for the provision of gas supply services across its multi-site portfolio in the Tees Valley.",The Education Training Collective,,,GBP,2026-10-02,2026-10-27,tender,active,,https://www.find-tender.service.gov.uk/Notice/093375-2026,2026-10-02T13:32:18.506081+00:00
FTS,ocds-h6vhtk-077fc6_093374-2026,Totara (Learn and Perform) Learning Management System,"The Totara platform (known within the Trust as YAS247) is a business-critical system that supports the Trust's learning, appraisal, compliance and workforce development activities. Think Learning is the Trust's incumbent supplier and, following its merger with Chambury Learning Solutions in late 2024, is now part of the Totara Group. The Trust has confirmed that it is fully satisfied with the supplier's performance and wishes to continue with the existing service.",Yorkshire Ambulance Service NHS Trust,,,GBP,2026-10-02,,award,complete,72261000,https://www.find-tender.service.gov.uk/Notice/093374-2026,2026-10-02T13:32:18.506086+00:00
FTS,ocds-h6vhtk-077fc7_093373-2026,Palm House Conservation Package,"The Palm House is a Grade I listed structure situated within the UNESCO World Heritage Site at Royal Botanic Gardens, Kew and is widely recognised as one of the most significant surviving Victorian glasshouses in the world. The project will involve the comprehensive conservation and renewal of this internationally important heritage asset.
For more information about this opportunity, please visit the eSourcing portal at: 
https://www.delta-esourcing.com/tenders/UK-UK-Richmond:-Refurbishment-work",royal kew Gardens,,25000000.0,GBP,2026-10-02,,planning,planning,,https://www.find-tender.service.gov.uk/Notice/093373-2026,2026-10-02T13:32:18.506089+00:00
FTS,ocds-h6vhtk-077fc5_093372-2026,Bolton Urban Cricket Centre,"The Borough Council of Bolton (""the Authority"") is seeking a suitably qualified supplier to develop and potentially deliver a five-lane recreational cricket dome at Ladybridge High School, together with associated landscaping and site works.
This procurement is being conducted in accordance with the Procurement Act 2023 (""the Act"") using the Open Competitive Procedure.
The facility is to be designed and installed in accordance with the ECB Covered Outdoor Cricket Facilities Design Guide.
The det",Bolton Metropolitan Borough Council,,1500000.0,GBP,2026-10-02,2026-11-02,tender,active,,https://www.find-tender.service.gov.uk/Notice/093372-2026,2026-10-02T13:32:18.506092+00:00
FTS,ocds-h6vhtk-077fc4_093371-2026,715862501-Provision of a Maritime Interdiction Operations (MIOps) Training Facility,"Provision of a Maritime Interdiction Operations training facility at RM Bickleigh and option to purchase an additional facility at CTCRM. 
Please see Invitation to Tender documentation for further detail.
The Cyber Risk Profile for this requirement identified by the Cyber Security Model (CSM) Risk Assessment is Level 1.
Please note:
The Contracting Authority may carry out a future, subsequent procurement of similar goods/services/works and rely on the direct award ground at Schedule 5, paragraph",Ministry of Defence,,1233300.0,GBP,2026-10-02,2026-10-27,tender,active,,https://www.find-tender.service.gov.uk/Notice/093371-2026,2026-10-02T13:32:18.506095+00:00
FTS,ocds-h6vhtk-077fa9_093370-2026,"Competitive Land Design and Build Contract within NIHE area Lisburn, Northern Ireland","In order to fulfil its development programme, the Contracting Authority is seeking to appoint developers to provide land for the development of social housing.
The Contracting Authority seeks land in Lisburn, Northern Ireland.  In the interests of providing an efficient housing management service, the Contracting Authority will not consider Sites which provide more than 70 units or less than 50 units. Preferably units are to be delivered at a single Site, however, adjacent sites maybe considered",Woven Housing Association Ltd,,15000000.0,GBP,2026-10-02,,planningUpdate,planning,,https://www.find-tender.service.gov.uk/Notice/093370-2026,2026-10-02T13:32:18.506098+00:00
FTS,ocds-h6vhtk-077fc3_093369-2026,Mass Communication Tool,"Procurement of a Mass Communication Tool (MCT) and associated messaging services for Yorkshire Ambulance Service via the CCS G-Cloud 14 Framework. The contract has been awarded to Everbridge, via Softcat PLC, for an initial three-year term with an option to extend for a further 12 months. The solution will provide a secure, resilient and scalable platform to support rapid two-way communication during major incidents and business continuity events, replacing unsupported legacy communication tools",Yorkshire Ambulance Service NHS Trust,,,GBP,2026-10-02,,award,complete,72261000,https://www.find-tender.service.gov.uk/Notice/093369-2026,2026-10-02T13:32:18.506100+00:00
FTS,ocds-h6vhtk-051eae_093368-2026,Repatriation Services,"The Ministry of Defence has a requirement for worldwide repatriation services for deceased Armed Forces and other entitled personnel, including the provision of specialist services in the event of a major incident resulting in mass fatalities.",Ministry of Defence,,,GBP,2026-10-02,,award,complete,,https://www.find-tender.service.gov.uk/Notice/093368-2026,2026-10-02T13:32:18.506103+00:00
FTS,ocds-h6vhtk-077fbf_093367-2026,"Lift Service, Inspection, Reactive Maintenance including Call Outs to the Lift and Hoists","RBC Contract for Lift Service, Inspection, Reactive Maintenance including Call Outs to the Lift and Hoists",Redditch Borough Council,,,GBP,2026-10-02,,award,complete,,https://www.find-tender.service.gov.uk/Notice/093367-2026,2026-10-02T13:32:18.506106+00:00
FTS,ocds-h6vhtk-0664eb_093366-2026,The Propeller Academy Trust - Catering Services,"The Propeller Academy Trust is currently out to tender for the provision of a full daily catering service.
The Propeller Trust is dedicated to supporting young people with special needs
The services at the Trust schools are a mix of in-house and outsourced provision.
The Contractor will be responsible for the provision of a full school food catering service for the pupils and staff at the relevant schools.  This will consist of breakfast and morning breaks at some sites and full lunch service fo",THE PROPELLER ACADEMY TRUST,,,GBP,2026-10-02,,award,complete,,https://www.find-tender.service.gov.uk/Notice/093366-2026,2026-10-02T13:32:18.506108+00:00
FTS,ocds-h6vhtk-077fc2_093365-2026,Financial Audit Services,"The Places for People Group (“PfP”) invites proposals from suitably qualified and experienced audit firms to provide external audit services for the Group.
PfP is one of the UK's leading social enterprises as it owns, manages and develops homes and communities across the UK. The Group comprises registered housing providers together with commercial, leisure, development and support services businesses.
The purpose of this tender is to appoint an external auditor capable of delivering a high-quali",Places for People Group Limited,,1900000.0,GBP,2026-10-02,2026-10-28,tender,active,,https://www.find-tender.service.gov.uk/Notice/093365-2026,2026-10-02T13:32:18.506113+00:00
FTS,ocds-h6vhtk-077fc1_093364-2026,Priory Healthcare Limited AED Services,"This contract is for the provision of specialist Adult Eating Disorder inpatient services on behalf of Leicestershire Partnership NHS Foundation Trust (LPT), as Lead Provider for Adult Eating Disorder services across the East Midlands.
Northamptonshire Healthcare NHS Foundation Trust (NHFT) and Leicestershire Partnership NHS Trust (LPT) procurement department operate a group structure, under this collaborative working arrangement NHFT is publishing this notice on behalf of LPT. The procurement p",Leicestershire Partnership NHS Trust,,,GBP,2026-10-02,,award,complete,85111500,https://www.find-tender.service.gov.uk/Notice/093364-2026,2026-10-02T13:32:18.506116+00:00
FTS,ocds-h6vhtk-077fc0_093363-2026,Gambling Behaviour Change Campaign,"Leicestershire County Council is seeking an experienced provider to undertake the research, co-production, development and design of a behaviour change campaign aimed at increasing awareness of and reducing gambling-related harms across Leicestershire. The requirement is for campaign development and design only. Implementation of the campaign is not included within the scope of this commission, but it is expected that the Provider will identify channels and methods for delivery.
Gambling-related",Leicestershire County Council,,49999.0,GBP,2026-10-02,2026-10-26,tender,active,,https://www.find-tender.service.gov.uk/Notice/093363-2026,2026-10-02T13:32:18.506119+00:00
FTS,ocds-h6vhtk-0777f4_093362-2026,Success For All Educational Trust - Dynamic Market for Supply of Energy,,Success For All Educational Trust,,,GBP,2026-10-02,,award,,,https://www.find-tender.service.gov.uk/Notice/093362-2026,2026-10-02T13:32:18.506122+00:00
FTS,ocds-h6vhtk-0695b1_093361-2026,Stop Smoking and Falls Prevention Strength & Balance Services,"Lincolnshire County Council is initiating a tender opportunity for a new Stop Smoking Service and a Falls Prevention Strength and Balance Service. These two services will be procured as part of a single lotted tender process, which will result in the award of two separate contracts.
Lot 1 – Stop Smoking Service: Delivery of a countywide Stop Smoking Service across Lincolnshire, providing evidence-based smoking cessation support that aligns with national policy objectives, Department of Health an",Lincolnshire County Council,,17761476.0,GBP,2026-10-02,2026-11-02,tenderUpdate,active,,https://www.find-tender.service.gov.uk/Notice/093361-2026,2026-10-02T13:32:18.506126+00:00
FTS,ocds-h6vhtk-061449_093360-2026,Day Opportunities Framework for Adults,"Barnsley Metropolitan Borough Council (the Council) is undertaking this procurement to establish a multi‑provider Framework for the delivery of a Day Opportunities for Adults. The procurement is being conducted under the Light Touch Regime in accordance with the Procurement Act 2023, reflecting the nature of the services and the need for a proportionate and flexible approach. The Council is seeking to establish a Light Touch Flexible Framework Agreement with Multiple Providers to deliver service",Barnsley Metropolitan Borough Council,,,GBP,2026-10-02,,award,complete,,https://www.find-tender.service.gov.uk/Notice/093360-2026,2026-10-02T13:32:18.506130+00:00
FTS,ocds-h6vhtk-0695b1_093359-2026,Stop Smoking and Falls Prevention Strength & Balance Services,"Lincolnshire County Council is initiating a tender opportunity for a new Stop Smoking Service and a Falls Prevention Strength and Balance Service. These two services will be procured as part of a single lotted tender process, which will result in the award of two separate contracts.
Lot 1 – Stop Smoking Service: Delivery of a countywide Stop Smoking Service across Lincolnshire, providing evidence-based smoking cessation support that aligns with national policy objectives, Department of Health an",Lincolnshire County Council,,17761476.0,GBP,2026-10-02,2026-11-02,tender,active,,https://www.find-tender.service.gov.uk/Notice/093359-2026,2026-10-02T13:32:18.506132+00:00
FTS,ocds-h6vhtk-0779a5_093358-2026,TVCA-PROC-0843 - Teesside Digital Trade Testbed (TDTT) portacabin extension,"Tees Valley Combined Authority (TVCA) (the ‘Contacting Authority’), part of the Tees Valley Combined Authority Group, has awarded a contract to Anmer Construction Limited for the design, manufacture and installation of a single-storey extension to the existing portacabin facility at the Teesside Digital Trade Testbed (TDTT), a Teesside Freeport-funded project located at Teesside International Airport.
The extension will be constructed on pad foundations that were installed as part of the origina",Tees Valley Combined Authority,,,GBP,2026-10-02,,award,complete,,https://www.find-tender.service.gov.uk/Notice/093358-2026,2026-10-02T13:32:18.506135+00:00
FTS,ocds-h6vhtk-05e220_093357-2026,NESO Coach Services Tender,"NESO is seeking a single provider of a fully managed coach service, including electrical vehicles, drivers, maintenance, cleaning, and garaging, to operate employee shuttle buses between train station(s) and office(s). The initial term would be 3 years (+1+1 possible extension).
Total contract value including VAT: £2.2m
Total contract value excluding VAT: £1.8m",NATIONAL ENERGY SYSTEM OPERATOR LIMITED,,,GBP,2026-10-02,,award,complete,,https://www.find-tender.service.gov.uk/Notice/093357-2026,2026-10-02T13:32:18.506138+00:00
FTS,ocds-h6vhtk-077fbf_093356-2026,"Lift Service, Inspection, Reactive Maintenance including Call Outs to the Lift and Hoists","RBC Contract for Lift Service, Inspection, Reactive Maintenance including Call Outs to the Lift and Hoists",Redditch Borough Council,,,GBP,2026-10-02,,award,complete,,https://www.find-tender.service.gov.uk/Notice/093356-2026,2026-10-02T13:32:18.506140+00:00
FTS,ocds-h6vhtk-077fbe_093355-2026,LCC - New Cattle Shed,"The works which are being procured as part of this Procurement are for a new cattle shed at Brand End Farm, Timms Drove, Swineshead, Boston, PE20 3PQ. The works will be to undertake a new build cattle shed measuring 24 x 12 metres. Lincolnshire County Council owns a number of farms throughout the County and have a schedule of works planned to undertake improvements to the holdings. This project is part of that improvement strategy and is for a new agricultural building.",Lincolnshire County Council,,,GBP,2026-10-02,,award,complete,,https://www.find-tender.service.gov.uk/Notice/093355-2026,2026-10-02T13:32:18.506146+00:00
FTS,ocds-h6vhtk-065523_093354-2026,Biorepository and Processing services,"The services cover end‑to‑end management of biological samples, including receipt, verification and secure storage in controlled ultra‑low‑temperature environments. Samples are processed through a range of laboratory workflows that include DNA and RNA extraction, quality control testing, normalisation, and preparation for downstream sequencing all delivered on a per‑sample basis, there is no fixed maximum number of samples. Additional activities include aliquoting, pooling, reformatting into req",GENOMICS ENGLAND LIMITED,,,GBP,2026-10-02,,award,complete,,https://www.find-tender.service.gov.uk/Notice/093354-2026,2026-10-02T13:32:18.506149+00:00
FTS,ocds-h6vhtk-077fbd_093353-2026,Home Care Spot Purchasing,"This contract relates to the spot purchasing of adult social care services to meet an identified individual's assessed care and support needs. The placement has been commissioned following assessment in accordance with the Care Act 2014 and is intended to deliver appropriate care, support, supervision and wellbeing outcomes tailored to the person's individual requirements.
The contract has been awarded to a provider to ensure continuity of care and the timely delivery of services within an indiv",West Northamptonshire Council,,,GBP,2026-10-02,,award,complete,,https://www.find-tender.service.gov.uk/Notice/093353-2026,2026-10-02T13:32:18.506152+00:00
FTS,ocds-h6vhtk-05eb48_093352-2026,Scottish Marine Animal Stranding Scheme,"The aim of the project is to provide a coordinated approach to the surveillance of cetacean, seal, sharks and marine turtle strandings, and to investigate causes of death of stranded animals in Scotland. Where required, efforts should be made to expand and develop the established volunteer network to improve reporting and strandings investigations.",Scottish Government,,,GBP,2026-10-02,,award,complete,85200000,https://www.find-tender.service.gov.uk/Notice/093352-2026,2026-10-02T13:32:18.506155+00:00
FTS,ocds-h6vhtk-077fbc_093351-2026,Order order Various Scaffolding Works,Open order for Various Scaffolding works - Responsive jobs,NORWICH CITY SERVICES LIMITED,,,GBP,2026-10-02,,award,complete,,https://www.find-tender.service.gov.uk/Notice/093351-2026,2026-10-02T13:32:18.506157+00:00
FTS,ocds-h6vhtk-06f4ec_093350-2026,Department for Communities Strategic Planning Services Framework 2026,"The Department for Communities is procuring a Strategic Planning Services Framework 2026. The Framework Contract is for the provision of one consultancy services team, comprising a Consultant and its supply chain, collectively referred to as an Integrated Consultant Team (ICT), to provide construction related strategic planning, financial, legal, architecture and conservation architecture advice in respect of regeneration matters within the remit of the Department for Communities. The Integrated",Department for Communities,,800000.0,GBP,2026-10-02,2026-10-14,tenderUpdate,active,,https://www.find-tender.service.gov.uk/Notice/093350-2026,2026-10-02T13:32:18.506160+00:00
FTS,ocds-h6vhtk-077fbb_093349-2026,ROG First Light Exhibitions Scenic Engineering Model Contractor,"This procurement exercise is to secure a Scenic Engineering Model Contractor to deliver scenic and engineered models across various exhibitions and displays across the Royal Observatory Greenwich site, as part of the ROG First Light Project.
The Scenic Engineering Model Contractor will be responsible for the development, engineering, fabrication, installation and commissioning of props, models and engineered kinetic sculptures in various materials and finish designs in scenic paint finishes. The",ROG First Light Exhibitions Scenic Engineering Model Contractor,,135000.0,GBP,2026-10-02,,tender,active,,https://www.find-tender.service.gov.uk/Notice/093349-2026,2026-10-02T13:32:18.506163+00:00
FTS,ocds-h6vhtk-077fba_093348-2026,Tympanic Thermometers and Associated Consumables,"The Trust is undertaking a pre-market engagement exercise to gain a better understanding of the current market for tympanic thermometers and associated disposable probe covers. The information gathered will help inform the development of the procurement strategy, specification, evaluation criteria and overall requirement. This engagement does not constitute a commitment to commence a procurement process and is intended solely to gather market intelligence and supplier feedback.
The Trust is inte",Gloucestershire Hospitals NHS Foundation Trust,,165000.0,GBP,2026-10-02,,planning,planning,,https://www.find-tender.service.gov.uk/Notice/093348-2026,2026-10-02T13:32:18.506165+00:00
FTS,ocds-h6vhtk-06bc7b_093347-2026,BCU-FTS-61503- Confidential Waste,,,,,GBP,2026-10-02,,tenderCancellation,complete,,https://www.find-tender.service.gov.uk/Notice/093347-2026,2026-10-02T13:32:18.506168+00:00
FTS,ocds-h6vhtk-077fb9_093346-2026,Open order various scaffolding works,Open order for various scaffolding works - Responsive Jobs,NORWICH CITY SERVICES LIMITED,,,GBP,2026-10-02,,award,complete,,https://www.find-tender.service.gov.uk/Notice/093346-2026,2026-10-02T13:32:18.506171+00:00
FTS,ocds-h6vhtk-077fb8_093345-2026,Fotoware Medical Photography Software,Medical photography for NHS,BUCKINGHAMSHIRE HEALTHCARE NHS TRUST,,,GBP,2026-10-02,,award,complete,72212517,https://www.find-tender.service.gov.uk/Notice/093345-2026,2026-10-02T13:32:18.506178+00:00
FTS,ocds-h6vhtk-06b848_093344-2026,Scaffolding works to residential properties owned and managed by Redditch Borough Council,RBC Contract for Scaffolding works to residential properties owned and managed by Redditch Borough Council,Redditch Borough Council,,,GBP,2026-10-02,,award,complete,,https://www.find-tender.service.gov.uk/Notice/093344-2026,2026-10-02T13:32:18.506183+00:00
FTS,ocds-h6vhtk-077fb7_093343-2026,London Borough of Sutton,London Borough of Sutton,"Sutton, Achieving for Children and Kingston",,,GBP,2026-10-02,,award,complete,60000000,https://www.find-tender.service.gov.uk/Notice/093343-2026,2026-10-02T13:32:18.506185+00:00
FTS,ocds-h6vhtk-077fb6_093342-2026,service contract for nurse call system,service contract for nurse call system site wide,The Christie NHS Foundation Trust,,,GBP,2026-10-02,,award,complete,,https://www.find-tender.service.gov.uk/Notice/093342-2026,2026-10-02T13:32:18.506188+00:00
FTS,ocds-h6vhtk-068a1f_093341-2026,"Repair, Maintenance and Servicing of Laundry Equipment",,,,,GBP,2026-10-02,,tenderCancellation,,,https://www.find-tender.service.gov.uk/Notice/093341-2026,2026-10-02T13:32:18.506191+00:00
FTS,ocds-h6vhtk-077fb5_093340-2026,LTC-UKPN 11kV Rectory Road Road (E-UKPN-11kV-0017) (Bell Mouth Construction),Diversion of an existing UK Power Networks 3x150EPR 11kV main using 300AI 3c triplex cable to ensure minimum cover depths are maintained across a proposed new construction (bell-mouth BM22) access road.,National Highways Limited,,,GBP,2026-10-02,,award,complete,,https://www.find-tender.service.gov.uk/Notice/093340-2026,2026-10-02T13:32:18.506193+00:00
FTS,ocds-h6vhtk-077fb4_093339-2026,Open order Support for Call outs,Open order for Support for Call Outs - Responsive Repairs,NORWICH CITY SERVICES LIMITED,,,GBP,2026-10-02,,award,complete,,https://www.find-tender.service.gov.uk/Notice/093339-2026,2026-10-02T13:32:18.506196+00:00
FTS,ocds-h6vhtk-077fb3_093338-2026,HAR6126 Rushmead Construction,"The proposed development on the site of the former One Stop Shop, 1 Rushmead, London, seeks the development of nine affordable rent residential units, along with new and improved communal landscaping on the estate for all residents to enjoy.",Tower Hamlets,,6699997.0,GBP,2026-10-02,2026-11-27,tender,active,,https://www.find-tender.service.gov.uk/Notice/093338-2026,2026-10-02T13:32:18.506200+00:00
FTS,ocds-h6vhtk-077fb2_093337-2026,ROG First Light Wayfinding Signage Contractor,"This procurement exercise is to secure a Wayfinding Signage Contractor to produce wayfinding signage across the Royal Observatory Greenwich site, as part of the ROG First Light Project.
The Wayfinding Signage Contractor will be responsible for delivering and installing the wayfinding signage, as well as the development and installation of the Contractor's Design Portion, across the ROG site, internally and externally.  Their responsibilities will include:
- the production, supply and installatio",ROG First Light Wayfinding,,220000.0,GBP,2026-10-02,,tender,active,,https://www.find-tender.service.gov.uk/Notice/093337-2026,2026-10-02T13:32:18.506203+00:00
FTS,ocds-h6vhtk-077fb1_093336-2026,Online Programme Management (OPM),"Oxford Brookes University (OBU) is seeking to reach a wider and more diverse student population, increase international brand awareness, diversify its income streams, and mitigate the risk of potential future restrictions on international students studying in the UK. In parallel, the University aims to accelerate its capability and expertise in delivering high-quality online learning.
As a result, the OPM project has been strategically prioritised to introduce a portfolio of online programmes fo",Oxford Brookes University,,,GBP,2026-10-02,,planning,planning,,https://www.find-tender.service.gov.uk/Notice/093336-2026,2026-10-02T13:32:18.506206+00:00
FTS,ocds-h6vhtk-077fb0_093335-2026,Open order Various Scaffold Works,Open order for Various Scaffold Works - Responsive Jobs,NORWICH CITY SERVICES LIMITED,,,GBP,2026-10-02,,award,complete,,https://www.find-tender.service.gov.uk/Notice/093335-2026,2026-10-02T13:32:18.506210+00:00
FTS,ocds-h6vhtk-06b80d_093334-2026,Connect to Work - Local Commissioning,The London Borough of Lambeth Council seek to establish a contract for the commission of up to four local providers to deliver Supported Employment provision through the targeted Individual Placement and Support (IPS) &apos;Place and Train&apos; model. This model is designed to move people rapidly into employment and provide 12 months of ongoing support for both the employer and the individual to sustain that employment. The procurement is split into four Lots. Lot 1 focuses on integrated welfar,London Borough of Lambeth,,1111250.0,GBP,2026-10-02,2026-10-14,tenderUpdate,active,,https://www.find-tender.service.gov.uk/Notice/093334-2026,2026-10-02T13:32:18.506213+00:00
FTS,ocds-h6vhtk-06b80d_093333-2026,Connect to Work - Local Commissioning,The London Borough of Lambeth Council seek to establish a contract for the commission of up to four local providers to deliver Supported Employment provision through the targeted Individual Placement and Support (IPS) &apos;Place and Train&apos; model. This model is designed to move people rapidly into employment and provide 12 months of ongoing support for both the employer and the individual to sustain that employment. The procurement is split into four Lots. Lot 1 focuses on integrated welfar,London Borough of Lambeth,,1111250.0,GBP,2026-10-02,2026-10-09,tenderUpdate,active,,https://www.find-tender.service.gov.uk/Notice/093333-2026,2026-10-02T13:32:18.506216+00:00
FTS,ocds-h6vhtk-06fa96_093332-2026,Stotfold Cemetery - Toilet and Storage,"Stotfold Town Council is seeking tenders from suitably experienced contractors to undertake renovation works to the Cemetery Toilet Block to provide 2 unisex WCs one of which to be DDA compliant, solar panels and battery to support trace heating and storage space.
Pre-Application advice has been received from Central Bedfordshire Council detailing requirements of the works. A summary of these is included in the Schedule of Works and the full Pre-Application Advice is available.
The toilet block ",Stotfold Town Council,,168000.0,GBP,2026-10-02,2026-11-02,tenderUpdate,active,,https://www.find-tender.service.gov.uk/Notice/093332-2026,2026-10-02T13:32:18.506219+00:00
FTS,ocds-h6vhtk-077faf_093331-2026,Voids Refurbishment Works and Services,Voids Refurbishment Works and Services relating to a project at properties within the London Borough of Barking & Dagenham.,BD MANAGEMENT SERVICES LTD,,,GBP,2026-10-02,,award,complete,,https://www.find-tender.service.gov.uk/Notice/093331-2026,2026-10-02T13:32:18.506221+00:00
FTS,ocds-h6vhtk-077fae_093330-2026,Open order Grounds agency staff,Open order for Grounds agency staff,NORWICH CITY SERVICES LIMITED,,,GBP,2026-10-02,,award,complete,,https://www.find-tender.service.gov.uk/Notice/093330-2026,2026-10-02T13:32:18.506224+00:00
FTS,ocds-h6vhtk-077fad_093329-2026,CPAC ultraflat 12v/4 -70C 4x CPAC slot module blue,1740 - 4x CPAC ultraflat 12v/4 -70C 4x CPAC slot module blue 2x Inheco multi tec control base 2x CPAC adapter 96 PCR 1x installation of upgrades and accessories,CAMBRIDGE UNIVERSITY HOSPITALS NHS FOUNDATION TRUST,,,GBP,2026-10-02,,award,complete,,https://www.find-tender.service.gov.uk/Notice/093329-2026,2026-10-02T13:32:18.506227+00:00
FTS,ocds-h6vhtk-077fac_093328-2026,Primary Care Enhanced Services,"NHS Lincolnshire ICB is intending to utilise direct award process C of the Provider Selection Regime regulations to award a contract for the provision of:
-	Primary Care Enhanced Services, including: Phlebotomy, Treatment Room, Leg Ulcer, DOAC, Gonadorelins (Zoladex), Specialised Drug Monitoring, Safeguarding, Spirometry, Minor Injuries, East Bundle (24hr  Ambulatory ECG, Routine 12 Lead ECG, 24hr  ABPM).",NHS LINCOLNSHIRE INTEGRATED CARE BOARD,,,GBP,2026-10-02,,award,complete,85121100,https://www.find-tender.service.gov.uk/Notice/093328-2026,2026-10-02T13:32:18.506230+00:00
FTS,ocds-h6vhtk-06a7b4_093327-2026,Exceptional Post 16 Provision,"Education off contract services. exceptional, off contract for post 16 young persons",Cornwall Council,,15000000.0,GBP,2026-10-02,,planning,planned,,https://www.find-tender.service.gov.uk/Notice/093327-2026,2026-10-02T13:32:18.506233+00:00
FTS,ocds-h6vhtk-05d475_093326-2026,Street Light Tender,Three year street light tender for maintenance of 257 street lights and replacement LED lamps as outlined in tender document over two phases.,Stotfold Town Council,,,GBP,2026-10-02,,award,complete,,https://www.find-tender.service.gov.uk/Notice/093326-2026,2026-10-02T13:32:18.506237+00:00
FTS,ocds-h6vhtk-06c8eb_093325-2026,NSDC-1681 Wellow Green Refurbishment,"The project is to carry out the refurbishment of 10 No bungalows in Ollerton, Nottinghamshire. The properties make up part of Newark and Sherwood District Council Homeless Provision. The works will include insulation, new kitchens, new bathrooms, upgrading the heating provision, new hot water cylinders, Solar PV to each property including battery backup.",Newark And Sherwood District Council,,,GBP,2026-10-02,,award,complete,,https://www.find-tender.service.gov.uk/Notice/093325-2026,2026-10-02T13:32:18.506241+00:00
FTS,ocds-h6vhtk-077fab_093324-2026,Electronic CD Cabinet - RSCH and PRH,"Two automated storage and tracking solution configurations for PRH and RSCH, comprising main and auxiliary cabinets",University Hospitals Sussex NHS Foundation Trust,,,GBP,2026-10-02,,award,complete,,https://www.find-tender.service.gov.uk/Notice/093324-2026,2026-10-02T13:32:18.506243+00:00
FTS,ocds-h6vhtk-077faa_093323-2026,(HUCAMA) - Psychometric Assessment Tool,"(HUCAMA) - Psychometric Assessment Tool.
Hucama PF48 psychometric assessments to support a number of talent identification and evaluation pilots across the Department. The PF48 assessment provides a comprehensive measure of workplace personality, motivations, behavioural tendencies, and leadership-related characteristics, generating evidence-based insights into factors such as learning agility, drive, resilience, interpersonal effectiveness, decision-making style, adaptability, and leadership re",Department for Work & Pensions,,,GBP,2026-10-02,,award,complete,,https://www.find-tender.service.gov.uk/Notice/093323-2026,2026-10-02T13:32:18.506246+00:00
FTS,ocds-h6vhtk-077fa9_093322-2026,"Competitive Land Design and Build Contract within NIHE area Lisburn, Northern Ireland","In order to fulfil its development programme, the Contracting Authority is seeking to appoint developers to provide land for the development of social housing.
The Contracting Authority seeks land in Lisburn, Northern Ireland.  In the interests of providing an efficient housing management service, the Contracting Authority will not consider Sites which provide more than 30 units or less than 10 units. Preferably units are to be delivered at a single Site, however, adjacent sites maybe considered",Woven Housing Association Ltd,,15000000.0,GBP,2026-10-02,,planning,planning,,https://www.find-tender.service.gov.uk/Notice/093322-2026,2026-10-02T13:32:18.506249+00:00
FTS,ocds-h6vhtk-06bd34_093321-2026,ID 6207077 - DFE - The Consumer Council - Market Research,"The Consumer Council for Northern Ireland sought to appoint a market research Supplier who can deliver insight on behalf of the Consumer Council that fully aligns to the organisation’s statutory powers and objectives regarding understanding consumers and undertaking best practice research. Suppliers were referred to the Specification Schedule for full details of the deliverables required under this contract. Following completion of the procurement process and the mandatory standstill period, the",Consumer Council for Northern Ireland,,,GBP,2026-10-02,,award,complete,,https://www.find-tender.service.gov.uk/Notice/093321-2026,2026-10-02T13:32:18.506252+00:00
FTS,ocds-h6vhtk-077fa8_093320-2026,DTI Strategy Support - AML planning,"Consultancy support for the DTI directorate for AML planning.
This was initially below £30K but was varied to the new value. So, the signed date is the original contract signature date, rather than the variation date that caused it to require a UK7 Notice.",Financial Conduct Authority,,,GBP,2026-10-02,,award,complete,,https://www.find-tender.service.gov.uk/Notice/093320-2026,2026-10-02T13:32:18.506254+00:00
FTS,ocds-h6vhtk-06a0bb_093319-2026,OLE Monitoring for Class 730,"6X OLE monitoring systems for the class 730 fleets to be compatible with class 350 fleets, enabling early identification of OLE faults and allow for timely alerts to Network Rail, helping prevent infrastructure damage, reduce delays and cancellations, and improve safety",WM TRAINS LIMITED,,1000000.0,GBP,2026-10-02,,planningUpdate,planned,,https://www.find-tender.service.gov.uk/Notice/093319-2026,2026-10-02T13:32:18.506257+00:00
FTS,ocds-h6vhtk-077fa7_093318-2026,"Ceredigion, Food Centre Wales - Filtration Pilot Plant Equipment / Ceredigion, Canolfan Fwyd Cymru - Offer Peilot Hidlo ar gyfer Prosesu Bwyd","Ceredigion County Council on behalf of Food Centre Wales is seeking to appoint a suitably qualified and experienced supplier to provide a complete turnkey solution for the design, manufacture, supply, delivery, installation, commissioning and support of food-grade membrane filtration pilot plant systems.
The procurement comprises one Microfiltration and Ultrafiltration Pilot Plant, one Reverse Osmosis and Nanofiltration Pilot Plant, and one laboratory bench-top pilot plant. The systems will be u",Cyngor Sir Ceredigion County Council,,330000.0,GBP,2026-10-02,2026-10-27,tender,active,,https://www.find-tender.service.gov.uk/Notice/093318-2026,2026-10-02T13:32:18.506262+00:00
FTS,ocds-h6vhtk-077c2f_093317-2026,"Strategic Resident Safety, Call Bell and Connected Care Solution","Anchor Hanover Group is England’s largest not-for-profit provider of housing and care for older people, operating 120 care homes across England. These services support over 6000 older people with a range of residential care needs where safety, dignity, independence, accessibility and regulatory assurance are central to day-to-day operations.  
Resident safety and connected care technology is therefore a safety-critical capability, enabling residents to request assistance, supporting colleagues t",Anchor Hanover Group,,6000000.0,GBP,2026-10-02,,planning,planned,,https://www.find-tender.service.gov.uk/Notice/093317-2026,2026-10-02T13:32:18.506265+00:00
FTS,ocds-h6vhtk-077fa6_093316-2026,Bolton Cares Care Recording System,"The Borough Council of Bolton (""the Authority"") on behalf of Bolton Cares, is looking to procure a contract for a Bolton Cares Care Recording System.
Bolton Cares requires a new Care Recording System to replace its existing bespoke system that is near end of life. The system should meet all minimum care recording standards as per the DSCR solutions that have been assured by NHS England (Assured solutions for digital social care records | Digitising Social Care).
The system should be cloud based ",Bolton Metropolitan Borough Council,,600000.0,GBP,2026-10-02,2026-11-02,tender,active,,https://www.find-tender.service.gov.uk/Notice/093316-2026,2026-10-02T13:32:18.506269+00:00
FTS,ocds-h6vhtk-05040e_093315-2026,Environmental Services Contract,"Bracknell Forest Council is seeking to establish a Contract for the delivery of Environmental Services; waste collection, street cleansing and grounds maintenance, including tree management and Bracknell town centre cleansing. 
The Contract will be for an initial term of 8 years (2028 – 2036) with an option for the Council to extend for up to a further period of 8 years (2036– 2044). 
The new contract(s) are anticipated to commence on 1st October 2028.
The Council is keen to promote a partnershi",Bracknell Forest Borough Council,,185000000.0,GBP,2026-10-02,2027-01-15,tender,active,,https://www.find-tender.service.gov.uk/Notice/093315-2026,2026-10-02T13:32:18.506274+00:00
FTS,ocds-h6vhtk-077c20_093314-2026,Apprenticeships Suppliers Framework,"West Sussex County Council are creating a new Flexible Framework for Apprenticeships to onboard training delivery providers. This framework is intended to establish a flexible and high-quality pool of approved Apprenticeship Suppliers who can deliver a broad range of services across defined Lots:
Lot 1  Health & Social Care 
Lot 2  Education, Early Years & Community Support 
Lot 3  Business, Administration & Management 
Lot 4  Digital, Technology & Data 
Lot 5  Creative, Cultural, Media, Marketi",West Sussex County Council,,50000000.0,GBP,2026-10-02,2026-12-01,tender,active,,https://www.find-tender.service.gov.uk/Notice/093314-2026,2026-10-02T13:32:18.506277+00:00
FTS,ocds-h6vhtk-077f9b_093313-2026,5 Year Service Contract for Talos F200C G2TEM and Associated Equipment,5 Year service contract for Talos F200C G2TEM and Vitrobot as well as associated equipment (Ceta-D Camera 200kv) etc.,JOHN INNES CENTRE,,,GBP,2026-10-02,,award,complete,,https://www.find-tender.service.gov.uk/Notice/093313-2026,2026-10-02T13:32:18.506280+00:00
FTS,ocds-h6vhtk-06b94c_093312-2026,Tender for supply of uPVC windows and doors for Strips of Craigie Dev,"Manufacture, supply and delivery of uPVC windows and doors for Strips of Craigie Development",Dundee City Council,,,GBP,2026-10-02,,award,complete,44221100,https://www.find-tender.service.gov.uk/Notice/093312-2026,2026-10-02T13:32:18.506283+00:00
FTS,ocds-h6vhtk-077fa5_093311-2026,Voids Refurbishment Works and Services,Voids Refurbishment Works and Services relating to a project at properties within the London Borough of Barking & Dagenham.,BD MANAGEMENT SERVICES LTD,,,GBP,2026-10-02,,award,complete,,https://www.find-tender.service.gov.uk/Notice/093311-2026,2026-10-02T13:32:18.506286+00:00
FTS,ocds-h6vhtk-06b8d6_093310-2026,Tender for supply of uPVC windows and doors for Clement Park 2nd Dev,"Manufacture, supply and delivery of uPVC windows and doors for Clement Park 2nd Development.",Dundee City Council,,,GBP,2026-10-02,,award,complete,44221100,https://www.find-tender.service.gov.uk/Notice/093310-2026,2026-10-02T13:32:18.506288+00:00
FTS,ocds-h6vhtk-077fa4_093309-2026,LTC-UKPN 11kV Stifford Clays Road (E-UKPN-11kV-0015) (Bell Mouth Construction),"Diversion of an existing UK Power Networks 11kV electricity cable affected by the BM29 Bell Mouth construction works at Stifford Clays Road. The works include management of the 11kV outage, CDM site setup, excavation and reinstatement of approximately 130m of cable duct route, installation of approximately 130m of 11kV 185Al XLPE cable, excavation and reinstatement of two joint bays, installation of two straight joints, traffic management and associated network reconnection works.",National Highways Limited,,,GBP,2026-10-02,,award,complete,,https://www.find-tender.service.gov.uk/Notice/093309-2026,2026-10-02T13:32:18.506291+00:00
FTS,ocds-h6vhtk-077fa3_093308-2026,"Anti Vandalism Equipment (Victoria Block, Lowestoft)","Fencing, gate installation, Anti climb rollers, Powder coated stainless steel curved railings, install a polycarbonate security screen complete with side door to the Beach Office counter for security purposes.",East Suffolk Council,,,GBP,2026-10-02,,award,complete,,https://www.find-tender.service.gov.uk/Notice/093308-2026,2026-10-02T13:32:18.506293+00:00
FTS,ocds-h6vhtk-077f9a_093307-2026,Director IMORR recruitment,"To recruit a new Director of Incident Management, Operational Risk and Resilience. To use a recruitment consultant to help us advertise and find worthwhile candidates for this role, as well as shortlisting those that apply and get them ready for an interview. To help complete background research and psychometric profiles on short listed candidates.",ENVIRONMENT AGENCY,,,GBP,2026-10-02,,award,complete,,https://www.find-tender.service.gov.uk/Notice/093307-2026,2026-10-02T13:32:18.506296+00:00
Contracts Finder,ocds-b5fd17-ad2aa9a1-e9fd-4109-a88d-457080163247_91ac2c18-297c-4746-a349-4c78d487a796-916299,Taxi and MPV (1-8 seats) Passenger Assistant - Taxi and MPV (1-8 seats) Passenger Assistant,"Vehicle type: 6 seater
Passenger Assistant Required: Shared PA.

Proposed Taxi Route: 
From: BN27 2LX and BN27 1GU
To: Flagship School, TN34 2AE 

Frequency: Monday to Friday
Daily School Time: Mon- Fri 08:50-114:30

Comments for Operator: Shared PA for both children.
 This opportunity has been distributed on SProc.net",East Sussex County Council,,,GBP,2026-10-01,2026-10-05,tender,active,60000000,https://www.contractsfinder.service.gov.uk/Notice/91ac2c18-297c-4746-a349-4c78d487a796,2026-10-02T13:32:21.928800+00:00
Contracts Finder,ocds-b5fd17-4fbbe950-0878-4b90-ba4d-76d11b288f0d_e40809d8-e69e-4485-b112-bbc4a9541c5e-916298,Taxi and MPV (1-8 seats) Passenger Assistant - Taxi and MPV (1-8 seats) Passenger Assistant,"Vehicle type: 8 seater
Passenger Assistant Required: Shared PA.

Proposed Taxi Route: 
From: TN38 9UD, TN38 0DD and TN37 6EH
To: Flagship School, TN34 2AE 

Frequency: Monday to Friday
Daily School Time: Mon- Fri 08:50-114:30

Comments for Operator: Shared PA for all children with space around.
 This opportunity has been distributed on SProc.net",East Sussex County Council,,,GBP,2026-10-01,2026-10-05,tender,active,60000000,https://www.contractsfinder.service.gov.uk/Notice/e40809d8-e69e-4485-b112-bbc4a9541c5e,2026-10-02T13:32:21.928968+00:00
Contracts Finder,ocds-b5fd17-abbf35d1-9093-41e9-8a43-1e4babc2c895_ab17cab9-1af7-4da1-8b38-b15d13c1bcf2-916297,Taxi and MPV (1-8 seats) Passenger Assistant - Taxi and MPV (1-8 seats) Passenger Assistant,"Vehicle type: Saloon
Passenger Assistant Required:  Yes

Proposed Taxi Route:
From:  BN23 8EQ
To:   BN7 2XH

Frequency: Monday and Wednesday only
Daily School Time: 12:30 to 15:30 both days

 Comments: Social, Emotional & Mental Health (SEMH),   Autism Spectrum Disorder (ASD), Chron's disease, PICA
 This opportunity has been distributed on SProc.net",East Sussex County Council,,,GBP,2026-10-01,2026-10-05,tender,active,60000000,https://www.contractsfinder.service.gov.uk/Notice/ab17cab9-1af7-4da1-8b38-b15d13c1bcf2,2026-10-02T13:32:21.929100+00:00
Contracts Finder,ocds-b5fd17-22c262e6-9f52-43d3-9054-6fec036fe46d_cd451c25-8c25-46cb-9107-65eeb575e6f7-916296,Radford House - Internal Refurbishment (Change of Use),"Ramsgate Town Council will be appointing a contractor to undertake internal refurbishment and alteration works to at Radford House.

The works are located at the public facility in Ramsgate - previously the Old Fire Station, at 18-20 Effingham Street, Ramsgate, CT11 9AT. The internal works are part of a wider redevelopment of the site, which includes external alterations to the building, and temporary technicians accommodation (externals ongoing - internals to follow)

The refurbishment is r",Ramsgate Town Council,350000.0,500000.0,GBP,2026-10-01,2026-10-14,tenderAmendment,active,45000000,https://www.contractsfinder.service.gov.uk/Notice/cd451c25-8c25-46cb-9107-65eeb575e6f7,2026-10-02T13:32:21.929238+00:00
Contracts Finder,ocds-b5fd17-c3380800-0df1-44f0-8fb2-a472706dc85b_9793ce2b-670d-48e0-af90-522e08a71ece-916295,Homes England - Birmingham City Hospital - Plot Sales,Plots Sales at Birmingham City Hospital,Homes England (the name adopted by the Homes and Communities Agency),,204100.0,GBP,2026-10-01,2026-09-30,award,complete,70000000,https://www.contractsfinder.service.gov.uk/Notice/9793ce2b-670d-48e0-af90-522e08a71ece-916295,2026-10-02T13:32:21.929371+00:00
Contracts Finder,ocds-b5fd17-82bfa267-0cc1-4136-a115-066232ca0a4d_613d0c30-4f4a-4237-aefd-bc71140f6013-916294,"WSCC Route 30015 - Lindfield to Woodlands Meed College - 4 Seats, 1 Passenger","WSCC Route 30015 - Lindfield to Woodlands Meed College - 4 Seats, 1 Passenger",West Sussex County Council,,52663.99,GBP,2026-10-01,2026-08-10,award,complete,60120000,https://www.contractsfinder.service.gov.uk/Notice/613d0c30-4f4a-4237-aefd-bc71140f6013-916294,2026-10-02T13:32:21.929496+00:00
Contracts Finder,ocds-b5fd17-16fdc760-7987-4be5-a9c7-76fda6aa8071_adfe1254-94bb-471d-9f9e-6d0882f1c38d-916293,The Provision of Specialist Building Management System (BMS) Maintenance,"The Authority requires a Contractor to provide specialist Building Management System (BMS)
maintenance services across the Trust estate. 

The scope shall include, as a minimum:
• Planned Preventative Maintenance (PPM): delivery of routine inspection, testing,
calibration and maintenance activities for all identified BMS assets in accordance with
SFG20 guidance, manufacturer recommendations and statutory requirements.
• Reactive maintenance and fault response: provision of reactive call-o",Royal National Orthopaedic Hospital NHS Trust,,400000.0,GBP,2026-10-01,2026-07-27,award,complete,79993000,https://www.contractsfinder.service.gov.uk/Notice/adfe1254-94bb-471d-9f9e-6d0882f1c38d-916293,2026-10-02T13:32:21.929648+00:00
Contracts Finder,ocds-b5fd17-2de8b01e-5340-4ac9-84cf-746d1fd6bce9_009fe753-3a7f-4df2-a75a-3d45c4311411-916292,Refining Agricultural Land to Development Estimates in England Using Predictive Agricultural Land Classification (ALC) Mapping,"A desk-based review to gather evidence on the amount of agricultural land take occurring as a result of development, including an assessment of the recent loss of high quality agricultural land (i.e. Best and Most Versatile (BMV) agricultural land) using the recently published Predictive ALC map.",Natural England,,19948.0,GBP,2026-10-01,2026-07-24,award,complete,90712000,https://www.contractsfinder.service.gov.uk/Notice/009fe753-3a7f-4df2-a75a-3d45c4311411-916292,2026-10-02T13:32:21.929798+00:00
Contracts Finder,ocds-b5fd17-326f5a2e-6437-4542-b42f-7ca8d8db67b9_22e3e4ec-418e-48fb-82cb-1e9e3dc1d944-916291,BNU-2604-361 Water Coolers - AWARD,The provision of the rental including biannual service and maintenance of Water Coolers,Buckinghamshire New University,,,GBP,2026-10-01,2026-07-15,award,complete,31141000,https://www.contractsfinder.service.gov.uk/Notice/22e3e4ec-418e-48fb-82cb-1e9e3dc1d944-916291,2026-10-02T13:32:21.929927+00:00
Contracts Finder,ocds-b5fd17-62b85ea6-b5e0-43e9-ac1a-eef1ea5dd363_b3e0308d-ce1f-4e9d-bffe-7f9f86bbc495-916290,Taxi and MPV (1-8 seats) Passenger Assistant - Taxi and MPV (1-8 seats) Passenger Assistant,"Vehicle type: Saloon
Passenger Assistant Required: PA required

Proposed Taxi Route: 
From: TN22 3SP
To: Wallands Community Primary School, BN7 1PU

Frequency: Monday to Friday
Daily School Time: Mon-Fri 08:50-15:20

Comments for Operator: PA required, child locks on.

 This opportunity has been distributed on SProc.net",East Sussex County Council,,,GBP,2026-10-01,2026-09-29,award,complete,60000000,https://www.contractsfinder.service.gov.uk/Notice/b3e0308d-ce1f-4e9d-bffe-7f9f86bbc495-916290,2026-10-02T13:32:21.930044+00:00
Contracts Finder,ocds-b5fd17-19d3143a-3abc-4eea-8ba6-8acb2e470d48_a1f84aaa-de5c-4f6e-881b-8802f8bc5e1e-916288,Skippers Lane Industrial Estate - Infrastructure consultancy,Consultancy services for Skippers Lane Industrial Estate Allotment Site- on and offsite infrastructure works.  Call off from NHS Shared Business Services - Construction Consultancy Services 2 (SBS/17/NH/PZR/9256),Redcar & Cleveland Borough Council,,346421.0,GBP,2026-10-01,2021-03-05,awardUpdate,complete,71300000,https://www.contractsfinder.service.gov.uk/Notice/a1f84aaa-de5c-4f6e-881b-8802f8bc5e1e-916288,2026-10-02T13:32:21.930160+00:00
Contracts Finder,ocds-b5fd17-4b42ecf8-d6a3-48a7-b90a-5034ce49aba0_f2a954e9-b05a-4351-b58a-b7717ce1a2b6-916282,Repairs & Maintenance - Wider Operating Areas,"To  provide a support only function for the provision of responsive repairs (including electrical repairs), void repairs, capital works and gas work to residential properties and commercial properties.",THIRTEEN HOUSING GROUP LIMITED,,5000000.0,GBP,2026-10-01,2026-08-05,award,complete,45210000,https://www.contractsfinder.service.gov.uk/Notice/f2a954e9-b05a-4351-b58a-b7717ce1a2b6-916282,2026-10-02T13:32:21.930276+00:00
Contracts Finder,ocds-b5fd17-16caf03b-2b59-41e4-a853-94843274c10e_781d3298-5316-4671-bf6d-c30c4ca1aacd-916097,Service Contract for the Maintenance of Ultrasonic Bronchoscopes,"County Durham & Darlington NHS Foundation Trust (CDDFT) have awarded a contract to Ergea UK and Ireland Limited through a call-off without competition via NHS Supply Chain Maintenance, Repair and Calibration of Medical Equipment Framework: 2021/S000-021535 (expiring 30th September 2028), URN: CQ-0000328464 for a period of 36 months (extensions not applicable).",County Durham and Darlington NHS Foundation Trust,,73755.08,GBP,2026-10-01,2026-08-03,award,complete,50421000,https://www.contractsfinder.service.gov.uk/Notice/781d3298-5316-4671-bf6d-c30c4ca1aacd-916097,2026-10-02T13:32:21.930390+00:00
Contracts Finder,ocds-b5fd17-4f588eb3-8fb2-49ef-9c14-2cd4f1db5557_d59f7ee5-8b0e-45ee-94c7-fe041611fc7b-916287,SEN20613-SEN-TAXI-THE PHOENIX CENTRE (HOSPITAL SCHOOL),SEN20613-SEN-TAXI-THE PHOENIX CENTRE (HOSPITAL SCHOOL),Leicestershire County Council,,15600.0,GBP,2026-10-01,2026-09-30,award,complete,60000000,https://www.contractsfinder.service.gov.uk/Notice/d59f7ee5-8b0e-45ee-94c7-fe041611fc7b-916287,2026-10-02T13:32:21.930502+00:00
Contracts Finder,ocds-b5fd17-fd7ace79-8d21-41b8-bc48-66ef47b16b70_c9b5f03a-a44e-4a3b-afb3-3296f480aa6b-916286,"RFI: Digital Technologies for Contact Tracing, Infection Surveillance & Response","The key dates for this RFI are as follows:

RFI Published: 18th September 2026
RFI Response 2nd October 2026

For the purposes of this RFI, case and contact management refers to the identification, assessment, monitoring and management of individuals who are infected with, exposed to, or otherwise at risk from an infectious disease. This may include activities such as:

Identification and reporting of cases;

Detection and assessment of exposure to infection;

Identification and notif",UK Health Security Agency,,,GBP,2026-10-01,,planning,planning,48000000,https://www.contractsfinder.service.gov.uk/Notice/c9b5f03a-a44e-4a3b-afb3-3296f480aa6b-916286,2026-10-02T13:32:21.930623+00:00
Contracts Finder,ocds-b5fd17-687b0935-4234-401e-9e2e-c5d5bd3ae43b_ae6a56d5-b51a-4bb4-828f-8d8bf9dd231a-916285,SE1229 - Venue Hire,Venue Hire,Sport England,,965000.0,GBP,2026-10-01,2026-07-15,award,complete,98300000,https://www.contractsfinder.service.gov.uk/Notice/ae6a56d5-b51a-4bb4-828f-8d8bf9dd231a-916285,2026-10-02T13:32:21.930747+00:00
Contracts Finder,ocds-b5fd17-6ef58f15-f1f2-4ff9-8d49-556834e8ef6e_16265260-90a2-4600-a4a6-087ffef1b142-916284,Provision of Load Injector,Provision of Load Injector,DVLA - Driver & Vehicle Licensing Agency,,72371.5,GBP,2026-10-01,2026-07-14,award,complete,48000000,https://www.contractsfinder.service.gov.uk/Notice/16265260-90a2-4600-a4a6-087ffef1b142-916284,2026-10-02T13:32:21.930861+00:00
Contracts Finder,ocds-b5fd17-5a9ec7f8-a2f8-455f-9c1f-3d7a6dd4ddb9_12f64315-e80b-4070-8d3f-08816bd8e838-916280,Repair Works to Heritage Site - Ellesmere Yard,"The project involves the refurbishment and repair of several historic buildings within Ellesmere Yard, together with construction of new facilities and extensive public realm improvements. 

The Trust are looking for a full turnkey solution, the works involve, roofing, joinery, internal fit outs, landscaping, new build workshop & M&E.

Refer to attached brief summary which includes procurement restrictions/requirements",Canal & River Trust,3000000.0,4000000.0,GBP,2026-10-01,2026-10-16,tender,active,45212350,https://www.contractsfinder.service.gov.uk/Notice/12f64315-e80b-4070-8d3f-08816bd8e838,2026-10-02T13:32:21.930978+00:00
Contracts Finder,ocds-b5fd17-8fcfae6f-b7e1-4b4a-bcc9-c1dda2ce5c71_032d0670-06b1-4ccc-9596-0423cafda0d3-916283,Renewal of Benchmarking Tool - Platform+,Renewal of benchmarking tool - Platform+ for the shared service Trusts.,Guys and St Thomas' NHS Foundation Trust,,229392.0,GBP,2026-10-01,2026-08-31,award,complete,48490000,https://www.contractsfinder.service.gov.uk/Notice/032d0670-06b1-4ccc-9596-0423cafda0d3-916283,2026-10-02T13:32:21.931095+00:00
Contracts Finder,ocds-b5fd17-9633d978-550d-4e81-a000-d15284b61679_620d03ba-984c-43a2-a592-eeab987397d7-916281,Enterprise Digital Organisation Design and Change Programme,"Design the future operating model for MHRA enterprise digital organisation and produce the organisational, governance and delivery foundations required to implement the next phase of the Digital and Technology change programme.",Medicines and Healthcare Products Regulatory Agency,,399950.0,GBP,2026-10-01,2026-09-01,award,complete,79411000,https://www.contractsfinder.service.gov.uk/Notice/620d03ba-984c-43a2-a592-eeab987397d7-916281,2026-10-02T13:32:21.931210+00:00
Contracts Finder,ocds-b5fd17-c1061a90-ff56-4ab4-bcbc-1df7e157bed2_999fd432-c9d9-4d93-a1be-d47671d403c1-916229,Airborne Data Link,"West Yorkshire Combined Authority as the contracting authority for West Yorkshire Police, has awarded a contract for Airborne Data Link Extended Warranty & Support.
The contract has been awarded via the WYCA 2821-2022 Hardware Framework.",West Yorkshire Combined Authority,18231.48,27347.22,GBP,2026-10-01,2026-07-31,award,complete,72315100,https://www.contractsfinder.service.gov.uk/Notice/999fd432-c9d9-4d93-a1be-d47671d403c1-916229,2026-10-02T13:32:21.931325+00:00
Contracts Finder,ocds-b5fd17-f96fcab6-18ea-448c-a935-c82a54426d12_be03fdb7-f491-43a9-9208-78cc166f600d-916278,SEN20601-SEN-TAXI-  John Wycliffe Primary School,SEN20601-SEN-TAXI-  John Wycliffe Primary School,Leicestershire County Council,,2500.0,GBP,2026-10-01,2026-09-30,award,complete,60000000,https://www.contractsfinder.service.gov.uk/Notice/be03fdb7-f491-43a9-9208-78cc166f600d-916278,2026-10-02T13:32:21.931438+00:00
Contracts Finder,ocds-b5fd17-d6a1d6db-94e5-486d-b5df-cd92c3fd7064_63a12420-6e9a-4752-a00d-23f58921fc75-916275,GLA82818 Tax and Governance Review Services,"This contract seek a comprehensive review of the Greater London Authority's tax arrangements, governance processes and group structure, together with ongoing specialist tax advisory support covering corporation tax, VAT, SDLT, transfer pricing and related compliance matters.",TRANSPORT FOR LONDON,,89845.0,GBP,2026-10-01,2026-09-01,award,complete,79221000,https://www.contractsfinder.service.gov.uk/Notice/63a12420-6e9a-4752-a00d-23f58921fc75-916275,2026-10-02T13:32:21.931552+00:00
Contracts Finder,ocds-b5fd17-a9151015-daed-42b3-be91-242793cd6b63_3941d863-d74b-4fcd-a458-3fa9c7975acc-916254,HSCCA Recruitment,Search and selection supplier for the rapid recruitment of the initial wave of 25-40 roles (permanent and fixed term) into Hampshire and the Solent Combined County,Southampton City Council,,252764.0,GBP,2026-10-01,2026-06-17,award,complete,79600000,https://www.contractsfinder.service.gov.uk/Notice/3941d863-d74b-4fcd-a458-3fa9c7975acc-916254,2026-10-02T13:32:21.931689+00:00
Contracts Finder,ocds-b5fd17-a808ff3f-9264-421a-8669-b31244b13912_bded60d7-86d3-4e88-a3b6-75c694ff5645-916277,ENHT - Mechanical Services Condition Assessment,The East and North Hertfordshire Teaching Hospitals NHS Trust has awarded a contract to the supplier for the provision of Mechanical Services Condition Assessment was done.,East And North Hertfordshire Teaching NHS Trust,29000.0,32000.0,GBP,2026-10-01,2026-09-22,award,complete,71315210,https://www.contractsfinder.service.gov.uk/Notice/bded60d7-86d3-4e88-a3b6-75c694ff5645-916277,2026-10-02T13:32:21.931813+00:00
Contracts Finder,ocds-b5fd17-e629110a-9f78-45fa-87ab-287b94ddd8f2_adbd89bd-d83d-4809-b3c1-6cb4a91bb4f5-916274,SE1283 - Temporary Project Manager OD & Change,Temporary Project Manager for Organisational Development and Change,Sport England,,200000.0,GBP,2026-10-01,2026-09-02,award,complete,72224000,https://www.contractsfinder.service.gov.uk/Notice/adbd89bd-d83d-4809-b3c1-6cb4a91bb4f5-916274,2026-10-02T13:32:21.931929+00:00
Contracts Finder,ocds-b5fd17-a660ce06-b856-4dda-8797-15c8b3d64b50_d0a816e1-f3fa-4dd2-9cbd-0fd3442a84b7-916273,Supplier Risk Management Platform,"Contract is to improve our ability to assess 3rd party suppliers against our information security requirements. It will enable the collection and management of security assurances from suppliers and other third parties, helping ensure that risks are understood and appropriately managed.",Bristol City Council,,50000.0,GBP,2026-10-01,2026-07-31,award,complete,48000000,https://www.contractsfinder.service.gov.uk/Notice/d0a816e1-f3fa-4dd2-9cbd-0fd3442a84b7-916273,2026-10-02T13:32:21.932042+00:00
Contracts Finder,ocds-b5fd17-cc482267-1619-4f15-a0cd-6587c7bc8790_3888e6e1-c222-4f99-ae27-8073012efb86-916268,SD Wan circuits,"connectivity between Council sites of voice and data with maintenance, support and services for the SD-wan circuits for 3 years.
Contract Terms: 3 years
Contract Period: 01.10.2026 till 30.09.2029
Estimated Contract value: £68,933.60 ext vat over 36 months as per contract

Procured via YPO FW 1229 NETWORK CONNECTIVITY AND TELECOMMUNICATION SOLUTIONS 2",Bassetlaw District Council,68933.6,82720.32,GBP,2026-10-01,2026-09-30,award,complete,72000000,https://www.contractsfinder.service.gov.uk/Notice/3888e6e1-c222-4f99-ae27-8073012efb86-916268,2026-10-02T13:32:21.932155+00:00
Contracts Finder,ocds-b5fd17-99bdfb74-334b-40ec-9e60-d389955e92ba_208d5dbf-421d-46e6-96de-3b6870bb180e-916272,Taxi and MPV (1-8 seats) Passenger Assistant - Taxi and MPV (1-8 seats) Passenger Assistant,"Vehicle type: Saloon
Passenger Assistant Required: 1:1 PA required

Proposed Taxi Route: 
From: BN21 4LG
To: St Johns College, Brighton BN2 0AF

Frequency: Monday to Friday
Daily School Time: Mon-Thurs 09:00-16:05 and Fri 09:00-15:05

Comments for Operator: 1:1 PA required
 This opportunity has been distributed on SProc.net",East Sussex County Council,,,GBP,2026-10-01,2026-09-22,award,complete,60000000,https://www.contractsfinder.service.gov.uk/Notice/208d5dbf-421d-46e6-96de-3b6870bb180e-916272,2026-10-02T13:32:21.932263+00:00
Contracts Finder,ocds-b5fd17-10b9d7a6-6fc1-466e-a21a-7954ad01176a_5b41f784-02bb-406b-a204-4ff169e697d7-916271,"QOC962 09:00 2026-10-01 Worlingworth to Grants School, Linton, Cambs - 6-seater Manual Wheelchair vehicle required and a Passenger Assistant - AWARD","Suffolk County Council is seeking a mini competition against the following Dynamic Purchasing System: `The supply of Passenger Transport Services`, OJEU Notice Id: 2018/S 031-067685.
      
      QOC962 09:00 2026-10-01 Worlingworth to Grants School, Linton, Cambs - 6-seater Manual Wheelchair vehicle required and a Passenger Assistant
      
      Further details can be found in the 'Tenders / My Tenders' area of this website, by selecting the 'View Details' button for this project.
      ",Suffolk County Council Passenger Transport,,,GBP,2026-10-01,2026-10-01,award,complete,60000000,https://www.contractsfinder.service.gov.uk/Notice/5b41f784-02bb-406b-a204-4ff169e697d7-916271,2026-10-02T13:32:21.932371+00:00
Contracts Finder,ocds-b5fd17-7fa44eda-a38e-4b8a-9333-5fd159a9085f_ee43f04a-af1e-457e-b793-b1726d1d2452-916269,Bransbury Close Improvements,"Package of external improvement works at Bransbury Close, including the resurfacing of entrance footpaths, renewal of the associated steps and handrails, and the provision of new hardstanding areas for bins.",Southampton City Council,,39513.59,GBP,2026-10-01,2026-09-24,award,complete,45233222,https://www.contractsfinder.service.gov.uk/Notice/ee43f04a-af1e-457e-b793-b1726d1d2452-916269,2026-10-02T13:32:21.932481+00:00
Contracts Finder,ocds-b5fd17-18dabae9-6aee-4336-8f27-463a28525bf2_de7f3850-57dd-493d-9ebf-3cfc317f0ae6-916270,Taxi and MPV (1-8 seats) - Taxi and MPV (1-8 seats),"Vehicle type: Saloon
Passenger Assistant Required: No PA required

Proposed Taxi Route: 
From: TN38 0FS
To: St Johns College, Brighton BN2 0AF

Frequency: Monday to Friday
Daily School Time: Mon-Thurs 09:00-16:05 and Fri 09:00-15:05

Comments for Operator: No PA required
 This opportunity has been distributed on SProc.net",East Sussex County Council,,,GBP,2026-10-01,2026-09-28,award,complete,60000000,https://www.contractsfinder.service.gov.uk/Notice/de7f3850-57dd-493d-9ebf-3cfc317f0ae6-916270,2026-10-02T13:32:21.932599+00:00
Contracts Finder,ocds-b5fd17-7ea6246a-8243-42cf-b2cc-948ddf6f9215_0fdab80e-07cf-4beb-bd1a-8bd3a7f7cacc-916267,Telephony Maintenance and Support Renewal  - Mitel,"12-month extension with NG Bailey IT Services Limited for the maintenance and support
of the Trust's existing on-premise Mitel telephony system",The Christie NHS Foundation Trust,,73721.39,GBP,2026-10-01,2026-08-20,award,complete,50334100,https://www.contractsfinder.service.gov.uk/Notice/0fdab80e-07cf-4beb-bd1a-8bd3a7f7cacc-916267,2026-10-02T13:32:21.932714+00:00
Contracts Finder,ocds-b5fd17-b5ce40d7-bd48-4040-b0d4-9b8eac263e1b_433a865b-976a-4b4d-a898-cf463c9fbb94-916264,Mobiles & Associated Services - EE & O2,"This contract award notice records the procurement of mobile voice and data services, alongside the provision of associated cellular hardware handsets and SIM cards. The contract provides the contracting authority with comprehensive mobile connections, airtime, and data packages to support enterprise operations, delivered via the supplier's mobile network.",CITIZEN HOUSING GROUP LIMITED,300000.0,350000.0,GBP,2026-10-01,2026-08-01,award,complete,64212000,https://www.contractsfinder.service.gov.uk/Notice/433a865b-976a-4b4d-a898-cf463c9fbb94-916264,2026-10-02T13:32:21.932832+00:00
Contracts Finder,ocds-b5fd17-8988275c-c2fd-4355-8765-e44e77f5db55_45b5c4e6-1a7f-4b9f-8e23-db37c444a73d-916266,SEN20602-SEN-TAXI-CLAYBROOKE PRIMARY SCHOOL & Ullesthorpe C Of E Primary School,SEN20602-SEN-TAXI-CLAYBROOKE PRIMARY SCHOOL & Ullesthorpe C Of E Primary School,Leicestershire County Council,,31200.0,GBP,2026-10-01,2026-09-30,award,complete,60000000,https://www.contractsfinder.service.gov.uk/Notice/45b5c4e6-1a7f-4b9f-8e23-db37c444a73d-916266,2026-10-02T13:32:21.932944+00:00
Contracts Finder,ocds-b5fd17-9e6cbdbc-8c45-4110-8a6c-d593550ce5a2_35c91ad0-82ab-40fe-b8f2-8bc95c316559-916265,CR_5326 Vinnytsia Education Infrastructure Project,"This contract has been awarded in January 2026 and is being published for transparency purposes.

To enable Vinnytsia regional authorities to prioritise and prepare investment-ready school infrastructure upgrades, improving energy efficiency, resilience, and learning conditions whilst creating a replicable model for other oblasts.",Department for Business and Trade,,197690.0,GBP,2026-10-01,2025-12-03,award,complete,79400000,https://www.contractsfinder.service.gov.uk/Notice/35c91ad0-82ab-40fe-b8f2-8bc95c316559-916265,2026-10-02T13:32:21.933056+00:00
Contracts Finder,ocds-b5fd17-9ae84f2c-4025-413a-bbfd-7818f1f09d40_dc2f624a-785d-4faf-bfc6-071e73f49bf0-916262,Cohesity M365 DataProtect Delivered as a Service,"Provision of Cohesity M365 Data Protect Delivered as a Service across the organisation, The service was procured to provide a managed backup and data protection solution for Microsoft environments, supporting the organisation's requirements for data resilience, recovery, security and compliance.",CITIZEN HOUSING GROUP LIMITED,400000.0,450000.0,GBP,2026-10-01,2026-05-20,award,complete,48710000,https://www.contractsfinder.service.gov.uk/Notice/dc2f624a-785d-4faf-bfc6-071e73f49bf0-916262,2026-10-02T13:32:21.933168+00:00
Contracts Finder,ocds-b5fd17-3c0f301b-5e38-4dda-8acc-90ad89b812e7_d1fb1d01-d8a7-4ad1-a54b-18baeee5ac77-916260,Ratton School Specialist Base - Quantity Surveyor Consultancy Services,"Awarded contract - This means that the contract has been awarded to a supplier.

Contract summary
Industry
Building consultancy services - 71315200

Location of contract
South East

Value of contract
£37,501.67

Procurement reference
18399

Published date
1 October 2026

Closing date
18 September 2026

Closing time
4pm

Contract start date
13 October 2026

Contract end date
14 October 2027

Contract type
Service contract

Procedure type
Competitive quotation (be",East Sussex County Council,,37500.0,GBP,2026-10-01,2026-09-18,award,complete,71315200,https://www.contractsfinder.service.gov.uk/Notice/d1fb1d01-d8a7-4ad1-a54b-18baeee5ac77-916260,2026-10-02T13:32:21.933279+00:00
Contracts Finder,ocds-b5fd17-f9a06080-deaf-40a4-af84-acae1f749564_38062896-7e9f-4594-a152-c7e58f844c62-916263,ITT For Project 10190945,ITT For Project 10190945,Innovate UK,,3080.0,GBP,2026-10-01,2026-04-01,award,complete,79421100,https://www.contractsfinder.service.gov.uk/Notice/38062896-7e9f-4594-a152-c7e58f844c62-916263,2026-10-02T13:32:21.933391+00:00
Contracts Finder,ocds-b5fd17-d35d97cb-1654-4195-94c2-5953a3bda9fa_1bf998a9-c951-437e-9973-72542b4e98fd-916261,Supply of P33 LEEC Precision Incubator 730Ltr and Labcold Incubator,Supply of P33 LEEC Precision Incubator 730Ltr and Labcold Incubator for APHA,Animal and Plant Health Agency,,28606.5,GBP,2026-10-01,2026-09-28,award,complete,38000000,https://www.contractsfinder.service.gov.uk/Notice/1bf998a9-c951-437e-9973-72542b4e98fd-916261,2026-10-02T13:32:21.933499+00:00
Contracts Finder,ocds-b5fd17-c600dc13-9e4f-4cc8-87e7-08dc6a5d9040_3ef274e7-f982-49c3-a23f-3daff7a00ac8-916259,ITT for project 83026812,ITT for project 83026812,UK RESEARCH & INNOVATION,,6150.0,GBP,2026-10-01,2026-03-17,award,complete,79421100,https://www.contractsfinder.service.gov.uk/Notice/3ef274e7-f982-49c3-a23f-3daff7a00ac8-916259,2026-10-02T13:32:21.933626+00:00
Contracts Finder,ocds-b5fd17-25b0ea54-b920-41fd-89ae-b45f4b038ee4_301d9a12-49b1-486a-87c0-ee99afb60249-916258,ITT for project 83025037,ITT for project 83025037,UK RESEARCH & INNOVATION,,9005.0,GBP,2026-10-01,2026-03-10,award,complete,79421100,https://www.contractsfinder.service.gov.uk/Notice/301d9a12-49b1-486a-87c0-ee99afb60249-916258,2026-10-02T13:32:21.933742+00:00
Contracts Finder,ocds-b5fd17-51d64964-4323-4063-a541-573176442a9e_52a0639a-665a-4ac1-b089-4ec8f25f0657-916255,GSS24443- The Provision of Occupational Health,"***Please note this is an award notice, not a call for competition*** UK Shared Business Services (UKSBS) had a requirement for a partner to provide occupational health .This procurement has been concluded as a competitive quotation (below threshold)",UK SHARED BUSINESS SERVICES LIMITED,,45000.0,GBP,2026-10-01,2024-09-06,awardUpdate,complete,85100000,https://www.contractsfinder.service.gov.uk/Notice/52a0639a-665a-4ac1-b089-4ec8f25f0657-916255,2026-10-02T13:32:21.933852+00:00
Contracts Finder,ocds-b5fd17-33f1a5ec-858c-45c4-a3ab-64499ce5715f_e7224996-c995-4a02-8622-bf098f9e68f8-916257,0P002193 SLE6000 Infant Ventilator Direct Award Purchase,"This is a one off Capital replacement purchase for a SLE6000 Infant Ventilator for SCBU, St Richard's Hospital via NHSSC Framework Anaesthesia Machines, Ventilators, Neonatal Equipment and Phototherapy Systems, Related Accessories and Services 2026/S 000-008108 - Lot 2",University Hospitals Sussex NHS Foundation Trust,33336.64,40003.97,GBP,2026-10-01,2026-09-30,award,complete,39714100,https://www.contractsfinder.service.gov.uk/Notice/e7224996-c995-4a02-8622-bf098f9e68f8-916257,2026-10-02T13:32:21.933967+00:00
Contracts Finder,ocds-b5fd17-828afc4d-1a25-4cc4-b3e4-4894ea6a64d4_541bfa44-466d-4b8e-a8cf-d905fb00b230-916251,"Ratton School Specialist Base - Project Manager, Technical Advisor  Consultancy Services","East Sussex County Council (ESCC) requires the appointment of an independent Project Manager and Technical Advisor (PM/TA) to support the delivery of a school project utilising a Modern Methods of Construction (MMC) solution. The PM/TA will provide overall project management, governance, programme management, stakeholder engagement, risk and change management, together with independent technical assurance throughout the design, manufacture, construction, commissioning and defects phases of the p",East Sussex County Council,,37501.67,GBP,2026-10-01,2026-09-18,awardUpdate,complete,71315200,https://www.contractsfinder.service.gov.uk/Notice/541bfa44-466d-4b8e-a8cf-d905fb00b230-916251,2026-10-02T13:32:21.934079+00:00
Contracts Finder,ocds-b5fd17-e3abdb31-3e2f-4eb2-998c-adf8f1bfcacd_16eb2de5-20df-4686-94d0-dae640177e04-916253,ITT For Project 10190558,ITT For Project 10190558,Innovate UK,,1200.0,GBP,2026-10-01,2026-03-31,award,complete,79421100,https://www.contractsfinder.service.gov.uk/Notice/16eb2de5-20df-4686-94d0-dae640177e04-916253,2026-10-02T13:32:21.934190+00:00
Contracts Finder,ocds-b5fd17-f79c0dd3-9eb9-45c9-93e3-cdc9f700c2d9_61bb3edd-7604-41d4-8f58-db6d43e1069d-916256,"CA18515 - RFQ 2026/38 - NMANDD PEACEPLUS ""Thriving Together"" - Shared History & Culture Program - Hanna's Close","Competent consultancy companies are hereby invited to tender to design, develop and deliver a shared history and culture programme that will increase participants' knowledge and understanding of individual, family and collective history through the exploration of Hanna's Close, a preserved Ulster-Scots clachan (settlement) in Aughnahoory, Kilkeel. The programme will place a particular emphasis on genealogy; tracing family connections linked to Hanna's Close and examining patterns of emigration f","Newry, Mourne and Down District Council (NMD)",,8099.0,GBP,2026-10-01,2026-10-29,tender,active,98000000,https://www.contractsfinder.service.gov.uk/Notice/61bb3edd-7604-41d4-8f58-db6d43e1069d,2026-10-02T13:32:21.934304+00:00
Contracts Finder,ocds-b5fd17-158d5ac1-8d2d-4857-9e37-f1d785146bcb_31980e5b-7425-4133-8d72-135bfe8294c1-916252,PAHT - Pathpoint ePOA Enterprise SaaS,The Princess Alexandra Hospital NHS Trust award for Pathpoint ePOA Enterprise Software as a Service (SaaS) via Clinical Digital Health Solutions (CDHS) for the Integrated Health Economy Framework .,Princess Alexandra Hospital NHS Trust,70000.0,76000.0,GBP,2026-10-01,2026-03-23,award,complete,72260000,https://www.contractsfinder.service.gov.uk/Notice/31980e5b-7425-4133-8d72-135bfe8294c1-916252,2026-10-02T13:32:21.934416+00:00
Contracts Finder,ocds-b5fd17-58fba135-9813-4bb1-aeca-f15cc5048b6a_94ead9dd-c172-4921-8052-c1e959404547-916250,ITT For Project 10191856,ITT For Project 10191856,Innovate UK,,900.0,GBP,2026-10-01,2026-03-31,award,complete,79421100,https://www.contractsfinder.service.gov.uk/Notice/94ead9dd-c172-4921-8052-c1e959404547-916250,2026-10-02T13:32:21.934525+00:00
Contracts Finder,ocds-b5fd17-83b7cf8f-9e61-4fb9-8c4e-818ea7cf4fbc_2068279c-c0db-4dc9-b27d-c25df64dd00f-916247,ITT for project 83026073,ITT for project 83026073,UK RESEARCH & INNOVATION,,4140.0,GBP,2026-10-01,2026-03-11,award,complete,79421100,https://www.contractsfinder.service.gov.uk/Notice/2068279c-c0db-4dc9-b27d-c25df64dd00f-916247,2026-10-02T13:32:21.934644+00:00
Contracts Finder,ocds-b5fd17-3153045d-2cdd-45db-ab2b-9ebb62f4d39a_c388c27a-c22b-4cb6-a49e-fc95987a0a1c-916249,C469292 - Cambridge Replacement Hologic Panther & upgrade,"Refresh of Hologic Panther with a Panther fusion, upgrades to waste management and introduction of Vlink software for improved of management of consumables.",UK Health Security Agency,,451814.63,GBP,2026-10-01,2026-09-04,award,complete,38434000,https://www.contractsfinder.service.gov.uk/Notice/c388c27a-c22b-4cb6-a49e-fc95987a0a1c-916249,2026-10-02T13:32:21.934760+00:00
Contracts Finder,ocds-b5fd17-af9cecc7-e2bc-4c9e-98ae-28c948dec0b8_432ee7fd-308f-47fa-b760-a19f24012465-916245,ITT For Project 10190220,ITT For Project 10190220,Innovate UK,,900.0,GBP,2026-10-01,2026-03-31,award,complete,79421100,https://www.contractsfinder.service.gov.uk/Notice/432ee7fd-308f-47fa-b760-a19f24012465-916245,2026-10-02T13:32:21.934871+00:00
Contracts Finder,ocds-b5fd17-e73ccf25-2415-4e1a-bcfc-dee5a1afaa16_b592003a-c0c1-475e-bf24-af6c23d827e6-916246,ITT for project 83024525,ITT for project 83024525,UK RESEARCH & INNOVATION,,8500.0,GBP,2026-10-01,2026-04-03,award,complete,79421100,https://www.contractsfinder.service.gov.uk/Notice/b592003a-c0c1-475e-bf24-af6c23d827e6-916246,2026-10-02T13:32:21.934980+00:00
Contracts Finder,ocds-b5fd17-e951fa9b-7834-44b8-9683-464a4eced7da_e5340a78-693a-468c-98aa-0c7098ef1157-916241,ITT for project 83041184,ITT for project 83041184,UK RESEARCH & INNOVATION,,8825.0,GBP,2026-10-01,2026-04-21,award,complete,79421100,https://www.contractsfinder.service.gov.uk/Notice/e5340a78-693a-468c-98aa-0c7098ef1157-916241,2026-10-02T13:32:21.935091+00:00
Contracts Finder,ocds-b5fd17-4650492a-6fb8-404c-acb2-d5ff4e1b117c_194a5908-fa28-43b4-830c-e92717cb39a5-916244,C471523 - Colindale - Porton Down National Ethernet Fibre Circuit,Procurement of a 10 Gigabit National Ethernet Fibre Circuit to connect the Colindale and Porton Down sites.,UK Health Security Agency,,108625.0,GBP,2026-10-01,2026-09-11,award,complete,64210000,https://www.contractsfinder.service.gov.uk/Notice/194a5908-fa28-43b4-830c-e92717cb39a5-916244,2026-10-02T13:32:21.935202+00:00
Contracts Finder,ocds-b5fd17-9284160d-8500-4717-b033-cff118691c2f_83609d0c-a93f-41d1-899d-342fe7b23892-916154,NCC1941 Home Fire Safety Check,"Northumberland County Council has awarded the supply and delivery of smoke detectors, hard of hearing detectors and associated equipment to deliver the Home Fire Safety Check programme to domestic premises in Northumberland.",Northumberland County Council,,90000.0,GBP,2026-10-01,2026-09-01,award,complete,31625100,https://www.contractsfinder.service.gov.uk/Notice/83609d0c-a93f-41d1-899d-342fe7b23892-916154,2026-10-02T13:32:21.935311+00:00
Contracts Finder,ocds-b5fd17-b72c43a5-a6fd-4956-8f3c-1260eccd5d84_4ffbd140-3733-4fe4-8271-c11ccf03bab3-916243,GB-Manchester: ACE 733 GCA - Community Voice Engagement Exercise,"ACE 733 GCA - Community Voice Engagement Exercise
      ACE has established a contract to design, deliver and manage an online community engagement exercise in England. The participants will be adults (aged 18+) and young people (aged 16-17 years old). The Contractor will be required to deliver and manage the online community engagement on behalf of ACE and present the insights in clear, useable formats suitable for publication.  The engagement exercise will provide an opportunity for adults (a",Arts Council England,,845101.2,GBP,2026-10-01,2026-07-13,award,complete,73110000,https://www.contractsfinder.service.gov.uk/Notice/4ffbd140-3733-4fe4-8271-c11ccf03bab3-916243,2026-10-02T13:32:21.935422+00:00
Contracts Finder,ocds-b5fd17-3f86b9f0-e237-4de7-b452-f01528264c94_0a75fdea-3e89-4f4b-99f8-4964479b41b1-916239,"The provision of Mechanical Ventilation, Air Conditioning, Refrigeration and Ventilation for Northamptonshire Police and Northamptonshire Fire and Rescue Service","The provision of Mechanical Ventilation, Air Conditioning, Refrigeration and Ventilation via a mini competition via Estates and Facilities Framework Ref: 2022/S 000-021638. Lots 1& 2 for both Northamptonshire Police and Northamptonshire Fire and Rescue Service.","Police, Fire and Crime Commissioner for Northamptonshire",,710000.0,GBP,2026-10-01,2026-08-19,award,complete,45331200,https://www.contractsfinder.service.gov.uk/Notice/0a75fdea-3e89-4f4b-99f8-4964479b41b1-916239,2026-10-02T13:32:21.935532+00:00
Contracts Finder,ocds-b5fd17-9c0efeeb-a29b-49fd-b7ef-3d0f83f8897c_fca1b8f8-543e-4484-8004-8b88d2e3cbfa-916242,DHC DH1360 Vehicle Fleet Insurance,Vehicle Fleet Insurance,Dorset HealthCare University NHS Foundation Trust,,135387.44,GBP,2026-10-01,2026-05-29,award,complete,66514110,https://www.contractsfinder.service.gov.uk/Notice/fca1b8f8-543e-4484-8004-8b88d2e3cbfa-916242,2026-10-02T13:32:21.935651+00:00
Contracts Finder,ocds-b5fd17-7fb7d9ea-227a-448a-a155-5060f79a2011_bdc6cb93-e92c-4450-850b-9ef78ecc5738-916238,ITT For Project 10190119 and 10189564,ITT For Project 10190119 and 10189564,Innovate UK,,1800.0,GBP,2026-10-01,2026-03-31,award,complete,79421100,https://www.contractsfinder.service.gov.uk/Notice/bdc6cb93-e92c-4450-850b-9ef78ecc5738-916238,2026-10-02T13:32:21.935803+00:00
Contracts Finder,ocds-b5fd17-32c92bf3-ead7-430c-a4e2-84f8dd926ad8_dc037d90-648d-448e-94a2-fb12725b0095-916236,ITT for project 83039911,ITT for project 83039911,UK RESEARCH & INNOVATION,,6800.0,GBP,2026-10-01,2026-04-10,award,complete,79421100,https://www.contractsfinder.service.gov.uk/Notice/dc037d90-648d-448e-94a2-fb12725b0095-916236,2026-10-02T13:32:21.935986+00:00
Contracts Finder,ocds-b5fd17-7199b01e-1c65-4a31-a9cb-aa227b258a36_b8cb95ad-2356-474d-9ce7-365c3df9f666-916233,MiRANDA Projects - Coventry/Leicester/Nottingham,"To undertake modelling primarily relating to the
Coventry-Leicester-Nottingham project for Midlands Connect",WEST MIDLANDS COMBINED AUTHORITY,,30000.0,GBP,2026-10-01,2026-07-30,award,complete,71311200,https://www.contractsfinder.service.gov.uk/Notice/b8cb95ad-2356-474d-9ce7-365c3df9f666-916233,2026-10-02T13:32:21.936117+00:00
Contracts Finder,ocds-b5fd17-de7488b3-b470-45bd-a2af-3068f4309119_d88889a4-324c-4b59-9f88-23990596d35a-916237,DNWP0072/LOT1A/ THB Demolition Phases 1-5,DNWP0072/LOT1A/ THB Demolition Phases 1-5,Sellafield Limited,,14848364.58,GBP,2026-10-01,2026-09-25,award,complete,98391000,https://www.contractsfinder.service.gov.uk/Notice/d88889a4-324c-4b59-9f88-23990596d35a-916237,2026-10-02T13:32:21.936233+00:00
Contracts Finder,ocds-b5fd17-7cff95b2-8db4-4fba-af3d-85d7502af4ad_896928d1-1221-45c4-9a9a-10e365f2415a-916235,DDaT26420 - EnCIC Automated Threat Sharing Service (EATSS),"***Please note that this is an award notice and not a call for competition***

This procurement was awarded following a competitive procurement exercise via the RM3764.3 - Cyber Security Services 3 DPS.

The Department for Energy Security and Net Zero (DESNZ) is responsible for ensuring that the UK has a resilient energy sector. With the increasing use of cyber as an offensive attack methodology, and an increasing pool of adversaries prepared to employ it, action is required to support the e",DESNZ,,136850.0,GBP,2026-10-01,2026-09-10,award,complete,48732000,https://www.contractsfinder.service.gov.uk/Notice/896928d1-1221-45c4-9a9a-10e365f2415a-916235,2026-10-02T13:32:21.936347+00:00
Contracts Finder,ocds-b5fd17-11ffbe61-03ef-4e92-a283-ccd44c1006ac_39e5be7c-44a6-4221-9788-9216b7c75bda-916231,ITT For Project 10189689,ITT For Project 10189689,Innovate UK,,1400.0,GBP,2026-10-01,2026-03-31,award,complete,79421100,https://www.contractsfinder.service.gov.uk/Notice/39e5be7c-44a6-4221-9788-9216b7c75bda-916231,2026-10-02T13:32:21.936461+00:00
Contracts Finder,ocds-b5fd17-9deee774-ed10-4db5-bc83-14fbe65c8128_d00df7dc-4738-4a6a-a051-dd6c0325c81d-914688,Supported Living Care and Support - Call-Off from BMC1227 Framework -Awarded to The Wilf Ward Family Trust,"Supported Living Care and Support - Call-Off from BMC1227 Framework -Awarded to The Wilf Ward Family Trust

The core contract period runs from 28 September 2026 to 27 September 2027.  The contract includes an optional extension period of up to one year, which, if utilised, will extend the contract to 27 September 2028.

BMC1227 - Supported Living Open Framework 
Notice Identifiers: 2025/S 000-082976 and 2025/S 000-083960

The total contract value, inclusive of VAT, is £60,228.48 (net valu",EAST RIDING OF YORKSHIRE COUNCIL,,50190.4,GBP,2026-10-01,2026-08-01,award,complete,85000000,https://www.contractsfinder.service.gov.uk/Notice/d00df7dc-4738-4a6a-a051-dd6c0325c81d-914688,2026-10-02T13:32:21.936574+00:00
Contracts Finder,ocds-b5fd17-8a782e20-7998-47f7-9c74-8d806bb829df_26a2b093-8874-4673-a737-c3546a2ecbd8-916230,ITT for project 83036421,ITT for project 83036421,UK RESEARCH & INNOVATION,,8960.0,GBP,2026-10-01,2026-04-10,award,complete,79421100,https://www.contractsfinder.service.gov.uk/Notice/26a2b093-8874-4673-a737-c3546a2ecbd8-916230,2026-10-02T13:32:21.936710+00:00
Contracts Finder,ocds-b5fd17-ae3f425c-211d-4e27-a01d-0aa8ffe08861_a5c85207-994d-4640-96f7-8f0392c4025c-916228,ITT For Project 10189353,ITT For Project 10189353,Innovate UK,,1095.0,GBP,2026-10-01,2026-03-31,award,complete,79421100,https://www.contractsfinder.service.gov.uk/Notice/a5c85207-994d-4640-96f7-8f0392c4025c-916228,2026-10-02T13:32:21.936823+00:00
Contracts Finder,ocds-b5fd17-1696884e-6c49-4938-afe1-a5096c6113c7_f9572ec0-315e-4804-8304-e3d535dfbac7-916227,ITT for project 10193811,ITT for project 10193811,UK RESEARCH & INNOVATION,,2570.0,GBP,2026-10-01,2026-05-07,award,complete,79421100,https://www.contractsfinder.service.gov.uk/Notice/f9572ec0-315e-4804-8304-e3d535dfbac7-916227,2026-10-02T13:32:21.936938+00:00
Contracts Finder,ocds-b5fd17-6742a51d-031c-4627-975c-6342824dbfc6_61d7a2bf-aade-4f2a-8cd5-aa44fcf284a1-916226,ITT For Project 10189306 and 10191119,ITT For Project 10189306 and 10191119,Innovate UK,,2175.0,GBP,2026-10-01,2026-03-31,award,complete,79421100,https://www.contractsfinder.service.gov.uk/Notice/61d7a2bf-aade-4f2a-8cd5-aa44fcf284a1-916226,2026-10-02T13:32:21.937050+00:00
Contracts Finder,ocds-b5fd17-6e5fad6a-084a-4836-bda8-16b32af2d881_21fe69c2-1aae-4868-a78b-b12d308222e6-916225,DSA - Supply of Self Contained Breathing Apparatus (SCBA),"Supply of SCBA equipment for Doncaster Sheffield Airport Fire & Rescue Service, including provision for new recruits and ongoing servicing and maintenance by the supplier throughout the contract term.",Doncaster Metropolitan Borough Council,,,GBP,2026-10-01,2026-08-03,award,complete,35110000,https://www.contractsfinder.service.gov.uk/Notice/21fe69c2-1aae-4868-a78b-b12d308222e6-916225,2026-10-02T13:32:21.937158+00:00
Contracts Finder,ocds-b5fd17-ff41953b-5449-47a3-af19-13606971b508_27067016-3136-4fee-9f0f-cb16a5d4e4b0-916223,ITT for project 10193693,ITT for project 10193693,UK RESEARCH & INNOVATION,,4000.0,GBP,2026-10-01,2026-05-07,award,complete,79421100,https://www.contractsfinder.service.gov.uk/Notice/27067016-3136-4fee-9f0f-cb16a5d4e4b0-916223,2026-10-02T13:32:21.937269+00:00
Contracts Finder,ocds-b5fd17-9e11aa9b-728b-47de-a141-4f3d95b58757_8908f11c-4d0b-43b6-991e-285294f2a858-916222,ITT For Project 10190672,ITT For Project 10190672,Innovate UK,,1396.0,GBP,2026-10-01,2026-03-31,award,complete,79421100,https://www.contractsfinder.service.gov.uk/Notice/8908f11c-4d0b-43b6-991e-285294f2a858-916222,2026-10-02T13:32:21.937386+00:00
Contracts Finder,ocds-b5fd17-83c9ea0c-6d7c-43a4-8641-e6c5e860a89b_36cd1b59-e124-4ea6-98f9-44d4b51c65bf-915990,DDaT26441 - Enterprise data storage platform support,"***Please note this is an award notice, not a call for competition***
 
UK Shared Business Services (UK SBS) had a requirement for a Enterprise data storage platform and support. This procurement is being concluded following a shortlisting exercise under the CCS G-Cloud 14  RM1557.14 Framework.",UK SHARED BUSINESS SERVICES LIMITED,,98386.24,GBP,2026-10-01,2026-09-22,award,complete,48820000,https://www.contractsfinder.service.gov.uk/Notice/36cd1b59-e124-4ea6-98f9-44d4b51c65bf-915990,2026-10-02T13:32:21.937495+00:00
Contracts Finder,ocds-b5fd17-53917f89-3293-498e-a247-5e3bb824a194_af1887a8-87e3-4572-948c-ca1edc049b15-916219,Demolition of Former Morpeth Riverside Leisure Centre,"Demolition of Former Morpeth Riverside Leisure Centre. The building is not in use and has not been used as a leisure centre for some time. More recently, the building has occasionally been used by the Police for training exercises. The works involves the removal of any notifiable asbestos, soft strip of the interior of the buildings, remote demolish the buildings, remove any hard material off site and dispose of any other debris off site.",Northumberland County Council,,127779.27,GBP,2026-10-01,2026-05-04,award,complete,45000000,https://www.contractsfinder.service.gov.uk/Notice/af1887a8-87e3-4572-948c-ca1edc049b15-916219,2026-10-02T13:32:21.937660+00:00
Contracts Finder,ocds-b5fd17-b32a5375-4fa8-41bf-9f0d-231db87a13b2_d19a9200-ffab-49f1-afdf-925bf1884659-916220,ITT for project 10191903,ITT for project 10191903,UK RESEARCH & INNOVATION,,3625.0,GBP,2026-10-01,2026-05-07,award,complete,79421100,https://www.contractsfinder.service.gov.uk/Notice/d19a9200-ffab-49f1-afdf-925bf1884659-916220,2026-10-02T13:32:21.937815+00:00
Contracts Finder,ocds-b5fd17-08403dc2-50b0-4eec-8059-55d32c53cde4_20d14332-2e37-4c5c-b58b-8a5f5009115a-916217,Phase 2 Salesforce improvements- Access intergration,"Following the completion of the Salesforce Health Check
completed in 2026, there has been an opportunity identified
and scoped to integrate the Authority's Salesforce and
Access Financials systems.",Government Actuary's Department,,115635.0,GBP,2026-10-01,2026-10-02,award,complete,72266000,https://www.contractsfinder.service.gov.uk/Notice/20d14332-2e37-4c5c-b58b-8a5f5009115a-916217,2026-10-02T13:32:21.937937+00:00
Contracts Finder,ocds-b5fd17-0850d7cf-da5a-4514-b1e9-1bb02318eed5_c0d9701d-1cf5-424d-b9a4-6e35c0d9a2bd-916221,"QWE069 0900 2026-10-01 Ipswich to East Coast Adventures, Woodbridge (4-seater) - AWARD","Suffolk County Council is seeking a mini competition against the following Dynamic Purchasing System: `The supply of Passenger Transport Services`, OJEU Notice Id: 2018/S 031-067685.
      
      QWE069 0900 2026-10-01 Ipswich to East Coast Adventures, Woodbridge (4-seater)
      
      Further details can be found in the 'Tenders / My Tenders' area of this website, by selecting the 'View Details' button for this project.
      
      The deadline for returned submissions is 0900 2026-10-0",Suffolk County Council Passenger Transport,,,GBP,2026-10-01,2026-10-01,award,complete,60000000,https://www.contractsfinder.service.gov.uk/Notice/c0d9701d-1cf5-424d-b9a4-6e35c0d9a2bd-916221,2026-10-02T13:32:21.938051+00:00
Contracts Finder,ocds-b5fd17-81923f84-edce-4d51-b929-f6570866626d_c11e5ee3-b72e-491f-9dbc-bf36538026b4-916216,"ITT for projects 10191987, 10191623 and 10192875","ITT for projects 10191987, 10191623 and 10192875",UK RESEARCH & INNOVATION,,8215.0,GBP,2026-10-01,2026-05-07,award,complete,79421100,https://www.contractsfinder.service.gov.uk/Notice/c11e5ee3-b72e-491f-9dbc-bf36538026b4-916216,2026-10-02T13:32:21.938164+00:00
Contracts Finder,ocds-b5fd17-35a0dc31-4d66-417d-a3c4-2f794424a866_e7a38a18-d1d2-4d4c-aa33-b306cfadfdb2-916218,NHS PS Transfer Estates Support,Provision of Project Managers and team members to support the transition of NHS property services buildings to local NHS authority ownership,Northumbria Healthcare Facilities Management,,234399.0,GBP,2026-10-01,2026-07-31,award,complete,75100000,https://www.contractsfinder.service.gov.uk/Notice/e7a38a18-d1d2-4d4c-aa33-b306cfadfdb2-916218,2026-10-02T13:32:21.938276+00:00
Contracts Finder,ocds-b5fd17-fb1ac949-b739-46f0-abd9-36b2e9f49c3a_7d8451ea-5219-4ad9-bd04-60834d07a5e5-916215,ITT For Project 10193212,ITT For Project 10193212,Innovate UK,,1532.0,GBP,2026-10-01,2026-03-31,award,complete,79421100,https://www.contractsfinder.service.gov.uk/Notice/7d8451ea-5219-4ad9-bd04-60834d07a5e5-916215,2026-10-02T13:32:21.938387+00:00
Contracts Finder,ocds-b5fd17-8e6ae211-7a27-4dc3-a5fb-b81b67111b80_fede1c40-9c33-44bf-87f4-1978b1c02a23-916214,ITT For Project 10191590,ITT For Project 10191590,Innovate UK,,1532.0,GBP,2026-10-01,2026-03-31,award,complete,79421100,https://www.contractsfinder.service.gov.uk/Notice/fede1c40-9c33-44bf-87f4-1978b1c02a23-916214,2026-10-02T13:32:21.938499+00:00
Contracts Finder,ocds-b5fd17-c02ede96-d970-4467-8c2c-fd519febe403_ef5b3e7d-3044-4889-bca0-728960f49d75-916210,ITT For Project 10191345,ITT For Project 10191345,Innovate UK,,2000.0,GBP,2026-10-01,2026-03-31,award,complete,79421100,https://www.contractsfinder.service.gov.uk/Notice/ef5b3e7d-3044-4889-bca0-728960f49d75-916210,2026-10-02T13:32:21.938639+00:00
Contracts Finder,ocds-b5fd17-cbc5631a-58c1-43db-a969-29796eacd708_1966c582-ad04-479b-971e-9ee9536fba5c-916211,Print Services,"Managed Print Services - printing, copying, scanning and associated document workflows",Nottinghamshire County Council,,440000.0,GBP,2026-10-01,2026-08-31,award,complete,30000000,https://www.contractsfinder.service.gov.uk/Notice/1966c582-ad04-479b-971e-9ee9536fba5c-916211,2026-10-02T13:32:21.938764+00:00
Contracts Finder,ocds-b5fd17-e9f0e34d-9490-4e54-9e10-119321a7c93c_5745ebfb-0da0-439e-870a-9be947ae43e3-916209,Disaster Recovery CiContinuity - Ship to Site Support,Disaster Recovery CiContinuity - Ship to Site Support,CITIZEN HOUSING GROUP LIMITED,25000.0,90000.0,GBP,2026-10-01,2026-05-01,award,complete,72251000,https://www.contractsfinder.service.gov.uk/Notice/5745ebfb-0da0-439e-870a-9be947ae43e3-916209,2026-10-02T13:32:21.938877+00:00
Contracts Finder,ocds-b5fd17-c8f20f8e-9fd0-4b26-a932-053916402996_6514b996-d8dc-4143-b24a-db461f266294-916208,Vehicle Purchase - September 2026,Purchase of a vehicle from Stellantis under the BLC vehicle purchase framework,Lancashire Constabulary,,19544.27,GBP,2026-10-01,2026-08-26,award,complete,34100000,https://www.contractsfinder.service.gov.uk/Notice/6514b996-d8dc-4143-b24a-db461f266294-916208,2026-10-02T13:32:21.938990+00:00
Contracts Finder,ocds-b5fd17-478619ba-d796-4894-8695-0b863a8e505f_36784e3d-f5c7-4975-9265-afd8c2de09d3-916207,PDF Framework - M6 Whittingham Lane NB,PDF Framework - M6 Whittingham Lane NB,National Highways Limited,,171023.4,GBP,2026-10-01,2026-09-01,award,complete,45233210,https://www.contractsfinder.service.gov.uk/Notice/36784e3d-f5c7-4975-9265-afd8c2de09d3-916207,2026-10-02T13:32:21.939101+00:00
Contracts Finder,ocds-b5fd17-aa5568f1-3e8a-45d4-88f8-b74cf6e5e87b_5e869275-6e4a-425f-9e8f-cf824f4141d5-916203,"QBE046 09:00 2026-10-01 Martlesham to Sir Peter Hall School, Bury St Edmunds - 4-seater vehicle and a Female Passenger Assistant required - AWARD","Suffolk County Council is seeking a mini competition against the following Dynamic Purchasing System: `The supply of Passenger Transport Services`, OJEU Notice Id: 2018/S 031-067685.
      
      QBE046 09:00 2026-10-01 Martlesham to Sir Peter Hall School, Bury St Edmunds - 4-seater vehicle and a Female Passenger Assistant required
      
      Further details can be found in the 'Tenders / My Tenders' area of this website, by selecting the 'View Details' button for this project.
      
  ",Suffolk County Council Passenger Transport,,,GBP,2026-10-01,2026-10-01,award,complete,60000000,https://www.contractsfinder.service.gov.uk/Notice/5e869275-6e4a-425f-9e8f-cf824f4141d5-916203,2026-10-02T13:32:21.939214+00:00
Contracts Finder,ocds-b5fd17-d8f8c702-7a71-4bb6-b5d0-0e37dd5f290b_b9747333-1b24-4edc-ab1b-297c93d2b1aa-916202,CP2825-26b Wheelchair Accessible Buses,Purchase of 6 wheelchair accessible buses,Devon County Council,,468234.0,GBP,2026-10-01,2026-10-01,tender,active,34114000,https://www.contractsfinder.service.gov.uk/Notice/b9747333-1b24-4edc-ab1b-297c93d2b1aa,2026-10-02T13:32:21.939329+00:00
Contracts Finder,ocds-b5fd17-5d779274-0ec5-4c82-80f7-3bb65f2631dc_14a80717-447d-4383-a12e-c0f6351057c5-915441,LSEG Market Data Research,"The contract relates to the provision of market data, information and research, a trading platform and other associated products and services, such as Market News, financial security data, analytics, and historical data.  

The contract includes provision for an optional extension period of up to four years, subject to defined break clauses. The Bank of England intends to exercise this option in accordance with the contractual terms.",BANK OF ENGLAND,7786104.0,20409156.0,GBP,2026-10-01,2023-09-18,award,complete,79310000,https://www.contractsfinder.service.gov.uk/Notice/14a80717-447d-4383-a12e-c0f6351057c5-915441,2026-10-02T13:32:21.939441+00:00
Contracts Finder,ocds-b5fd17-d1900731-9460-48ce-b870-93bf53e7368f_f5d315a2-bc6c-4f8f-b77e-57d15b626a00-915446,LSEG Market Data Research - Supplementary services,"The LSEG Agreement contract covers fixed costs for infrastructure/comms lines which are critical for LSEG services to be usable.  

3 years + 2 

This notice reflects the full contractual term of 3 years with the option to extend by a further 2 years, as set out in the original agreement. A notice has not previously been published at the time of contract commencement in 2024.",BANK OF ENGLAND,,920463.9,GBP,2026-10-01,2023-12-18,award,complete,79310000,https://www.contractsfinder.service.gov.uk/Notice/f5d315a2-bc6c-4f8f-b77e-57d15b626a00-915446,2026-10-02T13:32:21.939551+00:00
Contracts Finder,ocds-b5fd17-f41fe002-2dda-4cf6-9567-058b7af5a664_81b04550-a6f0-453f-b186-cf17123c7500-916201,Contract for consultancy for Neighbourhood Board to development Pride in Place plans,"RBC Contract for consultancy for Neighbourhood Board to development Pride in Place plans under ESPO Framework 664_25, Lot 8g - Regeneration and Regional Development",Redditch Borough Council,,,GBP,2026-10-01,2026-09-30,award,complete,71300000,https://www.contractsfinder.service.gov.uk/Notice/81b04550-a6f0-453f-b186-cf17123c7500-916201,2026-10-02T13:32:21.939669+00:00
Contracts Finder,ocds-b5fd17-283986a0-ffff-4ecb-8b8e-15b9088aa19d_20e7815b-3019-4a33-b7a3-069d18bce38d-916199,"HPFT - Renewal of Insurance Policies-Liability, Motor Fleet & Property",Insurance services awarded direct under CCSRM6323,West Hertfordshire Teaching Hospitals NHS Trust,50000.0,185000.0,GBP,2026-10-01,2026-06-25,award,complete,66518100,https://www.contractsfinder.service.gov.uk/Notice/20e7815b-3019-4a33-b7a3-069d18bce38d-916199,2026-10-02T13:32:21.939787+00:00
Contracts Finder,ocds-b5fd17-52cd9374-afff-45b1-9e2c-baa4c5b88642_5c21f2a0-fe6c-4d3a-ba26-77e25fda1ef8-916198,Draeger Babylog ventilators x 5,Draeger Babylog ventilators x 5 via the trust capital replacement allocation programme utilising the NHSSC framewrk ref: 2026/S 000-008108,Hull University Teaching Hospitals NHS Foundation Trust,,180532.9,GBP,2026-10-01,2026-09-30,award,complete,39714100,https://www.contractsfinder.service.gov.uk/Notice/5c21f2a0-fe6c-4d3a-ba26-77e25fda1ef8-916198,2026-10-02T13:32:21.939899+00:00
Contracts Finder,ocds-b5fd17-8830a5f9-6ad2-4070-bd79-68a9ffd2d844_e82fbe33-9a95-4a4f-942e-2628217239ed-916197,CP2825-26a Wheelchair Accessible People Carriers,Purchase of 6 Wheelchair Accessible People Carriers,Devon County Council,,306330.0,GBP,2026-10-01,2026-10-01,award,complete,34114000,https://www.contractsfinder.service.gov.uk/Notice/e82fbe33-9a95-4a4f-942e-2628217239ed-916197,2026-10-02T13:32:21.940010+00:00
Contracts Finder,ocds-b5fd17-5f738e65-69e8-4e75-9c2d-1f55a71f3d47_935cb8c0-b11d-4f46-adda-835345528af8-916196,Finance System Solution,Colchester City Council is currently looking to commission a supplier to provide a fully integrated finance system.,Colchester City Council,,576000.0,GBP,2026-10-01,2026-08-28,award,complete,66172000,https://www.contractsfinder.service.gov.uk/Notice/935cb8c0-b11d-4f46-adda-835345528af8-916196,2026-10-02T13:32:21.940119+00:00
Contracts Finder,ocds-b5fd17-22e759ea-5495-4de1-9a52-b33be9d5ecb3_704dbab1-c0da-4f9c-be4f-c56c62daf2f7-916195,Call off Contract Under Prison Education Dynamic Purchasing System for Literacy Support for Prisoners at HMP Exeter,"Call off Contract Under Prison Education Dynamic Purchasing System for Literacy Support for Prisoners at HMP Exeter. The supplier, will deliver a programme designed to support, coach, train and provide structured supervision for peer mentor prisoners who are involved with the delivery of one-to-one support for those with very low literacy and low numeracy amongst people in prison (below L1 English/maths).",Ministry of Justice,,14398.0,GBP,2026-10-01,2026-08-19,award,complete,80000000,https://www.contractsfinder.service.gov.uk/Notice/704dbab1-c0da-4f9c-be4f-c56c62daf2f7-916195,2026-10-02T13:32:21.940227+00:00
Contracts Finder,ocds-b5fd17-f47f05ca-c8b4-4d9d-ad4a-016bf7532971_05942444-cfbf-487e-8cac-9c4c1175dd6d-916194,FCDO British Embassy San Jose Costa Rica Project RIBA Stage 4 Design Peer Review,"The Foreign, Commonwealth & Development Office (FCDO) sought services to undertake the RIBA Stage 4 Design Peer review for the British Embassy project in San Jose, Costa Rica.

Seven suppliers were invited to submit quotations for provision of the abovementioned service. The procurement was conducted as a below-threshold competitive quotation exercise with evaluation taken on a like-for-like basis against the project requirements, including programme compliance and fee proposal. The contract w",Foreign Commonwealth and Development Office,,,GBP,2026-10-01,2025-06-03,award,complete,71241000,https://www.contractsfinder.service.gov.uk/Notice/05942444-cfbf-487e-8cac-9c4c1175dd6d-916194,2026-10-02T13:32:21.940334+00:00
Contracts Finder,ocds-b5fd17-a9c2cf92-72df-49be-8e56-809706f20ae0_0a25d444-7465-4e2f-b663-2a6069c78a8e-916188,Figma  Renewal 2026,"Figma Renewal and Increase Number of 
Licenses",Office for National Statistics,,34113.98,GBP,2026-10-01,2026-08-19,award,complete,30237300,https://www.contractsfinder.service.gov.uk/Notice/0a25d444-7465-4e2f-b663-2a6069c78a8e-916188,2026-10-02T13:32:21.940444+00:00
Contracts Finder,ocds-b5fd17-ff8fa0fa-2226-47c0-ac0a-dba8b63c9885_d613f421-a0a9-441e-ac80-878c79571460-916193,NPIS - BT Cloud Contract,3 year contract with BT for the provision of Five9 cloud call handling,UK Health Security Agency,,58737.6,GBP,2026-10-01,2026-09-29,award,complete,48333000,https://www.contractsfinder.service.gov.uk/Notice/d613f421-a0a9-441e-ac80-878c79571460-916193,2026-10-02T13:32:21.940553+00:00
Contracts Finder,ocds-b5fd17-3ff86939-91a9-43b0-b821-2d7f7436d06b_f7fce0b4-1f3e-4c9c-9e6a-140634fdf04d-916126,RPA Vendor Support,"The requirement is for Rural Payments Agency (RPA) vendor support which is hosted across two datacentres, one for Development, Test and Disaster Recovery and the other for Production. Rural Payments Service (RPS) comprises of business critical applications including the Rural Payments Portal - Siti Agri, the Customer Portal and database, the Land Management System (LMS) and the Data Warehouse (DWH).

It is expected that some components will be replaced over the coming years, however there are ",DEPARTMENT FOR ENVIRONMENT FOOD & RURAL AFFAIRS,,560000.0,GBP,2026-10-01,2026-09-17,award,complete,72000000,https://www.contractsfinder.service.gov.uk/Notice/f7fce0b4-1f3e-4c9c-9e6a-140634fdf04d-916126,2026-10-02T13:32:21.940673+00:00
Contracts Finder,ocds-b5fd17-e7971830-fc52-457a-a81e-d2733da4a1a6_446f9460-37b9-42fd-be53-c0b3821f1404-916192,WSFT - Pathology - Bloodtrack software support,Bloodtrack software support,West Suffolk NHS Foundation Trust,,20651.7,GBP,2026-10-01,2026-09-17,award,complete,85111800,https://www.contractsfinder.service.gov.uk/Notice/446f9460-37b9-42fd-be53-c0b3821f1404-916192,2026-10-02T13:32:21.940785+00:00
Contracts Finder,ocds-b5fd17-3873957f-f62d-40f0-b3b2-6a153924d6d9_a4822faa-d808-4801-b5b8-2fe47431a3e8-916191,Web Hosting Contract 2024,"Web Hosting Contract 2024

Additional information: 
Closed RFQ",Wirral Borough Council,,62800.0,GBP,2026-10-01,2024-01-25,award,complete,72000000,https://www.contractsfinder.service.gov.uk/Notice/a4822faa-d808-4801-b5b8-2fe47431a3e8-916191,2026-10-02T13:32:21.940895+00:00
Contracts Finder,ocds-b5fd17-35f1dcd0-14a1-4ff1-aa66-93a7ff673cfd_75e4d461-daa8-4bbd-9e31-757307c4174a-916190,Call off Contract Under Prison Education Dynamic Purchasing System for Creative Reading Events for Prisoners at HMP Elmley,"Call off Contract Under Prison Education Dynamic Purchasing System for Creative Reading Events for Prisoners at HMP Elmley. The supplier will deliver services and run  promotion days designed to engage people who may not want or be able to access formal education due to previous negative experiences, low confidence, neurodivergence or learning style to develop reading for pleasure, supporting and developing creative writing, promoting family relationships & supporting employability skills.",Ministry of Justice,,12265.0,GBP,2026-10-01,2026-09-18,award,complete,80000000,https://www.contractsfinder.service.gov.uk/Notice/75e4d461-daa8-4bbd-9e31-757307c4174a-916190,2026-10-02T13:32:21.941005+00:00
Contracts Finder,ocds-b5fd17-77ecacd1-729b-4d77-88ac-6f804b22a395_82fdf64c-4544-4ec9-bdc2-a3a888759ad1-916189,021009 - Knowsley Village Recreation Ground Play Area Development Project,"Knowsley Village Recreation Ground Play Area Development Project 

Mini Competition utilising Lot 2a of Knowsley's Dynamic Purchasing System for Landscape Contractors",Knowsley Council,,55000.0,GBP,2026-10-01,2026-06-18,award,complete,45000000,https://www.contractsfinder.service.gov.uk/Notice/82fdf64c-4544-4ec9-bdc2-a3a888759ad1-916189,2026-10-02T13:32:21.941121+00:00
Contracts Finder,ocds-b5fd17-ab80328f-b013-4018-8c19-3e3d00759cf7_bd66860a-e348-49f9-9667-272fdaedbdf0-916184,Multifunctional Devices,"The continuation of services provided bu Ricoh Uk Ltd present the most economically and operationally advantageous opportunity, noting the significant incurred cost to a change to operationa within the organisation.

This award is to supercede a number of existing incumbent agreements, consolodating into one overarching agreement for the lease of MFD's from Ricoh UK Ltd. An extension has been applied to accomodate future infrastructural changes to the University's utilisation of space across t",UNIVERSITY OF EAST ANGLIA,,458603.0,GBP,2026-10-01,2026-09-30,award,complete,30120000,https://www.contractsfinder.service.gov.uk/Notice/bd66860a-e348-49f9-9667-272fdaedbdf0-916184,2026-10-02T13:32:21.941234+00:00
Contracts Finder,ocds-b5fd17-9d004a41-6ce8-490c-924c-1c455226ff71_8e6fceed-dbf5-471b-bbec-2d2b913a9b7d-916187,APHA CapEx: Luminex xMAP INTELLIFLEX DR-SE Analyser,APHA CapEx: Luminex xMAP INTELLIFLEX DR-SE Analyser,Animal and Plant Health Agency,,120655.67,GBP,2026-10-01,2026-09-01,award,complete,38000000,https://www.contractsfinder.service.gov.uk/Notice/8e6fceed-dbf5-471b-bbec-2d2b913a9b7d-916187,2026-10-02T13:32:21.941346+00:00
Contracts Finder,ocds-b5fd17-810ed04c-fff5-43d6-b71b-96b30b383196_35deb4aa-9b25-42e7-a040-ad1742f52335-916186,"QHL123 09:00 2026-10-01 Sudbury to Sunflower SEND Hub, Haverhill & Circles Alternative Education, East Bergholt, - 4-seater vehicle and a Passenger Assistant required - AWARD","Suffolk County Council is seeking a mini competition against the following Dynamic Purchasing System: `The supply of Passenger Transport Services`, OJEU Notice Id: 2018/S 031-067685.
      
      QHL123 09:00 2026-10-01 Sudbury to Sunflower SEND Hub, Haverhill & Circles Alternative Education, East Bergholt, - 4-seater vehicle and a Passenger Assistant required
      
      Further details can be found in the 'Tenders / My Tenders' area of this website, by selecting the 'View Details' button ",Suffolk County Council Passenger Transport,,,GBP,2026-10-01,2026-10-01,award,complete,60000000,https://www.contractsfinder.service.gov.uk/Notice/35deb4aa-9b25-42e7-a040-ad1742f52335-916186,2026-10-02T13:32:21.941455+00:00
Contracts Finder,ocds-b5fd17-d2f21870-75de-4915-9690-c7d53e0da8bc_10012254-df2a-4f24-8ec0-70fcf44471dd-916185,SE1231 - Activity Check-In Qualitative,"Sport England is seeking to retender our Activity Check-In research to further develop our understanding of the population's engagement with sport and physical activity, how this is changing, what is influencing or driving different behaviours and attitudes, and the implications this has for the work of Sport England and our partners. This work will play an important role in enabling us to build the insight required to deliver our medium-term plan for 2026-31, which is the next phase of our Unit",Sport England,,300000.0,GBP,2026-10-01,2026-02-16,award,complete,73110000,https://www.contractsfinder.service.gov.uk/Notice/10012254-df2a-4f24-8ec0-70fcf44471dd-916185,2026-10-02T13:32:21.941570+00:00
Contracts Finder,ocds-b5fd17-6a377aaf-fd63-4ba7-b707-450e2bf3f5e1_ebbf27da-2cc3-48e4-ba44-865245484031-916183,Arboricultural services - Tree planting and post planting maintenance,"OVERVIEW OF TPEO WORKS in Islington
3-year planting and maintenance commitment for the sites a listed in the files. 
Please provide a SOR and final total cost for all works as detailed.
Planting to conclude before March and during this planting season, with watering to take place immediately after planting as required. 
To help determine the award a proportionate social value offer will be expected as part of the final award process. It does not need to be submitted in full here, and it will",London Borough Of Islington,,,GBP,2026-10-01,2026-09-23,award,complete,50000000,https://www.contractsfinder.service.gov.uk/Notice/ebbf27da-2cc3-48e4-ba44-865245484031-916183,2026-10-02T13:32:21.941691+00:00
Contracts Finder,ocds-b5fd17-41d735f9-e33e-4f20-9ead-1e527c7bea3a_de935f59-fbda-4f9a-83b8-757440d2d126-916182,Arboricultural services - Tree planting and post planting maintenance,"OVERVIEW OF TPEO WORKS in Islington
3-year planting and maintenance commitment for the sites a listed in the files. 
Please provide a SOR and final total cost for all works as detailed.
Planting to conclude before March and during this planting season, with watering to take place immediately after planting as required. 
To help determine the award a proportionate social value offer will be expected as part of the final award process. It does not need to be submitted in full here, and it will",London Borough Of Islington,,,GBP,2026-10-01,2026-09-23,award,complete,50000000,https://www.contractsfinder.service.gov.uk/Notice/de935f59-fbda-4f9a-83b8-757440d2d126-916182,2026-10-02T13:32:21.941801+00:00
Contracts Finder,ocds-b5fd17-126bb42d-2e5c-42e5-a116-4886ec0d7124_3f00f81e-c9cd-4058-a23f-2946bc2505e2-916181,Arboricultural services - Tree planting and post planting maintenance,"OVERVIEW OF TPEO WORKS in Islington
3-year planting and maintenance commitment for the sites a listed in the files. 
Please provide a SOR and final total cost for all works as detailed.
Planting to conclude before March and during this planting season, with watering to take place immediately after planting as required. 
To help determine the award a proportionate social value offer will be expected as part of the final award process. It does not need to be submitted in full here, and it will",London Borough Of Islington,,,GBP,2026-10-01,2026-09-23,award,complete,50000000,https://www.contractsfinder.service.gov.uk/Notice/3f00f81e-c9cd-4058-a23f-2946bc2505e2-916181,2026-10-02T13:32:21.941910+00:00
Contracts Finder,ocds-b5fd17-ed323b87-eebb-4ca5-be0b-873f6fe022b2_76c28286-39c3-4dcb-b9e8-f62bf738e878-916180,Arboricultural services - Tree planting and post planting maintenance,"OVERVIEW OF TPEO WORKS in Islington
3-year planting and maintenance commitment for the sites a listed in the files. 
Please provide a SOR and final total cost for all works as detailed.
Planting to conclude before March and during this planting season, with watering to take place immediately after planting as required. 
To help determine the award a proportionate social value offer will be expected as part of the final award process. It does not need to be submitted in full here, and it will",London Borough Of Islington,,,GBP,2026-10-01,2026-09-19,award,complete,50000000,https://www.contractsfinder.service.gov.uk/Notice/76c28286-39c3-4dcb-b9e8-f62bf738e878-916180,2026-10-02T13:32:21.942016+00:00
Contracts Finder,ocds-b5fd17-3404f195-c45f-4e61-8798-415a043bbf72_6606bee0-3152-4196-a332-8ea93d818f72-916179,Arboricultural services - Tree planting and post planting maintenance,"OVERVIEW OF TPEO WORKS in Islington
3-year planting and maintenance commitment for the sites a listed in the files. 
Please provide a SOR and final total cost for all works as detailed.
Planting to conclude before March and during this planting season, with watering to take place immediately after planting as required. 
To help determine the award a proportionate social value offer will be expected as part of the final award process. It does not need to be submitted in full here, and it will",London Borough Of Islington,,,GBP,2026-10-01,2026-09-23,award,complete,50000000,https://www.contractsfinder.service.gov.uk/Notice/6606bee0-3152-4196-a332-8ea93d818f72-916179,2026-10-02T13:32:21.942122+00:00
Contracts Finder,ocds-b5fd17-ef578710-0a53-4095-8743-cc3c4e957fff_fc017c9f-0e8c-4966-94aa-b56bf6b6b2db-916178,Arboricultural services - Tree planting and post planting maintenance,"OVERVIEW OF TPEO WORKS in Islington
3-year planting and maintenance commitment for the sites a listed in the files. 
Please provide a SOR and final total cost for all works as detailed.
Planting to conclude before March and during this planting season, with watering to take place immediately after planting as required. 
To help determine the award a proportionate social value offer will be expected as part of the final award process. It does not need to be submitted in full here, and it will",London Borough Of Islington,,,GBP,2026-10-01,2026-09-23,award,complete,50000000,https://www.contractsfinder.service.gov.uk/Notice/fc017c9f-0e8c-4966-94aa-b56bf6b6b2db-916178,2026-10-02T13:32:21.942229+00:00
Contracts Finder,ocds-b5fd17-3aef7044-2ef7-4982-988a-cf56f937640b_f0cd573a-10bc-4150-88db-9a0aa84d5fd2-916177,Arboricultural services - Tree planting and post planting maintenance,"OVERVIEW OF TPEO WORKS in Islington
3-year planting and maintenance commitment for the sites a listed in the files. 
Please provide a SOR and final total cost for all works as detailed.
Planting to conclude before March and during this planting season, with watering to take place immediately after planting as required. 
To help determine the award a proportionate social value offer will be expected as part of the final award process. It does not need to be submitted in full here, and it will",London Borough Of Islington,,,GBP,2026-10-01,2026-09-23,award,complete,50000000,https://www.contractsfinder.service.gov.uk/Notice/f0cd573a-10bc-4150-88db-9a0aa84d5fd2-916177,2026-10-02T13:32:21.942334+00:00
Contracts Finder,ocds-b5fd17-906492dc-0b42-4e8c-9879-ef5f0a3fbcdc_0d2e63a2-b984-44e9-b864-812399b61e81-916176,DHSC: MSK HUBS,Legal advice for potentially creating a subsidy scheme,Department of Health and Social Care,,20000.0,GBP,2026-10-01,2026-08-18,award,complete,79100000,https://www.contractsfinder.service.gov.uk/Notice/0d2e63a2-b984-44e9-b864-812399b61e81-916176,2026-10-02T13:32:21.942445+00:00
Contracts Finder,ocds-b5fd17-191f0de7-030b-469a-a8c6-7855952b9270_02f733a5-6ce2-4875-ba26-f294518bc9d5-916175,ID: 37356 - KEYHAM LODGE SCHOOL,"This contract is for the provision of transport services - journey stated in the title of this notice. It has been awarded following a Mini Competition under Council's Dynamic Purchasing System (DPS) PAN3059 - Passenger Transport Services.

To find out more about this DPS and how to provide taxi services to the Council, please see Taxi firms tendering for contracts (leicester.gov.uk)",Leicester City Council,,23517.0,GBP,2026-10-01,2026-10-01,award,complete,60120000,https://www.contractsfinder.service.gov.uk/Notice/02f733a5-6ce2-4875-ba26-f294518bc9d5-916175,2026-10-02T13:32:21.942555+00:00
Contracts Finder,ocds-b5fd17-eb2714aa-ab0e-499d-8d1e-0085ac5e519b_78975d5d-bada-4996-b88b-1b396a7e79ab-916174,Transcription tool for Childrens services,"Magic Notes is a specialist AI powered transcription and summarisation platform for frontline 
workers.",Milton Keynes Council,,87500.0,GBP,2026-10-01,2026-09-29,award,complete,48218000,https://www.contractsfinder.service.gov.uk/Notice/78975d5d-bada-4996-b88b-1b396a7e79ab-916174,2026-10-02T13:32:21.942679+00:00
Contracts Finder,ocds-b5fd17-bedba8e4-77b1-47c6-8f69-026c5dc746c2_820cfae0-f23a-474d-b750-602dec49ed47-916173,ITT For Project 10189590,ITT For Project 10189590,Innovate UK,,2000.0,GBP,2026-10-01,2026-03-31,award,complete,79421100,https://www.contractsfinder.service.gov.uk/Notice/820cfae0-f23a-474d-b750-602dec49ed47-916173,2026-10-02T13:32:21.942795+00:00
Contracts Finder,ocds-b5fd17-55461758-2294-46d2-892a-5ccca4d2b89b_57fe9bcd-d9dd-4238-a256-28e1d892751b-916171,SE1232 - Activity Check-In Quantitative Survey Services,Awarded contract for SE1232 - Activity Check-In Quantitative Survey Services,Sport England,,300000.0,GBP,2026-10-01,2026-02-13,award,complete,73110000,https://www.contractsfinder.service.gov.uk/Notice/57fe9bcd-d9dd-4238-a256-28e1d892751b-916171,2026-10-02T13:32:21.942909+00:00
Contracts Finder,ocds-b5fd17-b09fdf45-800d-4f98-b1ad-82687ce146c3_afaeb174-0015-4426-abcb-a3133c4cfd46-916170,ACORN GEODEMOGRAPHICS TOOL,ACORN GEODEMOGRAPHICS TOOL,Wirral Borough Council,,77217.0,GBP,2026-10-01,2026-09-25,tender,active,72000000,https://www.contractsfinder.service.gov.uk/Notice/afaeb174-0015-4426-abcb-a3133c4cfd46,2026-10-02T13:32:21.943023+00:00
Contracts Finder,ocds-b5fd17-a7a3cf1b-0126-465c-89b8-b6d7a9c62552_61a08512-fd3b-4c0e-b728-cee723e424cb-916167,LBH21061 - Greener Homes Initiative 26/27 - Phase 6,LBH21061 - Greener Homes Initiative 26/27 - Phase 6,London Borough of Hillingdon,,513548.4,GBP,2026-10-01,2026-06-21,award,complete,45000000,https://www.contractsfinder.service.gov.uk/Notice/61a08512-fd3b-4c0e-b728-cee723e424cb-916167,2026-10-02T13:32:21.943133+00:00
Contracts Finder,ocds-b5fd17-5542f47a-8eb2-4240-bcd4-57b6ea24598a_803b6501-7899-4a54-ab8a-cc829e11df50-916169,HAR6173: Health & Housing IT System Replacement,The service is looking to renew and expand its Selective Licensing scheme in October 2026. The current scheme covers 3 wards within the borough; the new scheme aims to go borough wide aiming to cover 90% of the borough,Tower Hamlets,153000.0,200000.0,GBP,2026-10-01,2026-05-15,award,complete,72000000,https://www.contractsfinder.service.gov.uk/Notice/803b6501-7899-4a54-ab8a-cc829e11df50-916169,2026-10-02T13:32:21.943247+00:00
Contracts Finder,ocds-b5fd17-cb235874-f128-4b96-815c-a85d639976e4_9b56a2ee-090d-420d-ac80-b329a246d27b-916168,Pensions Reform Readiness Survey,"This requirement is to commission external research services to design and deliver a Pension Reform Readiness Survey, assessing how prepared DB and DC occupational pension schemes are for forthcoming reforms under the Pensions Act 2026.",The Pensions Regulator,71340.0,81690.0,GBP,2026-10-01,2026-08-25,award,complete,79315000,https://www.contractsfinder.service.gov.uk/Notice/9b56a2ee-090d-420d-ac80-b329a246d27b-916168,2026-10-02T13:32:21.943365+00:00
Contracts Finder,ocds-b5fd17-6cef6805-e5e5-4400-a1c3-98b316837b67_5fbab312-11e1-4a48-a41a-40f9ae0da7c8-916162,Employers Applicant Background Screening,"Employers Applicant Background Screening software for Somerset Council.
Call off from CCS GCloud 14 RM1557.14",SOMERSET COUNCIL,,140000.0,GBP,2026-10-01,2026-09-30,award,complete,48000000,https://www.contractsfinder.service.gov.uk/Notice/5fbab312-11e1-4a48-a41a-40f9ae0da7c8-916162,2026-10-02T13:32:21.943477+00:00
Contracts Finder,ocds-b5fd17-8b85db1b-3672-45ac-9f46-6a748400897f_c88f232c-956a-4b22-a98b-d5d8a70e1a59-916166,QLT334 2026-09-30 (0900) Beccles - Include Lowestoft (4 seats and a PA) - AWARD,"Suffolk County Council is seeking a mini competition against the following Dynamic Purchasing System: `The supply of Passenger Transport Services`, OJEU Notice Id: 2018/S 031-067685.
      
      QLT334 2026-09-30 (0900) Beccles - Include Lowestoft (4 seats and a PA)
      
      Further details can be found in the 'Tenders / My Tenders' area of this website, by selecting the 'View Details' button for this project.
      
      The deadline for returned submissions is 0900 on 30/09/2026. P",Suffolk County Council Passenger Transport,,,GBP,2026-10-01,2026-09-30,award,complete,60000000,https://www.contractsfinder.service.gov.uk/Notice/c88f232c-956a-4b22-a98b-d5d8a70e1a59-916166,2026-10-02T13:32:21.943595+00:00
Contracts Finder,ocds-b5fd17-f31f1d03-0d8a-41d3-80b4-e093f9654e12_ebcf109a-1d97-48b2-8593-ac21c167a5fe-916145,St Marks - Dental Practice - Main Works,"This is a contract award is for the appointment of a contractor to carry out the refurbishment works required to change the use of the University's St Marks building into a Dental practice. This project is being delivered under the Lincolnshire Institute of Dental and Oral Health (LIDOH) initiaive.

The contractor appointment was made via the SCAPE Built Environment Framework, Lot 4. The programme of works is c. 7 months.",University of Lincoln,,2080000.0,GBP,2026-10-01,2026-07-01,award,complete,45453100,https://www.contractsfinder.service.gov.uk/Notice/ebcf109a-1d97-48b2-8593-ac21c167a5fe-916145,2026-10-02T13:32:21.943712+00:00
Contracts Finder,ocds-b5fd17-093973c4-7c79-49e4-bd5d-483a1146ebf5_a349e126-31c0-48f7-83c8-059f45a2545c-916164,LBH21060 - Greener Homes Initiative 26/27 - Phase 5,LBH21060 - Greener Homes Initiative 26/27  - Phase 5,London Borough of Hillingdon,,527874.25,GBP,2026-10-01,2026-06-17,award,complete,45000000,https://www.contractsfinder.service.gov.uk/Notice/a349e126-31c0-48f7-83c8-059f45a2545c-916164,2026-10-02T13:32:21.943824+00:00
Contracts Finder,ocds-b5fd17-6524ef84-2cd4-409c-8c86-859acda41c32_fa3e3e23-8d47-4bd3-b06e-8dec0cdaac2a-916115,DSA - Specialist PPE for Fire Fighters,This contract will cover the supply only of Fire Fighting PPE for the Fire & Rescue team at Doncaster Sheffield Airport.,Doncaster Metropolitan Borough Council,,,GBP,2026-10-01,2026-07-02,award,complete,35111000,https://www.contractsfinder.service.gov.uk/Notice/fa3e3e23-8d47-4bd3-b06e-8dec0cdaac2a-916115,2026-10-02T13:32:21.943930+00:00
Contracts Finder,ocds-b5fd17-a27c7014-b4be-433c-be30-d4cc3047792a_a105df7b-39a1-41c5-8504-7a47ab4fab1f-916161,Tarmac Call Offs,Call off orders for period 1st July 2026 to 30th September 2026 on SCC framework IA2934,Staffordshire County Council,,6500000.0,GBP,2026-10-01,2022-12-22,award,complete,14213200,https://www.contractsfinder.service.gov.uk/Notice/a105df7b-39a1-41c5-8504-7a47ab4fab1f-916161,2026-10-02T13:32:21.944040+00:00
Contracts Finder,ocds-b5fd17-117f65df-fb1c-4e14-9e9d-de468822f483_d55cfe85-5392-42f1-a682-77f8dcc13178-916160,SECAmb - Decommissioned IT Devices and Equipment Call-Off,"For the provision of collection of decommissioned IT devices and IT Equipment

Additional information: 
Awarded Contract for 12 months",South East Coast Ambulance Service NHS Foundation Trust,20000.0,22000.0,GBP,2026-10-01,2026-07-01,award,complete,98391000,https://www.contractsfinder.service.gov.uk/Notice/d55cfe85-5392-42f1-a682-77f8dcc13178-916160,2026-10-02T13:32:21.944152+00:00
Contracts Finder,ocds-b5fd17-10972613-8329-4975-b508-39f6e3a11abc_9fc13b10-648f-4209-ab7c-575be6fc76ab-916157,LBH21059 - Greener Homes Initiative26/27 - Phase 4,LBH21059 - Greener Homes Initiative 26/27 - Phase 4,London Borough of Hillingdon,,541535.28,GBP,2026-10-01,2026-06-17,award,complete,45000000,https://www.contractsfinder.service.gov.uk/Notice/9fc13b10-648f-4209-ab7c-575be6fc76ab-916157,2026-10-02T13:32:21.944260+00:00
Contracts Finder,ocds-b5fd17-ded57999-0f8d-4844-97c6-2a86964d01f7_ae248198-b286-42ac-bf0d-02af498cdc7b-916156,Maintained Schools Web Filtering Solution via the NHSSBS DWS2,"The Council requires the provision of a cloud-based web filtering solution to enable the ICT team to continue to provide web filtering to the maintained school estate which is transitioning from the existing outdated solution. It is crucial that this solution is streamlined to provide a single solution, and therefore needs to align with existing infrastructure in school settings which have already transitioned. Therefore a direct call-off via the NHS SBS DWS2 framework has been identified as the",Durham County Council,,,GBP,2026-10-01,2026-09-01,award,complete,72000000,https://www.contractsfinder.service.gov.uk/Notice/ae248198-b286-42ac-bf0d-02af498cdc7b-916156,2026-10-02T13:32:21.944367+00:00
Contracts Finder,ocds-b5fd17-e2ae6623-0dc1-4f36-bdf3-5cc8f4b9dac9_e60c579f-a468-43a7-aee1-531eddd6da46-916159,Network Switching Refresh,Replacement of the Trust's network switching infrastructure,SUSSEX PARTNERSHIP NHS FOUNDATION TRUST,,833331.82,GBP,2026-10-01,2026-09-21,award,complete,32424000,https://www.contractsfinder.service.gov.uk/Notice/e60c579f-a468-43a7-aee1-531eddd6da46-916159,2026-10-02T13:32:21.944477+00:00
Contracts Finder,ocds-b5fd17-bb69f7ce-8710-4230-b5a8-e531c9f78d85_c71cd7f7-d4f3-4639-b0a2-0ca3bc7ae515-916158,Rezum Generator and Delivery Device Consumables,"Bradford Teaching Hospital NHS Foundation Trust requires the supply of a Water Vapour Generator and device consumables. The kit allows the trust to treat lower urinary tract symptoms more effectively, with an ambulatory and non-invasive alternative to current surgical methods.",Bradford Teaching Hospitals NHS Foundation Trust,,212310.0,GBP,2026-10-01,2026-09-23,award,complete,33100000,https://www.contractsfinder.service.gov.uk/Notice/c71cd7f7-d4f3-4639-b0a2-0ca3bc7ae515-916158,2026-10-02T13:32:21.944598+00:00
Contracts Finder,ocds-b5fd17-124dafd3-81b2-417d-b158-581d22d8f449_65aa5b9e-48b3-4b82-9bba-f89fff0d049d-916150,Call-Off Contract for Access Core+ CCIS & Youth Justice System,Previously awarded. Published here for transparency purposes. Awarded Call-Off Contract issued under the YPO Software Application Solutions Framework agreement 001095 Lot 12 for the provision of Access Core+ CCIS & Youth Justice System.,SUFFOLK COUNTY COUNCIL,,280000.0,GBP,2026-10-01,2026-09-28,award,complete,72000000,https://www.contractsfinder.service.gov.uk/Notice/65aa5b9e-48b3-4b82-9bba-f89fff0d049d-916150,2026-10-02T13:32:21.944719+00:00
Contracts Finder,ocds-b5fd17-37a02f97-bb85-4fd9-b296-62d539473925_4d014d3e-ce44-4399-82b9-0fe13ea4e8d1-916155,DDaT26266 - Data Analytics and Processing Platform,"***Please note this is an award notice, not a call for competition***


Department for Energy Security and Net Zero (DESNZ) had a requirement for the provision of supplying a learning platform.

This procurement is being concluded under the CCS G-Cloud 14 (RM1557.14) framework.",ICS on behalf of DSIT and DESNZ,,118560.0,GBP,2026-10-01,2026-09-07,awardUpdate,complete,48810000,https://www.contractsfinder.service.gov.uk/Notice/4d014d3e-ce44-4399-82b9-0fe13ea4e8d1-916155,2026-10-02T13:32:21.944832+00:00
Contracts Finder,ocds-b5fd17-f551f585-2e93-4842-a4f5-45927196bb23_e813c9d2-6716-4739-8a91-e65337908a40-916153,Monitoring and Evaluation,"The purpose of this work is for the successful Tenderer to develop their understanding of the UKHO work and requirement, develop a fit-for-purpose Monitoring and Evaluation approach, and undertake a first assessment after the end of FY26/27.  The monitoring and evaluation approach should provide a mechanism to assess the impact and benefit of UKHO activities and enable routine performance monitoring to inform future prioritisation of activities.",UK HYDROGRAPHIC OFFICE,,118018.0,GBP,2026-10-01,2026-09-11,award,complete,79419000,https://www.contractsfinder.service.gov.uk/Notice/e813c9d2-6716-4739-8a91-e65337908a40-916153,2026-10-02T13:32:21.944946+00:00
Contracts Finder,ocds-b5fd17-7f066584-2225-4136-b37f-2d05e4ed113b_d722b490-6936-44d7-99ac-6983b892468a-916152,HPFT - Zivver Secure Communications,Hertfordshire Partnership Foundation NHS Trust award for Provision of Zivver secure communications via G-Cloud 14 RM1557.14 Framework.,Hertfordshire Partnership Foundation NHS Trust,80000.0,82000.0,GBP,2026-10-01,2026-06-01,award,complete,48517000,https://www.contractsfinder.service.gov.uk/Notice/d722b490-6936-44d7-99ac-6983b892468a-916152,2026-10-02T13:32:21.945056+00:00
Contracts Finder,ocds-b5fd17-e7c534df-b53d-400d-83d8-6acc5466dcf0_518af56c-9ff6-4436-bc6d-954d6a7028bf-916149,Shields for Response,Purchase of 408 SH020 Standard Round Transparent Polycarbonate riot shields 660mm DIA 4MM thick plus carriage and packaging. Direct award has taken place under the YPO 001204 Framework agreement,Sussex Police,,37638.83,GBP,2026-10-01,2026-07-31,award,complete,35811200,https://www.contractsfinder.service.gov.uk/Notice/518af56c-9ff6-4436-bc6d-954d6a7028bf-916149,2026-10-02T13:32:21.945165+00:00
Contracts Finder,ocds-b5fd17-c1f0ef50-4e32-4f82-87bf-1d6902fbd344_25f22e19-54c3-460c-a63a-125e3d97654e-916151,715948485 Alexander Barracks Demolitions Work Package,Notification of contract award for Demolition Works Package at Alexander Barracks.,Ministry of Defence,,988338.0,GBP,2026-10-01,2026-09-16,award,complete,45111000,https://www.contractsfinder.service.gov.uk/Notice/25f22e19-54c3-460c-a63a-125e3d97654e-916151,2026-10-02T13:32:21.945273+00:00
Contracts Finder,ocds-b5fd17-9051a930-e877-4fe1-a495-4bff49b27201_3f05aa1e-7282-4990-bc92-c9d627501776-916147,ITT For Project 10185277,ITT For Project 10185277,Innovate UK,,3765.0,GBP,2026-10-01,2026-04-27,award,complete,79421100,https://www.contractsfinder.service.gov.uk/Notice/3f05aa1e-7282-4990-bc92-c9d627501776-916147,2026-10-02T13:32:21.945381+00:00
Contracts Finder,ocds-b5fd17-ba515957-9d7f-43b0-951d-83f3c912fcae_dfd7e71b-ff44-490e-9324-66784a1a832a-916148,Money and Pensions Service - Workforce Solutions,"The Money & Pensions Service (MaPS) Pensions Dashboard has an ongoing requirement for contingent labour and services to undertake professional services for the organisation.
 
To that end, MaPS Pensions Dashboard has contracted with Alexander Mann Solutions Limited (AMS) via the Crown Commercial Service Workforce Solutions framework (RM6288).",Money and Pensions Service,,5000000.0,GBP,2026-10-01,2025-01-30,awardUpdate,complete,79620000,https://www.contractsfinder.service.gov.uk/Notice/dfd7e71b-ff44-490e-9324-66784a1a832a-916148,2026-10-02T13:32:21.945490+00:00
Contracts Finder,ocds-b5fd17-0c4da6e5-6c72-40f2-ab70-5fcdef828be0_7da92976-5795-418e-9e17-046ccd4cc1ff-916144,ITT For Project 10188489,ITT For Project 10188489,Innovate UK,,3272.0,GBP,2026-10-01,2026-04-27,award,complete,79421100,https://www.contractsfinder.service.gov.uk/Notice/7da92976-5795-418e-9e17-046ccd4cc1ff-916144,2026-10-02T13:32:21.945606+00:00
Contracts Finder,ocds-b5fd17-04856a60-856a-4e99-8e35-abad5b41950e_b0c43e41-3a4f-4b8b-b21b-b9ccec4a1b1b-916142,PDF Framrwork - SDF - Rapid Response - Tranche 1,PDF Framrwork - SDF - Rapid Response - Tranche 1,National Highways Limited,,2276094.55,GBP,2026-10-01,2026-09-01,award,complete,45233210,https://www.contractsfinder.service.gov.uk/Notice/b0c43e41-3a4f-4b8b-b21b-b9ccec4a1b1b-916142,2026-10-02T13:32:21.945719+00:00
Contracts Finder,ocds-b5fd17-a254298c-5c93-455b-b589-4e3ffafd84ab_7796a7b6-b638-4627-a7aa-0a499d15c0b6-916141,"ITT For Projects 10184139, 10184240, and 10183696","ITT For Projects 10184139, 10184240, and 10183696",Innovate UK,,9203.0,GBP,2026-10-01,2026-04-27,award,complete,79421100,https://www.contractsfinder.service.gov.uk/Notice/7796a7b6-b638-4627-a7aa-0a499d15c0b6-916141,2026-10-02T13:32:21.945828+00:00
Contracts Finder,ocds-b5fd17-aa8836d9-6c71-4e1e-92ea-83383a5c8766_ba6e303b-8a3d-40fb-891b-be9ad223afcd-916140,"QIP468 0900 2026-09-30 Bawdsey - Piper's vale academy, Ipswich (4-seated vehicle and a PA required) - AWARD","Suffolk County Council is seeking a mini competition against the following Dynamic Purchasing System: `The supply of Passenger Transport Services`, OJEU Notice Id: 2018/S 031-067685.
      
      QIP468 0900 2026-09-30 Bawdsey - Piper's vale academy, Ipswich (4-seated vehicle and a PA required)
      
      Further details can be found in the 'Tenders / My Tenders' area of this website, by selecting the 'View Details' button for this project.
      
      The deadline for returned submissi",Suffolk County Council Passenger Transport,,,GBP,2026-10-01,2026-09-30,award,complete,60000000,https://www.contractsfinder.service.gov.uk/Notice/ba6e303b-8a3d-40fb-891b-be9ad223afcd-916140,2026-10-02T13:32:21.945934+00:00
Contracts Finder,ocds-b5fd17-05b12c6b-2f71-48f8-abb8-118d9e98f2cc_83e268ae-2629-4800-8e88-a716e4b8a678-916139,Provision of a System for Homes for Ukraine,Provision of a Homes for Ukraine System - A system supporting the administration and management of the Homes for Ukraine programme. The arrangement is between local authorities and enables the continued delivery of statutory and operational responsibilities relating to the Homes for Ukraine scheme.,Lincolnshire County Council,,,GBP,2026-10-01,2026-05-17,award,complete,48611000,https://www.contractsfinder.service.gov.uk/Notice/83e268ae-2629-4800-8e88-a716e4b8a678-916139,2026-10-02T13:32:21.946041+00:00
Contracts Finder,ocds-b5fd17-bf71d8fb-b621-4c26-a74c-7fb6312d0301_605f443d-61c5-45c4-8758-9feb113159d1-916138,PDF Framework - Area 4 Rapid Response,PDF Framework - Area 4 Rapid Response,National Highways Limited,,171023.4,GBP,2026-10-01,2026-08-28,award,complete,45233210,https://www.contractsfinder.service.gov.uk/Notice/605f443d-61c5-45c4-8758-9feb113159d1-916138,2026-10-02T13:32:21.946151+00:00
Contracts Finder,ocds-b5fd17-d927b2c3-d49e-46c2-b7c1-cf7bd806546d_9c7018ae-8995-4659-be67-f4c64fcab361-916136,ITT For Project 10185243,ITT For Project 10185243,Innovate UK,,3400.0,GBP,2026-10-01,2026-04-27,award,complete,79421100,https://www.contractsfinder.service.gov.uk/Notice/9c7018ae-8995-4659-be67-f4c64fcab361-916136,2026-10-02T13:32:21.946261+00:00
Contracts Finder,ocds-b5fd17-c66f7596-a125-4fb4-815d-dae621cfdf52_29553238-4083-4883-8401-83ab4610f18b-914796,"CPU 8307 - Server Hardware, Networking Modules and IBM/Brocade FC Port Licences","Nottingham City Council has awarded a call-off contract under Crown Commercial Service Framework RM6098 - Technology Products & Associated Services 2, Lot 1, following a further competition.

The contract is for the supply of 22 server systems to support the Council's on-premise Microsoft Hyper-V environment, together with associated server connectivity components, Cisco-compatible optical networking modules and IBM/Brocade 64Gb Fibre Channel port licences and transceivers.

The contract als",NOTTINGHAM CITY COUNCIL,,1475627.0,GBP,2026-10-01,2026-07-13,award,complete,48820000,https://www.contractsfinder.service.gov.uk/Notice/29553238-4083-4883-8401-83ab4610f18b-914796,2026-10-02T13:32:21.946370+00:00
Contracts Finder,ocds-b5fd17-bd84a4ff-3590-4536-90aa-9a9607ac4723_bf4dc302-d9bc-4942-9706-c246b1ee8837-916135,ITT For Project 10184956 and 10188036,ITT For Project 10184956 and 10188036,Innovate UK,,6350.0,GBP,2026-10-01,2026-04-27,award,complete,79421100,https://www.contractsfinder.service.gov.uk/Notice/bf4dc302-d9bc-4942-9706-c246b1ee8837-916135,2026-10-02T13:32:21.946479+00:00
Contracts Finder,ocds-b5fd17-29d2cb80-895b-42c4-b0d3-f4dec0b2a5e3_8f104c1d-f40c-4d4f-aa5a-2a5b3a678ff8-916133,ITT For Project 10185824,ITT For Project 10185824,Innovate UK,,3075.0,GBP,2026-10-01,2026-04-27,award,complete,79421100,https://www.contractsfinder.service.gov.uk/Notice/8f104c1d-f40c-4d4f-aa5a-2a5b3a678ff8-916133,2026-10-02T13:32:21.946596+00:00
Contracts Finder,ocds-b5fd17-7f717d6f-6f98-41bb-a334-fc9e74a95da9_18b1d9a9-ba32-4cac-bc6d-ec1cee1d0801-916132,Brindley Delivery Partner,Support and maintenance and additional work for ERP system.,BIRMINGHAM CITY COUNCIL,8042174.16,13475606.5,GBP,2026-10-01,2025-10-01,award,complete,72000000,https://www.contractsfinder.service.gov.uk/Notice/18b1d9a9-ba32-4cac-bc6d-ec1cee1d0801-916132,2026-10-02T13:32:21.946714+00:00
Contracts Finder,ocds-b5fd17-a4f0d513-850c-40fe-9554-c770c8f4f9a2_0fc6e1ba-7966-4c68-808f-47fb0931e989-916134,Contract for Provision of Occupational Health Services,"RBC Contract for Provision of Occupational Health Services under Lot 1 of ESPO 985B_23 \r
Occupational Health Services Framework Agreement",Redditch Borough Council,,,GBP,2026-10-01,2026-06-30,award,complete,85100000,https://www.contractsfinder.service.gov.uk/Notice/0fc6e1ba-7966-4c68-808f-47fb0931e989-916134,2026-10-02T13:32:21.946823+00:00
Contracts Finder,ocds-b5fd17-a71c5381-a083-4121-b705-e5ba004c86e3_6368b473-8cc4-4c32-8ff8-beaabbd1a612-916129,ITT For Project 10188000,ITT For Project 10188000,Innovate UK,,2650.0,GBP,2026-10-01,2026-04-27,award,complete,79421100,https://www.contractsfinder.service.gov.uk/Notice/6368b473-8cc4-4c32-8ff8-beaabbd1a612-916129,2026-10-02T13:32:21.946932+00:00
Contracts Finder,ocds-b5fd17-9ddf5990-8b40-4ca7-9426-126284c563f5_62434f6b-12b1-454b-ac54-abe8a9872296-916130,NEPRO 3 Local Government Reorganisation Support (LGR),NEPRO 3 Local Government Reorganisation Support (LGR),Lancashire County Council,,157500.0,GBP,2026-10-01,2026-08-14,award,complete,79400000,https://www.contractsfinder.service.gov.uk/Notice/62434f6b-12b1-454b-ac54-abe8a9872296-916130,2026-10-02T13:32:21.947041+00:00
Contracts Finder,ocds-b5fd17-8883570a-6b13-4524-b43b-7e6b662e0f2c_2dc32a7a-aec9-459e-bf26-365c56456635-916131,HULL CITY COUNCIL- Door Access Control Improvements 2024  (Various Sites),"The Client Kingston upon Hull City Council is in the process of standardising and improving its Building Access Control systems across its property assets. This contract is for the replacement of remaining ""Tyco C-Cure"" systems and Paxton Switch 2 systems (non-networked) across Eighteen sites, to Paxton Net 2 systems, thus allowing for a standard internal network-based system to coincide with the Councils security protocols. It is expected that much of the existing C-Cure system wiring (where ap",Hull City Council,130000.0,155000.0,GBP,2026-10-01,2025-06-23,award,complete,45000000,https://www.contractsfinder.service.gov.uk/Notice/2dc32a7a-aec9-459e-bf26-365c56456635-916131,2026-10-02T13:32:21.947157+00:00
Contracts Finder,ocds-b5fd17-42db9561-0f15-47e3-8617-b0032075deaf_5d94eb04-4b64-45cf-a760-32b2666d7539-916127,ITT For Project 10187635 and 10182887,ITT For Project 10187635 and 10182887,Innovate UK,,5440.0,GBP,2026-10-01,2026-04-27,award,complete,79421100,https://www.contractsfinder.service.gov.uk/Notice/5d94eb04-4b64-45cf-a760-32b2666d7539-916127,2026-10-02T13:32:21.947266+00:00
Contracts Finder,ocds-b5fd17-36f485d3-87af-4e8f-8556-bce09008422b_4f218b6a-881f-4dc4-b70f-e79e52fa0418-916128,St Thomas' Hospital Energy Project Commercial Support,"The Trust requires commercial and financial advisory support from 1st November 2025 to 31st October 2026  to support them through the project development, negotiations, and signature of the other relevant agreements to achieve full financial close on the St Thomas' project.",Guy's and St Thomas' NHS Foundation Trust,,60000.0,GBP,2026-10-01,2025-10-30,award,complete,79100000,https://www.contractsfinder.service.gov.uk/Notice/4f218b6a-881f-4dc4-b70f-e79e52fa0418-916128,2026-10-02T13:32:21.947375+00:00
Contracts Finder,ocds-b5fd17-0baa6ff5-67f5-493c-8dd8-1dfaf6d7f039_8fc92c97-a993-4dad-9eba-137508d9d007-916013,Provision of Services for AMS-HOPS and Part 11,"West Midlands Combined Authority (WMCA), would like to establish a contract for a Host Operator Processing System that is capable of exchanging data alongside the existing ticketing system architecture. As well as the HOPS element of the system, WMCA would like to incorporate the Part 11 to ensure the delivery of smart ticketing that is complaint with ITSO requirements.",WEST MIDLANDS COMBINED AUTHORITY,,,GBP,2026-10-01,2026-01-29,award,complete,72200000,https://www.contractsfinder.service.gov.uk/Notice/8fc92c97-a993-4dad-9eba-137508d9d007-916013,2026-10-02T13:32:21.947480+00:00
Contracts Finder,ocds-b5fd17-b3d706d8-7a4a-4f1e-9149-2a73f6ac7bbe_1e89e517-67ba-4f53-8469-2de19b90e699-916124,ITT For Project 10184434 and 10184546,ITT For Project 10184434 and 10184546,Innovate UK,,4631.0,GBP,2026-10-01,2026-04-27,award,complete,79421100,https://www.contractsfinder.service.gov.uk/Notice/1e89e517-67ba-4f53-8469-2de19b90e699-916124,2026-10-02T13:32:21.947598+00:00
Contracts Finder,ocds-b5fd17-e054bff1-b49c-4f0d-ba87-a2fa764d59df_ef1db8a1-2fb9-4b0c-b3ce-2b0f42b93f89-916125,37348 - PINDAR NURSERY,"This contract is for the provision of transport services - journey stated in the title of this notice. It has been awarded following a Mini Competition under Council's Dynamic Purchasing System (DPS) PAN3059 - Passenger Transport Services.

 

To find out more about this DPS and how to provide taxi services to the Council, please see Taxi firms tendering for contracts (leicester.gov.uk)

Additional information: 
AT THE POINT OF AWARD, WE ARE NO LONGER SEEKING TENDERS",Leicester City Council,,30654.0,GBP,2026-10-01,2026-10-01,award,complete,60120000,https://www.contractsfinder.service.gov.uk/Notice/ef1db8a1-2fb9-4b0c-b3ce-2b0f42b93f89-916125,2026-10-02T13:32:21.947711+00:00
Contracts Finder,ocds-b5fd17-2c0b7242-799e-444a-927d-e33f9671e95b_1493179c-b4a5-4e66-9551-2a0c958d06db-916123,37351 - HOMEFIELD COLLEGE,"This contract is for the provision of transport services - journey stated in the title of this notice. It has been awarded following a Mini Competition under Council's Dynamic Purchasing System (DPS) PAN3059 - Passenger Transport Services.

 

To find out more about this DPS and how to provide taxi services to the Council, please see Taxi firms tendering for contracts (leicester.gov.uk)

Additional information: 
At the point of award, we are no longer seeking tenders",Leicester City Council,,51714.0,GBP,2026-10-01,2026-10-01,award,complete,60120000,https://www.contractsfinder.service.gov.uk/Notice/1493179c-b4a5-4e66-9551-2a0c958d06db-916123,2026-10-02T13:32:21.947821+00:00
Contracts Finder,ocds-b5fd17-792d66ff-3be7-459f-bf65-9b7960f484df_ce0c61de-f730-4efe-84fe-49db2aad47d8-916121,WHHT - Cyber Assurance,West Hertfordshire Teaching Hospital NHS Trust award for Cyber Trust plc 3 years Cyber Security Assurance through Hunter Health via ESPO 664_225 Consultancy Services Framework.,West Hertfordshire Teaching Hospital NHS Trust,620000.0,626000.0,GBP,2026-10-01,2026-03-02,award,complete,48730000,https://www.contractsfinder.service.gov.uk/Notice/ce0c61de-f730-4efe-84fe-49db2aad47d8-916121,2026-10-02T13:32:21.947971+00:00
Contracts Finder,ocds-b5fd17-33c0f3b2-96c5-41b3-9631-7921aa70348c_b0732417-2bdf-4290-a952-f50e86a71969-916119,ITT For Project 10184147,ITT For Project 10184147,Innovate UK,,12435.0,GBP,2026-10-01,2026-05-01,award,complete,79421100,https://www.contractsfinder.service.gov.uk/Notice/b0732417-2bdf-4290-a952-f50e86a71969-916119,2026-10-02T13:32:21.948080+00:00
Contracts Finder,ocds-b5fd17-e069e9c0-f569-4d01-b215-2df11bd03b37_6b5c21b2-b019-4ac6-9681-bafc5ccfb3c2-916120,"Finance, HR and Corporate Systems Discovery",Awarded,London Borough of Sutton,,50000.0,GBP,2026-10-01,2026-10-01,tender,active,72221000,https://www.contractsfinder.service.gov.uk/Notice/6b5c21b2-b019-4ac6-9681-bafc5ccfb3c2,2026-10-02T13:32:21.948192+00:00
Contracts Finder,ocds-b5fd17-1ab01b97-5c29-418d-b945-61a63e74ea5c_82916800-7901-4b72-bdd1-77ecab328436-916117,East - FRAM lot 9c - Client Support Services - AtkinsRéalis UK,East - FRAM lot 9c - Client Support Services - Competitive Tender,Environment Agency,,107794.5,GBP,2026-10-01,2026-06-04,award,complete,72224000,https://www.contractsfinder.service.gov.uk/Notice/82916800-7901-4b72-bdd1-77ecab328436-916117,2026-10-02T13:32:21.948301+00:00
Contracts Finder,ocds-b5fd17-33e38a31-b22d-4d47-8628-aafe29975884_f99711e1-8214-41f1-a258-9c349f85032e-916118,Cambridgeshire County Council Microsoft EA Agreement,"Cambridgeshire County Council (The Authority) is coming to the end of its current Enterprise subscription agreement and is looking to procure a new Microsoft agreement via tender process.

The Authority is seeking the provision of a Microsoft Enterprise Agreement for a period of 3 years from 1st of October 2026. This contract is for 3 years (36 months).

The Provider must provide scoping and assistance to build a compliant, value for money CPS ahead of the October deadline and work as a serv",Cambridgeshire County Council,,4800000.0,GBP,2026-10-01,2026-07-31,award,complete,48000000,https://www.contractsfinder.service.gov.uk/Notice/f99711e1-8214-41f1-a258-9c349f85032e-916118,2026-10-02T13:32:21.948413+00:00
Contracts Finder,ocds-b5fd17-e291314d-4c97-4bed-a482-5c5c85282a26_d8b09b9a-974a-4148-ab0d-774870799df4-916114,ITT For Project 107566,ITT For Project 107566,Innovate UK,,1400.0,GBP,2026-10-01,2026-03-19,award,complete,79421100,https://www.contractsfinder.service.gov.uk/Notice/d8b09b9a-974a-4148-ab0d-774870799df4-916114,2026-10-02T13:32:21.948560+00:00
Contracts Finder,ocds-b5fd17-f8acf8f1-d676-4ece-a58e-e60dea73a5c5_2dce3cbe-7629-4273-8e17-8ed59447be30-916113,The Provision of an Energy Portfolio Management System,"Within the GCA Energy Category, we operate a managed service on behalf of the public sector, aggregating their energy demand and purchasing on the wholesale market under a number of risk strategies.

In order to support these activities, we require a cloud-based energy portfolio management solution, suitable for managing the GCA Energy portfolio frameworks, which includes;
c.1,200 customers, 
c.108,000 power / gas meters, 
c. 80,000 sites 

There is currently no system in place to meet th",Government Commercial Agency,1950000.0,1950001.0,GBP,2026-10-01,,planning,planned,71314000,https://www.contractsfinder.service.gov.uk/Notice/2dce3cbe-7629-4273-8e17-8ed59447be30-916113,2026-10-02T13:32:21.948678+00:00
Contracts Finder,ocds-b5fd17-ff27062b-7dc1-40ed-88f9-92a4fa36571a_d19e0bae-fe9a-4200-a51a-ce3d17795be1-916112,East - FRAM lot 9c - Client Support Services - Mott MacDonald,East - FRAM lot 9c - Client Support Services - Competitive Tender,Environment Agency,,519801.6,GBP,2026-10-01,2026-06-04,award,complete,72224000,https://www.contractsfinder.service.gov.uk/Notice/d19e0bae-fe9a-4200-a51a-ce3d17795be1-916112,2026-10-02T13:32:21.948789+00:00
Contracts Finder,ocds-b5fd17-7733be28-4785-4fda-8af5-0f55e749bc3d_69b4ab60-a630-441b-9db3-7e1c546b5252-916111,Taxi and MPV (1-8 seats) Passenger Assistant - Taxi and MPV (1-8 seats) Passenger Assistant,"Vehicle type: 06 Seats required
Passenger Assistant Required:  Yes 
 
Proposed Taxi Route:
From:  BN23 5TL, BN23 6TG
To:   Summerdown Secondary School 

Frequency: Monday to Friday 
Daily School Time: 08:50 - 14:50 
 This opportunity has been distributed on SProc.net",East Sussex County Council,,,GBP,2026-10-01,2026-09-30,award,complete,60000000,https://www.contractsfinder.service.gov.uk/Notice/69b4ab60-a630-441b-9db3-7e1c546b5252-916111,2026-10-02T13:32:21.948898+00:00
Contracts Finder,ocds-b5fd17-073e6594-94f3-4451-8f07-f1ea261cd170_39e32ec4-1f42-4251-8e07-1a4386db3980-916110,GB-Witham: ECFRS00513 - Replacement of Timeserve Ladders,"Supply of 13.5"" Ladders & 10.5"" Ladders

Additional information: Direct Award via Kent and Medway Towns Fire Authority Framework Agreement C20011: Supply and Repair of Ladders. Lot 1 - Repairable Ladders - Rivet Type (Requires no welding)","Essex Police, Fire and Crime Commissioner Fire and Rescue Authority",,80831.65,GBP,2026-10-01,2026-09-30,award,complete,34913700,https://www.contractsfinder.service.gov.uk/Notice/39e32ec4-1f42-4251-8e07-1a4386db3980-916110,2026-10-02T13:32:21.949013+00:00
Contracts Finder,ocds-b5fd17-180a77fe-3a92-493a-aaa2-43e3d7521f13_900c9836-b5b6-47db-ad4c-35347b92402e-916109,East - FRAM lot 9c - Client Support Services - Competitive Tender - T&T,East - FRAM lot 9c - Client Support Services - Competitive Tender,Environment Agency,,316735.05,GBP,2026-10-01,2026-06-04,award,complete,72224000,https://www.contractsfinder.service.gov.uk/Notice/900c9836-b5b6-47db-ad4c-35347b92402e-916109,2026-10-02T13:32:21.949128+00:00
Contracts Finder,ocds-b5fd17-d39215f2-9b6d-4b89-8bdc-c97416c11538_e4370777-b1e1-4017-b636-204bd6c83838-916107,East - FRAM lot 9c - Client Support Services - Competitive Tender - WSP,East - FRAM lot 9c - Client Support Services - Competitive Tender - WSP,Environment Agency,,408770.14,GBP,2026-10-01,2026-06-04,award,complete,72224000,https://www.contractsfinder.service.gov.uk/Notice/e4370777-b1e1-4017-b636-204bd6c83838-916107,2026-10-02T13:32:21.949238+00:00
Contracts Finder,ocds-b5fd17-08803049-7e18-4cc9-936f-66fbbae84b22_cace2350-7283-4cee-875c-7861349b5d63-912948,"Camels Head Fire Station - QS, PM & EA Consultancy","***This is a Contract Award Notice***

The Authority has awarded a call-off contract, via further competition, from the SWPA Consultancy Services Framework. The call-off contract is to provide the following consultancy services for its Camels Head Fire Station new build project. The services include: Quantity Surveyor, Project Management and Employers Agent.",Devon & Somerset Fire & Rescue Service,,41121.0,GBP,2026-10-01,2026-04-15,award,complete,71324000,https://www.contractsfinder.service.gov.uk/Notice/cace2350-7283-4cee-875c-7861349b5d63-912948,2026-10-02T13:32:21.949347+00:00
Contracts Finder,ocds-b5fd17-d989f14b-99c3-47d1-ab34-b30a2b99c4d9_94afad58-decc-418d-b959-fc8fed57e3d9-912942,Camels Head Fire Station - Design Team Consultancy,"***This is a Contract Award Notice***

The Authority has awarded a call-off contract, via further competition, from the Procure Partnerships Professional Services Framework. The call-off contract is to provide the following consultancy services for its Camels Head Fire Station new build project. The services include: Architectural Design, Landscape architecture, Structural engineering, Civil engineering, MEP design, and Principal designer (including Building Safety Act).",Devon & Somerset Fire & Rescue Service,,189682.0,GBP,2026-10-01,2026-04-15,award,complete,71221000,https://www.contractsfinder.service.gov.uk/Notice/94afad58-decc-418d-b959-fc8fed57e3d9-912942,2026-10-02T13:32:21.949456+00:00
Contracts Finder,ocds-b5fd17-744b872a-aa19-44af-8036-cf6f889b2e0e_021b1cb8-cb38-4575-a0ab-64e5cf290819-916106,CALL-OFF: Children's Services Re-Opening of the Open Select List 2025 for all Independent Placement,Provision of support in a Residential Children's Home,Lincolnshire County Council,,,GBP,2026-10-01,2025-11-10,award,complete,85000000,https://www.contractsfinder.service.gov.uk/Notice/021b1cb8-cb38-4575-a0ab-64e5cf290819-916106,2026-10-02T13:32:21.949562+00:00
Contracts Finder,ocds-b5fd17-37baa09c-1905-44d8-8e96-c9f3f360dd36_1f2ab3b8-47a5-47d8-8452-22a8f1546043-916101,Roofing Consultancy Works,"Design, project and financial management services for capital roofing works projects at Central Primary Upper School and Scremerston Primary School.",Northumberland County Council,,53760.0,GBP,2026-10-01,2026-05-28,award,complete,66170000,https://www.contractsfinder.service.gov.uk/Notice/1f2ab3b8-47a5-47d8-8452-22a8f1546043-916101,2026-10-02T13:32:21.949682+00:00
Contracts Finder,ocds-b5fd17-8de92b17-f58d-4d48-b36d-e429eebdddc3_2fb8a658-5c29-4893-948e-cfee4d80b47e-916103,CALL-OFF: Children's Services Re-Opening of the Open Select List 2025 for all Independent Placement,Provision of support in a Residential Children's Home,Lincolnshire County Council,,,GBP,2026-10-01,2025-11-10,award,complete,85000000,https://www.contractsfinder.service.gov.uk/Notice/2fb8a658-5c29-4893-948e-cfee4d80b47e-916103,2026-10-02T13:32:21.949789+00:00
Contracts Finder,ocds-b5fd17-878bbb73-245b-42bc-8491-577624deae23_930b208c-1044-44d6-8b05-579bde4afc68-916100,Hinkley Point B Groundwater Monitoring 2026-2027,Hinkley Point B Groundwater Monitoring 2026-2027,Nuclear Restoration Services Limited,,100000.0,GBP,2026-10-01,2026-09-28,award,complete,71351500,https://www.contractsfinder.service.gov.uk/Notice/930b208c-1044-44d6-8b05-579bde4afc68-916100,2026-10-02T13:32:21.949900+00:00
Contracts Finder,ocds-b5fd17-8ae3e7ba-8472-4dbc-b4cb-1d2b012b0525_1837cd2a-998f-4e23-89d3-b2f2bc999de5-916099,Award of a call off contract under the Prison Education Dynamic Purchasing System for Bricklaying course provision for prisoners at HMP Northumberland,"Award of a call off contract under the Prison Education Dynamic Purchasing System for Bricklaying course provision for prisoners at HMP Northumberland. The specialist supplier will establish and deliver a high-quality Bricklaying programme, enabling prisoners to achieve industry-recognised qualifications up to and including Level 2. The programme shall develop learners&apos; vocational competence, employability, and progression opportunities through the delivery of practical bricklaying skills, ",Ministry of Justice,,147505.0,GBP,2026-10-01,2026-07-27,award,complete,80000000,https://www.contractsfinder.service.gov.uk/Notice/1837cd2a-998f-4e23-89d3-b2f2bc999de5-916099,2026-10-02T13:32:21.950017+00:00
Contracts Finder,ocds-b5fd17-6befeac6-17dd-4bce-b68f-4000aff5db08_4a69bd1f-b436-42b5-adcc-81d7278e38f5-916007,GB-London: EMPLOYEE ENGAGEMENT SURVEY TOOL,EMPLOYEE ENGAGEMENT SURVEY TOOL,BIP SOLUTIONS LIMITED,,37940.0,GBP,2026-10-01,2026-05-13,award,complete,79342311,https://www.contractsfinder.service.gov.uk/Notice/4a69bd1f-b436-42b5-adcc-81d7278e38f5-916007,2026-10-02T13:32:21.950190+00:00
Contracts Finder,ocds-b5fd17-2d6fdde5-8ff0-4d49-ad1d-f83669fd84e5_08eb0b9b-793b-49e5-9232-fdaaf22a2afc-916098,Award of a call off contract under the Prison Education Dynamic Purchasing System for Music course provision for prisoners at HMP Manchester,"Award of a call off contract under the Prison Education Dynamic Purchasing System for Music course provision for prisoners at HMP Manchester. The supplier will deliver two music projects: October/November 2026 (aligned to Black History Month) &  February/March 2027. The projects will focus on Rap and Hip Hop, reflecting the interests of the prison population.",Ministry of Justice,,15000.0,GBP,2026-10-01,2026-08-05,award,complete,80000000,https://www.contractsfinder.service.gov.uk/Notice/08eb0b9b-793b-49e5-9232-fdaaf22a2afc-916098,2026-10-02T13:32:21.950391+00:00
Contracts Finder,ocds-b5fd17-854605b3-18c9-4d55-a77a-6a2a52e05109_0f41fb75-8438-4331-8ad4-8f7ed8f21367-916096,Call off Contract Under Prison Education Dynamic Purchasing System for Forklift Truck Courses for Prisoners at HMP Featherstone,"Call off Contract Under Prison Education Dynamic Purchasing System for Forklift Truck Courses for Prisoners at HMP Featherstone. The supplier to will deliver and facilitate forklift truck training, certification and licence. (RTITB accredited Counterbalance Forklift course) to help with prisoners obtaining employment on release.",Ministry of Justice,,16640.0,GBP,2026-10-01,2026-08-03,award,complete,80000000,https://www.contractsfinder.service.gov.uk/Notice/0f41fb75-8438-4331-8ad4-8f7ed8f21367-916096,2026-10-02T13:32:21.950582+00:00
Contracts Finder,ocds-b5fd17-b52efa2b-a940-4304-a4b2-9b83003e7313_1c2bcadf-423b-4a5e-8f37-8e6a44f6de00-916095,Arboricultural services - Tree works operations,"13680 EST Multi site x 14 to 25.09.26
Ad-hoc maintenance This opportunity has been distributed on adamprocure.co.uk",London Borough Of Islington,,,GBP,2026-10-01,2026-10-09,tender,active,50000000,https://www.contractsfinder.service.gov.uk/Notice/1c2bcadf-423b-4a5e-8f37-8e6a44f6de00,2026-10-02T13:32:21.950795+00:00
Contracts Finder,ocds-b5fd17-00983290-593e-4cc5-a4e0-9faa9e384f31_95e596ab-9aab-4d48-b574-c74fe81141b5-916094,Arboricultural services - Tree works operations,"13660 Manchester Mns
General maintenance  This opportunity has been distributed on adamprocure.co.uk",London Borough Of Islington,,,GBP,2026-10-01,2026-10-09,tender,active,50000000,https://www.contractsfinder.service.gov.uk/Notice/95e596ab-9aab-4d48-b574-c74fe81141b5,2026-10-02T13:32:21.950985+00:00
Contracts Finder,ocds-b5fd17-83af6453-620f-4d6c-b260-20ec076f24b6_8dd803f1-6e2f-4f88-81f2-0babeff79f3f-916093,Provision of Research Specification for Communications and Marketing Campaign,"The purpose of this requirement is to appoint one research Supplier to carry out insight gathering and evaluation of paid-for marketing campaigns run by HMRC over the duration of the agreement, as well as more general research projects to benefit HMRC",Government Commercial Agency,,7225000.0,GBP,2026-10-01,2026-07-03,awardUpdate,complete,73110000,https://www.contractsfinder.service.gov.uk/Notice/8dd803f1-6e2f-4f88-81f2-0babeff79f3f-916093,2026-10-02T13:32:21.951175+00:00
Contracts Finder,ocds-b5fd17-05c67353-9671-4934-bce9-93e55e66a96e_daf70bb7-e9e9-4df7-a233-a53189705798-916092,QEH001 2026-09-30 East Bergholt to East Bergholt Primary School (4-seater and 2/3 car seat) - AWARD,"Suffolk County Council is seeking a mini competition against the following Dynamic Purchasing System: `The supply of Passenger Transport Services`, OJEU Notice Id: 2018/S 031-067685.
      
      QEH001 2026-09-30 East Bergholt to East Bergholt Primary School (4-seater and 2/3 car seat)
      
      Further details can be found in the 'Tenders / My Tenders' area of this website, by selecting the 'View Details' button for this project.
      
      The deadline for returned submissions is 2",Suffolk County Council Passenger Transport,,,GBP,2026-10-01,2026-09-30,award,complete,60000000,https://www.contractsfinder.service.gov.uk/Notice/daf70bb7-e9e9-4df7-a233-a53189705798-916092,2026-10-02T13:32:21.951367+00:00
Contracts Finder,ocds-b5fd17-167bd283-f7cb-43bb-93bb-45180a54739b_5e3c9750-1fbc-414b-8aaf-97ff186e59c1-916091,Vehicle: BMW iX1 Estate,A leased vehicle supplied to employees as part of a salary sacrifice scheme supplied by NORTHUMBRIA HEALTHCARE NHS FOUNDATION TRUST. Call off from ESPO Staff Benefit Framework. 319_23,West Midlands Fire Service,27369.0,27369.09,GBP,2026-10-01,2026-09-28,award,complete,34144900,https://www.contractsfinder.service.gov.uk/Notice/5e3c9750-1fbc-414b-8aaf-97ff186e59c1-916091,2026-10-02T13:32:21.951632+00:00
Contracts Finder,ocds-b5fd17-ddbd10bd-aa9d-42fa-8186-e0d896e4c805_d69825f1-4b85-44a8-989d-6a62a7df1d94-916090,Vehicle: BYD SEAL 230kW Design 83kWh 4dr Auto,A leased vehicle supplied to employees as part of a salary sacrifice scheme supplied by NORTHUMBRIA HEALTHCARE NHS FOUNDATION TRUST. Call off from ESPO Staff Benefit Framework. 319_23,West Midlands Fire Service,30682.0,30682.8,GBP,2026-10-01,2026-09-28,award,complete,34144900,https://www.contractsfinder.service.gov.uk/Notice/d69825f1-4b85-44a8-989d-6a62a7df1d94-916090,2026-10-02T13:32:21.951833+00:00
