source,notice_id,title,description,organisation,value_low,value_high,currency,published_date,deadline,notice_type,status,cpv_codes,url,scraped_at
FTS,ocds-h6vhtk-06caa2_074554-2026,Modular Buildings & Storage Solutions Y26020,"This Framework will provide a compliant, flexible, and outcomes-focused route to market for public sector organisations seeking to procure the delivery of Bespoke Modular Buildings & Storage Solutions including but not limited to:
LOT 1 Education, hire or purchase
Including but not limited to – SEND learning spaces, primary and secondary classrooms, early years settings. science labs, sports facilities.
LOT 2 Healthcare hire or purchase
Including but not limited to - clinical spaces, consultatio",Kent County Council trading as Procurement Services,,500000000.0,GBP,2026-08-06,2026-08-14,tenderUpdate,active,,https://www.find-tender.service.gov.uk/Notice/074554-2026,2026-08-06T09:36:59.458044+00:00
FTS,ocds-h6vhtk-069241_074553-2026,CCM 1548 - CHISVA Provision,The provision of a service  in respect of Children and Young Persons Independent Sexual Violence Advisor,The Police and Crime Commissioner for Lincolnshire,,,GBP,2026-08-06,,award,complete,,https://www.find-tender.service.gov.uk/Notice/074553-2026,2026-08-06T09:36:59.458077+00:00
FTS,ocds-h6vhtk-06dd52_074552-2026,Client Transport Services 2026 - 2034 - Child Mainstream,"Client Transport Services 2026 - 2034 - Child Mainstream : Charters School
x10 Students
NO PA
x1 16 seater vehicle (16 passenger seats NOT Incl Driver) 
Woking, Chertsey, Ascot",Surrey County Council,,,GBP,2026-08-06,,award,complete,,https://www.find-tender.service.gov.uk/Notice/074552-2026,2026-08-06T09:36:59.458084+00:00
FTS,ocds-h6vhtk-06dd51_074551-2026,Federated Authentication for Connected London Public WiFi,"The London Borough of Camden (Camden) is exploring options for a potential second pilot of the Connected London public WiFi programme.
Working with the Greater London Authority and other participating organisations, Camden is considering a federated authentication model based on the Wireless Broadband Alliance's OpenRoaming® standard. The ambition is to enable a seamless, secure and interoperable user experience across participating organisations while allowing each participant to retain appropr",London Borough of Camden,,,GBP,2026-08-06,,planning,planning,,https://www.find-tender.service.gov.uk/Notice/074551-2026,2026-08-06T09:36:59.458090+00:00
FTS,ocds-h6vhtk-06dd50_074550-2026,Pest Control,Pest control services when required.,LINCOLNSHIRE HOUSING PARTNERSHIP LIMITED,,,GBP,2026-08-06,,award,complete,,https://www.find-tender.service.gov.uk/Notice/074550-2026,2026-08-06T09:36:59.458094+00:00
FTS,ocds-h6vhtk-06dd4f_074549-2026,SSRM Mast Storage/Conservation,"To provide storage and conservation services for the three masts being removed from the SS Richard Montgomery wreck. Following recovery, the masts will require secure storage, condition assessment and conservation works to prevent deterioration and preserve their historic significance. 
The requirement includes receipt and handling of the recovered masts, condition surveys, conservation planning, stabilisation works and ongoing storage. Chatham Historic Dockyard Trust has suitable facilities, sp",Department for Transport,,,GBP,2026-08-06,,award,complete,,https://www.find-tender.service.gov.uk/Notice/074549-2026,2026-08-06T09:36:59.458098+00:00
FTS,ocds-h6vhtk-06abe1_074548-2026,The Provision Of Electronic Warfare Training Systems,,,,,GBP,2026-08-06,,tenderCancellation,complete,,https://www.find-tender.service.gov.uk/Notice/074548-2026,2026-08-06T09:36:59.458103+00:00
FTS,ocds-h6vhtk-06c9a2_074547-2026,"Trace, Evaluate and Reinforce (TracER)",TracER is intended to improve assurance of Explosive Trace Detection (ETD) screening to detect explosive trace contamination.,Department for Transport,,135000.0,GBP,2026-08-06,2026-08-17,tenderUpdate,active,,https://www.find-tender.service.gov.uk/Notice/074547-2026,2026-08-06T09:36:59.458116+00:00
FTS,ocds-h6vhtk-06dd4e_074546-2026,CSP26695 - X-ray Camera,"***** THIS IS A CONTRACT DETAILS NOTICE, NOT A CALL FOR COMPETITION ***** This procurement is being concluded following a limited competition procurement exercise. Contract details notice for the supply of HEXITEC detector control API automated calibration and real-time X-ray trigger synchronization to UKRI",UK Research and Innovation,,,GBP,2026-08-06,,award,complete,,https://www.find-tender.service.gov.uk/Notice/074546-2026,2026-08-06T09:36:59.458122+00:00
FTS,ocds-h6vhtk-06dd4d_074545-2026,CPT_26_02 - DfT Land and Property expert,The National Audit Office (NAO) has awarded a contract to provide independent expert advice and analysis in an area requiring highly specialised knowledge. The Single Tender Action low value contract has been awarded for a period of up to two years.,National Audit Office,,,GBP,2026-08-06,,award,complete,,https://www.find-tender.service.gov.uk/Notice/074545-2026,2026-08-06T09:36:59.458126+00:00
FTS,ocds-h6vhtk-069505_074544-2026,EU_960_Temporary employment and recruitment services,"We would like to contract a single supplier to support our Organisation in British Council Greece for the provision of recruitment, personnel leasing services.",BRITISH COUNCIL(THE),,,GBP,2026-08-06,,award,complete,,https://www.find-tender.service.gov.uk/Notice/074544-2026,2026-08-06T09:36:59.458133+00:00
FTS,ocds-h6vhtk-06dd4c_074543-2026,Supply of Waste Services,"Supply of waste collections, transfers and disposals from various sites across Nottinghamshire. Including office waste, recycling, hazardous and non-hazardous goods.",VIA EAST MIDLANDS LIMITED,,,GBP,2026-08-06,,award,complete,90520000,https://www.find-tender.service.gov.uk/Notice/074543-2026,2026-08-06T09:36:59.458137+00:00
FTS,ocds-h6vhtk-06dd4b_074542-2026,Student Record Platform,"The University of Edinburgh is undertaking preliminary market engagement to improve our understanding of current and emerging supplier capabilities, products and solutions for a Student Record Platform.
The University is interested in student record systems that can integrate with its existing landscape, with the potential to rationalise and simplify the complexity of its current environment. This includes supporting areas such as exceptional circumstances, scholarships and assessment and progre",University Of Edinburgh,,,GBP,2026-08-06,,planning,planned,48100000,https://www.find-tender.service.gov.uk/Notice/074542-2026,2026-08-06T09:36:59.458141+00:00
FTS,ocds-h6vhtk-06dd4a_074541-2026,Isambard AI – Purchase Power Agreement,"Isambard AI – Purchase Power Agreement (PPA) – Wind Turbine Connection Feasibility Study, that would allow the University to sign up to a PPA to receive electricity from a Wind Turbine to power the Isambard AI Facility. In order for the Wind Turbine Project to proceed, Bristol Energy Networks CIC (BEN) are required to carry out a Feasibility Study.",UNIVERSITY OF BRISTOL,,,GBP,2026-08-06,,award,complete,,https://www.find-tender.service.gov.uk/Notice/074541-2026,2026-08-06T09:36:59.458145+00:00
FTS,ocds-h6vhtk-052bb7_074540-2026,Suffolk county-wide support service for young carers aged up to 18 years,"Suffolk County Council have awarded a contract to deliver a service that will effectively identify and engage Young Carers aged up to 18 years. The Provider will complete Statutory Assessments with Young Carers and provide appropriate Information, Advice and Guidance to ensure their needs are properly supported. The Provider will keep an up to date register of all Young Carers who have accessed the service, and the support they require to maintain their caring responsibilities. The service will ",Suffolk County Council,,,GBP,2026-08-06,,award,complete,,https://www.find-tender.service.gov.uk/Notice/074540-2026,2026-08-06T09:36:59.458150+00:00
FTS,ocds-h6vhtk-06d975_074539-2026,Strategic Charging Infrastructure Scheme,"National Highways is working in collaboration with the Office for Zero Emission Vehicles (OZEV), a joint unit between the Department for Transport and the Department for Energy Security and Net Zero, to strengthen electricity network capacity to some motorway service areas (MSA) in England. The intention is to create affordable electricity network capacity at these MSAs to enable greater provision of ultra-rapid electric vehicle (EV) charge points to support long journeys. 
Further details relat",National Highways Limited,,158333333.0,GBP,2026-08-06,,planningUpdate,planning,,https://www.find-tender.service.gov.uk/Notice/074539-2026,2026-08-06T09:36:59.458154+00:00
FTS,ocds-h6vhtk-06dd49_074538-2026,Provision of dust risk profiling research across the strategic road network,"National Highways is a government owned company responsible for operating, maintaining and improving the strategic road network in England.
We are looking to secure the provision of a single supplier to guide priority health controls by producing a national dust risk profile through engagement, surveys, literature review and analysis of high‑exposure highway tasks. Highways work involves many tasks that create dust including cutting, drilling, milling, scrabbling, hydrodemolition and demolishing",National Highways Limited,,180000.0,GBP,2026-08-06,,planning,planning,,https://www.find-tender.service.gov.uk/Notice/074538-2026,2026-08-06T09:36:59.458158+00:00
FTS,ocds-h6vhtk-06dd48_074537-2026,Speech and Language Therapy input to Mental health units,Speech and Language Therapy input to Mental health units,Hertfordshire Partnership University NHS Foundation Trust,,,GBP,2026-08-06,,award,complete,85100000,https://www.find-tender.service.gov.uk/Notice/074537-2026,2026-08-06T09:36:59.458162+00:00
FTS,ocds-h6vhtk-06dd47_074536-2026,Post Office Branch - Harrowden Road,"Post Office Ltd is looking for a successful retailer to incorporate a Post Office Local into their existing or proposed business.
The offer available in this Post Office would be:
Post Office Local - integrating Post Office services into a vibrant and sustainable retail business, so they can be offered over the same opening hours. The exact layout and design will be agreed with you to suit your business.
Estimated Post Office fees:
In the current location in the range of £7,000 - £9,000 per annu",Post Office Limited,,,GBP,2026-08-06,2026-08-17,tender,active,,https://www.find-tender.service.gov.uk/Notice/074536-2026,2026-08-06T09:36:59.458167+00:00
FTS,ocds-h6vhtk-06dd46_074535-2026,Supply of Spring and Summer Bedding Plants,East Lindsey District Council are seeking a nursery to supply and deliver spring and summer bedding plants for open spaces within the East Lindsey District.,East Lindsey District Council,,90000.0,GBP,2026-08-06,2026-09-03,tender,active,,https://www.find-tender.service.gov.uk/Notice/074535-2026,2026-08-06T09:36:59.458170+00:00
FTS,ocds-h6vhtk-06dd45_074534-2026,"FOR COMPUTATIONAL FLUID DYNAMICS (CFD) AND FINITE ELEMENT (FE) SOFTWARE, INCLUDING PRODUCT MAINTENANCE AND SUPPORT.","The Health and Safety Executive (HSE) intends to go to market for a supplier to provide Computational Fluid Dynamics (CFD) and Finite Element (FE) software, including product maintenance and support.  This notice provides an overview of the scope of services and expectations to inform potential suppliers ahead of the formal tender process. The contract is expected to run for an initial three-year period, with options to extend for up to two additional one-year periods.",Health and Safety Executive,,700000.0,GBP,2026-08-06,,planning,planning,,https://www.find-tender.service.gov.uk/Notice/074534-2026,2026-08-06T09:36:59.458178+00:00
FTS,ocds-h6vhtk-06dd44_074533-2026,Power Connection Costs - Erdington,"Power connection costs for a site in Erdington, as part of the EV CATS project",West Midlands Combined Authority,,,GBP,2026-08-06,,award,complete,,https://www.find-tender.service.gov.uk/Notice/074533-2026,2026-08-06T09:36:59.458182+00:00
FTS,ocds-h6vhtk-06dd2b_074532-2026,"Market Engagement - PRJ_31138 - Supply, Maintain and Manage 39 AC Fast EV Charge Points","The provision of on-street EV charging is a core component of the Council’s wider commitments to deliver a net zero Council by 2030 and a net zero city by 2040, as set out in the Climate Emergency Action Plan. Improving air quality remains a major public health priority in Westminster and accelerating the shift away from fossil fuelled vehicles is central to reducing local emissions of NO₂ and PM2.5. The Council’s Air Quality Action Plan 2025–2030 reinforces the need to support cleaner transport",Westminster City Council,,2200000.0,GBP,2026-08-06,2027-01-31,planningUpdate,planned,,https://www.find-tender.service.gov.uk/Notice/074532-2026,2026-08-06T09:36:59.458186+00:00
FTS,ocds-h6vhtk-06dd43_074531-2026,NHS South Yorkshire ICB Rotherham - GP Local Enhanced Services 2026/27 - Brinsworth Medical CEntre,The provider is commissioned to deliver locally enhanced services for the Rotherham<br/>population.,NHS South Yorkshire Integrated Care Board,,,GBP,2026-08-06,,award,complete,85121100,https://www.find-tender.service.gov.uk/Notice/074531-2026,2026-08-06T09:36:59.458190+00:00
FTS,ocds-h6vhtk-06dd42_074530-2026,Abbey Sport Field Access Improvements,"Cambridge City Council is inviting tenders from suitably qualified and experienced contractors for the design and construction of a new bowling pavilion at Abbey Leisure Complex in Cambridge, including all associated design works, construction and groundworks.
The contractor will be responsible for completing all works relating to the design of the grass guard surfacing sub-base thickness.  The contractor can arrange for localised trial holes to determine the ground conditions for foundations fo",Cambridge City Council,,,GBP,2026-08-06,2026-09-09,tender,active,,https://www.find-tender.service.gov.uk/Notice/074530-2026,2026-08-06T09:36:59.458193+00:00
FTS,ocds-h6vhtk-06dd41_074529-2026,Asbestos Removal Services,Provision of the removal of asbestos from Council-owned properties,South Derbyshire District Council,,,GBP,2026-08-06,,award,complete,90650000,https://www.find-tender.service.gov.uk/Notice/074529-2026,2026-08-06T09:36:59.458199+00:00
FTS,ocds-h6vhtk-06dd40_074528-2026,NHS South Yorkshire ICB - Pharmacy Local Enhanced Services - York  Road Healthcare Ltd,The provider is commissioned to deliver locally enhanced services for the Rotherham population,NHS South Yorkshire Integrated Care Board,,,GBP,2026-08-06,,award,complete,85149000,https://www.find-tender.service.gov.uk/Notice/074528-2026,2026-08-06T09:36:59.458203+00:00
FTS,ocds-h6vhtk-06dd3f_074527-2026,Research Project for Innovation and UK Industrial Competitiveness,"The Authority requires the provision of research, analytical and advisory services to examine how the UK can strengthen its capability to translate innovation into industrial growth, economic value capture and long-term competitiveness.
The Supplier shall undertake a programme of work comprising five integrated work packages. This will include:
Development of analytical frameworks to assess how firms, supply chains, institutions, finance, skills, production capabilities and complementary assets ","Department for Science, Innovation & Technology",,,GBP,2026-08-06,,award,complete,,https://www.find-tender.service.gov.uk/Notice/074527-2026,2026-08-06T09:36:59.458206+00:00
FTS,ocds-h6vhtk-06dd2b_074526-2026,"Market Engagement - PRJ_31138 - Supply, Maintain and Manage 39 AC Fast EV Charge Points","The provision of on-street EV charging is a core component of the Council’s wider commitments to deliver a net zero Council by 2030 and a net zero city by 2040, as set out in the Climate Emergency Action Plan. Improving air quality remains a major public health priority in Westminster and accelerating the shift away from fossil fuelled vehicles is central to reducing local emissions of NO₂ and PM2.5. The Council’s Air Quality Action Plan 2025–2030 reinforces the need to support cleaner transport",Westminster City Council,,2200000.0,GBP,2026-08-06,,planningUpdate,planned,,https://www.find-tender.service.gov.uk/Notice/074526-2026,2026-08-06T09:36:59.458210+00:00
FTS,ocds-h6vhtk-06dd3e_074525-2026,Kinnaird House Proposed Work,Kinnaird House Description of Proposed Work,The Christie NHS Foundation Trust,,,GBP,2026-08-06,,award,complete,,https://www.find-tender.service.gov.uk/Notice/074525-2026,2026-08-06T09:36:59.458213+00:00
FTS,ocds-h6vhtk-06bcfd_074524-2026,Hartlepool College of Further Education  Student Bus Transportation,"The college requires a bus company that operates in the area to provide transportation of the students at various times of the date, this will be via bus passes. There are several local routes that the transportation needs to take throughout Hartlepool
and the wider villages which no other provider is
able to meet.",Hartlepool College of Further Education,,,GBP,2026-08-06,,award,complete,,https://www.find-tender.service.gov.uk/Notice/074524-2026,2026-08-06T09:36:59.458219+00:00
FTS,ocds-h6vhtk-050615_074523-2026,Provision of Electronic Flight Bag (EFB) Software,,Ministry of Defence,,,GBP,2026-08-06,,contractAmendment,,,https://www.find-tender.service.gov.uk/Notice/074523-2026,2026-08-06T09:36:59.458223+00:00
FTS,ocds-h6vhtk-06dd3d_074522-2026,NHS South Yorkshire ICB - Pharmacy Local Enhanced Services - Singh's Medical Practice Silverwood,The provider is commissioned to deliver locally enhanced services for the Rotherham population.,NHS South Yorkshire Integrated Care Board,,,GBP,2026-08-06,,award,complete,85149000,https://www.find-tender.service.gov.uk/Notice/074522-2026,2026-08-06T09:36:59.458226+00:00
FTS,ocds-h6vhtk-06dd2b_074521-2026,"Market Engagement - PRJ_31138 - Supply, Maintain and Manage 39 AC Fast EV Charge Points","The provision of on-street EV charging is a core component of the Council’s wider commitments to deliver a net zero Council by 2030 and a net zero city by 2040, as set out in the Climate Emergency Action Plan. Improving air quality remains a major public health priority in Westminster and accelerating the shift away from fossil fuelled vehicles is central to reducing local emissions of NO₂ and PM2.5. The Council’s Air Quality Action Plan 2025–2030 reinforces the need to support cleaner transport",Westminster City Council,,2200000.0,GBP,2026-08-06,2027-01-31,planning,planned,,https://www.find-tender.service.gov.uk/Notice/074521-2026,2026-08-06T09:36:59.458230+00:00
FTS,ocds-h6vhtk-06c9c6_074520-2026,NHS Health Checks (Navenby Practice Code Area),NHS Health Check Service in the Navenby Practice Code Area,Lincolnshire County Council,,,GBP,2026-08-06,,tenderUpdate,,85000000,https://www.find-tender.service.gov.uk/Notice/074520-2026,2026-08-06T09:36:59.458234+00:00
FTS,ocds-h6vhtk-06dd3c_074519-2026,Promotion Focussed Interventions,"This will include working directly with 5 identified forces to deliver promotion focussed interventions. The work will include training to police officer leaders, convening the strategic programme board, stakeholder management and community engagement as necessary.",The Police & Crime Commissioner for Sussex,,,GBP,2026-08-06,,award,complete,,https://www.find-tender.service.gov.uk/Notice/074519-2026,2026-08-06T09:36:59.458238+00:00
FTS,ocds-h6vhtk-06dd3b_074518-2026,"Framework Agreement for the Inspection, Testing and Supply of Portable Fire Equipment","This project is a re-procurement exercise for Hampshire County Council wishes to establish a Framework Agreement for the Inspection, Testing and Supply of Portable Fire Equipment to Hampshire County Council (County Supplies). This project is a re-procurement exercise for CS24299 Framework Agreement for the Inspection, Testing and Supply of Portable Fire Equipment. 
This framework will primarily support the estates of Hampshire County Council and Hampshire and Isle of Wight Fire & Rescue Services",Hampshire County Council,,270000.0,GBP,2026-08-06,2026-09-03,tender,active,,https://www.find-tender.service.gov.uk/Notice/074518-2026,2026-08-06T09:36:59.458242+00:00
FTS,ocds-h6vhtk-06dd3a_074517-2026,Leap then Look CIC,Leap then Look CIC- Payment to Leap then Look for the booking of large scale artwork at Wakefield Exchange in Apr 2027,The Council of the City of Wakefield,,,GBP,2026-08-06,,award,complete,,https://www.find-tender.service.gov.uk/Notice/074517-2026,2026-08-06T09:36:59.458245+00:00
FTS,ocds-h6vhtk-06dd39_074516-2026,UOEUE2768832026,"The major workstream is Save the Flavors (STF) - the flagship project for NCIT (cross sector). STF is designed to increase the relevance of the climate crisis to people’s everyday lives by highlighting the impact of climate change on natural ingredients, flavours, and the communities. The purchased services are from M&C Saatchi, the key partner on the project for creative content and managed third party production of the products and social media content.",University of Exeter,,,GBP,2026-08-06,,award,complete,,https://www.find-tender.service.gov.uk/Notice/074516-2026,2026-08-06T09:36:59.458249+00:00
FTS,ocds-h6vhtk-06dd38_074515-2026,Extra Care Services - Miners Court,Delivery of on-site care and support in the extra care Miners Court Extra Care scheme.,Cornwall Council,,,GBP,2026-08-06,,award,complete,,https://www.find-tender.service.gov.uk/Notice/074515-2026,2026-08-06T09:36:59.458252+00:00
FTS,ocds-h6vhtk-06dd37_074514-2026,Post Office Branch - Partington,"Post Office Ltd is looking for a successful retailer to incorporate a Post Office Local into their existing or proposed business.
The offer available in this Post Office would be:
Post Office Local - integrating Post Office services into a vibrant and sustainable retail business, so they can be offered over the same opening hours. The exact layout and design will be agreed with you to suit your business.
Estimated Post Office fees:
In the current location in the range of £8,000 - £14,000 per ann",Post Office Limited,,,GBP,2026-08-06,2027-01-31,tender,active,,https://www.find-tender.service.gov.uk/Notice/074514-2026,2026-08-06T09:36:59.458259+00:00
FTS,ocds-h6vhtk-06dd36_074513-2026,NHS South Yorkshire ICB - Pharmacy Local Enhanced Services - Rotherchem Ltd,The provider is commissioned to deliver locally enhanced services for the Rotherham population.,NHS South Yorkshire Integrated Care Board,,,GBP,2026-08-06,,award,complete,85121100,https://www.find-tender.service.gov.uk/Notice/074513-2026,2026-08-06T09:36:59.458264+00:00
FTS,ocds-h6vhtk-0581d3_074512-2026,Broadband services for 31 Independent Living schemes,,City & County of Swansea,,,GBP,2026-08-06,,contractAmendment,,,https://www.find-tender.service.gov.uk/Notice/074512-2026,2026-08-06T09:36:59.458293+00:00
FTS,ocds-h6vhtk-06dd35_074511-2026,NHS South Yorkshire ICB Rotherham - Pharmacy Local Enhanced Services - Abbey Pharmacy,The provider is commissioned to deliver locally enhanced services for the Rotherham population.,NHS South Yorkshire Integrated Care Board,,,GBP,2026-08-06,,award,complete,85149000,https://www.find-tender.service.gov.uk/Notice/074511-2026,2026-08-06T09:36:59.458296+00:00
FTS,ocds-h6vhtk-06dd34_074510-2026,Technology and Security Delivery Partner,"The contracting authority intends to procure a digital capability and delivery partner under Digital Outcomes and Specialists 7 (DOS7), Lot 2 – Digital Capability and Delivery Partners. The requirement is expected to involve the provision of appropriately skilled specialists and teams to support delivery across technical and security‑related programmes and acitivites in the Government Digital Service. 
Award under Framework RM1043.9 Digital Outcomes and Specialists 7 Lot 2 Digital Capability And","Department for Science, Innovation & Technology",,,GBP,2026-08-06,,award,complete,,https://www.find-tender.service.gov.uk/Notice/074510-2026,2026-08-06T09:36:59.458300+00:00
FTS,ocds-h6vhtk-06b11f_074509-2026,Major Projects QUDM,"This QUDM is for Substation Construction, Underground Cabling, Overhead Tower Line Construction, Overhead Wood Pole Line Construction and Civils works, all primarily from 33kV to 132kV. 
In addition to the requirements of National Grid Electricity Distribution (NGED), the Contracting Authority reserves the right for other National Grid group companies to procure works and services through this QUDM. This may include, but is not limited to, the delivery of substation, underground cable and overhe",NATIONAL GRID UK LIMITED,,,GBP,2026-08-06,,tender,active,,https://www.find-tender.service.gov.uk/Notice/074509-2026,2026-08-06T09:36:59.458304+00:00
FTS,ocds-h6vhtk-06dd33_074508-2026,Building Services and Sustainability Consultancy,"Provision of mechanical, electrical and public health (MEP) engineering consultancy and building physics services to support the Trust's planning application requirements. The service includes the preparation of an Energy Statement, Sustainability Statement and Circular Economy Statement, together with specialist technical advice to demonstrate compliance with planning policy, sustainability objectives, energy performance requirements and environmental design standards associated with the new ho",West Suffolk NHS Foundation Trust,,,GBP,2026-08-06,,award,complete,,https://www.find-tender.service.gov.uk/Notice/074508-2026,2026-08-06T09:36:59.458307+00:00
FTS,ocds-h6vhtk-06dd32_074507-2026,ORT0202 – Interim SVD 26/27,"Stopped Vehicle Detection radar are used on smart motorways in the UK to automatically identify vehicles that have come to a halt in live lanes. Its purpose is to quickly alert traffic control centres so they can close lanes, warn other drivers, and dispatch help, improving safety and reducing collision risks. The purpose of the proposed contract is to provide support and maintenance services in relation to the radar that form part of the Stopped Vehicle Detection system.",National Highways Limited,,,GBP,2026-08-06,,award,complete,,https://www.find-tender.service.gov.uk/Notice/074507-2026,2026-08-06T09:36:59.458311+00:00
FTS,ocds-h6vhtk-06dd31_074506-2026,Nature Recovery Framework,"The purpose of this Framework is to appoint a range of competent, pre-approved contractors capable of delivering planned and responsive grounds and environmental maintenance services across Pembrokeshire for Pembrokeshire coast National Park.",Pembrokeshire Coast National Park,,458333.33,GBP,2026-08-06,2026-09-11,tender,active,,https://www.find-tender.service.gov.uk/Notice/074506-2026,2026-08-06T09:36:59.458326+00:00
FTS,ocds-h6vhtk-06dd28_074505-2026,Hydraulic Water Press for HMP Elmley,"The supply, installation and commissioning of a Hydraulic Water Press to HMP Elmley.
Note due to a technical issues with FTS platform we were unable to publish this notice and subsequent  notices within the timeframes prescribed in the Procurement Act 2026.
Award Decision Date:     22/07/2026
Contract Start Date:        29/07/2026
Contract End Date:          31/03/2027",Ministry of Justice,,,GBP,2026-08-06,,award,complete,,https://www.find-tender.service.gov.uk/Notice/074505-2026,2026-08-06T09:36:59.458330+00:00
FTS,ocds-h6vhtk-06dd30_074504-2026,Delta4 Phantom + MR software & Hardware Maintenance agreement,"Equipment ID: E10906, Equip ID: E10906 SN: D0175 Delta4 Phantom + MR software & Hardware Maintenance agreement for period 24/04/26-23/04/29",The Christie NHS Foundation Trust,,,GBP,2026-08-06,,award,complete,,https://www.find-tender.service.gov.uk/Notice/074504-2026,2026-08-06T09:36:59.458336+00:00
FTS,ocds-h6vhtk-06dd2f_074503-2026,Redesign and Relocation of Reception Area,"To design and relocate the new reception area for the college, including build and materials with the incorporation of speed lanes.  
This was previously tendered under 2015 regs on a CPC work DPS, with no response received.",Hartlepool College of Further Education,,,GBP,2026-08-06,,award,complete,,https://www.find-tender.service.gov.uk/Notice/074503-2026,2026-08-06T09:36:59.458339+00:00
FTS,ocds-h6vhtk-051899_074502-2026,Scientific Practitioner Training Programme 2026/27 - RFI,"Request For Information to collect info and opinions about the recommissioning of the Scientific Practitioner Training Programme 2026/27 - RFI
To express interest, please register and apply via Atamis e-sourcing portal https://health-family.force.com/s/Welcome",NHS England,,,GBP,2026-08-06,,planning,planned,,https://www.find-tender.service.gov.uk/Notice/074502-2026,2026-08-06T09:36:59.458343+00:00
FTS,ocds-h6vhtk-06dd2e_074501-2026,Flood Management Works at Pinn Meadows,"Natural Flood Management Works at Pinn Meadows, Ruislip.",London Borough of Hillingdon,,,GBP,2026-08-06,,award,complete,,https://www.find-tender.service.gov.uk/Notice/074501-2026,2026-08-06T09:36:59.458346+00:00
FTS,ocds-h6vhtk-06dd2d_074500-2026,Coxon F0.28 Dust Extract Remedials,"As part of a previous Lab Refurbishment programme, a dust extraction system was installed in Coxon’s F0.28 laboratory in 2025. When commissioning connected equipment to the installed dust extract system, a loss of LFP powder was realised into the extract duct, which coincided with an over pressurisation of the duct from a connected vac pump causing LFP powder to exit at several joints contaminating the laboratory environment.  
At this time, CPI had separately engaged a 3rd party consultant, Mec",CENTRE FOR PROCESS INNOVATION LIMITED,,,GBP,2026-08-06,2026-08-28,tender,active,,https://www.find-tender.service.gov.uk/Notice/074500-2026,2026-08-06T09:36:59.458350+00:00
FTS,ocds-h6vhtk-06dd2c_074499-2026,Contact Centre Scripting and Diagnostics,"GSA require implementation of a customer service scripting and diagnostics platform to provide guided workflows, consistent decision making, and improved first contact resolution. The solution will create a single source of truth for customer interactions, streamline repairs and service requests, reduce complaints and escalations, and enhance operational insight through improved data capture, automation, reporting, and integration with GSA's existing housing management systems.",GREENSQUAREACCORD LIMITED,,,GBP,2026-08-06,,award,complete,72263000,https://www.find-tender.service.gov.uk/Notice/074499-2026,2026-08-06T09:36:59.458354+00:00
FTS,ocds-h6vhtk-051baf_074498-2026,IT Service and Software Development Provider for the Development and Support of the OS Maps Product,"Ordnance Survey Ltd (OS) is Britain’s national mapping agency, responsible for the surveying, production, maintenance and marketing of a wide range of geospatial data products.
The Consumer business unit of Ordnance Survey, generally managed by its subsidiary company Ordnance Survey Leisure Limited (OSLL), provides customers with information, products and services designed to make outdoor activities more enjoyable, accessible and safe.
The Consumer business has responsibility for the Consumer Es",ORDNANCE SURVEY LIMITED,,,GBP,2026-08-06,,award,complete,,https://www.find-tender.service.gov.uk/Notice/074498-2026,2026-08-06T09:36:59.458357+00:00
FTS,ocds-h6vhtk-0552e6_074497-2026,"Primary Medical Services at Norwich Health Centre, Beechcroft and Old Palace surgeries, Walk-in-Centre and Inclusion Health Hub in Norwich",NHS Norfolk & Suffolk Integrated Care Board are abandoning this Provider Selection Regime (PSR) process and contracts have not been awarded for the following services:<br/><br/>• Lot 1 - General Medical Services under a GMS Contract at Norwich Health Centre (main practice site at Norwich Health Centre and branch sites at Beechcroft Surgery and Old Palace Medical practice)<br/><br/>• Lot 2 - Alternative Provider Medical Services under an APMS contract at the Walk-in-Centre in Norwich <br/><br/>• ,NHS Norfolk & Waveney Integrated Care Board,,,GBP,2026-08-06,,tenderUpdate,,85121100,https://www.find-tender.service.gov.uk/Notice/074497-2026,2026-08-06T09:36:59.458363+00:00
FTS,ocds-h6vhtk-06dd2b_074496-2026,"Market Engagement - PRJ_31138 - Supply, Maintain and Manage 39 AC Fast EV Charge Points","The provision of on-street EV charging is a core component of the Council’s wider commitments to deliver a net zero Council by 2030 and a net zero city by 2040, as set out in the Climate Emergency Action Plan. Improving air quality remains a major public health priority in Westminster and accelerating the shift away from fossil fuelled vehicles is central to reducing local emissions of NO₂ and PM2.5. The Council’s Air Quality Action Plan 2025–2030 reinforces the need to support cleaner transport",Westminster City Council,,2200000.0,GBP,2026-08-06,,planning,planning,,https://www.find-tender.service.gov.uk/Notice/074496-2026,2026-08-06T09:36:59.458367+00:00
FTS,ocds-h6vhtk-06dd2a_074495-2026,Client Transport Services 2026 - 2034 - SEND,"Client Transport Services 2026 - 2034 - SEND : West Hill Primary School
x3 students
No PA
x1 MPV Small (5 passenger seats)
Location of students: Guildford 
Location of school: Leatherhead",Surrey County Council,,,GBP,2026-08-06,,award,complete,,https://www.find-tender.service.gov.uk/Notice/074495-2026,2026-08-06T09:36:59.458370+00:00
FTS,ocds-h6vhtk-06dd21_074494-2026,Metrolink Ticket Vending Machine Operation and maintenance Service Agreement,"Currently, 223 Ticket Vending Machines (TVM's) are installed on the Greater Manchester Metrolink Light Rail Network and enable customer ticket purchases in respect of both Metrolink (and multi-modal) travel products. Maintenance and Operational services for this estate of TVM's are provided by Scheidt and Bachmann Fare Collection Systems GMBH the original equipment manufacturer (OEM) of the TVM infrastructure supported by a back office and Payment Service Provider (PSP) service that is provided ",Transport for Greater Manchester,,,GBP,2026-08-06,,award,complete,,https://www.find-tender.service.gov.uk/Notice/074494-2026,2026-08-06T09:36:59.458376+00:00
FTS,ocds-h6vhtk-06dd29_074493-2026,Sharpshooter Enabling Contract,"Delivery will continue through a single-source arrangement with QQ under the T3E framework, reflecting the unique and specialised capability of the MOD Aberporth instrumented range.",Ministry of Defence,,,GBP,2026-08-06,,planning,planned,,https://www.find-tender.service.gov.uk/Notice/074493-2026,2026-08-06T09:36:59.458380+00:00
FTS,ocds-h6vhtk-06cd6e_074492-2026,UK_1407- Welsh Translation Framework,The British Council is seeking to set up a framework of suppliers to fulfil our Welsh Language translation requirements and to ensure adherence to the Welsh Language Act. This framework will span not just the Welsh offices' requirements but also further business needs too.,BRITISH COUNCIL(THE),,,GBP,2026-08-06,2026-08-12,tenderUpdate,active,,https://www.find-tender.service.gov.uk/Notice/074492-2026,2026-08-06T09:36:59.458386+00:00
FTS,ocds-h6vhtk-06cd08_074491-2026,DHSC_DfL National Reduce and Reuse MedTech Products Campaigns 2026,"The Department of Health and Social Care, working jointly with the Greener NHS team in NHS England, is seeking to appoint a supplier to provide research, analysis, piloting, implementation evaluation and programme support for the Design for Life National Reuse and Reduce MedTech Products Programme.
The programme supports the Government’s ambition to deliver a circular economy for MedTech products by 2045. The supplier will support selected circular MedTech product initiatives and associated inte",Department of Health & Social Care,,463520.0,GBP,2026-08-06,2026-09-01,tender,active,,https://www.find-tender.service.gov.uk/Notice/074491-2026,2026-08-06T09:36:59.458390+00:00
FTS,ocds-h6vhtk-06a11b_074490-2026,Working Age Adults Care Home Services,"Carmarthenshire County Council, in collaboration with regional partners Pembrokeshire County Council and Ceredigion County Council, is developing a regional framework for Working Age Adult Care Home Services across the West Wales region. 
The proposed Framework will be structured into three service Lots, reflecting the primary client groups:
Lot 1: Learning Disabilities, including Autism
Lot 2: Mental Health
Lot 3: Physical Disabilities
Providers may apply for one or more Lots, depending on thei",Carmarthenshire County Council,,470000000.0,GBP,2026-08-06,2026-09-10,tenderUpdate,active,,https://www.find-tender.service.gov.uk/Notice/074490-2026,2026-08-06T09:36:59.458394+00:00
FTS,ocds-h6vhtk-06dd28_074489-2026,Hydraulic Water Press for HMP Elmley,"The supply, installation and commissioning of a Hydraulic Water Press to HMP Elmley.
Note due to a technical issues with FTS platform we were unable to publish this notice and subsequent  notices within the timeframesprescribed in the Procurement Act 2026.
Award Decision Date:     22/07/2026
Contract Start Date:        29/07/2026
Contract End Date:          31/03/2027",Ministry of Justice,,,GBP,2026-08-06,,award,complete,,https://www.find-tender.service.gov.uk/Notice/074489-2026,2026-08-06T09:36:59.458398+00:00
FTS,ocds-h6vhtk-04e63a_074488-2026,132/ 33kV Substation connection,132/ 33kV Substation connection,SSE plc,,,GBP,2026-08-06,,award,complete,45232220,https://www.find-tender.service.gov.uk/Notice/074488-2026,2026-08-06T09:36:59.458401+00:00
FTS,ocds-h6vhtk-06dd27_074487-2026,EBSCO Database Subscription (2026-2029),Provision of a number of EBSCO databases.,Oxford Brookes University,,,GBP,2026-08-06,,award,complete,,https://www.find-tender.service.gov.uk/Notice/074487-2026,2026-08-06T09:36:59.458405+00:00
FTS,ocds-h6vhtk-06dd26_074486-2026,DBTH  DRI Ortho Minor Ops room,DBTH  DRI Ortho Minor Ops room - DRI,Doncaster and Bassetlaw Teaching Hospitals NHS Foundation Trust,,,GBP,2026-08-06,,award,complete,,https://www.find-tender.service.gov.uk/Notice/074486-2026,2026-08-06T09:36:59.458408+00:00
FTS,ocds-h6vhtk-06dd25_074485-2026,BMJ Advertisiting Print Credits,"This is to pay for the annual  subscription for BMJ advertising  print credits, to be split 25% CSSS & 75% CNS based on 2025 activity",The Christie NHS Foundation Trust,,,GBP,2026-08-06,,award,complete,,https://www.find-tender.service.gov.uk/Notice/074485-2026,2026-08-06T09:36:59.458412+00:00
FTS,ocds-h6vhtk-06dd24_074484-2026,NHS South Yorkshire ICB Rotherham GP Local Enhanced Services 2026/27 -  Waverley Medical Centre,The provider is commissioned to deliver locally enhanced services for the Rotherham<br/>population.,NHS South Yorkshire Integrated Care Board,,,GBP,2026-08-06,,award,complete,79411000,https://www.find-tender.service.gov.uk/Notice/074484-2026,2026-08-06T09:36:59.458424+00:00
FTS,ocds-h6vhtk-06dcf8_074483-2026,"Design, Supply & Installation of JMSC Exhibition Stand 2027-2029","Design, supply and installation of an exhibition stand at the Security and Policing Event which is being held at the Farnborough International Exhibition and Conference Centre on 16 -18th March '27, and to reinstall the stand for the same event in 2028 and 2029 subject to JMSC's ongoing participation",Home Office,,102000.0,GBP,2026-08-06,2026-08-20,tenderUpdate,active,,https://www.find-tender.service.gov.uk/Notice/074483-2026,2026-08-06T09:36:59.458430+00:00
FTS,ocds-h6vhtk-068ec0_074482-2026,1072EVNES - Taxi Driver Checks Solution,"Leicester City Council is looking for a single supplier to deliver a suite of essential services supporting the administration and regulation of taxi and private hire licensing, over a 3 year contract term.",Leicester City Council,,,GBP,2026-08-06,,award,complete,,https://www.find-tender.service.gov.uk/Notice/074482-2026,2026-08-06T09:36:59.458436+00:00
FTS,ocds-h6vhtk-06dd23_074481-2026,U16 Cancer Patient Experience Survey 2027-2030,"Cancer in children and young people is rare and yet the biggest cause of premature death for children and young people aged 5-14 years . In the UK, around 2,000 children under 15 are diagnosed with cancer each year, with acute leukaemias and cancers of the brain and spinal cord being the most common types of childhood cancer.
As it is rare, childhood cancer is often difficult to identify; diagnosis may come late and treatment can be difficult. The risk factors for developing cancer are also not ",NHS England,,957000.0,GBP,2026-08-06,,planning,planning,,https://www.find-tender.service.gov.uk/Notice/074481-2026,2026-08-06T09:36:59.458440+00:00
FTS,ocds-h6vhtk-06dd22_074480-2026,Pest Control across Hospital sites,"QE & Bensham Pest Control
Cost: £29,820.00
Period: 01.09.26 - 31.08.27",QE Facilities Ltd,,,GBP,2026-08-06,,award,complete,,https://www.find-tender.service.gov.uk/Notice/074480-2026,2026-08-06T09:36:59.458443+00:00
FTS,ocds-h6vhtk-06dd21_074479-2026,Metrolink Ticket Vending Machine Operation and Maintenance Service Agreement,"Currently, 223 Ticket Vending Machines (TVM's) are installed on the Greater Manchester Metrolink Light Rail Network  and enable customer ticket purchases in respect of both Metrolink (and multi-modal) travel products. Maintenance and Operational services for this estate of TVM's  are provided by Scheidt and Bachmann Fare Collection Systems GMBH the original equipment manufacturer (OEM) of the TVM infrastructure supported by a back office and Payment Service Provider (PSP) service that is provide",Transport for Greater Manchester,,,GBP,2026-08-06,,award,complete,,https://www.find-tender.service.gov.uk/Notice/074479-2026,2026-08-06T09:36:59.458447+00:00
FTS,ocds-h6vhtk-06dd20_074478-2026,NHS South Yorkshire ICB Rotherham GP Local Enhanced Services 2026/27 -  York Road Surgery,The provider is commissioned to deliver locally enhanced services for the Rotherham<br/>population.,NHS South Yorkshire Integrated Care Board,,,GBP,2026-08-06,,award,complete,85121100,https://www.find-tender.service.gov.uk/Notice/074478-2026,2026-08-06T09:36:59.458450+00:00
FTS,ocds-h6vhtk-052361_074477-2026,Technical & Vocational Subject Teaching Professional Development,"The Department for Education (DfE) have procured a supplier to design and deliver a national Technical and Vocational subject teaching Professional Development (PD) and organisational support programme to support providers delivering technical and vocational qualifications, including T Levels, V Levels and Level 2 Pathways. The contract will begin on 1 June 2026 with delivery commencing from 1 September 2026. The contract will run for three years until 31 August 2029, with an option to extend fo",Department for Education,,,GBP,2026-08-06,,awardUpdate,complete,,https://www.find-tender.service.gov.uk/Notice/074477-2026,2026-08-06T09:36:59.458454+00:00
FTS,ocds-h6vhtk-06dd1f_074476-2026,Removals (A&E) Medical Gases Installation,"Removals (A&E) Medical Gases Installation
Cost £12,405.00",QE Facilities Ltd,,,GBP,2026-08-06,,award,complete,,https://www.find-tender.service.gov.uk/Notice/074476-2026,2026-08-06T09:36:59.458458+00:00
FTS,ocds-h6vhtk-06dd1e_074475-2026,PROC3 26-23 Payments - Card Acquirer,"Payments - Card Acquirer 
CCS Framework RM6325",Erewash Borough Council,,,GBP,2026-08-06,,award,complete,,https://www.find-tender.service.gov.uk/Notice/074475-2026,2026-08-06T09:36:59.458461+00:00
FTS,ocds-h6vhtk-06dd1d_074474-2026,Chester Carriage Wash Machine ,"Transport for Wales Rail Ltd requires the design, supply, installation, testing and commissioning of a new Carriage Wash Machine at Chester Train Maintenance Depot. The facility will be located on Reception Road and will replace the existing non-operational carriage wash machine, including all associated infrastructure and integration works.
The successful contractor will deliver the works in accordance with Network Rail standards and applicable legal requirements within an operational depot env",Transport for Wales Rail Limited (Utility Buyer),,1666666.0,GBP,2026-08-06,2026-09-03,tender,active,,https://www.find-tender.service.gov.uk/Notice/074474-2026,2026-08-06T09:36:59.458467+00:00
FTS,ocds-h6vhtk-06dd1c_074473-2026,"Maintenance Agreement of Intruder alarms, CCTV  Systems","Annual Maintenance contract for Intruder alarms and CCTV  Control Systems
Cost £20,372.61
Period 01.02.26 - 31.01.27",QE Facilities Ltd,,,GBP,2026-08-06,,award,complete,,https://www.find-tender.service.gov.uk/Notice/074473-2026,2026-08-06T09:36:59.458470+00:00
FTS,ocds-h6vhtk-06cdb0_074472-2026,Electrical Maintenance Services,"Falmouth Exeter Plus (FXPlus) is looking to appoint a supplier on a 60- month term contract (with an option to extend for 12 months) to carry out electrical services to the Falmouth University Campuses at Falmouth (Woodlane, Falmouth) and Penryn (Treliever Road, Penryn).",Falmouth Exeter Plus,,,GBP,2026-08-06,,tenderUpdate,,50711000,https://www.find-tender.service.gov.uk/Notice/074472-2026,2026-08-06T09:36:59.458473+00:00
FTS,ocds-h6vhtk-06ce86_074471-2026,Podiatry service provision - SGP and Northgate,The provision of podiatry services to inpatient services at St Georges Park and Northgate sites.,"Cumbria, Northumberland, Tyne and Wear NHS Foundation Trust",,,GBP,2026-08-06,,tenderUpdate,,85100000,https://www.find-tender.service.gov.uk/Notice/074471-2026,2026-08-06T09:36:59.458477+00:00
FTS,ocds-h6vhtk-06dd1b_074470-2026,Technical Education Course Costs,Technical Education Course Costs (2026),The Christie NHS Foundation Trust,,,GBP,2026-08-06,,award,complete,,https://www.find-tender.service.gov.uk/Notice/074470-2026,2026-08-06T09:36:59.458481+00:00
FTS,ocds-h6vhtk-06dd1a_074469-2026,AI Camera Trial,"Trial of AI cameras to detect mobile phone use whilst driving and non-compliance with seatbelt laws. This trial will be for 4 weeks, with a trailer deployed at two sites, two weeks per site. All offences will be subject to 1st stage human review, and then 2nd human review prior to being sent to the Police.",The Police & Crime Commissioner for Sussex,,,GBP,2026-08-06,,award,complete,,https://www.find-tender.service.gov.uk/Notice/074469-2026,2026-08-06T09:36:59.458484+00:00
FTS,ocds-h6vhtk-06d5b4_074468-2026,Quantock Education Trust - Dynamic Market for Energy,,Quantock Education Trust,,,GBP,2026-08-06,,award,,,https://www.find-tender.service.gov.uk/Notice/074468-2026,2026-08-06T09:36:59.458488+00:00
FTS,ocds-h6vhtk-06dd19_074467-2026,NHS South Yorkshire ICB Rotherham GP Local Enhanced Services 2026/27 -  St Anns Medical Centre,The provider is commissioned to deliver locally enhanced services for the Rotherham<br/>population.,NHS South Yorkshire Integrated Care Board,,,GBP,2026-08-06,,award,complete,85121100,https://www.find-tender.service.gov.uk/Notice/074467-2026,2026-08-06T09:36:59.458492+00:00
FTS,ocds-h6vhtk-06dd18_074466-2026,East District Deer Larder Project,"A contract for the design, supply and install/construction of appropriate and compliant deer larders across the East England Forest District. We currently forecast that there will be two deer larders required. In particular we are interested in modular solutions to meet our requirements.",Forestry Commission,,,GBP,2026-08-06,,planning,planning,,https://www.find-tender.service.gov.uk/Notice/074466-2026,2026-08-06T09:36:59.458495+00:00
FTS,ocds-h6vhtk-06dd17_074465-2026,NHS South Yorkshire ICB Rotherham GP Local Enhanced Services 2026/27 -  Shakespeare Road Surgery,The provider is commissioned to deliver locally enhanced services for the Rotherham<br/>population.,NHS South Yorkshire Integrated Care Board,,,GBP,2026-08-06,,award,complete,85121100,https://www.find-tender.service.gov.uk/Notice/074465-2026,2026-08-06T09:36:59.458499+00:00
FTS,ocds-h6vhtk-06dd16_074464-2026,NHS South Yorkshire ICB Rotherham GP Local Enhanced Services 2026/27 -  Rawmarsh Health Centre,The provider is commissioned to deliver locally enhanced services for the Rotherham<br/>population.,NHS South Yorkshire Integrated Care Board,,,GBP,2026-08-06,,award,complete,85121100,https://www.find-tender.service.gov.uk/Notice/074464-2026,2026-08-06T09:36:59.458504+00:00
FTS,ocds-h6vhtk-06dd15_074463-2026,NHS South Yorkshire ICB Rotherham GP Local Enhanced Services 2026/27 -  Parkgate Medical Centre,The provider is commissioned to deliver locally enhanced services for the Rotherham<br/>population.,NHS South Yorkshire Integrated Care Board,,,GBP,2026-08-06,,award,complete,85121100,https://www.find-tender.service.gov.uk/Notice/074463-2026,2026-08-06T09:36:59.458507+00:00
FTS,ocds-h6vhtk-06dd14_074462-2026,Visualisation Prototypes - ARCTIC Programme,"Creating prototypes to determine which GIS too needs to be used:
1.	Trafficability (cross country mobility) layer - based on science code in python language that includes vehicle type, weather data, and soil type.
2.	Sea ice accretion layer - also based on science code and weather data. A version of this prototype has already been made but we need to update the science code.",Met Office,,,GBP,2026-08-06,,award,complete,,https://www.find-tender.service.gov.uk/Notice/074462-2026,2026-08-06T09:36:59.458511+00:00
FTS,ocds-h6vhtk-06dd13_074461-2026,NHS South Yorkshire ICb Rotherham GP Local Enhanced Services 2026/27 - Market Surgery,The provider is commissioned to deliver locally enhanced services for the Rotherham<br/>population.,NHS South Yorkshire Integrated Care Board,,,GBP,2026-08-06,,award,complete,85121100,https://www.find-tender.service.gov.uk/Notice/074461-2026,2026-08-06T09:36:59.458515+00:00
FTS,ocds-h6vhtk-06dd12_074460-2026,NHS South Yorkshire ICB Rotherham - GP Local Enhanced Services 2026/27 - Manor Field Surgery,The provider is commissioned to deliver locally enhanced services for the Rotherham<br/>population.,NHS South Yorkshire Integrated Care Board,,,GBP,2026-08-06,,award,complete,85121100,https://www.find-tender.service.gov.uk/Notice/074460-2026,2026-08-06T09:36:59.458518+00:00
FTS,ocds-h6vhtk-06dd11_074459-2026,"Supply, Delivery and Installation of Inductively Coupled Plasma Chemical Vapour Deposition System","Background
The UK urgently requires a sovereign, open-access advanced semiconductor packaging capability to close a well-evidenced market failure. Today, UK innovators in photonics and power electronics rely on overseas Outsourced Semiconductor Assembly and Test (OSAT) facilities for scaling to volume packaging, which fragments the supply chain, extends lead times, increases Intellectual Property (IP) leakage risk, and exposes critical technologies to geopolitical disruption.
The National Centre",University of Strathclyde,,,GBP,2026-08-06,2026-09-09,tender,active,38000000,https://www.find-tender.service.gov.uk/Notice/074459-2026,2026-08-06T09:36:59.458522+00:00
FTS,ocds-h6vhtk-06dd10_074458-2026,NHS South Yorkshire ICB Rotherham - GP Local Enhanced Services 2026/27 - Crown Street Surgery,The provider is commissioned to deliver locally enhanced services for the Rotherham<br/>population.,NHS South Yorkshire Integrated Care Board,,,GBP,2026-08-06,,award,complete,85121100,https://www.find-tender.service.gov.uk/Notice/074458-2026,2026-08-06T09:36:59.458525+00:00
FTS,ocds-h6vhtk-06dd0f_074457-2026,Legal Online Knowledge Resources,"Transport for London (TfL) requires a subscription to LexisNexis law modules for use by members and staff of the TfL Legal Department to ensure that legal advisers have access to reliable, authoritative information, in the most appropriate format to enable them to perform their duties effectively. This service comes directly from LexisNexis.
TfL intends to award a contract to RELX (UK) Limited, trading as LexisNexis, under clause 41(1) and Schedule 5 paragraph 5 of the Procurement Act 2023. 
Lex",Transport for London,,,GBP,2026-08-06,,award,complete,,https://www.find-tender.service.gov.uk/Notice/074457-2026,2026-08-06T09:36:59.458529+00:00
FTS,ocds-h6vhtk-06dd0e_074456-2026,NHS South Yorkshire ICB Rotherhan GP Local Enhanced Services 2026/27 - Clifton Medical Centre,The provider is commissioned to deliver locally enhanced services for the Rotherham<br/>population.,NHS South Yorkshire Integrated Care Board,,,GBP,2026-08-06,,award,complete,85121100,https://www.find-tender.service.gov.uk/Notice/074456-2026,2026-08-06T09:36:59.458534+00:00
FTS,ocds-h6vhtk-06dd0d_074455-2026,Medical Gases,Call off order for medical gases,The Christie NHS Foundation Trust,,,GBP,2026-08-06,,award,complete,,https://www.find-tender.service.gov.uk/Notice/074455-2026,2026-08-06T09:36:59.458538+00:00
Contracts Finder,ocds-b5fd17-73c8452e-d8d5-409a-800f-2a2a0308dd89_22b50d5f-37d3-462b-9994-1d16c1bec875-909610,Planning System,"Planning System 

CCS VAS6259 07/03/2023-06/03/2027 PCR 2015",High Peak Borough Council & Staffordshire Moorlands District Council,,,GBP,2026-08-05,2023-03-06,award,complete,72000000,https://www.contractsfinder.service.gov.uk/Notice/22b50d5f-37d3-462b-9994-1d16c1bec875-909610,2026-08-06T09:37:01.634535+00:00
Contracts Finder,ocds-b5fd17-7d7ec4d7-35aa-459e-b549-0234b397c888_725f76ca-22a4-4d1d-a824-aec60f7bf0c0-909609,Supply and Installation of Glazed Panels,"2.1 This opportunity is for the supply, fabrication, and installation of high-performance acoustic glazed partitioning systems, including Perspex hanging diffusers to all open sections to match those on the mezzanine and 5th floors. More details on Schedule 5 (Specification). This will be an above threshold competitive flexible procedure under Procurement Act 2023.",London Universities Purchasing Consortium,,,GBP,2026-08-05,2026-09-01,tender,active,44175000,https://www.contractsfinder.service.gov.uk/Notice/725f76ca-22a4-4d1d-a824-aec60f7bf0c0,2026-08-06T09:37:01.634780+00:00
Contracts Finder,ocds-b5fd17-f6401638-e0ad-4a25-bb23-82bc3112ed5f_b8cfdc46-e637-47fa-9ea4-d99438b6ef89-909608,"St Mary the Virgin, Great Dunmow | Main Contractor for Internal Reordering Project","St Mary the Virgin, Great Dunmow, is seeking tenders for a main contractor to deliver their National Lottery Heritage Fund project which involves a series of internal alterations to the historic church building. The scope of work includes:
- Relocation of the font
- Construction of internal partitions and supply and installation of accessible WC
- Supply and installation of various bespoke joinery elements, including: storage cupboards, ramps, AV desk, raised platform, kitchenette etc.
- Sup",PCC of Dunmow St Marys,200000.0,500000.0,GBP,2026-08-05,2026-09-04,tender,active,45212361,https://www.contractsfinder.service.gov.uk/Notice/b8cfdc46-e637-47fa-9ea4-d99438b6ef89,2026-08-06T09:37:01.634986+00:00
Contracts Finder,ocds-b5fd17-59deed68-71a2-4db9-b5fb-68b3e2c0e8d3_4c86716f-356c-4837-afba-07d86611291f-909607,"QOC907 09:00 2026-08-05 Thurston & Bury St Edmunds to In Toto Education, Ely, Cambs - AWARD","Suffolk County Council is seeking a mini competition against the following Dynamic Purchasing System: `The supply of Passenger Transport Services`, OJEU Notice Id: 2018/S 031-067685.
      
      QOC907 09:00 2026-08-05 Thurston & Bury St Edmunds to In Toto Education, Ely, Cambs
      
      Further details can be found in the 'Tenders / My Tenders' area of this website, by selecting the 'View Details' button for this project.
      
      The deadline for returned submissions is 09:00 202",Suffolk County Council Passenger Transport,,,GBP,2026-08-05,2026-08-05,award,complete,60000000,https://www.contractsfinder.service.gov.uk/Notice/4c86716f-356c-4837-afba-07d86611291f-909607,2026-08-06T09:37:01.635176+00:00
Contracts Finder,ocds-b5fd17-e39d747c-512c-4080-b232-f5bca02bedbb_aedc3306-1f9d-4d74-8d20-1f6410aae923-909606,Provision of Services for Change Capability Enablement and Portfolio Insights,Call off contract for the Provision of services and software relating to Change Capability Enablement and Portfolio Insights,Office for National Statistics,,1000000.0,GBP,2026-08-05,2026-07-23,award,complete,48000000,https://www.contractsfinder.service.gov.uk/Notice/aedc3306-1f9d-4d74-8d20-1f6410aae923-909606,2026-08-06T09:37:01.635381+00:00
Contracts Finder,ocds-b5fd17-03113284-a559-4c80-9712-143ff894e72c_06863ca5-40a9-430a-a428-94959d162c41-909605,"QNT019 09:00 2026-08-03 Haverhill to Polaris @ Newmarket Academy, Newmarket - AWARD","Suffolk County Council is seeking a mini competition against the following Dynamic Purchasing System: `The supply of Passenger Transport Services`, OJEU Notice Id: 2018/S 031-067685.
      
      QNT019 09:00 2026-08-03 Haverhill to Polaris @ Newmarket Academy, Newmarket
      
      Further details can be found in the 'Tenders / My Tenders' area of this website, by selecting the 'View Details' button for this project.
      
      The deadline for returned submissions is 09:00 2026-08-03.",Suffolk County Council Passenger Transport,,,GBP,2026-08-05,2026-08-03,award,complete,60000000,https://www.contractsfinder.service.gov.uk/Notice/06863ca5-40a9-430a-a428-94959d162c41-909605,2026-08-06T09:37:01.635569+00:00
Contracts Finder,ocds-b5fd17-7444e508-52d6-418f-afd6-241e23add75a_a4d3bdb0-8fe3-4e65-8314-5ee8c138c20c-909604,GB-Liverpool: Lift Servicing and Maintenance,Lift Servicing and Maintenance,Plus Dane Housing Ltd.,,223680.02,GBP,2026-08-05,2026-07-01,award,complete,50750000,https://www.contractsfinder.service.gov.uk/Notice/a4d3bdb0-8fe3-4e65-8314-5ee8c138c20c-909604,2026-08-06T09:37:01.635753+00:00
Contracts Finder,ocds-b5fd17-be421a9e-ae79-4ef9-a5f3-825dc7bc69e1_0dab40c3-d763-4dd5-9807-77500122bfaa-909603,Archive Storage for Cellular Pathology,"Archive Storage for Cellular Pathology


Direct award under NHS Supply Chain Lab Diagnostics POCT & Managed Services National Framework (2023/S 000-028831)",North West Anglia NHS Foundation Trust,,40616.28,GBP,2026-08-05,2026-06-30,award,complete,63121000,https://www.contractsfinder.service.gov.uk/Notice/0dab40c3-d763-4dd5-9807-77500122bfaa-909603,2026-08-06T09:37:01.635953+00:00
Contracts Finder,ocds-b5fd17-40480141-7280-439d-8808-a41555e4f861_8a7b5fd8-cc6b-49db-9bcd-3ea0a9376cac-909602,CA18326 - HR & Payroll Software and Managed Payroll Services - Tyne Coast College,"Tyne Coast College is looking to appoint a single supplier to provide their HR & Payroll Software and Managed Payroll Services requirement. Full details are provided within the tender pack.

To access this competition: 

Registered:
Login to https://suppliers.multiquote.com and view the opportunity CA18326.

Not registered:
Visit https://suppliers.multiquote.com then register and quote CA18326 as the reason for registration. 

 Any queries please contact MultiQuote on 020 3920 8054.",Tyne Coast College,,571667.0,GBP,2026-08-05,2026-09-01,tender,active,48450000,https://www.contractsfinder.service.gov.uk/Notice/8a7b5fd8-cc6b-49db-9bcd-3ea0a9376cac,2026-08-06T09:37:01.636138+00:00
Contracts Finder,ocds-b5fd17-2c392e2c-944d-458e-a5f3-17b5618ec367_d875a0a4-fcae-4fc5-a56d-cd75a7137c20-909488,Purchase of New Fiat Vans,"The Authority requires the purchase of two new Fiat Ducato vans to support operational service delivery across the organisation. These vehicles will be utilised for operational logistics, transportation, and specialist fleet requirements to ensure continuity of service delivery.
The Authority has identified that the most cost-effective and compliant route for procurement is via the Crown Commercial Service (CCS) Framework RM6244 (Lot 2), which is valid from 29/11/2022 to 28/11/2026. This framew",Royal Berkshire Fire & Rescue Service,,61125.0,GBP,2026-08-05,2026-06-30,award,complete,34136000,https://www.contractsfinder.service.gov.uk/Notice/d875a0a4-fcae-4fc5-a56d-cd75a7137c20-909488,2026-08-06T09:37:01.636329+00:00
Contracts Finder,ocds-b5fd17-6a044e96-cbc8-4b17-a04c-1c355e8f763c_ea353718-aceb-4af1-b676-4da98f70b8ee-909601,"QOC905 09:00 2026-08-03 Haverhill & Newmarket to In Toto Education, Ely, Cambs - AWARD","Suffolk County Council is seeking a mini competition against the following Dynamic Purchasing System: `The supply of Passenger Transport Services`, OJEU Notice Id: 2018/S 031-067685.
      
      QOC905 09:00 2026-08-03 Haverhill & Newmarket to In Toto Education, Ely, Cambs
      
      Further details can be found in the 'Tenders / My Tenders' area of this website, by selecting the 'View Details' button for this project.
      
      The deadline for returned submissions is 09:00 2026-08-",Suffolk County Council Passenger Transport,,,GBP,2026-08-05,2026-08-03,award,complete,60000000,https://www.contractsfinder.service.gov.uk/Notice/ea353718-aceb-4af1-b676-4da98f70b8ee-909601,2026-08-06T09:37:01.636506+00:00
Contracts Finder,ocds-b5fd17-399e8bf6-e108-454e-9344-66566d008de7_c7245401-11b7-40d7-8aec-ae2015630fcb-909600,CA18322 - Preliminary Market Engagement - Office & Education Supplies Framework,"CPC intends to put a Framework in place for the supply of Office & Education Supplies, open to both manufacturers and resellers that will offer additional benefits through collaborative and innovative partnerships with CPC Members. The Framework will be for the supply of a wide range of Stationery, Cleaning consumables, Arts and Craft, Sports supplies, office supplies etc, to be purchased in varying quantities during the Framework period.
The framework will be open to current and future CPC mem",Crescent Purchasing Consortium Limited,,25000000.0,GBP,2026-08-05,,planning,planning,30192700,https://www.contractsfinder.service.gov.uk/Notice/c7245401-11b7-40d7-8aec-ae2015630fcb-909600,2026-08-06T09:37:01.636672+00:00
Contracts Finder,ocds-b5fd17-0243eba9-f3a2-4813-b1e6-dbb686f53f41_de534034-849f-423e-9c02-da30d79c1240-909599,Cirencester Hospital - Full Planning Application _Fees,Cirencester Hospital - Full Planning Application _Fees,Gloucestershire Hospitals NHS Foundation Trust,,123252.54,GBP,2026-08-05,2026-05-04,award,complete,71245000,https://www.contractsfinder.service.gov.uk/Notice/de534034-849f-423e-9c02-da30d79c1240-909599,2026-08-06T09:37:01.636842+00:00
Contracts Finder,ocds-b5fd17-ba209e9d-fb70-4615-b6b3-16029428c3d5_9248fa29-381e-4b1c-b367-958196271636-909598,Lot 1 DA Partition Acoustics and Fire Door - Warblington School - AWARD,"Dear Sir/Madam,
      
      In accordance with the Decoration Framework Lot 1 you are invited to a direct award for the Partition Acoustics and Fire Door at Warblington School and have been supplied with the attached documents.
      
      Please download all the documents and read VERY carefully.
      
      Opting In and Out
      Please note you are required to 'Opt In' before you can access the 'My tender Return' to start populating your response. 
      
      The 'Opt Out' func",Hampshire County Council,,,GBP,2026-08-05,2026-08-06,award,complete,45210000,https://www.contractsfinder.service.gov.uk/Notice/9248fa29-381e-4b1c-b367-958196271636-909598,2026-08-06T09:37:01.637007+00:00
Contracts Finder,ocds-b5fd17-3eae513b-1cef-4b4c-842f-1a6bfd9f4bdd_ff93a595-9771-41d4-b088-f09c2dd5f3ea-909597,Healthcare Data Analytics Platform for Public Health,"The total value of this contracts initial 36 month term is £36599.82 (ex vat) 
There are 1 extensions available as follows: 
•	Optional extension 1 value is £9961.61 (ex vat) 
The total potential contract value exclusive of vat is £46,561.43 (including all extension options) 
The total potential contract value inclusive of vat is £55,873.72 (including all extension options)",Bath and North East Somerset Council,,36599.82,GBP,2026-08-05,2026-05-31,award,complete,48000000,https://www.contractsfinder.service.gov.uk/Notice/ff93a595-9771-41d4-b088-f09c2dd5f3ea-909597,2026-08-06T09:37:01.637177+00:00
Contracts Finder,ocds-b5fd17-930f3310-b0b4-479c-8499-c6a562f7ac5b_fa63b33c-ed57-4102-bf6e-d2c2d091fb28-909596,"QIP459 0900 2026-08-05 Great Cornard - Castle hill school, Ipswich (4-seated vehicle required) - AWARD","Suffolk County Council is seeking a mini competition against the following Dynamic Purchasing System: `The supply of Passenger Transport Services`, OJEU Notice Id: 2018/S 031-067685.
      
      QIP459 0900 2026-08-05 Great Cornard - Castle hill school, Ipswich (4-seated vehicle required)
      
      Further details can be found in the 'Tenders / My Tenders' area of this website, by selecting the 'View Details' button for this project.
      
      The deadline for returned submissions i",Suffolk County Council Passenger Transport,,,GBP,2026-08-05,2026-08-05,award,complete,60000000,https://www.contractsfinder.service.gov.uk/Notice/fa63b33c-ed57-4102-bf6e-d2c2d091fb28-909596,2026-08-06T09:37:01.637363+00:00
Contracts Finder,ocds-b5fd17-111f5cdb-baf8-4c3b-a19e-8a438edc0d3f_a59954b0-2251-4968-a078-6be475a9cce7-909595,Explosives Detection Dogs (EDD) Training Aids,"This notice is to confirm the award of contract for Explosives Detection Dogs (EDD) training aids via the C16829 EDD Training Aids Framework - Lots 2-5. 

EDD training aids are controlled materials used to train, test and assure explosive detection dogs by exposing them to relevant explosive-related odours in a safe and consistent way. 

DfT are responsible for the assurance of these aids to help maintain effective detection capability for aviation and wider protective security.

The EDD t",DfTc - Department for Transport,,40572.88,GBP,2026-08-05,2026-07-24,award,complete,35121000,https://www.contractsfinder.service.gov.uk/Notice/a59954b0-2251-4968-a078-6be475a9cce7-909595,2026-08-06T09:37:01.637546+00:00
Contracts Finder,ocds-b5fd17-a072a1d5-1201-44c5-8faf-07c190a9661b_fec34c86-0c4a-40cd-a0d7-58f60cf403ed-909593,704399451-2-100 MSS/143 PD2-100 CAN,"PDaTS - Maritime Post Design and Technical Services. The Power, Propulsion and Auxiliaries (PPA) Team, which is part of the ships operating centre within Defence Equipment Support (DES) provides global support to the Royal Navy. PPA has set up a Framework agreement to provide Post Design and Technical Services to Royal Naval Platforms through an established set of suppliers. There is a possibility that during the life of the proposed contract that the size of HM Naval Fleet may increase or decre",Ministry of Defence,,1.0,GBP,2026-08-05,2026-05-24,award,complete,71356300,https://www.contractsfinder.service.gov.uk/Notice/fec34c86-0c4a-40cd-a0d7-58f60cf403ed-909593,2026-08-06T09:37:01.637720+00:00
Contracts Finder,ocds-b5fd17-28b1ec26-f851-469c-871a-52256b71aa16_cd4bac90-fa6f-4543-9817-e1392b345aa2-909591,"COV - Quotation for the Inspection, Maintenance, Testing, Repair and Installation of Fall Arrest Systems, Fixed Ladders and Guardrails 2026","Please note this is a contract award notice.

Coventry city council ran a below threshold procurement for the maintenance and repair of guard rails, fall arrest systems and fixed ladders.",COVENTRY CITY COUNCIL,,,GBP,2026-08-05,2026-05-22,award,complete,44423200,https://www.contractsfinder.service.gov.uk/Notice/cd4bac90-fa6f-4543-9817-e1392b345aa2-909591,2026-08-06T09:37:01.637891+00:00
Contracts Finder,ocds-b5fd17-845c6809-405b-4956-a4c3-fd435de5e809_091ac199-d827-4683-a6ca-d766fddd55aa-909592,LSF - Lot 2 - Uplands & Whiteley Primary Schools - Boardwalk Replacements - AWARD,"Dear Sir/Madam,
      
      In accordance with the Landscape and External Works Framework 2023-2027 you are invited to tender for the Boardwalk Replacements at Uplands & Whiteley Primary Schools and have been supplied with the attached documents.
      
      Please download all the documents and read VERY carefully.
      
      Opting In and Out
      Please note you are required to 'Opt In' before you can access the 'My tender Return' to start populating your response. 
      
     ",Hampshire County Council,,,GBP,2026-08-05,2026-05-29,award,complete,45112700,https://www.contractsfinder.service.gov.uk/Notice/091ac199-d827-4683-a6ca-d766fddd55aa-909592,2026-08-06T09:37:01.638058+00:00
Contracts Finder,ocds-b5fd17-bcce29dd-7555-4340-9353-84669197535e_99d3e4cf-0aaf-4ad9-aa0e-ba4a0f32162e-909589,M6 Lune Gorge - Metalwork,"Kier Infrastructure are looking to engage experienced and qualified Supplier for all metalworks related to the replacement of 14nr motorway bridges. Specifically but not limited to; Galleries on each structure / Stairways & steps re-installation to current regulations.

We will use the Build UK Common Assessment Criteria (CAS) to ensure a consistent minimum business competence. If your company possesses necessary qualifications and is interested in bidding for this project, please email infras",KIER TRANSPORTATION LIMITED,,500000.0,GBP,2026-08-05,2026-08-18,tender,active,45221113,https://www.contractsfinder.service.gov.uk/Notice/99d3e4cf-0aaf-4ad9-aa0e-ba4a0f32162e,2026-08-06T09:37:01.638231+00:00
Contracts Finder,ocds-b5fd17-9fc36874-503e-4a77-8a14-aac38c407487_3b6e3684-05f0-4999-af7e-38810524ba4a-909587,NCC2009 Boarding for Tweedmouth and Berwick Middle School,Northumberland County Council has appointed a contractor for the supply of Perma Steel Boarding for Tweedmouth & Berwick Middle School.,Northumberland County Council,,40813.04,GBP,2026-08-05,2026-07-15,award,complete,50000000,https://www.contractsfinder.service.gov.uk/Notice/3b6e3684-05f0-4999-af7e-38810524ba4a-909587,2026-08-06T09:37:01.638409+00:00
Contracts Finder,ocds-b5fd17-dd2780d5-26da-401d-99aa-dfa69d4a67f5_d86baaaf-9f14-484a-8c85-9315111dea38-909590,LSF Lot 1  Resurfacing -  Andover CE (C) Primary School - AWARD,"Dear Sir/Madam,
      
      In accordance with the Landscape and External Works Framework you are invited to a direct award for resurfacing at Andover CE (C) Primary School and have been supplied with the attached documents.
      
      Please download all the documents and read VERY carefully.
      
      Opting In and Out
      Please note you are required to 'Opt In' before you can access the 'My tender Return' to start populating your response. 
      
      The 'Opt Out' functio",Hampshire County Council,,,GBP,2026-08-05,2026-07-28,award,complete,45233251,https://www.contractsfinder.service.gov.uk/Notice/d86baaaf-9f14-484a-8c85-9315111dea38-909590,2026-08-06T09:37:01.638577+00:00
Contracts Finder,ocds-b5fd17-bcd542df-837f-4f1d-afea-c99df696b569_3a17ce50-5680-4400-ba2f-184c40433ce3-909588,Engineering Inspection Services,"Engineering Inspection Services
YPO Engineering Inspection Services Including Insurance - 1014",NHS PROPERTY SERVICES LIMITED,546224.97,929433.0,GBP,2026-08-05,2026-07-20,award,complete,71000000,https://www.contractsfinder.service.gov.uk/Notice/3a17ce50-5680-4400-ba2f-184c40433ce3-909588,2026-08-06T09:37:01.638750+00:00
Contracts Finder,ocds-b5fd17-2382ea66-3a21-4cf3-9d34-0de26f6ec246_c43fc6cb-429b-4c61-8d50-06950b864acc-909585,ENQ1347 - Ice Rink for Festive Derby,"This quotation is for the supply, installation and de-rig of a 300 sqm real ice rink for 4 weeks.

The procurement process adopted by the Council is based on the Procurement Act2023 (the ""Act"") and the Procurement Regulations 2024 (the ""Regulations"".)

The contract is estimated to commence on 7th September 2026 and expire on 31st January 2027.

Please note suppliers wishing to express interest and obtain the documentation must do so by 12:00 on Thursday 13th August 2026. It is recommended ",DERBY CITY COUNCIL,,74000.0,GBP,2026-08-05,2026-08-14,tenderAmendment,active,45212211,https://www.contractsfinder.service.gov.uk/Notice/c43fc6cb-429b-4c61-8d50-06950b864acc,2026-08-06T09:37:01.638919+00:00
Contracts Finder,ocds-b5fd17-26802104-0097-43ab-b6ce-4c631ec0c728_817988e8-d8d6-41e6-a4ed-2331832387e0-909586,"QIP719 0900 2026-08-05 Felixstowe - Piper's vale primary academy, Ipswich (6-seated vehicle and a PA required) - AWARD","Suffolk County Council is seeking a mini competition against the following Dynamic Purchasing System: `The supply of Passenger Transport Services`, OJEU Notice Id: 2018/S 031-067685.
      
      QIP719 0900 2026-08-05 Felixstowe - Piper's vale primary academy, Ipswich (6-seated vehicle and a PA required)
      
      Further details can be found in the 'Tenders / My Tenders' area of this website, by selecting the 'View Details' button for this project.
      
      The deadline for return",Suffolk County Council Passenger Transport,,,GBP,2026-08-05,2026-08-05,award,complete,60000000,https://www.contractsfinder.service.gov.uk/Notice/817988e8-d8d6-41e6-a4ed-2331832387e0-909586,2026-08-06T09:37:01.639081+00:00
Contracts Finder,ocds-b5fd17-c7f9f91e-bb3c-4c49-9a93-97b922ea4b57_48717fc5-6754-437e-a51f-1f42c0da1404-904596,Provision of Patient Sandwiches,Synchronicity Care Limited (SCL) have awarded a contract to Tiffin Sandwiches Ltd for provision of patient sandwiches following a further competition exercise under the NHS Supply Chain framework agreement 2024/S 000-010195: DPS - Food to Go (Expiry Date: 20 September 2030) for a period of 12 months (with the option to extend for a further 2 x 12 months).,SYNCHRONICITY CARE LTD.,,179665.77,GBP,2026-08-05,2026-04-17,award,complete,15811511,https://www.contractsfinder.service.gov.uk/Notice/48717fc5-6754-437e-a51f-1f42c0da1404-904596,2026-08-06T09:37:01.639250+00:00
Contracts Finder,ocds-b5fd17-6a8365af-1fbe-4709-82a7-e137b976a9fe_c3e80acf-20ee-402c-9d39-2a3c295c3778-909584,Validation of Existing Programmes and Modules at The Royal Marsden School,"The Royal Marsden NHS Foundation Trust is seeking to appoint a Higher Education Institution (HEI) partner to provide academic validation, quality assurance and accreditation services for The Royal Marsden School's undergraduate and postgraduate education portfolio.

Additional information: 
To express interest and participate in the tender, please register and apply via Atamis e-sourcing portal https://health-family.force.com/s/Welcome.

Should Tenderers have any queries, or having problems",Royal Marsden NHS Foundation Trust,900000.0,1400000.0,GBP,2026-08-05,2026-09-08,tender,active,80521000,https://www.contractsfinder.service.gov.uk/Notice/c3e80acf-20ee-402c-9d39-2a3c295c3778,2026-08-06T09:37:01.639436+00:00
Contracts Finder,ocds-b5fd17-cc082215-0701-4464-8ae0-827dd2cbc7d9_510195fc-43e0-4824-8864-af5d9cf2f16b-909369,Enterprise Performance Management (EPM) Advisory and Consultancy Services,"***** THIS IS AN AWARD NOTICE, NOT A CALL FOR COMPETITION ***** 

This Call Off contract has been sourced via a longlist shortlist exercise on the G Cloud 14 framework (RM1557.14) for the provision of Services Under Lot 3: Cloud support.

The contract was awarded for an initial term of one year, with the option to extend for a further 12 months. The maximum value of the call-off contract is £26,400 excluding VAT.",UK SHARED BUSINESS SERVICES LIMITED,13200.0,26400.0,GBP,2026-08-05,2026-06-04,award,complete,48000000,https://www.contractsfinder.service.gov.uk/Notice/510195fc-43e0-4824-8864-af5d9cf2f16b-909369,2026-08-06T09:37:01.639609+00:00
Contracts Finder,ocds-b5fd17-1851d9c7-9ef1-4f90-a938-7cc5e8addf30_40088397-88a6-49fc-a552-61fe34ed9ce7-909583,"2026-08-05 09:00 - QOC914 IP3 area of Ipswich & Brantham to Compass Community School - Pembroke Park, Colchester, Essex - AWARD","Suffolk County Council is seeking a mini competition against the following Dynamic Purchasing System: `The supply of Passenger Transport Services`, OJEU Notice Id: 2018/S 031-067685.
      
      IP3 area of Ipswich & Brantham to Compass Community School - Pembroke Park, Colchester, Essex. 
      
      Further details can be found in the 'Tenders / My Tenders' area of this website, by selecting the 'View Details' button for this project.
      
      The deadline for returned submissions ",Suffolk County Council Passenger Transport,,,GBP,2026-08-05,2026-08-05,award,complete,60000000,https://www.contractsfinder.service.gov.uk/Notice/40088397-88a6-49fc-a552-61fe34ed9ce7-909583,2026-08-06T09:37:01.639771+00:00
Contracts Finder,ocds-b5fd17-c8a9fa41-bb4c-4cb2-be63-b4e97ca6ac66_bad9175b-3b9a-4d94-a8c1-da46946d2918-909581,Public View Reporting System,Public View Reporting Solution.,Coventry And Warwickshire Partnership N H S Trust,,75000.0,GBP,2026-08-05,2026-07-02,award,complete,48460000,https://www.contractsfinder.service.gov.uk/Notice/bad9175b-3b9a-4d94-a8c1-da46946d2918-909581,2026-08-06T09:37:01.639937+00:00
Contracts Finder,ocds-b5fd17-af405806-e43c-4d85-a025-7a27bec4c190_6a0fbd83-89ce-4ead-96b0-f6efd318adfa-909582,MetroWest Phase 1b Legal Services,North Somerset Council required a consultant to provide legal services for the MetroWest Phase 1b programme. The RM6240 Crown Commercial Services (CCS) Public Sector Legal Services Framework (Lot 1a: Full Service Provision - England and Wales) was used for this procurement.,North Somerset Council,,171268.0,GBP,2026-08-05,2025-12-12,award,complete,79000000,https://www.contractsfinder.service.gov.uk/Notice/6a0fbd83-89ce-4ead-96b0-f6efd318adfa-909582,2026-08-06T09:37:01.640102+00:00
Contracts Finder,ocds-b5fd17-3de45330-e3d3-40c2-8b0a-10a5f672938d_2df82153-5a38-4ae5-b3ca-e3405eea6665-909574,Regional Clean Energy Skills Coordination and Action Planning,"Enterprise Cheshire and Warrington (ECW), working alongside the Department for Energy Security and Net Zero (DESNZ) and the North West Net Zero Hub (NWNZH) is seeking to appoint an individual consultant or small group of consultants to oversee the implementation of the Clean Energy Skills Regional Action Plan (CESRAP), and in partnership with relevant neighbouring regions. 

The CESRAP brings together evidence from extensive stakeholder consultation, employer engagement, provider input, and re",ENTERPRISE CHESHIRE AND WARRINGTON,,80000.0,GBP,2026-08-05,2026-08-25,tender,active,73110000,https://www.contractsfinder.service.gov.uk/Notice/2df82153-5a38-4ae5-b3ca-e3405eea6665,2026-08-06T09:37:01.640276+00:00
Contracts Finder,ocds-b5fd17-8e293f98-c6a4-4708-b72e-1d3a7eb2bff6_9d6ea4a9-a39c-4336-a56e-836870c44a11-909580,Pre-Concept Environmental Safety Case Support,The provision of task-based support to help the delivery of the Pre-Concept Environmental Safety Case.,Nuclear Waste Services,,50000.0,GBP,2026-08-05,2026-06-05,award,complete,90721000,https://www.contractsfinder.service.gov.uk/Notice/9d6ea4a9-a39c-4336-a56e-836870c44a11-909580,2026-08-06T09:37:01.640462+00:00
Contracts Finder,ocds-b5fd17-d5be551d-df76-4050-ae54-f73d49a06bf9_04b8efea-9dfd-4e00-9d68-b241f8bdef5a-909572,ESPH799 NB WDC LocataPro Lettings & HPA2 Systems,"Wealden District Council are requiring a fully integrated, cloud-based Housing Options, Homelessness and Choice Based Lettings ICT Platform solution to meet key operational requirements based on one updated Specification.  
Locata (Housing Services) Limited was identified as the preferred supplier based on shortlisted research result, and as they provide in one Contract the whole scope of services required by the WDC, HBC and RDC Councils.",Wealden District Council,,88725.0,GBP,2026-08-05,2026-07-24,award,complete,48000000,https://www.contractsfinder.service.gov.uk/Notice/04b8efea-9dfd-4e00-9d68-b241f8bdef5a-909572,2026-08-06T09:37:01.640636+00:00
Contracts Finder,ocds-b5fd17-a29dc086-56d4-49dd-b7ac-9c42a8fa0687_c41ef013-8c79-4f36-a6b2-48c8e2184cd1-909579,ED C-MAC Video Laryngoscope,"Supply of C-MAC Video Laryngoscope for Emergency Department

Additional information: 
Supply of C-MAC Video Laryngoscope for Emergency Department",Gloucestershire Hospitals NHS Foundation Trust,12030.77,0.01,GBP,2026-08-05,2026-08-03,award,complete,33100000,https://www.contractsfinder.service.gov.uk/Notice/c41ef013-8c79-4f36-a6b2-48c8e2184cd1-909579,2026-08-06T09:37:01.640806+00:00
Contracts Finder,ocds-b5fd17-5b1c7785-a736-416a-b346-972f58875566_0e2a2655-9e98-464f-9303-55c12fd20121-909578,S30121 ADMM - Content Management,"National Highways have developed an Asset Data Improvement Plan (ADIP) - a Road 
Investment Strategy period 3 (RIS3) company delivery commitment - which will support 
data improvements throughout RIS3 with benefits realised progressively as milestones 
are achieved. A key early milestone in the ADIP is the development of Use Cases for 
our asset data. Use Cases are clearly documented data requirements and 
specifications to fulfil a specific business need. They allow not just the collation ",National Highways Limited,,100000.0,GBP,2026-08-05,2026-06-17,award,complete,73220000,https://www.contractsfinder.service.gov.uk/Notice/0e2a2655-9e98-464f-9303-55c12fd20121-909578,2026-08-06T09:37:01.640973+00:00
Contracts Finder,ocds-b5fd17-38fdc8cc-f2a5-424e-bb7b-63ea1afecddd_19c9c869-3bc1-48b9-8b9b-7d9a95b13a81-909577,37090 - HOMEFIELD COLLEGE,"This contract is for the provision of transport services - journey stated in the title of this notice. It has been awarded following a Mini Competition under Council's Dynamic Purchasing System (DPS) PAN3059 - Passenger Transport Services.

 

To find out more about this DPS and how to provide taxi services to the Council, please see Taxi firms tendering for contracts (leicester.gov.uk)

Additional information: 
At the point of award, we are no longer seeking tenders.",Leicester City Council,,24336.0,GBP,2026-08-05,2026-08-05,award,complete,60120000,https://www.contractsfinder.service.gov.uk/Notice/19c9c869-3bc1-48b9-8b9b-7d9a95b13a81-909577,2026-08-06T09:37:01.641139+00:00
Contracts Finder,ocds-b5fd17-5b34fc58-d373-4264-a264-3b46994add8a_a4decd88-a4e3-4645-8d03-4fa9fd907759-909576,Taxi and MPV (1-8 seats) - Taxi and MPV (1-8 seats),"Vehicle type: Saloon 
Passenger Assistant Required:  No

Proposed Taxi Route:
From: BN25 3RP 
To:   Bricklehurst Manor School, TN5 7EL
Frequency: Monday-Friday 
Daily School Time: 8:45-14:30

Comments for Operator:  
Female driver required
 This opportunity has been distributed on SProc.net",East Sussex County Council,,,GBP,2026-08-05,2026-08-10,tender,active,60000000,https://www.contractsfinder.service.gov.uk/Notice/a4decd88-a4e3-4645-8d03-4fa9fd907759,2026-08-06T09:37:01.641304+00:00
Contracts Finder,ocds-b5fd17-e6924947-cd23-40d7-b5a2-8870c61937db_81084c78-67a0-425f-aac9-6c5efe394680-909575,DN782229 External Fire Safety Remedial Works Specialist Consultant,"External Fire Safety Remedial Works Specialist Consultant contract through Direct Award using the Pretium Framework ""The Hyde Building & Fire Safety"". The framework reference number is ECH 1131. The Contract Notice for the framework is available here: 2022/S 000-025442.\\r\r",London Borough of Hackney,,9000000.0,GBP,2026-08-05,2026-05-01,award,complete,45000000,https://www.contractsfinder.service.gov.uk/Notice/81084c78-67a0-425f-aac9-6c5efe394680-909575,2026-08-06T09:37:01.641499+00:00
Contracts Finder,ocds-b5fd17-e622d494-0e0e-4cdc-9830-c7e0e2a707d1_98fa6108-6dbe-4b4e-9180-f121cb1d6216-909573,"2026-08-05 09:00 - QOC915 IP2 area of Ipswich to Compass Community School - Pembroke Park, Colchester, Essex - AWARD","Suffolk County Council is seeking a mini competition against the following Dynamic Purchasing System: `The supply of Passenger Transport Services`, OJEU Notice Id: 2018/S 031-067685.
      
      IP2 area of Ipswich to Compass Community School - Pembroke Park, Colchester, Essex. 
      
      Further details can be found in the 'Tenders / My Tenders' area of this website, by selecting the 'View Details' button for this project.
      
      The deadline for returned submissions is 09:00 We",Suffolk County Council Passenger Transport,,,GBP,2026-08-05,2026-08-05,award,complete,60000000,https://www.contractsfinder.service.gov.uk/Notice/98fa6108-6dbe-4b4e-9180-f121cb1d6216-909573,2026-08-06T09:37:01.641672+00:00
Contracts Finder,ocds-b5fd17-f3cea5c6-861f-49d7-a505-ac29d8c4a578_1cc7a1c8-4949-4cbe-9ac0-71cd7ccb4d3b-909569,Recruitment of SCS1 AI Assurance lead for CAIO,"Recruitment services for Recruitment of SCS1 AI Assurance lead for CAIO. Contract terms 6 months. Total contract value £22,000 ex VAT.",H M REVENUE & CUSTOMS,,22000.0,GBP,2026-08-05,2026-08-03,award,complete,79600000,https://www.contractsfinder.service.gov.uk/Notice/1cc7a1c8-4949-4cbe-9ac0-71cd7ccb4d3b-909569,2026-08-06T09:37:01.641839+00:00
Contracts Finder,ocds-b5fd17-b02b2b24-2fd4-4122-8247-5c5ac5280b36_359d0ab4-7d8d-43b1-8d4d-52f28892ae7b-909571,EOI - Curriculum experts - Provision of Primary Curriculum and Early Years Foundation Stage Expert resource for the Standards and Testing Agency 2026 - 2028,"EOI for Provision of Primary Curriculum Experts - Key Stage 1 English grammar, punctuation and spelling 

STA is looking to appoint an Assessment Advisor for the development of KS1 and 2 assessment materials for English grammar, punctuation and spelling, as well as a Curriculum Advisor for the development of KS1 assessment materials for English grammar, punctuation and spelling.

Assessment Advisor
STA is seeking an Assessment Advisor to work alongside test development colleagues on the pre",Department for Education,,,GBP,2026-08-05,,planning,planned,80000000,https://www.contractsfinder.service.gov.uk/Notice/359d0ab4-7d8d-43b1-8d4d-52f28892ae7b-909571,2026-08-06T09:37:01.641993+00:00
Contracts Finder,ocds-b5fd17-07695ee8-60f2-4d16-b29c-0503de5107d8_44058d67-c1a9-4758-bd92-77e5d38cf2b6-909570,"2026-08-03 09:00 - QOC903 Creeting St Mary to Acorn Park School, Banham, Norfolk  - AWARD","Suffolk County Council is seeking a mini competition against the following Dynamic Purchasing System: `The supply of Passenger Transport Services`, OJEU Notice Id: 2018/S 031-067685.
      
      Creeting St Mary to Acorn Park School, Banham, Norfolk.
      
      Further details can be found in the 'Tenders / My Tenders' area of this website, by selecting the 'View Details' button for this project.
      
      The deadline for returned submissions is Monday 3rd August 2026. Please note l",Suffolk County Council Passenger Transport,,,GBP,2026-08-05,2026-08-03,award,complete,60000000,https://www.contractsfinder.service.gov.uk/Notice/44058d67-c1a9-4758-bd92-77e5d38cf2b6-909570,2026-08-06T09:37:01.642156+00:00
Contracts Finder,ocds-b5fd17-26a6cc52-38c4-4c44-acd7-6b2683a8c093_a86e5757-1e8f-43f0-8fb5-4b612f3c6451-909565,"COV - Quotation for the Maintenance, De-Sludge and Repair of Sewage and Waste Water Pumping Systems 2026","Please note this is a Contract Award Notice

An open below threshold tender was ran for the maintenance and repair of Sewage Pump Systems and Waste Water Pumping Systems",COVENTRY CITY COUNCIL,1.0,95000.0,GBP,2026-08-05,2026-05-22,award,complete,90400000,https://www.contractsfinder.service.gov.uk/Notice/a86e5757-1e8f-43f0-8fb5-4b612f3c6451-909565,2026-08-06T09:37:01.642338+00:00
Contracts Finder,ocds-b5fd17-66a9429a-af23-4975-acc2-dd73da66feab_c42a5cec-025d-4082-ad95-6ca94c301d64-909568,Secure File Sharing and Collaboration Platform,Contract for the provision of a Secure File Sharing and Collaboration Platform,Government Legal Department,109121.66,218243.32,GBP,2026-08-05,2026-06-30,award,complete,48311000,https://www.contractsfinder.service.gov.uk/Notice/c42a5cec-025d-4082-ad95-6ca94c301d64-909568,2026-08-06T09:37:01.642514+00:00
Contracts Finder,ocds-b5fd17-b3920b4c-2ad7-4445-b087-c42c3dc81f2d_c1621a23-0091-4f91-8815-db4f90d07e52-909567,Library Management System,"Contract awarded through the CCS Framework Agreement Ref: RM6259 Lot 4 - Citizen Services, for one year with an option to extend for a further year, for the provision of a library management system. The service is to  commence on the 1st December 2025 and is to expire 30th November 2026 with an annual value of £33,618.94. Total  contract value including option to extend be £69,570.19.",Hull City Council,,33618.0,GBP,2026-08-05,2026-08-04,award,complete,48161000,https://www.contractsfinder.service.gov.uk/Notice/c1621a23-0091-4f91-8815-db4f90d07e52-909567,2026-08-06T09:37:01.642679+00:00
Contracts Finder,ocds-b5fd17-3432aa06-1253-4bef-a6b2-8762a1130539_41eb7d17-2952-445c-880d-4b3f0d50a655-909559,Rotherham Gateway Multi-Disciplinary Consultancy Support,"The Rotherham Gateway project is a multi-phased scheme to bring mainline rail services back to the Borough. Alongside the transport elements which also includes a new tram/train stop the scheme also delivers 300 new homes and an industry ecosystem, similar to the Advanced Manufacturing Park, associated car parking and public realm.
The scheme can be considered in phases:
•	Phase 1 - mainline station and tram train plus catalyst station building, public realm and car parking
•	Phase 1a - Effin",Rotherham Metropolitan Borough Council,138370.92,3138170.0,GBP,2026-08-05,2026-07-24,award,complete,71200000,https://www.contractsfinder.service.gov.uk/Notice/41eb7d17-2952-445c-880d-4b3f0d50a655-909559,2026-08-06T09:37:01.642857+00:00
Contracts Finder,ocds-b5fd17-63332148-20bc-44a7-9a6f-339f0cc07587_a1af3851-bcf5-4edd-a840-c41f72887b85-909564,Clinical Engineering Test Equipment,To purchase is a ventilator/gas analyser and 2 patient simulators.,Guy's and St Thomas' NHS Foundation Trust,41000.0,41433.06,GBP,2026-08-05,2024-08-22,award,complete,38500000,https://www.contractsfinder.service.gov.uk/Notice/a1af3851-bcf5-4edd-a840-c41f72887b85-909564,2026-08-06T09:37:01.643029+00:00
Contracts Finder,ocds-b5fd17-7cf70423-a2ec-4154-82d9-45023727101b_44c154b5-b556-4fe7-ba89-939c0f26d600-909562,DDaT26402 - Software Licences,"***** THIS IS AN AWARD NOTICE, NOT A CALL FOR COMPETITION ***** UK Research and Innovation had a requirement for the provision of Software Licences. This has been sourced via a competitive quotation procedure (below threshold).",UK SHARED BUSINESS SERVICES LIMITED,,12792.02,GBP,2026-08-05,2026-07-06,award,complete,48000000,https://www.contractsfinder.service.gov.uk/Notice/44c154b5-b556-4fe7-ba89-939c0f26d600-909562,2026-08-06T09:37:01.643195+00:00
Contracts Finder,ocds-b5fd17-a2162133-f692-4561-91e3-0fd73070e4f3_1e077d6e-a0b6-40b0-8c8b-c7ea6c450ed6-909563,HCL Software Support 2026,HCL Software Support 2026,DEFRA,,100000.0,GBP,2026-08-05,2026-07-31,award,complete,72261000,https://www.contractsfinder.service.gov.uk/Notice/1e077d6e-a0b6-40b0-8c8b-c7ea6c450ed6-909563,2026-08-06T09:37:01.643380+00:00
Contracts Finder,ocds-b5fd17-a41c83c0-4430-4f43-8eba-695e77c52e12_340edb46-732a-4dc7-8b88-296df863947a-909561,District and Communal Heating - Compliance project (Constellia),District and communal heating - compliance project (Constellia),Bristol City Council,,40000.0,GBP,2026-08-05,2026-07-17,award,complete,71000000,https://www.contractsfinder.service.gov.uk/Notice/340edb46-732a-4dc7-8b88-296df863947a-909561,2026-08-06T09:37:01.643554+00:00
Contracts Finder,ocds-b5fd17-a3b6d13d-49cb-4498-8d57-3141888320c5_8885f8de-5225-4e54-ac41-cbe60fa0fb7a-909560,Norton & Spencer House - Building Regs Consultancy (Constellia),"Norton & Spencer House - Building Regs Consultancy (Constellia)\r
\r
Spencer Building safety regulator Gateway 2 and Norton House Building Regulations Applications for communal rewire",Bristol City Council,,35857.14,GBP,2026-08-05,2026-04-30,award,complete,71000000,https://www.contractsfinder.service.gov.uk/Notice/8885f8de-5225-4e54-ac41-cbe60fa0fb7a-909560,2026-08-06T09:37:01.643720+00:00
Contracts Finder,ocds-b5fd17-b042dc50-4f47-4c08-817e-d9afb0834bdd_2b35051e-a78b-4264-8818-5add4bebbc61-909475,Cyber Security Audit Test,"Contract for Cyber Security testing of an IT
infrastructure system, procured as a call-off,
following a short-listing and evaluation process,
from RM1557.14 Digital Marketplace (G-Cloud 14).",Money and Pensions Service,,720000.0,GBP,2026-08-05,2026-05-30,award,complete,72222300,https://www.contractsfinder.service.gov.uk/Notice/2b35051e-a78b-4264-8818-5add4bebbc61-909475,2026-08-06T09:37:01.643956+00:00
Contracts Finder,ocds-b5fd17-9dbd3375-7ef8-43f2-97a9-b3d2ea42f635_57d726e2-ac59-47cb-8d09-e1dc80ec67cd-909517,The Provision of ePortfolio Services to the Army Apprenticeship Programme,"NOTE - This is NOT an opportunity - this contract has been AWARDED 

Call-Off Contract against G-Cloud 14 Framework Agreement (RM1557.14) 

The primary purpose of this requirement is to procure an ePortfolio software package to eventually manage the evidence of learning for all apprentices currently in the Army Apprenticeship Programme (AAP). The secondary requirement was to collate all existing learner data on to an MOD managed platform for operational and security purposes.",MINISTRY OF DEFENCE,,3201000.0,GBP,2026-08-05,2026-07-10,award,complete,48000000,https://www.contractsfinder.service.gov.uk/Notice/57d726e2-ac59-47cb-8d09-e1dc80ec67cd-909517,2026-08-06T09:37:01.644120+00:00
Contracts Finder,ocds-b5fd17-ae1692f2-be4d-40c2-b4c4-43ea44d3ebfa_4ce80f3a-c3ee-432f-956a-66391527eae3-909555,Temporary Worker Agencies and Interim Contractors/Consultants for Preferred Supplier Listing Status for Dorset Unitary Council Y24006,"Dorset Unitary Council & Kent Commercial Services Limited T/A Connect2Dorset is a joint venture between Dorset Unitary Council & Kent Commercial Services Kent Ltd (a wholly owned business of Kent County Council), newly formed for the purpose of delivering services back to Dorset Unitary Council and CSKL respectively, for the benefit of the communities that it serves.
      This opportunity will allow Connect2Dorset to offer a recruitment managed service approach to the temporary agency, contrac",BIP SOLUTIONS LIMITED,,500000000.0,GBP,2026-08-05,2025-03-31,tender,active,79600000,https://www.contractsfinder.service.gov.uk/Notice/4ce80f3a-c3ee-432f-956a-66391527eae3,2026-08-06T09:37:01.644276+00:00
Contracts Finder,ocds-b5fd17-1ced1f15-a1c2-456c-823c-d0352b9af0e1_6c341d6f-f1d8-4d76-bdc2-abe4454d45d5-909554,"Dynamic Purchasing System (""DPS"") of Temporary Worker Agencies, and Interim Contractors/Consultants for Preferred Supplier Listing (""PSL"") Status for Dudley Metropolitan Borough Council - Y23017","Dudley & Kent Commercial Services Limited T/A Connect2Dudley is a joint venture between
      Dudley Metropolitan Borough Council (""Dudley Council"" and Commercial Services Kent Ltd
      (""CSKL"" (a wholly owned business of Kent County Council), newly formed for the purpose of
      delivering services back to Dudley Council and CSKL respectively, for the benefit of the
      communities that it serves.
      This opportunity will allow Connect2Dudley to offer a recruitment managed service
",BIP SOLUTIONS LIMITED,,,GBP,2026-08-05,2026-08-04,tender,active,79600000,https://www.contractsfinder.service.gov.uk/Notice/6c341d6f-f1d8-4d76-bdc2-abe4454d45d5,2026-08-06T09:37:01.644449+00:00
Contracts Finder,ocds-b5fd17-860c21a7-658d-420f-85b1-967ebe5c49df_f21ceee4-24c6-489b-aaf7-59c8d28f9e5a-909557,South waste MaxPowa V65 Dual Sweep 2026,Purchase a new MaxPowa V65 Dual Sweep,West Northamptonshire Council,,179003.0,GBP,2026-08-05,2026-05-07,award,complete,90500000,https://www.contractsfinder.service.gov.uk/Notice/f21ceee4-24c6-489b-aaf7-59c8d28f9e5a-909557,2026-08-06T09:37:01.644618+00:00
Contracts Finder,ocds-b5fd17-cb84aba0-0eaa-472d-a0e6-ddacf198da9b_129aeb78-f510-4371-af40-1bf7c38d8955-909553,"Invitation to join a Dynamic Purchasing System (DPS) of Temporary Agency, Contractor and Interim Agencies for Preferred Supplier Listing (PSL) Status for Halton Borough Council - Y25002","Halton Borough Council & Kent Commercial Services Limited T/A Connect2Halton, is a joint venture between Halton Borough Council & Kent Commercial Services Kent Ltd (CSKL) (a wholly owned business of Kent County Council), newly formed for the purpose of delivering services back to Halton Borough Council  and CSKL respectively, for the benefit of the communities that it serves.
      This opportunity will allow Connect2Halton to offer a recruitment managed service approach to the temporary agency",BIP SOLUTIONS LIMITED,,500000000.0,GBP,2026-08-05,2025-03-31,tender,active,79600000,https://www.contractsfinder.service.gov.uk/Notice/129aeb78-f510-4371-af40-1bf7c38d8955,2026-08-06T09:37:01.644773+00:00
Contracts Finder,ocds-b5fd17-6aeb0dea-1371-40ed-b182-415ffac88acc_dbefd5a3-b517-411e-ac69-b913267de465-909556,"Dynamic Purchasing System (DPS) of Temporary Agency, Contractor and Interim Agencies for Preferred Supplier Listing (PSL) Status for Luton Borough Council - Y21001","Luton & Kent Commercial Services T/A Connect2Luton (C2L) is a joint venture between Luton Borough Council (LBC) and Commercial Services Kent Ltd (CSKL) (a wholly owned business of Kent County Council), newly formed for the purpose of delivering services back to LBC and CSKL respectively for the benefit of the communities that it serves. This opportunity will allow C2L to offer a recruitment managed service approach to the temporary, interim and contractor recruitment needs of LBC, with an option",Luton and Kent Commercial Services LLP,,500000.0,GBP,2026-08-05,2026-08-04,tender,active,79600000,https://www.contractsfinder.service.gov.uk/Notice/dbefd5a3-b517-411e-ac69-b913267de465,2026-08-06T09:37:01.644942+00:00
Contracts Finder,ocds-b5fd17-238188c9-ba16-4fa5-b6d1-00611e799577_8d9604ec-55df-4061-8ea4-58c7385a2cc1-909550,"Dynamic Purchasing System (DPS) of Temporary Agency, Contractor and Interim Agencies for Preferred Supplier Listing (PSL) Status for Hackney Borough Council - Y25013","Hackney & Kent Commercial Services LLP T/A Connect2Hackney (HACKNEY & KENT COMMERCIAL SERVICES LLP) is a joint venture between Hackney Borough Council and Commercial Services Kent Ltd (CSKL) (a wholly owned business of Kent County Council), newly formed for the purpose of delivering services back to HACKNEY BOROUGH COUNCIL and CSKL respectively for the benefit of the communities that it serves.  This opportunity will allow HACKNEY & KENT COMMERCIAL SERVICES LLP to offer a recruitment managed ser",BIP SOLUTIONS LIMITED,,,GBP,2026-08-05,2025-03-31,tender,active,79600000,https://www.contractsfinder.service.gov.uk/Notice/8d9604ec-55df-4061-8ea4-58c7385a2cc1,2026-08-06T09:37:01.645101+00:00
Contracts Finder,ocds-b5fd17-c531e7a8-90b7-43b3-a9b9-ef0e8b822d07_ae75726d-c79e-4079-9c2c-78f8389206b0-909549,Y22019 - Connect2Surrey - Dynamic Purchasing System of Temporary Worker Agencies and Interim Contractors/Consultants for Preferred Provider Listing status,"Surrey & Kent Commercial Services LLP T/A Connect2Surrey (C2S) is a joint venture
      between Surrey County Council (SCC) and Commercial Services Kent Ltd (CSKL) (a wholly
      owned business of Kent County Council), newly formed for the purpose of delivering services
      back to SCC and CSKL respectively, for the benefit of the communities that it serves. This
      opportunity will allow C2S to offer a recruitment managed service approach to the
      temporary and interim recruitmen",BIP SOLUTIONS LIMITED,,,GBP,2026-08-05,2026-08-04,tender,active,79600000,https://www.contractsfinder.service.gov.uk/Notice/ae75726d-c79e-4079-9c2c-78f8389206b0,2026-08-06T09:37:01.645252+00:00
Contracts Finder,ocds-b5fd17-f275d467-7212-4e50-858b-3918ee92f8bf_9818f68f-cb2c-455a-aa11-acd47fcf17e0-909551,Taxi and MPV (1-8 seats) Passenger Assistant - Taxi and MPV (1-8 seats) Passenger Assistant,"Vehicle type: Saloon 
Passenger Assistant Required:  Yes 

Proposed Taxi Route:
From:  BN9 9EW
To:   Hill Park School, BN41 2FU

Frequency: Monday - Friday 
Daily School Time: 09:00 - 15:15
 This opportunity has been distributed on SProc.net",East Sussex County Council,,,GBP,2026-08-05,2026-06-26,award,complete,60000000,https://www.contractsfinder.service.gov.uk/Notice/9818f68f-cb2c-455a-aa11-acd47fcf17e0-909551,2026-08-06T09:37:01.645441+00:00
Contracts Finder,ocds-b5fd17-877e738c-c181-418c-b963-2ac9caae6781_f8a18dc9-be3d-47f7-b53f-2852a878855e-909548,Contract award of Evaluation of the Asylum Accommodation Programme (AAP) Large and medium sites,"Contract award of  Evaluation of the Asylum Accommodation Programme (AAP) Large 
and medium sites",Home Office,,136856.25,GBP,2026-08-05,2026-06-26,award,complete,73110000,https://www.contractsfinder.service.gov.uk/Notice/f8a18dc9-be3d-47f7-b53f-2852a878855e-909548,2026-08-06T09:37:01.645619+00:00
Contracts Finder,ocds-b5fd17-3cd24288-3285-4848-96c4-67f9238bc63b_5ff831f6-cbff-495f-aa15-db5c69fb7dde-909547,Taxi and MPV (1-8 seats) Passenger Assistant - Taxi and MPV (1-8 seats) Passenger Assistant,"Vehicle type: 8 seater
Passenger Assistant Required: 1 x PA required

Proposed Taxi Route: 
From: BN27 2HE (x2), BN27 2DB, BN27 2PE and BN27 4EH
To: St Marys Wrestwood, TN40 2LU
Frequency: Monday to Friday
Daily School Time: Mon-Thurs 08:40 to 16:00 and Fri 08:40-14:30

Comments for Operator: 
1 x PA required.
TUPE may apply
 This opportunity has been distributed on SProc.net",East Sussex County Council,,,GBP,2026-08-05,2026-07-20,award,complete,60000000,https://www.contractsfinder.service.gov.uk/Notice/5ff831f6-cbff-495f-aa15-db5c69fb7dde-909547,2026-08-06T09:37:01.645789+00:00
Contracts Finder,ocds-b5fd17-c790b098-f7ad-47df-b8df-0c073bf7278c_a94dfbdd-5e2b-452a-ae25-6bf48d787670-909546,Taxi and MPV (1-8 seats) Passenger Assistant - Taxi and MPV (1-8 seats) Passenger Assistant,"Vehicle type: 4 Seater
Passenger Assistant Required: 1 x Epilepsy trained PA required

Proposed Taxi Route: 
From: BN10 7JU and BN9 9FL
To: St Marys Wrestwood, TN40 2LU
Frequency: Monday to Friday
Daily School Time: Mon-Thurs 08:40 to 16:00 and Fri 08:40-14:30

Comments for Operator: 
1 x Epilepsy trained PA required.
TUPE may apply
 This opportunity has been distributed on SProc.net",East Sussex County Council,,,GBP,2026-08-05,2026-07-20,award,complete,60000000,https://www.contractsfinder.service.gov.uk/Notice/a94dfbdd-5e2b-452a-ae25-6bf48d787670-909546,2026-08-06T09:37:01.645952+00:00
Contracts Finder,ocds-b5fd17-cbe1f90e-56ba-4e5d-b58c-a1b1e7ed7a52_2cbfda73-1230-4988-b60d-ffd7bf99d60f-909545,Taxi and MPV (1-8 seats) Passenger Assistant - Taxi and MPV (1-8 seats) Passenger Assistant,"Vehicle type: 4 seater
Passenger Assistant Required: 1 x PA required

Proposed Taxi Route: 
From: BN27 1TG
To: St Marys Wrestwood, TN40 2LU
Frequency: Monday to Friday
Daily School Time: Mon-Thurs 08:40 to 16:00 and Fri 08:40-14:30

Comments for Operator: 
1 x PA required.
TUPE may apply
 This opportunity has been distributed on SProc.net",East Sussex County Council,,,GBP,2026-08-05,2026-07-20,award,complete,60000000,https://www.contractsfinder.service.gov.uk/Notice/2cbfda73-1230-4988-b60d-ffd7bf99d60f-909545,2026-08-06T09:37:01.646112+00:00
Contracts Finder,ocds-b5fd17-3a418b8a-49f0-4a59-9b4d-352a2e381f5a_b1c9fab4-7d9b-4ee2-89ef-adf0284d0c9a-909544,Taxi and MPV (1-8 seats) Passenger Assistant - Taxi and MPV (1-8 seats) Passenger Assistant,"Tender details:
Vehicle type: MPV 06 Seat 
Passenger Assistant Required:  Yes 

Proposed Taxi Route:
From:  TN34 3QB, TN34 2DE
To:   Willingdon Primary School, BN20 9RJ

Frequency: Monday - Friday 
Daily School Time: 8:55 - 15:10
 This opportunity has been distributed on SProc.net",East Sussex County Council,,,GBP,2026-08-05,2026-07-07,award,complete,60000000,https://www.contractsfinder.service.gov.uk/Notice/b1c9fab4-7d9b-4ee2-89ef-adf0284d0c9a-909544,2026-08-06T09:37:01.646272+00:00
Contracts Finder,ocds-b5fd17-1daae25c-8a30-4e82-b4bc-f824ccdb8155_cfa524e5-932e-4581-b5bf-0fd283790162-909543,Taxi and MPV (1-8 seats) Passenger Assistant - Taxi and MPV (1-8 seats) Passenger Assistant,"Proposed Taxi Route:
From:  See service specification
To:   Cuckmere House 

Frequency: 5 days a week
Daily School Time: Primary 08:30-14:30 Secondary 09:00-15:10 Tower House 09:00-15:00

Comments for Operator:  
See service specification and note that due to the complex nature of this contract, bidders will need to complete a further round of clarification questions as part of the award selection criteria.

As a guide to the selection criteria, vehicle capacity, staff training and sta",East Sussex County Council,,,GBP,2026-08-05,2026-07-03,award,complete,60000000,https://www.contractsfinder.service.gov.uk/Notice/cfa524e5-932e-4581-b5bf-0fd283790162-909543,2026-08-06T09:37:01.646448+00:00
Contracts Finder,ocds-b5fd17-0d449612-6bf5-4ce8-b59f-79c0bb39e9e1_62ed2a30-ff53-4f11-a8db-f4284ab14fea-909542,Westmead Road - Employers Agent,"Employers Agent and Clerk of Works services for the redevelopment of 71-75 Westmead Road in Carshalton, Sutton.

Appointment of CPC Project Services as the Council's Employers Agent for the Westmead
Road development scheme via direct award route of the National Framework Partnership.",London Borough of Sutton,,131040.0,GBP,2026-08-05,,planning,planning,71530000,https://www.contractsfinder.service.gov.uk/Notice/62ed2a30-ff53-4f11-a8db-f4284ab14fea-909542,2026-08-06T09:37:01.646607+00:00
Contracts Finder,ocds-b5fd17-b91580cb-4fee-428d-abaa-6ee8a9bcb65b_f56c80ff-26fb-433b-a7b1-594f5269c67f-909541,Passenger Transport Services For Dispersals & Appointments,"CRH intends to appoint suitably qualified suppliers capable of delivering a safe, reliable, responsive and scalable transport services. The requirement includes planned and short-notice journeys, single and return trips and travel to authorised destinations, including accommodation sites, healthcare facilities and other approved locations. Suppliers will be expected to provide sufficient geographic coverage, vehicle availability and booking capacity to respond to fluctuating demand, while meetin",BIP SOLUTIONS LIMITED,,,GBP,2026-08-05,2026-09-07,tenderAmendment,active,60120000,https://www.contractsfinder.service.gov.uk/Notice/f56c80ff-26fb-433b-a7b1-594f5269c67f,2026-08-06T09:37:01.646779+00:00
Contracts Finder,ocds-b5fd17-3846b7de-9fbe-47af-a988-9fedaeffbca9_8325f3a9-e051-4f12-9528-7dea19c478b3-909540,Taxi and MPV (1-8 seats) - Taxi and MPV (1-8 seats),"Vehicle type: saloon 
Passenger Assistant Required:  No

Proposed Taxi Route:
From: BN9 9RH
BN22 0BJ 
To: Headstart - Golden Cross, BN27 4AN
Frequency: Monday-Friday 
Daily School Time: 8:45 - 15:10
 This opportunity has been distributed on SProc.net",East Sussex County Council,,,GBP,2026-08-05,2026-07-30,award,complete,60000000,https://www.contractsfinder.service.gov.uk/Notice/8325f3a9-e051-4f12-9528-7dea19c478b3-909540,2026-08-06T09:37:01.646937+00:00
Contracts Finder,ocds-b5fd17-b862964f-b8a4-4735-9550-e357d9b12ea1_9e92ad7b-18f0-46c8-b181-fc16b5704f53-909539,Taxi and MPV (1-8 seats) Passenger Assistant - Taxi and MPV (1-8 seats) Passenger Assistant,"Vehicle type: 06 seat MPV 
Passenger Assistant Required:  Yes 

Proposed Taxi Route:
From:  BN9 9ET, BN9 9DE 
To:  Summerdown Secondary School, BN22 9PZ
Frequency: Monday - Friday 
Daily School Time: 09:00 - 15:00 
 This opportunity has been distributed on SProc.net",East Sussex County Council,,,GBP,2026-08-05,2026-07-31,award,complete,60000000,https://www.contractsfinder.service.gov.uk/Notice/9e92ad7b-18f0-46c8-b181-fc16b5704f53-909539,2026-08-06T09:37:01.647099+00:00
Contracts Finder,ocds-b5fd17-5414d12e-8f95-4ab3-8f49-0f3859102196_a4e1c8a9-3d34-44da-a950-a0f4c9fe59f9-909538,Taxi and MPV (1-8 seats) Passenger Assistant - Taxi and MPV (1-8 seats) Passenger Assistant,"Tender details:
Vehicle type: Saloon 
Passenger Assistant Required:  Yes 

Proposed Taxi Route:
From:  TN33 9FH
To:  Hazel Court School, BN23 8EJ

Frequency: Monday - Friday 
Daily School Time: 08:45 - 15:00 

Comments for Operator: 
TUPE may apply 
  
 This opportunity has been distributed on SProc.net",East Sussex County Council,,,GBP,2026-08-05,2026-07-13,award,complete,60000000,https://www.contractsfinder.service.gov.uk/Notice/a4e1c8a9-3d34-44da-a950-a0f4c9fe59f9-909538,2026-08-06T09:37:01.647258+00:00
Contracts Finder,ocds-b5fd17-7f228b05-2cbd-4a30-8ba0-1d2374fe4f46_e3cf2603-8bc8-4431-ab30-21fd6b005ce8-909537,PEP and Attendance Monitoring,"The Isle of Wight Virtual School seeks to procure a digital solution to manage Personal Education Plans (PEPs) for the children we care for and monitor school attendance for all children open to a social worker effectively. The tool must support statutory, and non-statutory, requirements, improve data accuracy, and enhance collaboration between stakeholders.
The system must: 
•	Provide a secure, user-friendly platform for creating, updating, and storing PEPs.
•	Enable real-time attendance mon",Isle of Wight Council,,105000.0,GBP,2026-08-05,2026-07-30,award,complete,48000000,https://www.contractsfinder.service.gov.uk/Notice/e3cf2603-8bc8-4431-ab30-21fd6b005ce8-909537,2026-08-06T09:37:01.647438+00:00
Contracts Finder,ocds-b5fd17-6e7e01e6-9b33-4666-bada-b59464b77c72_6475caae-73ed-4cc2-94ed-89b9a44a9047-909533,GSM Workshop and Machinery Storage Project,"Billing Parish Council invites tenders from suitably qualified & experienced contractors for the design, manufacture and delivery of two bespoke timber buildings to be located at Bernard Weston Pavilion, Penfold Lane, Great Billing, Northampton, NN3 9EF.

The contract comprises:
One insulated garden workshop (6m x 4m internal) suitable for year-round use;
One garden machinery storage building (8m x 4.5m) designed for the storage and movement of landscaping equipment. 

The successful contr",Billing Parish Council,,,GBP,2026-08-05,2026-06-12,award,complete,44211000,https://www.contractsfinder.service.gov.uk/Notice/6475caae-73ed-4cc2-94ed-89b9a44a9047-909533,2026-08-06T09:37:01.647604+00:00
Contracts Finder,ocds-b5fd17-ad1e0dc3-28a5-46ec-a049-4257f831eccf_8520f8fe-6600-43f3-90b7-42e707cac77f-909536,DN814861 External Fire Safety Remedial Works Specialist Consultant,External Fire Safety Remedial Works Specialist Consultant contract through Direct Award using the Pretium Framework; The Hyde Building & Fire Safety. The framework reference number is ECH 1131. The Contract Notice for the framework is available here: 2022/S 000-025442.,London Borough of Hackney,,9000000.0,GBP,2026-08-05,2026-05-01,award,complete,45000000,https://www.contractsfinder.service.gov.uk/Notice/8520f8fe-6600-43f3-90b7-42e707cac77f-909536,2026-08-06T09:37:01.647771+00:00
Contracts Finder,ocds-b5fd17-3ba044ef-2db2-46c7-98d5-e99bfd843479_cf3a057e-641b-4972-8d5e-30446f106dc2-909535,"2026-08-03 09:00 - QOC669 Beck Row and Red Lodge to Acorn Park School, Banham Norfolk - AWARD","Suffolk County Council is seeking a mini competition against the following Dynamic Purchasing System: `The supply of Passenger Transport Services`, OJEU Notice Id: 2018/S 031-067685.
      
      Beck Row and Red Lodge to Acorn Park School, Banham Norfolk.
      
      Further details can be found in the 'Tenders / My Tenders' area of this website, by selecting the 'View Details' button for this project.
      
      The deadline for returned submissions is Monday 3rd August 2026. Please n",Suffolk County Council Passenger Transport,,,GBP,2026-08-05,2026-08-03,award,complete,60000000,https://www.contractsfinder.service.gov.uk/Notice/cf3a057e-641b-4972-8d5e-30446f106dc2-909535,2026-08-06T09:37:01.647931+00:00
Contracts Finder,ocds-b5fd17-10d27d3f-d0f1-4fb7-afaa-afabc5eb7327_8c4323f1-8b6c-462f-a5df-933dd0b3e67c-909534,Property and Exhibits Management Solution,G-Cloud 14 Call-Off contract for a property and exhibits management software solution. This contract is for an initial term of 2 years with with option to extend for further 12 months. The higher value published in this notice reflects the maximum contract value including the optional extension.,FCA,346290.0,486776.0,GBP,2026-08-05,2026-07-16,award,complete,72261000,https://www.contractsfinder.service.gov.uk/Notice/8c4323f1-8b6c-462f-a5df-933dd0b3e67c-909534,2026-08-06T09:37:01.648096+00:00
Contracts Finder,ocds-b5fd17-a9d46fa4-8588-4a3e-83df-7561cb819d3a_fd8fa860-2eb2-4259-bae0-167c6591c7bb-909532,W821 - Garden Waste Bulk and Haulage Service,"Garden Waste transfer station within the City boundary and haulage to Stanton, Ilkeston.",DERBY CITY COUNCIL,,450000.0,GBP,2026-08-05,2026-07-04,award,complete,90000000,https://www.contractsfinder.service.gov.uk/Notice/fd8fa860-2eb2-4259-bae0-167c6591c7bb-909532,2026-08-06T09:37:01.648265+00:00
Contracts Finder,ocds-b5fd17-84b40228-27dd-4363-af36-83ef096a33b0_4036c46f-f2a6-4d34-a83b-7fd12b15de77-909530,TD2402 - Vehicles for Street Cleansing,To procure 1 x Graffiti van and 2 x 3.5t Cage Tippers for Street Cleansing.,DERBY CITY COUNCIL,,170000.0,GBP,2026-08-05,2026-07-20,award,complete,34000000,https://www.contractsfinder.service.gov.uk/Notice/4036c46f-f2a6-4d34-a83b-7fd12b15de77-909530,2026-08-06T09:37:01.648446+00:00
Contracts Finder,ocds-b5fd17-71768c97-053e-441d-9b7c-3d4592a8a72f_bb7cb15e-7a75-489a-8284-59e7427ab1d2-909529,"2026-08-03 09:00 - QOC485 Lowestoft to Acorn Park School, Banham, Norfolk - AWARD","Suffolk County Council is seeking a mini competition against the following Dynamic Purchasing System: `The supply of Passenger Transport Services`, OJEU Notice Id: 2018/S 031-067685.
      
      Lowestoft to Acorn Park School, Banham, Norfolk.
      
      Further details can be found in the 'Tenders / My Tenders' area of this website, by selecting the 'View Details' button for this project.
      
      The deadline for returned submissions is 09:00 on Monday 3rd August 2026. Please note",Suffolk County Council Passenger Transport,,,GBP,2026-08-05,2026-08-03,award,complete,60000000,https://www.contractsfinder.service.gov.uk/Notice/bb7cb15e-7a75-489a-8284-59e7427ab1d2-909529,2026-08-06T09:37:01.648610+00:00
Contracts Finder,ocds-b5fd17-417e4bf9-e7ed-4a52-b03d-c81ed9716b61_2ff4d967-a51e-4bf6-b7e1-124595afb745-909525,"DYNAMIC PURCHASING SYSTEM - Provision of Education, Social Care and Related Passenger Transport - Q2 2026 Contract Awards","A dynamic purchasing system for the provision of Education, Social Care and Related Passenger Transport.

This notice is for the award of Contracts under the DPS between April 2026 - June 2026. Due to a technical issue the contract dates do not represent the individual contract dates but the range of the call offs.",Bath & North East Somerset Council,,32000000.0,GBP,2026-08-05,2026-06-01,award,complete,60140000,https://www.contractsfinder.service.gov.uk/Notice/2ff4d967-a51e-4bf6-b7e1-124595afb745-909525,2026-08-06T09:37:01.648772+00:00
Contracts Finder,ocds-b5fd17-be5a5835-0545-4a41-b539-c586a10d19e7_4e699bcf-8648-4ca7-9327-ff7bac3bef03-909527,W675 - Interim Head of Waste,To fill the vacant management positions within Waste.,DERBY CITY COUNCIL,,177500.0,GBP,2026-08-05,2025-09-28,award,complete,71800000,https://www.contractsfinder.service.gov.uk/Notice/4e699bcf-8648-4ca7-9327-ff7bac3bef03-909527,2026-08-06T09:37:01.648936+00:00
Contracts Finder,ocds-b5fd17-f5ce7212-8cfa-47b3-8b47-2277bf3e5481_8c37959f-3888-4e14-a141-cccfe6fc6c00-909528,"QBH205 2026-08-03 (0900) Lowestoft - Castle East School, Bungay (8 seats and a passenger assistant) - AWARD","Suffolk County Council is seeking a mini competition against the following Dynamic Purchasing System: `The supply of Passenger Transport Services`, OJEU Notice Id: 2018/S 031-067685.
      
      QBH205 2026-08-03 (0900) Lowestoft - Castle East School, Bungay (8 seats and a passenger assistant)
      
      Further details can be found in the 'Tenders / My Tenders' area of this website, by selecting the 'View Details' button for this project.
      
      The deadline for returned submissi",Suffolk County Council Passenger Transport,,,GBP,2026-08-05,2026-08-03,award,complete,60000000,https://www.contractsfinder.service.gov.uk/Notice/8c37959f-3888-4e14-a141-cccfe6fc6c00-909528,2026-08-06T09:37:01.649096+00:00
Contracts Finder,ocds-b5fd17-99da29a9-9a30-453d-98aa-1176fbe829b9_8aae4e54-2404-4a1c-9865-fb783fd71a6c-909523,Provision of consultancy services,Strategic organisational development and HR advisory support for Cumbria Combined Authority,CUMBRIA COMBINED AUTHORITY,,45000.0,GBP,2026-08-05,2026-03-15,award,complete,79400000,https://www.contractsfinder.service.gov.uk/Notice/8aae4e54-2404-4a1c-9865-fb783fd71a6c-909523,2026-08-06T09:37:01.649259+00:00
Contracts Finder,ocds-b5fd17-ab442b8d-b990-4fcb-bdba-2b7a6ac43fe8_c11aeed6-e532-46c2-b51d-01df31bb6d18-909526,ITEP1230 - Ontokai Licenses 26/27,OntoKai software licensing and support for the Ontology and Taxonomy capability,National Highways Limited,130162.0,260324.0,GBP,2026-08-05,2026-07-24,award,complete,72300000,https://www.contractsfinder.service.gov.uk/Notice/c11aeed6-e532-46c2-b51d-01df31bb6d18-909526,2026-08-06T09:37:01.649451+00:00
Contracts Finder,ocds-b5fd17-8f517a73-de19-47f9-9c13-33179f5e631b_a30e0857-2f28-4501-a064-75090c86e20e-909524,Legal Services - Property & Construction,"Property & Construction Legal Service for Trust

Additional information: 
SBS Legal Services for Health (SBS10196)",Sussex Partnership NHS Foundation Trust,,200000.0,GBP,2026-08-05,2026-07-27,award,complete,79100000,https://www.contractsfinder.service.gov.uk/Notice/a30e0857-2f28-4501-a064-75090c86e20e-909524,2026-08-06T09:37:01.649626+00:00
Contracts Finder,ocds-b5fd17-92cdd351-1ff1-4b48-b06e-dceda04ab7a9_336140b7-84b1-4a6e-b91f-912a8b5ffe6a-909514,WCC - Supply of Microsoft Managed Services,"Microsoft Support services  providing efficient and effective support for Microsoft applications and cloud services, including Microsoft 365, Azure, and other related technologies.
Competitive Process Via KCS Framework Number Y23065, Software Products and Associated Services.
Contract duration 3 years plus 1 year extension period.",Warwickshire County Council,,165340.0,GBP,2026-08-05,2026-04-07,award,complete,48000000,https://www.contractsfinder.service.gov.uk/Notice/336140b7-84b1-4a6e-b91f-912a8b5ffe6a-909514,2026-08-06T09:37:01.649790+00:00
Contracts Finder,ocds-b5fd17-53df908d-76f1-43a2-a5f3-b17a7d168f89_876634ae-910f-4648-b207-917ad8da58ae-909522,Provision of Group Structure and Financial Data,"The ONS has wide-ranging and ongoing requirements to provide detailed information on business activity within the UK. 

The variables included in this procurement are of interest in the transformation of ONS' financial, business, and international surveys, including foreign direct investment, construction, financial accounts, and international business. The procurement of this data will enhance the quality of economic statistics by improving our knowledge of company structures and information ",Office for National Statistics,,884419.0,GBP,2026-08-05,2024-10-10,awardUpdate,complete,72300000,https://www.contractsfinder.service.gov.uk/Notice/876634ae-910f-4648-b207-917ad8da58ae-909522,2026-08-06T09:37:01.649959+00:00
Contracts Finder,ocds-b5fd17-e1a8026e-ba8e-4991-ad0c-332290f65a8b_d9c4f5b1-f48d-4ad0-a25a-c91a1138ef58-909521,CORP168 Legal Advice for MARS,"A Mutually Agreed Resignation Scheme (MARS) is a form of voluntary severance, designed to enable employees to leave their employment voluntarily in return for a severance payment. Critical to the MARS is for the employee to seek independent legal advice which is paid for by the Trust.  The Trust has awarded a call-off contract with a single provider using an agreed pricing structure which limits duplication and saves time and money whilst still achieving the required level of independence.",Somerset NHS Foundation Trust,,33000.0,GBP,2026-08-05,2026-06-24,award,complete,79100000,https://www.contractsfinder.service.gov.uk/Notice/d9c4f5b1-f48d-4ad0-a25a-c91a1138ef58-909521,2026-08-06T09:37:01.650129+00:00
Contracts Finder,ocds-b5fd17-b21b38c3-bcdc-4a65-ac46-1316bc3d2cc5_1558e2cc-f3d3-44bf-9099-2cdb773f6d77-909518,37115 - CONTACT,"This contract is for the provision of transport services - journey stated in the title of this notice. It has been awarded following a Mini Competition under Council's Dynamic Purchasing System (DPS) PAN3059 - Passenger Transport Services.

To find out more about this DPS and how to provide taxi services to the Council, please see Taxi firms tendering for contracts (leicester.gov.uk)",Leicester City Council,,11700.0,GBP,2026-08-05,2026-08-05,award,complete,60120000,https://www.contractsfinder.service.gov.uk/Notice/1558e2cc-f3d3-44bf-9099-2cdb773f6d77-909518,2026-08-06T09:37:01.650297+00:00
Contracts Finder,ocds-b5fd17-31f6e081-c85c-4edb-914e-5955feda2477_f000d77a-480b-4aa1-9cfa-f8ee8d6e31d0-909516,TD2426 - Derby Road Chellaston Drainage Lining,To procure the lining of a highway drain on Derby Road.,DERBY CITY COUNCIL,,99789.45,GBP,2026-08-05,2026-08-01,award,complete,45232450,https://www.contractsfinder.service.gov.uk/Notice/f000d77a-480b-4aa1-9cfa-f8ee8d6e31d0-909516,2026-08-06T09:37:01.650494+00:00
Contracts Finder,ocds-b5fd17-cd16df81-2701-43c6-8658-60ee9f5b5785_2e3fca2d-b644-4e7c-95bc-099f68c79446-909515,ITT for project 10195677,ITT for project 10195677,UK RESEARCH & INNOVATION,,7350.0,GBP,2026-08-05,2026-06-11,award,complete,79421100,https://www.contractsfinder.service.gov.uk/Notice/2e3fca2d-b644-4e7c-95bc-099f68c79446-909515,2026-08-06T09:37:01.650668+00:00
Contracts Finder,ocds-b5fd17-6048c2f2-0d87-44e6-8578-94b209305c3f_8ad5b8d7-3b43-47af-9f5b-5774be3d930e-909513,ITT for project 10194914,ITT for project 10194914,UK RESEARCH & INNOVATION,,4200.0,GBP,2026-08-05,2026-06-11,award,complete,79421100,https://www.contractsfinder.service.gov.uk/Notice/8ad5b8d7-3b43-47af-9f5b-5774be3d930e-909513,2026-08-06T09:37:01.650834+00:00
Contracts Finder,ocds-b5fd17-0acf3cf0-d0fa-4933-9c0c-a19bc13d2f28_64742975-5fcf-47ae-93fe-d7511ee13e8a-905985,"A13 DBFO (Design, Build, Finance Operate) Handback Support","TfL requires a Consultant to support the process of
transferring operational responsibility for the maintenance of a the A13 (the A Road) from Road Management Services (A13) plc to Transport for London Asset Operations in accordance with the concessions contract between those two parties.",TRANSPORT FOR LONDON,750000.0,3750000.0,GBP,2026-08-05,2026-04-10,award,complete,71318000,https://www.contractsfinder.service.gov.uk/Notice/64742975-5fcf-47ae-93fe-d7511ee13e8a-905985,2026-08-06T09:37:01.651001+00:00
Contracts Finder,ocds-b5fd17-8573b533-216b-4a4b-94fe-b32fc41d92ef_56099033-61d7-4dae-bf0e-e1d8554be25c-909512,Oracle Aconex Connected Cost Primavera 6 OPC Virtual Desktop,"12 month SaaS licensed access to Oracle Primavera P6 (Schedule Management Tool) and Oracle Aconex (Electronic Document Management System - EDMS) including Aconex Connected Cost, Oracle OPC and Oracle Virtual Desktop, to support NHS England's New Hospital Programme (NHP).",NHS England,,360770.0,GBP,2026-08-05,2026-03-02,award,complete,48311100,https://www.contractsfinder.service.gov.uk/Notice/56099033-61d7-4dae-bf0e-e1d8554be25c-909512,2026-08-06T09:37:01.651166+00:00
Contracts Finder,ocds-b5fd17-edc18a3f-fbc8-480e-8873-4d2ac8a28a7c_1f2020d1-d964-470c-9c29-035ef0ee535d-909510,ITT for project 10196730,ITT for project 10196730,UK RESEARCH & INNOVATION,,4200.0,GBP,2026-08-05,2026-06-10,award,complete,79421100,https://www.contractsfinder.service.gov.uk/Notice/1f2020d1-d964-470c-9c29-035ef0ee535d-909510,2026-08-06T09:37:01.651344+00:00
Contracts Finder,ocds-b5fd17-707f5f9d-cb92-40de-a84b-ae5cd7d155ab_8e0f8a01-35fe-4c81-b816-dbd588e6158d-909511,Independent Water Commission Report and Pensions Advice,Independent Water Commission Report and Pensions Advice - Legal Services,DEFRA,,45000.0,GBP,2026-08-05,2026-07-10,award,complete,79100000,https://www.contractsfinder.service.gov.uk/Notice/8e0f8a01-35fe-4c81-b816-dbd588e6158d-909511,2026-08-06T09:37:01.651513+00:00
Contracts Finder,ocds-b5fd17-bf620907-7d07-4c59-af8a-6d09ec2eacf2_c5110a0f-698f-4b92-ac3d-b90e9f6450f3-909509,ITT for project 10197013 and 10196229,ITT for project 10197013 and 10196229,UK RESEARCH & INNOVATION,,6600.0,GBP,2026-08-05,2026-06-11,award,complete,79421100,https://www.contractsfinder.service.gov.uk/Notice/c5110a0f-698f-4b92-ac3d-b90e9f6450f3-909509,2026-08-06T09:37:01.651676+00:00
Contracts Finder,ocds-b5fd17-e7b68d3f-7140-4b94-b0d4-2dd3c995c65c_0a474d17-bf89-44f8-ab69-34b4ab7c1d58-909508,ITT for project 10197107,ITT for project 10197107,UK RESEARCH & INNOVATION,,5100.0,GBP,2026-08-05,2026-06-11,award,complete,79421100,https://www.contractsfinder.service.gov.uk/Notice/0a474d17-bf89-44f8-ab69-34b4ab7c1d58-909508,2026-08-06T09:37:01.651844+00:00
Contracts Finder,ocds-b5fd17-29f03856-f288-43ff-aa7b-30c87893fb3e_ab07af5a-341c-4395-bf2b-0d5a9ed5995c-909507,Mechanical Chest Compression Device Upgrade,"Mechanical Autopulse - Chest Compression Device Upgrade

Additional information: 
Maintenance Autopulse - Mechanical Chest Compression Device Upgrade",Gloucestershire Hospitals NHS Foundation Trust,,16377.03,GBP,2026-08-05,2026-08-03,award,complete,33100000,https://www.contractsfinder.service.gov.uk/Notice/ab07af5a-341c-4395-bf2b-0d5a9ed5995c-909507,2026-08-06T09:37:01.652007+00:00
Contracts Finder,ocds-b5fd17-2b57aae6-c246-40e6-9648-d836cb68bd95_c7c3465e-c4e2-4064-828c-5feae646cc87-909506,TD2411 - Kedleston Road - Phase 1,Capital Programme Carriageway Resurfacing 2026/27.,DERBY CITY COUNCIL,,146000.0,GBP,2026-08-05,2026-06-27,award,complete,45233223,https://www.contractsfinder.service.gov.uk/Notice/c7c3465e-c4e2-4064-828c-5feae646cc87-909506,2026-08-06T09:37:01.652171+00:00
Contracts Finder,ocds-b5fd17-655bc41f-c950-44b7-90fc-1a2ebbcd4536_444c58dd-c3c2-4f52-bd49-459bdccb3a29-909504,WEST CHIS Subscription,Provision of construction related information materials,West Northamptonshire Council,,29000.0,GBP,2026-08-05,2026-08-04,award,complete,71500000,https://www.contractsfinder.service.gov.uk/Notice/444c58dd-c3c2-4f52-bd49-459bdccb3a29-909504,2026-08-06T09:37:01.652355+00:00
Contracts Finder,ocds-b5fd17-0cec0a60-5693-40b4-a73f-ff0d29130efc_0555ea15-2790-4728-b875-74928171bcdf-909505,CWC26048 - BCT Metro Support 2026,"City of Wolverhampton Council on behalf of Black Country Transport are seeking an organisation to provide support on the Metro extension in Wolverhampton.
The delivery of the Wolverhampton City Centre Metro Extension has been ongoing since 2017. The technical approval and supervision of Metro related works are a significant and complex undertaking which requires subject matter experts to support the Local Highway Authority in their decision making.

Utilising ESPO 664_25 Lot 5 Framework",Wolverhampton City Council,,71378.81,GBP,2026-08-05,2026-07-01,award,complete,71311210,https://www.contractsfinder.service.gov.uk/Notice/0555ea15-2790-4728-b875-74928171bcdf-909505,2026-08-06T09:37:01.652533+00:00
Contracts Finder,ocds-b5fd17-88197e76-81dd-4643-92cd-e085510e3238_a432cef4-2da2-46f0-8b4b-28725c111c74-909494,The Continuation of Pre-Construction Activities and the Provision of Early Works - Leigh Port Regeneration via SCAPE Civil Engineering Generation 3 Framework,"Continuation of pre-construction activities and the provision of early works for the Leigh Port Regeneration Scheme, Leigh-on-Sea, Southend-on-Sea. The works include the continuation of design development, surveys, investigations, stakeholder engagement activities, site preparation works and other early works associated with the regeneration of Leigh Port and the proposed dredging of the adjacent channel.

This contract has been awarded as a direct award call-off under the SCAPE Civil Engineer",Southend-on-sea Borough Council,,700000.0,GBP,2026-08-05,2026-07-03,award,complete,45000000,https://www.contractsfinder.service.gov.uk/Notice/a432cef4-2da2-46f0-8b4b-28725c111c74-909494,2026-08-06T09:37:01.652702+00:00
Contracts Finder,ocds-b5fd17-242bb9df-3241-4b6c-b42f-3e946d4a6350_60e571a4-98f1-4dc1-b5b3-8cbe3d87d04c-909503,ENQ1288 - Oakwood Park Fitness Area,"To procure the supply and installation of fitness equipment and surfacing at Oakwood park.
Procured by a Further Competition via ESPO Framework 115_25, Outdoor playground, Fitness & Sports Facilities and Equipment. Lot 6 - Outdoor Fitness Equipment.",DERBY CITY COUNCIL,,36095.02,GBP,2026-08-05,2026-07-08,award,complete,43325000,https://www.contractsfinder.service.gov.uk/Notice/60e571a4-98f1-4dc1-b5b3-8cbe3d87d04c-909503,2026-08-06T09:37:01.652867+00:00
Contracts Finder,ocds-b5fd17-9d0444a4-185f-4c8c-a58f-fa02003d0439_42c80b0b-fbe7-49d7-8ac2-07a1a30e6e1a-909502,Balfour Beatty - Roads North of the Thames-LTC - Technology & Lighting Surveys,"We are inviting expressions of interest from qualified and experienced suppliers to undertake Technology and Lighting Surveys as part of the Lower Thames Crossing Roads North programme.

The surveys will provide comprehensive asset and condition information to support the development of the Roads North Temporary Diversions (RNoT) design, including the A13 and M25 temporary diversion routes

Package Scope
The package includes, but is not limited to:

Undertaking lighting surveys on the M25",BALFOUR BEATTY CIVIL ENGINEERING LIMITED,,50000.0,GBP,2026-08-05,2026-08-10,tenderAmendment,active,34993000,https://www.contractsfinder.service.gov.uk/Notice/42c80b0b-fbe7-49d7-8ac2-07a1a30e6e1a,2026-08-06T09:37:01.653040+00:00
Contracts Finder,ocds-b5fd17-da988623-adbd-4060-9130-bce18076722b_994a35cd-3978-4686-8831-dc28751c9694-909501,ITT for project 10198098,ITT for project 10198098,UK RESEARCH & INNOVATION,,3880.0,GBP,2026-08-05,2026-05-27,award,complete,79421100,https://www.contractsfinder.service.gov.uk/Notice/994a35cd-3978-4686-8831-dc28751c9694-909501,2026-08-06T09:37:01.653207+00:00
Contracts Finder,ocds-b5fd17-b1e83954-9548-4360-902d-eb8c409c2529_d923db8a-7860-486f-b5f0-9fb6af2e29f0-909499,TD2398 - External Audit of Statement of Accounts,This appointment was made through PSAA via a Direct Call Off Framework.,DERBY CITY COUNCIL,,2075000.0,GBP,2026-08-05,2024-03-30,award,complete,79212000,https://www.contractsfinder.service.gov.uk/Notice/d923db8a-7860-486f-b5f0-9fb6af2e29f0-909499,2026-08-06T09:37:01.653386+00:00
Contracts Finder,ocds-b5fd17-74910dfb-5cb3-48b9-8138-297f21d01854_2e1f3e20-a1f3-40b7-969e-8a13680f3f42-909500,ITT for project 10198357,ITT for project 10198357,UK RESEARCH & INNOVATION,,6890.0,GBP,2026-08-05,2026-05-27,award,complete,79421100,https://www.contractsfinder.service.gov.uk/Notice/2e1f3e20-a1f3-40b7-969e-8a13680f3f42-909500,2026-08-06T09:37:01.653562+00:00
Contracts Finder,ocds-b5fd17-85c2fdb9-8db7-45ea-ad5f-92f3eb6bf2e6_a3940618-615b-4c82-b186-436435092f01-909498,"QHL114 09:00 2026-08-03 Glemsford & Sudbury to Clements Primary Academy, Haverhill - AWARD","Suffolk County Council is seeking a mini competition against the following Dynamic Purchasing System: `The supply of Passenger Transport Services`, OJEU Notice Id: 2018/S 031-067685.
      
      QHL114 09:00 2026-08-03 Glemsford & Sudbury to Clements Primary Academy, Haverhill
      
      Further details can be found in the 'Tenders / My Tenders' area of this website, by selecting the 'View Details' button for this project.
      
      The deadline for returned submissions is 09:00 2026",Suffolk County Council Passenger Transport,,,GBP,2026-08-05,2026-08-03,award,complete,60000000,https://www.contractsfinder.service.gov.uk/Notice/a3940618-615b-4c82-b186-436435092f01-909498,2026-08-06T09:37:01.653725+00:00
Contracts Finder,ocds-b5fd17-87718622-16e3-408b-b3fb-5748bc7824ec_f9da5d1c-ad37-4e91-8b6b-ffa4805d04f1-909497,HCC Nov 25 - The Provision of a Framework for Grounds Maintenance Services - AWARD,"This opportunity has been awarded and is now closed. 
      
      Herts Fullstop, (""HFS"") the trading arm of Hertfordshire County Council (""the Council"" or ""HCC"") went out to tender for a Grounds Maintenance Framework to provide general Grounds Maintenance Services to sites throughout the County. 
      
      This Framework may be utilised by all departments of the Council including establishments such as Schools, Fire Stations, Disused Sites, Day Centers, Libraries etc. It may also be use",Hertfordshire County Council - Resources,,,GBP,2026-08-05,2026-01-21,award,complete,77314000,https://www.contractsfinder.service.gov.uk/Notice/f9da5d1c-ad37-4e91-8b6b-ffa4805d04f1-909497,2026-08-06T09:37:01.653884+00:00
Contracts Finder,ocds-b5fd17-e25d3ff1-e129-45c0-b2cb-4365ca6bb5ef_a5fd11bd-75bc-489a-a175-d0a3f58be086-909495,ID: 37109 - SPINNEY HILL PRIMARY SCHOOL,"This contract is for the provision of transport services - journey stated in the title of this notice. It has been awarded following a Mini Competition under Council's Dynamic Purchasing System (DPS) PAN3059 - Passenger Transport Services.

To find out more about this DPS and how to provide taxi services to the Council, please see Taxi firms tendering for contracts (leicester.gov.uk)",Leicester City Council,,19539.0,GBP,2026-08-05,2026-08-05,award,complete,60120000,https://www.contractsfinder.service.gov.uk/Notice/a5fd11bd-75bc-489a-a175-d0a3f58be086-909495,2026-08-06T09:37:01.654049+00:00
Contracts Finder,ocds-b5fd17-cd7e173a-77b1-4c7e-82f2-ec563c661b5e_8d8c08ac-04e1-40e2-b50c-42a41184c100-909490,Heating Repairs and Upgrades (call-off boilers),whg requires a Heating and Hot Water Systems supplier to support the in-house Gas and Building Safety team with replacing heating systems where the boilers are no longer financially viable to repair.,WALSALL HOUSING GROUP LIMITED,,1120000.0,GBP,2026-08-05,2026-06-03,award,complete,42160000,https://www.contractsfinder.service.gov.uk/Notice/8d8c08ac-04e1-40e2-b50c-42a41184c100-909490,2026-08-06T09:37:01.654212+00:00
Contracts Finder,ocds-b5fd17-15853caa-6e38-4cb3-828a-63d048fd2e38_28a5f242-155a-4f53-91fd-a91268de64c7-909493,CWC26032 - BCT CEG A454 Phase 1 and 2 FBC,"City of Wolverhampton Council on behalf of Black Country Transport are seeking an organisation to provide technical services to support the creation of the Full Business Case for the A454 City East Gateway - Phases 1&2 (Willenhall Road) project.

Utilising ESPO 664_25 Lot 5 Framework .",Wolverhampton City Council,,22146.36,GBP,2026-08-05,2026-07-19,award,complete,71311210,https://www.contractsfinder.service.gov.uk/Notice/28a5f242-155a-4f53-91fd-a91268de64c7-909493,2026-08-06T09:37:01.654387+00:00
Contracts Finder,ocds-b5fd17-f1ffadd6-02da-43d6-95fa-6c8fedca3498_3abc9982-6f43-4d46-aa0e-2ac399599e7a-909491,The Operational Telephone System for HS2,"The HS2 Operational Telephone System shall provide an integrated, route wide, telephone communications system at key infrastructure locations to support the operation and maintenance requirements of HS2.
      
      The Operational Telephone System shall be based on VoIP technology and consist of the following sub systems:
      •	SIP Telephony Server (at primary + secondary location for redundancy)
      •	Station SIP server at each of the four HS2 stations, to provide SIP solution for Sta",Siemens Mobility Ltd,1000000.0,2500000.0,GBP,2026-08-05,2026-08-18,tender,active,32552120,https://www.contractsfinder.service.gov.uk/Notice/3abc9982-6f43-4d46-aa0e-2ac399599e7a,2026-08-06T09:37:01.654564+00:00
Contracts Finder,ocds-b5fd17-0e2ca6c1-d3d3-4070-9e83-c6d34cd33903_84864661-b60c-4dec-a82c-c955f6946033-909489,RFI - Royal Navy Maritime Autonomous Systems Platform Authority Industry Engagement,"The Authority is seeking industry input on the establishment of a Platform Authority for Maritime Uncrewed Systems, capable of providing the governance, engineering expertise, certification support and through-life assurance necessary to enable the safe and effective operation of current and future capabilities.",Ministry of Defence,,,GBP,2026-08-05,,planning,planning,35512400,https://www.contractsfinder.service.gov.uk/Notice/84864661-b60c-4dec-a82c-c955f6946033-909489,2026-08-06T09:37:01.654718+00:00
Contracts Finder,ocds-b5fd17-cfc38479-88fa-41f2-808d-d1154776ded1_9a483553-4d17-4539-b415-0a221471f87e-909484,Domestic Abuse Services,"The Council is looking to commission the domestic abuse service for the borough. The service will provide support to victims of current or historic domestic abuse in Barnsley and will provide support to all victims across the full spectrum of risk levels. 

 The service will support individuals to;  

- Recover from current or historical situations of sexual and domestic violence 
- Build resilience from current or past experiences 
- Learn effective skills and techniques to overcome negat",MERCELL UK LTD,,,GBP,2026-08-05,2022-10-14,awardUpdate,complete,85000000,https://www.contractsfinder.service.gov.uk/Notice/9a483553-4d17-4539-b415-0a221471f87e-909484,2026-08-06T09:37:01.654878+00:00
Contracts Finder,ocds-b5fd17-e658c676-65dd-45f0-8e27-6eddedb65301_332b800c-2de2-4d8d-8860-213b6087a392-909486,"Supply Chain Notice: CY- EPI- CIDP26- Tool Ref: 131191-Emergency Water Storage Tanks Green Cylindrical- WORKS, EPISKOPI, CYPRUS","The project comprises the refurbishment and standardisation of the Emergency Water Storage (EWS) infrastructure at ten locations within the Episkopi area. The works include the removal and disposal of existing fibreglass and GRP sectional water storage tanks at eight locations, modification and extension of existing concrete bases where required, and the supply and installation of 25No new 20 m³ polyethylene (PE) water storage tanks complete with associated valves, pipework and mechanical fittin",Ministry of Defence,,365000.0,GBP,2026-08-05,2026-08-07,tender,active,44611500,https://www.contractsfinder.service.gov.uk/Notice/332b800c-2de2-4d8d-8860-213b6087a392,2026-08-06T09:37:01.655049+00:00
Contracts Finder,ocds-b5fd17-3ae7fda5-6d54-4878-9ee5-d466e198d14d_bf599b91-5b01-4e47-9aea-91ba81e39a81-909485,S286 Mainstream Taxi to Dove Bank Primary School,Taxi 4 passenger seats excluding driver from Thornton and Nailstone to Dove Bank Primary School,Leicestershire County Council,,57.0,GBP,2026-08-05,2026-08-04,award,complete,60000000,https://www.contractsfinder.service.gov.uk/Notice/bf599b91-5b01-4e47-9aea-91ba81e39a81-909485,2026-08-06T09:37:01.655221+00:00
Contracts Finder,ocds-b5fd17-8f91304b-cef3-4794-b714-e7512eafbe9c_d95fc355-25b9-4e65-99bb-6d6a7fbf748b-909483,GK26-11 - In-active Drying Trials of AGR Slotted Cans (Investigating Impact of Caustic Dosing and Carbon Deposits),GK26-11 - In-active Drying Trials of AGR Slotted Cans (Investigating Impact of Caustic Dosing and Carbon Deposits) - Call off from Spent Fuel and Nuclear Materials - NDA Research Portfolio framework,Nuclear Decommissioning Authority,250000.0,500000.0,GBP,2026-08-05,2026-06-26,award,complete,73000000,https://www.contractsfinder.service.gov.uk/Notice/d95fc355-25b9-4e65-99bb-6d6a7fbf748b-909483,2026-08-06T09:37:01.655402+00:00
Contracts Finder,ocds-b5fd17-d285d7fe-a738-4485-84a6-7830d37ec56d_e7b25a25-96da-47b0-becd-e5e11245aa1b-909482,Training courses for Doctors.,"Training courses for Doctors.

Success with CESR.
Teach the Teacher.
Introduction to AI in Medicine.
Introduction to project management
Core management skills for clinicians.. Improving career opportunities.
Primer on medical-legal skills.
NHS induction for overseas doctors.
Leading cultural change.
Extended roles for SAS doctors.
Developing as an Educator.
Developing as a Leader,.
Medico-legal skills.",Guy's and St Thomas' NHS Foundation Trust,33600.0,34800.0,GBP,2026-08-05,2025-03-14,award,complete,80511000,https://www.contractsfinder.service.gov.uk/Notice/e7b25a25-96da-47b0-becd-e5e11245aa1b-909482,2026-08-06T09:37:01.655578+00:00
Contracts Finder,ocds-b5fd17-cf8a1de2-95ce-4111-bd83-0f04952e4003_3763fa17-20b5-4634-b264-32e023879bdf-909481,Authorising Engineer - Water,"The Trust has a requirement for a Authorised Engineer (Water) (AE(w)). The AE(w) will act as an independent professional adviser to the Authority. The AE(w) will be appointed by the organisation with a brief to provide services in accordance with the relevant Health Technical Memorandum (HTM 04-01 and HTM 00).

The AE(W) should be a qualified Microbiologist (e.g. a higher degree in Medical or Environmental Microbiology/ life science or equivalent) or Chartered Scientist and have significant re",Lewisham and Greenwich NHS Trust,73000.0,44280.0,GBP,2026-08-05,2025-05-18,award,complete,90713100,https://www.contractsfinder.service.gov.uk/Notice/3763fa17-20b5-4634-b264-32e023879bdf-909481,2026-08-06T09:37:01.655750+00:00
Contracts Finder,ocds-b5fd17-c0cdf65e-b261-4ebc-9586-224110c9c9ee_39df2c19-198a-443b-ba59-b81cb8bcee8c-909476,TEL L1 Sept26 DA - Thirteen Housing Group Limited - awarded,"This contract award notice is to notify the market that Thirteen Housing Group Limited based in Middlesbrough, UK have appointed Secureshield as their Technology Enabled Lives provider for a period of THREE months. This appointment has been made under the Northern Housing Consortium's Technology Enabled Lives framework. (Contract Award Notice 2024/S 000-000849)",NORTHERN HOUSING CONSORTIUM LIMITED,,160165.0,GBP,2026-08-05,2026-08-05,award,complete,50421000,https://www.contractsfinder.service.gov.uk/Notice/39df2c19-198a-443b-ba59-b81cb8bcee8c-909476,2026-08-06T09:37:01.655917+00:00
Contracts Finder,ocds-b5fd17-09d8eeb0-9a3e-45d7-adca-09786a6e0f53_5b8bb0dd-5614-4382-8063-595314b1a4d6-909365,CSP25289 - Test Analyst,"***Please note this is an award notice, not a call for competition***

UK Research and Innovation have a requirement to bring in a Test Analyst. This has been sourced via direct award against CCS RM6277 Non Clinical Staffing.

Original Contract Date - 29/09/2025 - 31/03/2026
Variation 001 - 01/04/2026 - 30/06/2026
Variation 002 - 01/07/2026 - 31/08/2026",UK SHARED BUSINESS SERVICES LIMITED,,172577.92,GBP,2026-08-05,2025-09-05,awardUpdate,complete,79620000,https://www.contractsfinder.service.gov.uk/Notice/5b8bb0dd-5614-4382-8063-595314b1a4d6-909365,2026-08-06T09:37:01.656082+00:00
Contracts Finder,ocds-b5fd17-f182db5d-8955-4425-bbc0-a3ef0eb83ea9_b0b4117b-3ef9-4822-ae3a-dc9c480efd60-909480,CoBP Fire Safety Survey,"The Trust seeks to procure a surveyor to carry out a CoBP Fire Survey within the Riverside PFI.

This was awarded through the LPP Estates & Facilities Consultancy Services DPS (LPP/2020/015, Lot 20)",Lewisham and Greenwich NHS Trust,460000.0,467390.0,GBP,2026-08-05,2025-07-31,award,complete,71315100,https://www.contractsfinder.service.gov.uk/Notice/b0b4117b-3ef9-4822-ae3a-dc9c480efd60-909480,2026-08-06T09:37:01.656251+00:00
Contracts Finder,ocds-b5fd17-ef62520a-dc00-4c3e-8ed1-26eea0688814_a51dcaf8-d7cc-4943-a55e-c8c70babd137-909479,Asset Condition Survey,"The Trust requires a surveyor to carry out a Centre of Best Practice (CoBP) Condition Survey within the Riverside PFI

This was awarded through the NHS SBS framework Healthcare Planning, Construction Consultancy and Ancillary Services Framework (SBS10190), Lot 8",Lewisham and Greenwich NHS Trust,550000.0,557327.0,GBP,2026-08-05,2025-10-08,award,complete,71315200,https://www.contractsfinder.service.gov.uk/Notice/a51dcaf8-d7cc-4943-a55e-c8c70babd137-909479,2026-08-06T09:37:01.656431+00:00
Contracts Finder,ocds-b5fd17-4928bc0a-57b2-4265-a30e-105ab231fdc3_d8d696e5-2dd6-4491-a16b-52d129e86688-909478,CALL-OFF: Children's Services Re-Opening of the Open Select List 2025 for all Independent Placement,Provision of support in a Residential Children's Home,Lincolnshire County Council,,,GBP,2026-08-05,2025-11-10,award,complete,85000000,https://www.contractsfinder.service.gov.uk/Notice/d8d696e5-2dd6-4491-a16b-52d129e86688-909478,2026-08-06T09:37:01.656594+00:00
Contracts Finder,ocds-b5fd17-a65bc53f-e74b-43cc-a70a-86154e89837f_2c085718-2dc3-47f4-8b90-1e27a385208c-909471,TD2347 - Treasury Advisory Services,"Acquisition of Treasury Advisory Services through ESPO 664_25 Consultancy Services Framework.

This was conducted as a further competition exercise.",DERBY CITY COUNCIL,,124200.0,GBP,2026-08-05,2026-08-01,award,complete,66600000,https://www.contractsfinder.service.gov.uk/Notice/2c085718-2dc3-47f4-8b90-1e27a385208c-909471,2026-08-06T09:37:01.656759+00:00
Contracts Finder,ocds-b5fd17-bb7e640f-259e-4667-88f2-49a8621e1bd4_293df56e-04b8-420f-b6b3-2314f13cb622-909474,HCT - Backlog Maintenance Programme 2026/27,"HCT - Backlog Maintenance Programme 2026/27
Healthcare Planning, Construction Consultancy and Ancillary Services (HPCCAS) Ref: SBS10190",Hertfordshire Community NHS Trust,36000.0,36100.0,GBP,2026-08-05,2026-05-11,award,complete,72224000,https://www.contractsfinder.service.gov.uk/Notice/293df56e-04b8-420f-b6b3-2314f13cb622-909474,2026-08-06T09:37:01.656932+00:00
Contracts Finder,ocds-b5fd17-52d39c63-47ba-4336-be31-f858d0779a88_a7a54e08-7993-4e36-b406-6065c2e71e7e-909473,DNWP0003/LOT4/Waste OU - SSRF Improvements,DNWP0003/LOT4/Waste OU - SSRF Improvements,Sellafield Limited,,734360.44,GBP,2026-08-05,2026-04-30,award,complete,98391000,https://www.contractsfinder.service.gov.uk/Notice/a7a54e08-7993-4e36-b406-6065c2e71e7e-909473,2026-08-06T09:37:01.657099+00:00
Contracts Finder,ocds-b5fd17-9aa873a9-00b4-4751-b8de-c1d310081924_419fd2f8-b0c7-4ad6-99e8-4a0f0c4f49e2-909472,704461451-MSS/141-SPA-734-contract award notice,"Call-off SPA734 under The Multi Supplier Framework Agreement. 70446145
Spares - Maritime Spares. The Power, Propulsion and Auxiliaries (PPA) Team, which is part of the ships operating centre within Defence Equipment Support (DES) provides global support to the Royal Navy. PPA has set up a Framework agreement to provide systems spares to Royal Naval Platforms through an established set of suppliers. There is a possibility that during the life of the proposed contract that the size of HM Naval Fl",Ministry of Defence,,,GBP,2026-08-05,2026-07-14,award,complete,35522000,https://www.contractsfinder.service.gov.uk/Notice/419fd2f8-b0c7-4ad6-99e8-4a0f0c4f49e2-909472,2026-08-06T09:37:01.657263+00:00
Contracts Finder,ocds-b5fd17-dbb32fc5-18fa-4874-8c3e-83a561c0438c_6439e08b-7a62-4039-aafa-c8c1b6ba79ea-909470,SEN19259-SEN-TAXI-Forest House School,SEN19259-SEN-TAXI-Forest House School,Leicestershire County Council,,15236.0,GBP,2026-08-05,2026-08-03,award,complete,60000000,https://www.contractsfinder.service.gov.uk/Notice/6439e08b-7a62-4039-aafa-c8c1b6ba79ea-909470,2026-08-06T09:37:01.657443+00:00
Contracts Finder,ocds-b5fd17-34d30eae-4dd1-4aaf-b3a1-4c968428bafe_c0adebc4-686a-486e-aa96-b8d625dadc51-909469,Apprenticeships - Data Engineers & Data Analysts,"Provision of apprenticeships, specifically a Level 5 Data Engineer (x2 Candidates) and Level 4 Data Analyst (x3 Candidates) via Salisbury Apprenticeships Training & End Point Framework",Lincolnshire Partnership NHS Foundation Trust,,83000.0,GBP,2026-08-05,2026-06-01,award,complete,79000000,https://www.contractsfinder.service.gov.uk/Notice/c0adebc4-686a-486e-aa96-b8d625dadc51-909469,2026-08-06T09:37:01.657610+00:00
Contracts Finder,ocds-b5fd17-5e50cb85-71ad-4ee6-bb60-33becb0fe768_d73ecbcb-942c-44e9-b7d4-3fb8c4f25082-909468,SEN19258-SEN-TAXI-Forest House School,SEN19258-SEN-TAXI-Forest House School,Leicestershire County Council,,21398.0,GBP,2026-08-05,2026-08-03,award,complete,60000000,https://www.contractsfinder.service.gov.uk/Notice/d73ecbcb-942c-44e9-b7d4-3fb8c4f25082-909468,2026-08-06T09:37:01.657772+00:00
Contracts Finder,ocds-b5fd17-690087c4-eb7f-4d99-9bf6-2fe139003c4e_4c9bfad6-c533-43e6-837c-139ca0c0ebf1-909466,CA17758 - Hopwood Hall College - Provision of Uniforms and Kits,"This contract relates to the supply of college uniforms and associated kits. All items will be purchased directly by students or their parents/carers, with provision made for the use of bursary funding where applicable.

Suppliers must operate a physical retail outlet, or be able to provide access to a physical shop within the local area of the college. In addition, suppliers must offer an online purchasing facility with full e commerce functionality and a straightforward process for managing ",Hopwood Hall College,,,GBP,2026-08-05,2026-08-02,award,complete,35113400,https://www.contractsfinder.service.gov.uk/Notice/4c9bfad6-c533-43e6-837c-139ca0c0ebf1-909466,2026-08-06T09:37:01.657935+00:00
Contracts Finder,ocds-b5fd17-bf64c84f-4be9-4895-898f-682ed2937f0c_33a71c7e-303b-420c-8d80-3e2e6f0ec7cf-909465,"QBH203 2026-08-03 (0900) Boyton - Castle East School, Bungay (6 seats and a passenger assistant) - AWARD","Suffolk County Council is seeking a mini competition against the following Dynamic Purchasing System: `The supply of Passenger Transport Services`, OJEU Notice Id: 2018/S 031-067685.
      
      QBH203 2026-08-03 (0900) Boyton - Castle East School, Bungay (6 seats and a passenger assistant)
      
      Further details can be found in the 'Tenders / My Tenders' area of this website, by selecting the 'View Details' button for this project.
      
      The deadline for returned submissions",Suffolk County Council Passenger Transport,,,GBP,2026-08-05,2026-08-03,award,complete,60000000,https://www.contractsfinder.service.gov.uk/Notice/33a71c7e-303b-420c-8d80-3e2e6f0ec7cf-909465,2026-08-06T09:37:01.658094+00:00
