source,notice_id,title,description,organisation,value_low,value_high,currency,published_date,deadline,notice_type,status,cpv_codes,url,scraped_at
FTS,ocds-h6vhtk-07745e_088203-2026,Replacement of Evidential Breathing Equipment,"Supply of nine (9) Lion Intoxilyzer 9000 evidential breath alcohol testing devices, including all associated accessories, consumables, support and maintenance services.
The requirement includes:
•	Supply and delivery of nine (9) Lion Intoxilyzer 9000 devices.
•	Associated accessories and consumables.
•	Support and maintenance services.
•	Train the Trainer sessions for Authority personnel.
•	Technical support and assistance in accordance with the supplier's service offering and the terms of the c",The Police and Crime Commissioner for Nottinghamshire,,,GBP,2026-09-17,,award,complete,,https://www.find-tender.service.gov.uk/Notice/088203-2026,2026-09-17T12:23:37.360457+00:00
FTS,ocds-h6vhtk-07745d_088202-2026,Provision of bus service - Route 398,QC101002,LONDON BUS SERVICES LIMITED,,,GBP,2026-09-17,,award,complete,60112000,https://www.find-tender.service.gov.uk/Notice/088202-2026,2026-09-17T12:23:37.360487+00:00
FTS,ocds-h6vhtk-07745c_088201-2026,Supply of Cameras and Associated Equipment Used for Traffic Monitoring Purposes,"This service shall be provided for existing cameras and any additional cameras installed as and when required during the period of the contract.The service shall consist of the following:
Managed Camera and Hosting Service
Real-Time Image Services
Traffic Data Collection and Analytics
Dashboard and Reporting Platform
Cyber Security and protection 
Supply of Equipment
Monitoring 
Fault Responsibilities",Durham County Council,,200000.0,GBP,2026-09-17,2026-10-19,tender,active,,https://www.find-tender.service.gov.uk/Notice/088201-2026,2026-09-17T12:23:37.360493+00:00
FTS,ocds-h6vhtk-06ac1b_088200-2026,PLACE390H Supply of Traffic Signs and Sign Posts,"Derbyshire County Council (The Council) is seeking to establish a Contract for the supply and delivery of highway signs and posts to support the delivery of construction, highways, and maintenance works across Derbyshire. The Contract aims to ensure a consistent supply of high-quality signs and posts that meets technical, environmental, and safety standards while delivering best value for money.",Derbyshire County Council,,,GBP,2026-09-17,,award,complete,,https://www.find-tender.service.gov.uk/Notice/088200-2026,2026-09-17T12:23:37.360498+00:00
FTS,ocds-h6vhtk-07745b_088199-2026,External Audit Services,"Provision of External Audit and Reporting Accountant Services for Askham Bryan College and its subsidiary companies, including statutory audit of financial statements, annual regularity assurance, Teachers' Pension Scheme assurance, Audit Committee support, and specialist audit advice. The contract will require a provider with significant Further Education sector experience and knowledge of public sector financial and regulatory requirements, including DfE, OfS, College Financial Handbook, and F",Askham Bryan College,,,GBP,2026-09-17,,planning,planning,,https://www.find-tender.service.gov.uk/Notice/088199-2026,2026-09-17T12:23:37.360502+00:00
FTS,ocds-h6vhtk-07745a_088198-2026,Framework for Major Project Legal Services,"ABP is establishing a panel of law firms who it may appoint to provide planning and consenting advice, as well as other legal advice and strategy, for complex, large-scale, multi-year projects in respect of its nationally significant infrastructure. The framework will run for 5 years. 
The framework will be a national framework across ABP’s portfolio of property across the UK. The successful applicants will be required to evidence their ability to deliver the services as set out in the scope.
Th",ASSOCIATED BRITISH PORTS,,10000000.0,GBP,2026-09-17,2026-10-08,tender,active,,https://www.find-tender.service.gov.uk/Notice/088198-2026,2026-09-17T12:23:37.360507+00:00
FTS,ocds-h6vhtk-077459_088197-2026,Structural works at Samuda estate underground carpark (Phase 2),"This project involves structural works to the underground carpark at Samuda estate. This is Phase 2 and involves Concrete works. All works must comply with current building regulations, British standards and recognised good practise.",The Riverside Group Limited,,,GBP,2026-09-17,2026-10-16,tender,active,,https://www.find-tender.service.gov.uk/Notice/088197-2026,2026-09-17T12:23:37.360512+00:00
FTS,ocds-h6vhtk-06e0e4_088196-2026,Temporary Accommodation Services,"Temporary Accommodation Services for Emergency incidents, Decant requirements and Health and safety interventions",Beyond Housing Limited,,,GBP,2026-09-17,,award,complete,,https://www.find-tender.service.gov.uk/Notice/088196-2026,2026-09-17T12:23:37.360523+00:00
FTS,ocds-h6vhtk-077458_088194-2026,Supplier Engagement Event for Short Breaks and Day Opportunities for South Tyneside residents aged 18+ who have eligible care and support needs under the Care Act 2014.  ,"Supplier Engagement Event for Short Breaks and Day Opportunities for South Tyneside residents aged 18+ who have eligible care and support needs under the Care Act 2014.
South Tyneside Council is reviewing its commissioned short break and day services offer to ensure future provision meets the needs of people with Care Act eligible needs, unpaid carers, and young people preparing for adulthood.",South Tyneside Borough Council,,,GBP,2026-09-17,,planning,planning,,https://www.find-tender.service.gov.uk/Notice/088194-2026,2026-09-17T12:23:37.360529+00:00
FTS,ocds-h6vhtk-077457_088193-2026,Analysis of Contaminants and Nutrients in Sediment from Central Fladen MPA 0926S,The aim of this contract is to undertake an analysis of heavy metal and organic marine sediment contamination as well as nutrients present in samples of benthic sediment to be collected on the 0926S survey of Central Fladen MPA.,JNCC SUPPORT CO,,,GBP,2026-09-17,,award,complete,,https://www.find-tender.service.gov.uk/Notice/088193-2026,2026-09-17T12:23:37.360533+00:00
FTS,ocds-h6vhtk-06b7ae_088192-2026,Hersden Playzone (MUGA) – Refurbishment and Minor Groundworks,"Canterbury City Council  wishes to select and appoint a suitable supplier for the undertaking  of  Hersden Playzone (MUGA) Refurbishment and Minor Groundworks Project, Canterbury
The Contract is anticipated to commence August / September 2026 and will continue for a period of 6 months.
Full details and requirements are included within the Invitation to Tender Documentation.
Important Notice: 
Suppliers should in the first instance register themselves on the Kent Business Portal by following regi",Canterbury City Council,,,GBP,2026-09-17,,award,complete,,https://www.find-tender.service.gov.uk/Notice/088192-2026,2026-09-17T12:23:37.360539+00:00
FTS,ocds-h6vhtk-06125f_088191-2026,"Dental Equipment, Consumables & Solutions","NHS Supply Chain is preparing a national framework agreement that will support the procurement of dental consumables, clinical solutions, equipment, digital technologies, diagnostics, and practice infrastructure, structured across the following indicative lots: 
The following lot structure is indicative and subject to final confirmation: 
Lot 1: Dental Consumables & Appliances
Lot 2: Specialist Clinical & Bespoke Solutions 
Lot 3: Operatory Equipment
Lot 4: Dental Laboratory & Digital Solutions ",SUPPLY CHAIN COORDINATION LIMITED,,338378045.0,GBP,2026-09-17,2026-11-11,tender,active,,https://www.find-tender.service.gov.uk/Notice/088191-2026,2026-09-17T12:23:37.360544+00:00
FTS,ocds-h6vhtk-077456_088190-2026,Provision of bus service - Route 371,QC100105,LONDON BUS SERVICES LIMITED,,,GBP,2026-09-17,,award,complete,60112000,https://www.find-tender.service.gov.uk/Notice/088190-2026,2026-09-17T12:23:37.360548+00:00
FTS,ocds-h6vhtk-06e4da_088189-2026,Intruder Alarms and Autodiallers,"Dorset & Wiltshire Fire and Rescue Authority had an urgent requirement for the supply of Intruder alarms and auto diallers, linked to door access system for 36 sites, including one Planned Preventative Maintenance visit (PPM). System needed to be compatible with both Dorset & Wiltshire Police control systems and alarms needed to meet the requirements of BSEN50131 and PD6662 to Grade 2.",Dorset & Wiltshire Fire and Rescue Authority,,,GBP,2026-09-17,,award,complete,,https://www.find-tender.service.gov.uk/Notice/088189-2026,2026-09-17T12:23:37.360552+00:00
FTS,ocds-h6vhtk-06d551_088188-2026,Building Fire Engineering Compartmentalisation Works,"Canterbury City Council wishes to select and appoint a suitable supplier for the undertaking of Building Fire Engineering Compartmentalisation Works @ Lang Court, Godfrey House & Pier Avenue.
The Contract is anticipated to commence September 2026 and will continue for a period of 1 year",Canterbury City Council,,,GBP,2026-09-17,,award,complete,,https://www.find-tender.service.gov.uk/Notice/088188-2026,2026-09-17T12:23:37.360555+00:00
FTS,ocds-h6vhtk-077455_088187-2026,"ASDA Roundabout, Glasshoughton","ASDA Roundabout, Glasshoughton - Glasshoughton Wheel of light emergency lift",The Council of the City of Wakefield,,,GBP,2026-09-17,,award,complete,,https://www.find-tender.service.gov.uk/Notice/088187-2026,2026-09-17T12:23:37.360559+00:00
FTS,ocds-h6vhtk-077454_088186-2026,FIF029 The Links Practice Burntisland,Fife Health Board (more commonly known as NHS Fife) (“NHS Fife”) placed an advertisement in the Public Contracts Scotland Portal on the 17 September 2026 seeking expressions of interest from any parties interested in providing primary medical services to patients at The Links Practice Burntisland.,NHS Fife,,,GBP,2026-09-17,2026-09-25,tender,active,85121000,https://www.find-tender.service.gov.uk/Notice/088186-2026,2026-09-17T12:23:37.360564+00:00
FTS,ocds-h6vhtk-077453_088185-2026,Research Services: Unlocking Barriers to Audit Technology,"THIS IS A CONTRACT AWARD
The Financial Reporting Council (FRC) regulates auditors, accountants and actuaries and sets the UK's Corporate Governance and Stewardship Codes. As the Competent Authority for audit in the UK, we set auditing and ethical standards and monitor and enforce audit quality.
The Financial Reporting Council (FRC) is committed to supporting a resilient audit market which delivers high-quality services and outcomes.
FRC research and stakeholder engagement highlight that the larg",THE FINANCIAL REPORTING COUNCIL LIMITED,,,GBP,2026-09-17,,award,complete,,https://www.find-tender.service.gov.uk/Notice/088185-2026,2026-09-17T12:23:37.360568+00:00
FTS,ocds-h6vhtk-06f1a8_088184-2026,Survey of potential Western Channel MPA control sites,"Project Aims:
To deliver an offshore survey, the survey will provide information to support JNCC in planning a future effectiveness of measures (EoM) survey at Western Channel Marine Conservation Zone (MCZ). The subsequent effectiveness of measures survey will aim to monitor environmental changes at the site, should proposed fisheries management measures come into effect.
To meet the overall aims of this project, the project objectives are:
Objective 1 - Acquisition and interpretation of multibe",JNCC SUPPORT CO,,195833.33,GBP,2026-09-17,2026-09-28,tenderUpdate,active,,https://www.find-tender.service.gov.uk/Notice/088184-2026,2026-09-17T12:23:37.360574+00:00
FTS,ocds-h6vhtk-077418_088183-2026,Aids and Adaptations Landlord Applications ,"The Guinness Partnership (TGP) works with circa 140 local authorities to deliver the Disabled Facilities Grant work. TGP are looking to streamline the work across regions and are conducting market engagement to:
1.	Inform the decision on a landlord application delivery model that meets the quality, cost, risk management and responsiveness required by The Guinness Partnership to deliver high customer satisfaction based on the capabilities, geographical coverage and capacity of market participants",THE GUINNESS PARTNERSHIP LIMITED,,,GBP,2026-09-17,,planning,planned,,https://www.find-tender.service.gov.uk/Notice/088183-2026,2026-09-17T12:23:37.360578+00:00
FTS,ocds-h6vhtk-05d931_088182-2026,Port of Aberdeen - Procurement of Pilot Boat(s),"Aberdeen Harbour Board, operating as Port of Aberdeen, is the Statutory Harbour Authority and Competent Harbour Authority.
Safe, modern and efficient pilot vessels are considered of key importance for ongoing successful operations at Port of Aberdeen. Port of Aberdeen has a requirement for up to two new pilot boats, to provide a safe and reliable pilotage service across the port harbour areas.
The vessels will be required to carry out pilotage duties, hydrographic survey work, push pull work as ",Port of Aberdeen,,,GBP,2026-09-17,,award,cancelled,34500000,https://www.find-tender.service.gov.uk/Notice/088182-2026,2026-09-17T12:23:37.360583+00:00
FTS,ocds-h6vhtk-05f0a3_088181-2026,EPC & MEES Consultancy,"Retender of the EPC/MEES contract to appoint a consultant to deliver EPCs across the Urban portfolio, provide strategic MEES and de-risking advice, oversee EPC programme implementation, and manage all related energy performance data.",The Crown Estate,,,GBP,2026-09-17,,award,complete,,https://www.find-tender.service.gov.uk/Notice/088181-2026,2026-09-17T12:23:37.360587+00:00
FTS,ocds-h6vhtk-06c094_088180-2026,CPU 7368 - Supply and Installation of Steel Fabrication Products,,,,,GBP,2026-09-17,,tenderCancellation,complete,,https://www.find-tender.service.gov.uk/Notice/088180-2026,2026-09-17T12:23:37.360590+00:00
FTS,ocds-h6vhtk-06b444_088179-2026,Balcony Remedial Works & Replacement,"Canterbury City Council  wishes to select and appoint a suitable supplier for the undertaking of  Balcony Remedial Works & Replacement at Artillery & Dragoon House + 3 x Blocks at Union St, Canterbury and invites tenderers to submit a tender to meet the Council’s requirements.
It is a condition of the Invitation to Tender for you to attend a mandatory site visit. The site visit will be held @ 10 am on Thursday 25 June 2026. See 2.2.6 for further details. No further site visits will be held after",Canterbury City Council,,,GBP,2026-09-17,,award,complete,,https://www.find-tender.service.gov.uk/Notice/088179-2026,2026-09-17T12:23:37.360594+00:00
FTS,ocds-h6vhtk-077452_088178-2026,ESCC - PME - Uckfield College - Mobile Classroom Cladding and Flat Roof Replacement,Uckfield College - Mobile Classroom Cladding and Flat Roof Replacement,East Sussex County Council,,,GBP,2026-09-17,,award,complete,45000000,https://www.find-tender.service.gov.uk/Notice/088178-2026,2026-09-17T12:23:37.360597+00:00
FTS,ocds-h6vhtk-077451_088177-2026,Provision of bus service - Route 295/N295,QC98002,LONDON BUS SERVICES LIMITED,,,GBP,2026-09-17,,award,complete,60112000,https://www.find-tender.service.gov.uk/Notice/088177-2026,2026-09-17T12:23:37.360601+00:00
FTS,ocds-h6vhtk-077450_088176-2026,FIF028 High Valleyfield Medical Practice,Fife Health Board (more commonly known as NHS Fife) (“NHS Fife”) placed an advertisement in the Public Contracts Scotland Portal on the 17 September 2026 seeking expressions of interest from any parties interested in providing primary medical services to patients at High Valleyfield Medical Practice.,NHS Fife,,,GBP,2026-09-17,2026-09-25,tender,active,85121000,https://www.find-tender.service.gov.uk/Notice/088176-2026,2026-09-17T12:23:37.360605+00:00
FTS,ocds-h6vhtk-07744f_088175-2026,Police Medical Appeals Board,"Provision of medical appeal board as required by
both Authorities.",The Police and Crime Commissioner for Surrey,,,GBP,2026-09-17,,award,complete,85121200,https://www.find-tender.service.gov.uk/Notice/088175-2026,2026-09-17T12:23:37.360609+00:00
FTS,ocds-h6vhtk-06b3ec_088174-2026,Cleaning Services Contract for The Coopers' and Coborn School,This school is seeking to appoint a cleaning contractor to deliver a high quality cleaning service to the school.,THE COOPERS' COMPANY AND COBORN SCHOOL,,,GBP,2026-09-17,,award,complete,,https://www.find-tender.service.gov.uk/Notice/088174-2026,2026-09-17T12:23:37.360612+00:00
FTS,ocds-h6vhtk-07744e_088173-2026,COM26048 LGBT+ Domestic Abuse and Sexual Violence Advocacy Service,"Delivery of a specialist LGBT+ focussed support and advocacy service for victims of domestic abuse and sexual violence and assault from the LGBT+ community across Torbay,",Torbay Council,,,GBP,2026-09-17,,award,complete,,https://www.find-tender.service.gov.uk/Notice/088173-2026,2026-09-17T12:23:37.360616+00:00
FTS,ocds-h6vhtk-06818d_088172-2026,SWAST-5149-E- Exeter Main Operating Base,Building and fit out for Exeter Main Operating Base,SOUTH WESTERN AMBULANCE SERVICE NHS FOUNDATION TRUST,,15000000.0,GBP,2026-09-17,,planning,planned,,https://www.find-tender.service.gov.uk/Notice/088172-2026,2026-09-17T12:23:37.360622+00:00
FTS,ocds-h6vhtk-069dd6_088171-2026,St Thomas' Centre For Living Well,,,,,GBP,2026-09-17,,tenderCancellation,complete,,https://www.find-tender.service.gov.uk/Notice/088171-2026,2026-09-17T12:23:37.360625+00:00
FTS,ocds-h6vhtk-06d53b_088170-2026,Telecoms Consultancy,"Canterbury City Council intends to appoint a suppliers with demonstrable specialist knowledge and experience in telecoms landlord and tenant matters. 
The proposed appointment is for an initial term of three years, with no guarantee of workload, and an option to extend the contract for a further two years.",Canterbury City Council,,,GBP,2026-09-17,,award,complete,,https://www.find-tender.service.gov.uk/Notice/088170-2026,2026-09-17T12:23:37.360629+00:00
FTS,ocds-h6vhtk-07744d_088169-2026,Provision of bus service - Route 281/N281/681,QC100104,LONDON BUS SERVICES LIMITED,,,GBP,2026-09-17,,award,complete,60112000,https://www.find-tender.service.gov.uk/Notice/088169-2026,2026-09-17T12:23:37.360633+00:00
FTS,ocds-h6vhtk-04361b_088168-2026,"ID 4360110 - DoF - LPS - PROVISION OF ARCGIS LICENCING, SERVICES AND TRAINING",,The Department of Finance,,,GBP,2026-09-17,,awardUpdate,,72000000,https://www.find-tender.service.gov.uk/Notice/088168-2026,2026-09-17T12:23:37.360636+00:00
FTS,ocds-h6vhtk-068988_088167-2026,BHCC - NK - Care Homes within Brighton and Hove - (Round 6) April 2026,"The Council was seeking to award contracts within the boundaries of Brighton and Hove for the provision of Care Home beds on a spot purchase basis. Out of city care homes are contracted via an alternative route.
Bidders who passed the qualifying criteria were awarded a contract. Individual placements will be made on a spot purchase basis throughout the life of the contract.
The Council guarantees no set volume of placements under this contract and reserves the right to contract for comparable pr",Brighton and Hove City Council,,,GBP,2026-09-17,,award,complete,,https://www.find-tender.service.gov.uk/Notice/088167-2026,2026-09-17T12:23:37.360642+00:00
FTS,ocds-h6vhtk-07744c_088166-2026,ENHT - Renal Home Therapies Refurbishment - Ventilation,ENHT - Renal Home Therapies Refurbishment - Ventilation. procured via Tender.,East and North Hertfordshire Teaching NHS Trust,,,GBP,2026-09-17,,award,complete,,https://www.find-tender.service.gov.uk/Notice/088166-2026,2026-09-17T12:23:37.360645+00:00
FTS,ocds-h6vhtk-07744b_088165-2026,Provision of 6into7 software,The provision of a real-time shared database approach that would speed up transition processes and reduce the risk of information about a child's needs (including any SEND or Safeguarding needs) being missed or delayed in the transition chain. This will ensure the quickest and most effective transition process for every Year 6 child.,Salford City Council,,,GBP,2026-09-17,,award,complete,48000000,https://www.find-tender.service.gov.uk/Notice/088165-2026,2026-09-17T12:23:37.360650+00:00
FTS,ocds-h6vhtk-064888_088164-2026,Provision of a Circus for Bournemouth and Poole,Provision of a circus at Redhill Park (Bournemouth) and Branksome Recreation Ground,"Bournemouth, Christchurch and Poole Council",,,GBP,2026-09-17,,award,complete,,https://www.find-tender.service.gov.uk/Notice/088164-2026,2026-09-17T12:23:37.360656+00:00
FTS,ocds-h6vhtk-07744a_088163-2026,UK_1569 Complement or competition - UK TNE versus student mobility,"A insight research looking at the future of work in priority markets for the UK HE sector, to support UK HE stakeholders in decision-making surrounding transnational education in priority markets. Primary research in priority markets to be conducted by the contractor and a formal report and presentation be produced as key outputs.",British Council,,50000.0,GBP,2026-09-17,2026-10-02,tender,active,,https://www.find-tender.service.gov.uk/Notice/088163-2026,2026-09-17T12:23:37.360660+00:00
FTS,ocds-h6vhtk-077449_088162-2026,Provision of replacement Industrial & Commercial Customer Metering Equipment in connection with a Gas Distribution Network '27,"Phoenix is seeking to commence a meter replacement programme for Industrial & Commercial meter installations and is looking to appoint Supplier(s) who can supply rotary positive displacement (RPD) and/ or turbine meters in support of this specific asset work.
The initial contract period shall be four consecutive calendar years with an optional extension period, at Phoenix discretion, for a further four years.  
Whilst there is no guarantee of any minimum nor maximum workload, the estimated total",Phoenix Energy Group Ltd,,400000.0,GBP,2026-09-17,,tender,active,,https://www.find-tender.service.gov.uk/Notice/088162-2026,2026-09-17T12:23:37.360665+00:00
FTS,ocds-h6vhtk-077448_088161-2026,LTC- LTC046/ITEP1218-Poppulo Harmony - Unlimited Admin User,"Poppulo is a digital communication tool which enables content to be shared easily with the whole programme via email, intranet, display panels, and an application. This tool enables LTC to communicate with the client team, delivery partners and other stakeholders via different media.",National Highways Limited,,,GBP,2026-09-17,,award,complete,,https://www.find-tender.service.gov.uk/Notice/088161-2026,2026-09-17T12:23:37.360669+00:00
FTS,ocds-h6vhtk-077447_088160-2026,"Design, Construction & Commissioning of Wath Skate Park","Rotherham Council requires a competent and experienced contractor to design, construct, test and commission an in-situ reinforced concrete skatepark at Wath Skatepark, Wath upon Dearne, Rotherham, S63 7DH.",Rotherham Borough Council,,,GBP,2026-09-17,,award,complete,,https://www.find-tender.service.gov.uk/Notice/088160-2026,2026-09-17T12:23:37.360672+00:00
FTS,ocds-h6vhtk-07743e_088159-2026,"Service, Maintenance, software and licence",6 yr Service and Maintenance Contract  for Vitolagraph Lung Function Medical devices (VitaloLAB and VitaloQUB systems). Including associated  application software and Licence costs.,CAMBRIDGE UNIVERSITY HOSPITALS NHS FOUNDATION TRUST,,,GBP,2026-09-17,,award,complete,,https://www.find-tender.service.gov.uk/Notice/088159-2026,2026-09-17T12:23:37.360676+00:00
FTS,ocds-h6vhtk-077446_088158-2026,GL/FEL YCS/25-26/071/AWR-E - DUNLIN LAUNDRY ITT,Remove existing showers and supply & fix electrics and ventilation for new laundry.,Gov Facility Services Ltd,,,GBP,2026-09-17,,award,complete,,https://www.find-tender.service.gov.uk/Notice/088158-2026,2026-09-17T12:23:37.360679+00:00
FTS,ocds-h6vhtk-077445_088157-2026,Provision of ScanStation,"Hull City Council (The Authority) has awarded a contract to Infoshare+ Limited (Co Reg: 02877612) for the provision of ScanStation software for a period of 1 year. The contract commenced 1st April 2026 and will expire 31st March 2027. The estimated contract value is £30,000.00.",Hull City Council,,,GBP,2026-09-17,,award,complete,72260000,https://www.find-tender.service.gov.uk/Notice/088157-2026,2026-09-17T12:23:37.360682+00:00
FTS,ocds-h6vhtk-06ba4b_088156-2026,Kilburn Cemetery Grave Digging,For the digging and preparation of burial plots at Kilburn Road Cemetery in Oakham. We anticipate a maximum of 20 burials per year.,Rutland County Council,,,GBP,2026-09-17,,award,complete,,https://www.find-tender.service.gov.uk/Notice/088156-2026,2026-09-17T12:23:37.360686+00:00
FTS,ocds-h6vhtk-051407_088155-2026,Care at Home for Adults,"Nottingham City Council is committed to working collaboratively with the home care market to develop a future home care service model that delivers high-quality, person-centred support for citizens across Nottingham City.
As part of this process, NCC is inviting providers who deliver home care services to attend a Pre-Market Engagement Event to be held on 25th September 2026",Nottingham City Council,,,GBP,2026-09-17,,planningUpdate,planned,,https://www.find-tender.service.gov.uk/Notice/088155-2026,2026-09-17T12:23:37.360689+00:00
FTS,ocds-h6vhtk-04982a_088154-2026,https://www.gov.uk/,Grant Administration Services,Department of Energy Security & Net Zero,,,GBP,2026-09-17,,award,complete,75110000,https://www.find-tender.service.gov.uk/Notice/088154-2026,2026-09-17T12:23:37.360693+00:00
FTS,ocds-h6vhtk-077444_088153-2026,Provision of bus service - Route 155/N155,QC98309,LONDON BUS SERVICES LIMITED,,,GBP,2026-09-17,,award,complete,60112000,https://www.find-tender.service.gov.uk/Notice/088153-2026,2026-09-17T12:23:37.360696+00:00
FTS,ocds-h6vhtk-077443_088152-2026,Engineer Recruitment,Recruitment of specialist Engineer,Lancaster City Council,,,GBP,2026-09-17,,award,complete,,https://www.find-tender.service.gov.uk/Notice/088152-2026,2026-09-17T12:23:37.360701+00:00
FTS,ocds-h6vhtk-06b5c9_088151-2026,Provision of Carpet and Vinyl,,,,,GBP,2026-09-17,,tenderCancellation,cancelled,,https://www.find-tender.service.gov.uk/Notice/088151-2026,2026-09-17T12:23:37.360729+00:00
FTS,ocds-h6vhtk-06ded6_088150-2026,"Learning, Talent and Performance Platform","Bromford Flagship LiveWest (BFL) wants to procure a single, modern Learning Management System (LMS) to provide a unified learning and compliance platform across the organisation. 
The proposed solution will replace existing learning platforms and support the delivery, management and reporting of learning across the organisation. The LMS will serve a workforce of more than 6,000 colleagues across a geographically dispersed operating area, supporting a wide range of roles including housing, proper",BROMFORD FLAGSHIP LIVEWEST LIMITED,,470000.0,GBP,2026-09-17,2026-09-28,tender,active,,https://www.find-tender.service.gov.uk/Notice/088150-2026,2026-09-17T12:23:37.360739+00:00
FTS,ocds-h6vhtk-077442_088149-2026,Programme Management Consultancy Services,"Provision of programme management consultancy services to support the planning, governance, coordination, monitoring, and delivery of strategic programmes and projects.
Includes the following:
Driving the team to complete baseline plan.
Building out programme level risks and issues. Lead proactive management and mitigation, including escalations where required.
Refining programme ways of working.
Building out and refining cross workstream dependencies.
Continue to manage programme budget.
Produc",NPL Management Limited,,,GBP,2026-09-17,,award,complete,,https://www.find-tender.service.gov.uk/Notice/088149-2026,2026-09-17T12:23:37.360747+00:00
FTS,ocds-h6vhtk-077441_088148-2026,Research & Development (R&D) - Tax Advisory,Provision of specialist tax advisory services to support the Bank.,BANK OF ENGLAND,,,GBP,2026-09-17,,award,complete,,https://www.find-tender.service.gov.uk/Notice/088148-2026,2026-09-17T12:23:37.360755+00:00
FTS,ocds-h6vhtk-077440_088147-2026,Derby Diocesan Academy Trust - Dynamic market for the supply of energy,"Establishment of a Dynamic Market pursuant to section 34 of the Procurement Act 2023 for the physical supply of electricity to all Authority sites along with associated invoicing and query management services. A Dynamic Market is a procurement mechanism that:
•remains open to new suppliers throughout its duration;
•allows suppliers to apply for admission at any time;
•enables the Authority to conduct competitive selection processes among admitted suppliers
For more information about this opportu",Derby Diocesan Academy Trust,,,GBP,2026-09-17,,tender,active,,https://www.find-tender.service.gov.uk/Notice/088147-2026,2026-09-17T12:23:37.360762+00:00
FTS,ocds-h6vhtk-07743f_088146-2026,CPU 4146 Regulatory Services Software,"Nottingham City Council is undertaking a Preliminary Market Engagement (PME) exercise to better understand the current market for software solutions supporting Environmental Health, Trading Standards, General Licensing, Housing Licensing and Housing Health and Safety Rating System (HHSRS) inspection and enforcement functions.
This questionnaire forms part of a soft market testing exercise only. It is NOT a procurement, invitation to tender, selection process or call for competition. Information ",Nottingham City Council,,500000.0,GBP,2026-09-17,,planning,planning,,https://www.find-tender.service.gov.uk/Notice/088146-2026,2026-09-17T12:23:37.360766+00:00
FTS,ocds-h6vhtk-07743e_088145-2026,"Service, Maintenance Software and Licences.","6Yr - Bi Annual Service & Maintenance Contract for VitaloLAB, VitaloQUB, also including Software application and Licences supplied by Vitalograph.
Total Value  £161,043.60+VAT",CAMBRIDGE UNIVERSITY HOSPITALS NHS FOUNDATION TRUST,,,GBP,2026-09-17,,award,complete,,https://www.find-tender.service.gov.uk/Notice/088145-2026,2026-09-17T12:23:37.360770+00:00
FTS,ocds-h6vhtk-07743d_088144-2026,Source to Contract Solution,"This notice is for the purposes of informing the market of the upcoming Preliminary Market Engagement event being conducted the London Borough of Haringey.
The PME will support Haringey Council (the Authority) with understanding the market for ‘Software as a Service’ (SaaS) Source to Contract solutions and to inform a future procurement strategy.
The Council will be looking to appoint a supplier to deliver a software as a service “SaaS”based solution for managing Source to Contract activity.
Int",London Borough of Haringey,,460000.0,GBP,2026-09-17,,planning,planning,,https://www.find-tender.service.gov.uk/Notice/088144-2026,2026-09-17T12:23:37.360774+00:00
FTS,ocds-h6vhtk-065e76_088143-2026,General Grounds Maintenance for SEHSCT,This procurement is for the provision General Grounds Maintenance for the South Eastern Health and Social Care Trust.,Regional Business Services Organisation Procurement and Logistics Service,,,GBP,2026-09-17,,award,complete,,https://www.find-tender.service.gov.uk/Notice/088143-2026,2026-09-17T12:23:37.360781+00:00
FTS,ocds-h6vhtk-058907_088142-2026,Wheelchair and Specialist Seating Service - C401025 - CAN,"NOTIFICATION OF INTENTION TO AWARD:
The aim of the Sussex Wheelchair Service is to make sure users optimise their mobility and independence and improve their quality of life through receiving timely access to appropriate assessment, provision and maintenance of equipment through a fully integrated service. 
The provider will assess users for the provision of wheeled mobility equipment (both powered and manual) for those with long term mobility problems. Pressure relieving cushions and postural m",NHS Surrey and Sussex Integrated Care Board (ICB),,,GBP,2026-09-17,,tenderUpdate,,85100000,https://www.find-tender.service.gov.uk/Notice/088142-2026,2026-09-17T12:23:37.360786+00:00
FTS,ocds-h6vhtk-07743c_088141-2026,WPL06910 - Peritoneal Malignancy Outsourcing - Elective CRS and HIPEC,"The Trust is seeking a qualified sub-contractor to provide specialised Cytoreductive Surgery (CRS) and Hyperthermic Intraperitoneal Chemotherapy (HIPEC) capacity. The service covers complex abdominal surgical oncology for patients with Pseudomyxoma Peritonei (PMP) and Colorectal Peritoneal Metastases (CPM).
This is a consultant-led, fully integrated tertiary care sub-contract. Providers must deliver end-to-end pathway care, including pre-operative assessment, surgery, Level 2/3 critical care, in",HAMPSHIRE HOSPITALS NHS FOUNDATION TRUST,,,GBP,2026-09-17,,planning,planned,85111000,https://www.find-tender.service.gov.uk/Notice/088141-2026,2026-09-17T12:23:37.360790+00:00
FTS,ocds-h6vhtk-07743b_088140-2026,C1007 - Fleet Management Services,,NORTHERN IRELAND WATER LIMITED,,,GBP,2026-09-17,,awardUpdate,,50100000,https://www.find-tender.service.gov.uk/Notice/088140-2026,2026-09-17T12:23:37.360794+00:00
FTS,ocds-h6vhtk-07743a_088139-2026,003843 - Preliminary Market Engagement (PME) for Virtual Reality (VR) Headsets,"The Council is inviting suppliers to participate in preliminary engagement to gain insight from the market with the purpose of making any potential future exercise, well framed, feasible, focused and of likely interest to the market.
Durham County Council (DCC) is looking to explore the market options for Virtual Reality (VR) headsets suitable for use in a range of care settings.
Scope
• Provision of standalone virtual reality headsets suitable for use in a range of care settings, including all ",Durham County Council,,15000.0,GBP,2026-09-17,,planning,planning,,https://www.find-tender.service.gov.uk/Notice/088139-2026,2026-09-17T12:23:37.360797+00:00
FTS,ocds-h6vhtk-077439_088138-2026,NI Water - Laboratory Analysis Resilience Services - Request for Information (RFI),"NI Water’s current contract for provision of contingency sample analysis services will end 3 February 2027.  NI Water are seeking to understand the current market capability and gauge interest in participation in a tender process for this requirement.
NI Water have published a Request for Information (RFI) on eTendersNI, this included a list of the current suites/parameters of sample types in ‘Appendix 2 - List of Analysis Suites and Parameters’.
NI Water would ask interested suppliers to comple",Northern Ireland Water Limited,,1.0,GBP,2026-09-17,,planning,planning,,https://www.find-tender.service.gov.uk/Notice/088138-2026,2026-09-17T12:23:37.360801+00:00
FTS,ocds-h6vhtk-03e2bf_088137-2026,"£6.200,000","The Underwater Engineering (UWE) capability is the provision of inspections, repairs, husbandry, and maintenance at or below the waterline, ensuring the compliant, efficient, and safe operation of RN and RFA vessels, while avoiding expensive and disruptive dry dockings, which as a result supports the strategic intent to maximise availability of RN vessels.  ",Ministry of Defence,,,GBP,2026-09-17,,award,complete,50241100,https://www.find-tender.service.gov.uk/Notice/088137-2026,2026-09-17T12:23:37.360805+00:00
FTS,ocds-h6vhtk-0674fc_088136-2026,Support contractor for Housing Maintenance DLO,"The Council is seeking to procure the services of a suitably experienced and qualified contractor to provide support to their Housing Repairs and Maintenance operation for its housing stock, we currently have approximately 4500 council owned properties across the district. The properties are predominantly in the North of the district however on occasions there will be a requirement for attendance in the South of the district.
This service is to support resource planning for day to day responsive",East Suffolk Council,,,GBP,2026-09-17,,award,complete,,https://www.find-tender.service.gov.uk/Notice/088136-2026,2026-09-17T12:23:37.360808+00:00
FTS,ocds-h6vhtk-068f6e_088135-2026,Workforce Solution 2,"The Workforce Solutions 2 Framework will provide a central route for the public sector to procure the extended workforce and acquire talent. 
This spans:
Contingent Labour and associated services,
Recruitment Permanent Outsourcing (RPO) and associated services,
Vendor Neutral routes for Recruit Train Deploy, Statements of Work & Resource Augmentation & Consultancy,
Overseas Workers,
And any other recruitment model or total talent acquisition that arises over the term of the contract.",Government Commercial Agency,,20000000000.0,GBP,2026-09-17,,planning,planned,,https://www.find-tender.service.gov.uk/Notice/088135-2026,2026-09-17T12:23:37.360814+00:00
FTS,ocds-h6vhtk-06c22b_088134-2026,Fire System Maintenance and Management,"The Contract shall comprise of the cyclical inspection, test, maintenance and monitoring of the asset-based Fire Systems within Rutland County Council sites",Rutland County Council,,,GBP,2026-09-17,,award,complete,,https://www.find-tender.service.gov.uk/Notice/088134-2026,2026-09-17T12:23:37.360817+00:00
FTS,ocds-h6vhtk-077438_088133-2026,Service contract,1715 -Service contract for Robot Rowa 4576,CAMBRIDGE UNIVERSITY HOSPITALS NHS FOUNDATION TRUST,,,GBP,2026-09-17,,award,complete,,https://www.find-tender.service.gov.uk/Notice/088133-2026,2026-09-17T12:23:37.360821+00:00
FTS,ocds-h6vhtk-077437_088132-2026,Provision of bus service - Route 148/N148,QC100802,LONDON BUS SERVICES LIMITED,,,GBP,2026-09-17,,award,complete,60112000,https://www.find-tender.service.gov.uk/Notice/088132-2026,2026-09-17T12:23:37.360825+00:00
FTS,ocds-h6vhtk-06b52c_088131-2026,The Provision of Technical Equipment Replacement at The Market Place Theatre and Arts Centre,"The Market Place Theatre and Arts Centre is one of Northern Ireland’s foremost cultural venues. Companies and artists come from all over in order to perform in Armagh City. There are expectations from these companies and from the audiences that attend, that the venue provides the best possible experiences. While the venue has endeavoured to keep up-to-date with technological advances, much of the key equipment in The Market Place is out-of-date, beyond its usable life and/or obsolete. In additio","Armagh City, Banbridge and Craigavon Borough Council",,,GBP,2026-09-17,,award,complete,,https://www.find-tender.service.gov.uk/Notice/088131-2026,2026-09-17T12:23:37.360829+00:00
FTS,ocds-h6vhtk-077436_088130-2026,ITEP1193 - Umbraco Support 26-27,The National Highways Website uses a software platform called ‘Umbraco’ as the Content Management System (CMS). The use of this system makes it easy for staff in the business to update web pages. A new support contract is required directly with ‘Umbraco’ as the maker of the software National Highways uses CMS.,National Highways Limited,,,GBP,2026-09-17,,award,complete,,https://www.find-tender.service.gov.uk/Notice/088130-2026,2026-09-17T12:23:37.360833+00:00
FTS,ocds-h6vhtk-03bedb_088129-2026,Food to Go DPS June 2026 - August 2026,"NHS Supply Chain: Food sought to establish a non-exclusive DPS Agreement for the supply of Food To Go to NHS Supply Chain: Food’s customer base via the Direct Route covering products including but not limited to: Patient Feeding Sandwiches, Salads, and Snack pots. Retail Sandwiches, Salads, Sandwich Fillings, Cakes, Street Food, Snack pots, pies, pastries, pizza, frozen desserts & ice cream, chilled & frozen drinks, grab & go food, branded equipment linked to food brands included in DPS. 
The DP",Supply Chain Coordination Limited,,,GBP,2026-09-17,,award,complete,15000000,https://www.find-tender.service.gov.uk/Notice/088129-2026,2026-09-17T12:23:37.360838+00:00
FTS,ocds-h6vhtk-03e2bf_088128-2026,"£65,000,000","The Underwater Engineering (UWE) capability is the provision of inspections, repairs, husbandry, and maintenance at or below the waterline, ensuring the compliant, efficient, and safe operation of RN and RFA vessels, while avoiding expensive and disruptive dry dockings, which as a result supports the strategic intent to maximise availability of RN vessels.  ",Ministry of Defence,,,GBP,2026-09-17,,award,complete,50241100,https://www.find-tender.service.gov.uk/Notice/088128-2026,2026-09-17T12:23:37.360841+00:00
FTS,ocds-h6vhtk-077435_088127-2026,Police Medical Appeals Board,Provision of medical appeal board as required by both Authorities.,The Police & Crime Commissioner for Sussex,,,GBP,2026-09-17,,award,complete,85121200,https://www.find-tender.service.gov.uk/Notice/088127-2026,2026-09-17T12:23:37.360845+00:00
FTS,ocds-h6vhtk-077434_088126-2026,RDC CN DLWP Glazed Facades North and South Stairs ESPH765,"Rother District Council are seeking to appoint a suitable qualified and experienced contractor for an Advance Works package at the De La Warr Pavillion, comprising refurbishment and replacement of glazed stair façades (north and south stairs), associated glazing systems, localised structural and fabric repairs, temporary works, access systems, protection of listed fabric, and making good, in accordance with the Architect’s drawings and specifications.",Rother District Council,,,GBP,2026-09-17,,award,complete,,https://www.find-tender.service.gov.uk/Notice/088126-2026,2026-09-17T12:23:37.360848+00:00
FTS,ocds-h6vhtk-077433_088125-2026,Homes England - Green Street News Subscription,Green Street News Annual Subscription (22/04/2026 - 21/04/2027),Homes England,,,GBP,2026-09-17,,award,complete,,https://www.find-tender.service.gov.uk/Notice/088125-2026,2026-09-17T12:23:37.360853+00:00
FTS,ocds-h6vhtk-077432_088124-2026,W845 - SEND Education -  Learners Specialist and Complex AP,"Contract for 7 learners for specialist and complex SEND education.
This is for Forest Lodge aka New Leaf Alternative Provision. It is statutory education. There are 6 approved placements starting from 2 Sep 2026 - August 31st 2027. All approved in Complex cases panel. Funded through the HNB - grant funded.
Forest Lodge/New leaf are on an off-DPS contract.",Derby City Council,,,GBP,2026-09-17,,award,complete,,https://www.find-tender.service.gov.uk/Notice/088124-2026,2026-09-17T12:23:37.360857+00:00
FTS,ocds-h6vhtk-06839b_088123-2026,"Information Access Service (IAS), Development & Maintenance",,,,,GBP,2026-09-17,,tenderCancellation,complete,,https://www.find-tender.service.gov.uk/Notice/088123-2026,2026-09-17T12:23:37.360860+00:00
FTS,ocds-h6vhtk-06facf_088122-2026,MAE GF Sunrise Partitions Package,"NTU Estates department seeks tenders for the supply and installation partitions package as detailed within the published specification. 
This is part of a larger refurbishment project of the Mary Ann Evans building at the NTU Clifton campus, Nottingham.
For more information about this opportunity, please visit the eSourcing portal at: 
https://neupc.delta-esourcing.com/tenders/UK-UK-Nottingham:-Installation-of-partition-walls./5JD23R648Y
To respond to this opportunity, please click here: 
https:",Nottingham Trent University,,,GBP,2026-09-17,2026-10-02,tenderUpdate,active,,https://www.find-tender.service.gov.uk/Notice/088122-2026,2026-09-17T12:23:37.360868+00:00
FTS,ocds-h6vhtk-0687d3_088121-2026,"Escalator Programmable Logic Controllers, Drives, inverters and interfaces","Transport for London (TfL), and London Underground Limited (LUL) plan to put a framework in place with two lots: 
Lot 1 - For the manufacture and supply of new escalator PLCs built to TfL specification as well as the associated field wiring, motor drives and HMI. A priced option including installation will be included. 
Lot 2 - For the manufacture and supply of drives and inverters required for OPEX maintenance. 
As part of this Framework tender, TfL also proposes to include the first call-off f",Transport for London,,18061649.0,GBP,2026-09-17,2026-10-23,tender,active,,https://www.find-tender.service.gov.uk/Notice/088121-2026,2026-09-17T12:23:37.360871+00:00
FTS,ocds-h6vhtk-077431_088120-2026,Contract for Execution of the Grand Theatre Chiller Replacement,"The works feature the installation of a chiller package (2 modules) at roof level of the Grand Theatre, 
Swansea. The installation shall be split over several floors within the building.  
Upper Roof Level 
Second Floor  
First Floor  
Installation of chiller and associated services 
Replacement of AHU cooling coil pipework and valve arrangements  
Installation of buffer vessel, pumps etc. ",City & County of Swansea,,300000.0,GBP,2026-09-17,2026-10-15,tender,active,,https://www.find-tender.service.gov.uk/Notice/088120-2026,2026-09-17T12:23:37.360875+00:00
FTS,ocds-h6vhtk-06f4c6_088119-2026,Provision of a new college website,"Cardiff and Vale College is seeking to appoint a company to work with us to develop a new college website. The objective is to create a scalable digital engagement platform that provides the technological foundation for seamless system integration, personalised user experiences, AI innovation and future digital services, ensuring the College can adapt to evolving learner expectations and emerging technologies throughout the lifetime of the platform.",Cardiff and Vale College,,220000.0,GBP,2026-09-17,,tenderUpdate,active,,https://www.find-tender.service.gov.uk/Notice/088119-2026,2026-09-17T12:23:37.360878+00:00
FTS,ocds-h6vhtk-077430_088118-2026,LAB software subscription.,1701 - 	Yearly Stemsoft LAB software subscription.,CAMBRIDGE UNIVERSITY HOSPITALS NHS FOUNDATION TRUST,,,GBP,2026-09-17,,award,complete,,https://www.find-tender.service.gov.uk/Notice/088118-2026,2026-09-17T12:23:37.360882+00:00
FTS,ocds-h6vhtk-05570f_088117-2026,2425-0045 CCTV - The Supply Installation and Maintenance of Equipment,"Framework agreement for Provision of maintenance to CCTV infrastructure within Civil Protection, Parking, Estates (Homes and Neighbourhoods), and other locations including libraries and council buildings.",Islington,,,GBP,2026-09-17,,awardUpdate,complete,,https://www.find-tender.service.gov.uk/Notice/088117-2026,2026-09-17T12:23:37.360885+00:00
FTS,ocds-h6vhtk-051b79_088116-2026,VIVID Fire Stopping and Compartmentation Works,Provision of fire stopping and compartmentation works across VIVID's operating area.,VIVID Housing Ltd,,,GBP,2026-09-17,,award,complete,,https://www.find-tender.service.gov.uk/Notice/088116-2026,2026-09-17T12:23:37.360889+00:00
FTS,ocds-h6vhtk-07742f_088115-2026,NHS SY ICB - Renal Non-Emergency Patient Transport Service,To provide Renal Non Emergency Patient Transport Services to the population of South Yorkshire.,NHS South Yorkshire Integrated Care Board,,,GBP,2026-09-17,,award,complete,85143000,https://www.find-tender.service.gov.uk/Notice/088115-2026,2026-09-17T12:23:37.360892+00:00
FTS,ocds-h6vhtk-0773e7_088114-2026,Multiple Needs Navigators,"The City of Bradford Metropolitan District Council is inviting tenders for the delivery of a Multiple Needs Navigator Service across the Bradford District. The service will provide intensive, person-centred and trauma-informed support for adults experiencing multiple and complex needs, including homelessness or risk of homelessness, substance misuse, mental ill-health, domestic abuse or trauma, and involvement in the criminal justice system. The successful provider will deliver a Navigator model",City of Bradford Metropolitan District Council,,4043808.0,GBP,2026-09-17,2026-10-13,tenderUpdate,active,,https://www.find-tender.service.gov.uk/Notice/088114-2026,2026-09-17T12:23:37.360896+00:00
FTS,ocds-h6vhtk-06f01a_088113-2026,Pavilion Management and Exhibition Production: British Pavilion at the Venice Biennale,"The British Council is tendering for a supplier to provide overall management, maintenance and exhibition production of the British Pavilion. The duration of the contract is two years with the option to extend for a further two years. The contract will begin with an induction period from November 2026 to January 2027, to provide effective briefing on the role and the building and to ensure the handover of responsibilities from the existing supplier. The British Council has been responsible for t",BRITISH COUNCIL(THE),,,EUR,2026-09-17,2026-10-12,tenderUpdate,active,,https://www.find-tender.service.gov.uk/Notice/088113-2026,2026-09-17T12:23:37.360900+00:00
FTS,ocds-h6vhtk-07742e_088112-2026,Preliminary Design Development of the Billingham Beck Bridge Replacement project,"Design development for the Billingham Beck Bridge Replacement project, including project management, highways, structural, geotechnical, environmental and CDM services.",Stockton on Tees Borough Council,,,GBP,2026-09-17,,award,complete,71300000,https://www.find-tender.service.gov.uk/Notice/088112-2026,2026-09-17T12:23:37.360905+00:00
FTS,ocds-h6vhtk-07742d_088111-2026,Provision of Resettlement Support Services for the London Borough of Hillingdon.,"The Resettlement Support Provision will help support people to settle / remain settled in their accommodation and general improved wellbeing. The focus areas are to ensure people are registered with a local GP surgery and other health services, ensure that  children are registered with education, support people with steps to gain employment or education, support with financial sustainability - benefits/income and budgeting, support non-English speaking adults to enrol for ESOL (English for Speak",London Borough of Hillingdon,,,GBP,2026-09-17,,award,complete,,https://www.find-tender.service.gov.uk/Notice/088111-2026,2026-09-17T12:23:37.360908+00:00
FTS,ocds-h6vhtk-07742c_088110-2026,National Focal Centre (NFC) to Model and Map Air Pollution Impacts on UK habitat,"Defra is seeking to contract with supplier(s) possessing the scientific, technical and analytical expertise required to maintain and develop the UK National Focal Centre (NFC). The successful supplier(s) will deliver annual UK-wide modelling and mapping of pollutant deposition (ammonia, oxides of nitrogen and sulphur dioxide) and assess against critical loads for acidity and nitrogen. They will also map ammonia concentrations and assess against critical levels. The assessments will be reported f","DEPARTMENT FOR ENVIRONMENT, FOOD AND RURAL AFFAIRS",,0.0,GBP,2026-09-17,,planning,planning,,https://www.find-tender.service.gov.uk/Notice/088110-2026,2026-09-17T12:23:37.360913+00:00
FTS,ocds-h6vhtk-07742b_088109-2026,Pre Market Engagement – STEP Academy Waste Contract,"Pre Market Engagement for the upcoming STEP Academy Waste Contract
Full details about this pre-market engagement can be accessed at https://portal.proquro.co.uk/Suppliers/Tenders/Details?id=1090",STEP Academy,,750000.0,GBP,2026-09-17,,planning,planning,,https://www.find-tender.service.gov.uk/Notice/088109-2026,2026-09-17T12:23:37.360916+00:00
FTS,ocds-h6vhtk-0675ea_088108-2026,Integrated Community Outreach Support,"Home Based Prevention and Intermediate Care - Integrated Community Outreach Support services. Service Area 2A: Prevention Support
Service Area 2B: Home Checks, Independence planning and non-regulated Reablement.",Cornwall Council,,,GBP,2026-09-17,,award,complete,,https://www.find-tender.service.gov.uk/Notice/088108-2026,2026-09-17T12:23:37.360920+00:00
FTS,ocds-h6vhtk-07742a_088107-2026,Supply and Maintenance of Water Coolers,The Supply and Maintenance of Water Coolers for various sites across Chesterfield Borough Council,Chesterfield Borough Council,,75000.0,GBP,2026-09-17,2026-10-08,tender,active,,https://www.find-tender.service.gov.uk/Notice/088107-2026,2026-09-17T12:23:37.360923+00:00
FTS,ocds-h6vhtk-077429_088106-2026,Microbiology Referrals - GOSH,Microbiology referral testing,Gateshead Health NHS Foundation Trust,,,GBP,2026-09-17,,award,complete,85145000,https://www.find-tender.service.gov.uk/Notice/088106-2026,2026-09-17T12:23:37.360927+00:00
FTS,ocds-h6vhtk-06ee6f_088105-2026,South Thames Retrieval Service (STRS) Patient Transport Services,"The South Thames Retrieval Service (STRS) provides specialist paediatric critical care retrieval and transfer services for critically ill children across a network of hospitals. Guy’s and St Thomas’ NHS Foundation Trust is preparing to procure a dedicated 24/7 patient<br/>transport service, including specialist ambulances and Ambulance Technicians, to support the safe and timely transfer of patients to specialist paediatric intensive care units (PICUs).",Guy's and St Thomas' NHS Foundation Trust,,,GBP,2026-09-17,,tenderUpdate,,85143000,https://www.find-tender.service.gov.uk/Notice/088105-2026,2026-09-17T12:23:37.360931+00:00
FTS,ocds-h6vhtk-077428_088104-2026,NOCS Energy Centre Plant Replacements,"The contract comprises the replacement of three critical plant assets serving the site's heating, cooling and seawater systems. The existing equipment has exceeded, or is approaching the end of, its economic and operational lifespan and requires replacement to maintain system reliability, efficiency and resilience.
The works include the removal, supply, installation, testing and commissioning of:
One Low Temperature Hot Water (LTHW) Deaerator located on the Ground Floor of the Energy Centre.
One",National Oceanography Centre,,,GBP,2026-09-17,,award,complete,,https://www.find-tender.service.gov.uk/Notice/088104-2026,2026-09-17T12:23:37.360934+00:00
FTS,ocds-h6vhtk-02fab1_088103-2026,Fresh Food DPS June 2026 - August 2026,"NHS Supply Chain: Food seeks to establish a non-exclusive DPS Agreement for the supply of Fresh Food to NHS Supply Chain: Food’s customer base via the Direct Route covering products including but not limited to: fruit, vegetables, prepared potatoes, salads, milk,
dairy products, eggs, bread, morning goods, fresh meat, fresh poultry, fresh fish and meat alternatives.
The DPS will be in place for a minimum of 7 years with an approximate spend of £200m and will be the main procurement route for NHS",Supply Chain Coordination Limited,,,GBP,2026-09-17,,award,complete,15000000,https://www.find-tender.service.gov.uk/Notice/088103-2026,2026-09-17T12:23:37.360938+00:00
Contracts Finder,ocds-b5fd17-beb197b9-3be8-4b92-9bb3-c111cc6a13db_49be2751-68b7-472e-a19e-999e9f132b73-914426,CA18377 - CPC /JE/01/2023: ICT Hardware & Peripherals Equipment Framework Agreement,"CPC intends to put a framework agreement in place with multiple suppliers for the supply of ICT hardware and peripherals equipment, and related services, open to both manufacturers and resellers that will offer additional benefits through collaborative and innovative partnerships with CPC members and the wider pubic sector. A list of members split by region can be found here: Member Regions - Crescent Purchasing Consortium (CPC) (thecpc.ac.uk) Future members of the CPC will be from the education",Bridgend College,,300000.0,GBP,2026-09-16,2026-09-13,award,complete,30237300,https://www.contractsfinder.service.gov.uk/Notice/49be2751-68b7-472e-a19e-999e9f132b73-914426,2026-09-17T12:23:39.728913+00:00
Contracts Finder,ocds-b5fd17-856a7210-d711-4c21-bf58-c0daa4c654e7_334dfcaf-87e8-456f-bc07-8ad81d2d97da-914418,A1329,"Consultancy and architectural direction to the implementation of RMS and Datawarehouse replacement.

Awarded from the YPO framework 001141.

Contracted by Greater Manchester Combined Authority for Greater Manchester Police.",Greater Manchester Police,,412000.0,GBP,2026-09-16,2026-08-03,award,complete,72200000,https://www.contractsfinder.service.gov.uk/Notice/334dfcaf-87e8-456f-bc07-8ad81d2d97da-914418,2026-09-17T12:23:39.729156+00:00
Contracts Finder,ocds-b5fd17-53c20686-804c-4d66-9758-8a09a64d169b_082f8c39-f10d-4727-ac7e-3a87eaa5301c-914417,GB-Sheffield: M&G Third Party Administration Support,"Capital and Investment Administration Services

Additional information: This was procured inline with the Banks Sanding Financial Instructions (SFIs)",British Business Bank,,25500.0,GBP,2026-09-16,2026-07-13,award,complete,75100000,https://www.contractsfinder.service.gov.uk/Notice/082f8c39-f10d-4727-ac7e-3a87eaa5301c-914417,2026-09-17T12:23:39.729363+00:00
Contracts Finder,ocds-b5fd17-31193483-4ce2-4e42-854e-c961e32773eb_32e49c6d-1649-4668-b760-6ca64f72fe52-914413,British Growth Partnership (BGP) Valuation,"For the provision of providing independent assurance and expert guidance on the valuation framework and its implementation.
This procurement was done via a further competition conducted under is GCA Audit and Assurance Services Two Framework (RM6310). Lot 4: Other Independent Assurance (Independent assurance reviews including special purpose reviews and investigations)",BRITISH BUSINESS BANK PLC,,480000.0,GBP,2026-09-16,2026-03-27,award,complete,79419000,https://www.contractsfinder.service.gov.uk/Notice/32e49c6d-1649-4668-b760-6ca64f72fe52-914413,2026-09-17T12:23:39.729567+00:00
Contracts Finder,ocds-b5fd17-69a7f8b9-b80d-4de5-bc13-b226fe0ec402_b87edce7-6f2f-4c87-b753-6fd14a7d6405-914412,GB-Sheffield: Office Pods,"For the provision of 5 Office Pods for London Office.
      
      This was procured in line with the Banks Standing Financial Instructions (SFI's)

Additional information: This was procured in line with the Banks Standing Financial Instructions (SFI's)",British Business Bank,,50000.0,GBP,2026-09-16,2026-06-30,award,complete,39000000,https://www.contractsfinder.service.gov.uk/Notice/b87edce7-6f2f-4c87-b753-6fd14a7d6405-914412,2026-09-17T12:23:39.729788+00:00
Contracts Finder,ocds-b5fd17-180c5fb0-e3a2-4342-9d32-9635888714e6_0fc33558-fce8-4c20-95f9-36e24b030cc2-914411,P4104088A Legal Advisers for the Euston Programme Lot 1,"The call-off contract shall commence on 28th March 2025 and the expiry date will be 27th March 2027, for a period of two years. This includes an extended period of eight months, bringing the final expiry date to 27th November 2027.  

The total contract value shall be £8,000,000 excluding VAT, including an option to increase the contract value by up to 50%, subject internal approval via DfT's governance process. 

This procurement activity was a mini competition under the Crown Commercial Se",DfTc - Department for Transport,,8000000.0,GBP,2026-09-16,2025-02-28,awardUpdate,complete,79100000,https://www.contractsfinder.service.gov.uk/Notice/0fc33558-fce8-4c20-95f9-36e24b030cc2-914411,2026-09-17T12:23:39.729995+00:00
Contracts Finder,ocds-b5fd17-007fa1be-95ea-426d-81a5-666302c23148_0bc2a986-8c16-4853-a5e2-2ef334121fc9-914409,"2026-09-07 09:00 - QTN048 Exning to Stanton Community Primary School, Stanton - AWARD","Suffolk County Council is seeking a mini competition against the following Dynamic Purchasing System: `The supply of Passenger Transport Services`, OJEU Notice Id: 2018/S 031-067685.
      
      Exning to Stanton Community Primary School, Stanton.
      
      Further details can be found in the 'Tenders / My Tenders' area of this website, by selecting the 'View Details' button for this project.
      
      The deadline for returned submissions is 09:00 Monday 7th September 2026. Please ",Suffolk County Council Passenger Transport,,,GBP,2026-09-16,2026-09-07,award,complete,60000000,https://www.contractsfinder.service.gov.uk/Notice/0bc2a986-8c16-4853-a5e2-2ef334121fc9-914409,2026-09-17T12:23:39.730190+00:00
Contracts Finder,ocds-b5fd17-e3527f40-9727-4c75-8f90-912bbd39b39d_5b83658d-f281-4368-98fe-d8f009b886cb-914408,PS26175 - Evaluation of DSIT Carbon Offsetting Consultancy,"***** THIS IS AN AWARD NOTICE, NOT A CALL FOR COMPETITION *****

This procurement is being concluded as a direct award under the Management Consultancy Framework Four (MCF4, RM6309)

Brief Description of Requirement

Evaluation services",UK SBS,,,GBP,2026-09-16,2026-07-10,awardUpdate,complete,73000000,https://www.contractsfinder.service.gov.uk/Notice/5b83658d-f281-4368-98fe-d8f009b886cb-914408,2026-09-17T12:23:39.730398+00:00
Contracts Finder,ocds-b5fd17-1be3f981-86b4-450a-93c2-dce11bd82dec_82fe7400-f331-4a96-852e-a3e0cf3ae7e4-914407,Development to the Langarth Garden Village Business Case,"Appointment of a suitably qualified supplier to develop a comprehensive, Cabinet ready Business Case for Langarth Garden Village. The commission will provide strategic, economic, commercial, financial and management case analysis to support Cornwall Council's decision-making regarding the future delivery model, governance arrangements, funding strategy, procurement approach and implementation roadmap for Langarth Garden Village",Cornwall Council,,295000.0,GBP,2026-09-16,2026-09-01,award,complete,79000000,https://www.contractsfinder.service.gov.uk/Notice/82fe7400-f331-4a96-852e-a3e0cf3ae7e4-914407,2026-09-17T12:23:39.730595+00:00
Contracts Finder,ocds-b5fd17-02aaa7fc-068c-4f6a-9dfc-94575df3d8e8_e067c334-9809-445b-8210-e6f3fa57f856-914405,S253-Mainstream Taxi -South Charnwood High School,S253-Mainstream Taxi -South Charnwood High School,Leicestershire County Council,,67.6,GBP,2026-09-16,2026-09-09,award,complete,60000000,https://www.contractsfinder.service.gov.uk/Notice/e067c334-9809-445b-8210-e6f3fa57f856-914405,2026-09-17T12:23:39.730816+00:00
Contracts Finder,ocds-b5fd17-3d19b58f-e5a9-449e-bb4e-fe0b3be5758f_29c5d070-9776-4ad7-9354-9f6e3116a43e-914403,ITT for project 10199522,ITT for project 10199522,UK RESEARCH & INNOVATION,,3270.0,GBP,2026-09-16,2026-07-01,award,complete,79421100,https://www.contractsfinder.service.gov.uk/Notice/29c5d070-9776-4ad7-9354-9f6e3116a43e-914403,2026-09-17T12:23:39.731027+00:00
Contracts Finder,ocds-b5fd17-8388a3b4-ffa3-4b5f-9070-e1070e73548a_457efe68-95c7-43bf-bb2c-f480306325f6-914404,"Fire Risk Appraisal External Walls, Hull, EN: Procure Construction Consultancy Services Framework Gen-4, Lot 12 Fire Safety Consultant Services, further competition","Hull City Council has appointed Firntec Ltd to conduct comprehensive Fire Risk Appraisals of External Walls (FRAEW) for 14 of Hull City Council's High-Risk Residential buildings (18m+). This appointment has been made under EN: Procure Construction Consultancy Services Framework Gen-4, Lot 12 Fire Safety Consultant Services. The Services are to commence 21st July 2026, completion date 19th July 2027. The budget is £240,000 overall with no option to extend.",Hull City Council,,240000.0,GBP,2026-09-16,2026-06-01,award,complete,75251110,https://www.contractsfinder.service.gov.uk/Notice/457efe68-95c7-43bf-bb2c-f480306325f6-914404,2026-09-17T12:23:39.731219+00:00
Contracts Finder,ocds-b5fd17-3121d2ad-c4bb-469e-80b0-7ab22779234a_139d0300-b322-4647-b328-01eff1dd01bd-914399,Car Salary Sacrifice,Call off from single supplier framework.,Rotherham Metropolitan Borough Council,,3520000.0,GBP,2026-09-16,2026-04-24,award,complete,34100000,https://www.contractsfinder.service.gov.uk/Notice/139d0300-b322-4647-b328-01eff1dd01bd-914399,2026-09-17T12:23:39.731417+00:00
Contracts Finder,ocds-b5fd17-3de45330-e3d3-40c2-8b0a-10a5f672938d_2df82153-5a38-4ae5-b3ca-e3405eea6665-914400,Regional Clean Energy Skills Coordination and Action Planning,"Enterprise Cheshire and Warrington (ECW), working alongside the Department for Energy Security and Net Zero (DESNZ) and the North West Net Zero Hub (NWNZH) is seeking to appoint an individual consultant or small group of consultants to oversee the implementation of the Clean Energy Skills Regional Action Plan (CESRAP), and in partnership with relevant neighbouring regions. 

The CESRAP brings together evidence from extensive stakeholder consultation, employer engagement, provider input, and re",ENTERPRISE CHESHIRE AND WARRINGTON,,80000.0,GBP,2026-09-16,2026-08-28,tenderAmendment,active,73110000,https://www.contractsfinder.service.gov.uk/Notice/2df82153-5a38-4ae5-b3ca-e3405eea6665,2026-09-17T12:23:39.731609+00:00
Contracts Finder,ocds-b5fd17-63e4e8a2-ce55-407c-84d4-428ecece98a6_606fb344-f4c9-436b-a167-fcb9ba7a1967-914402,Stairlift Servicing - Mansfield District Council,Stairlift Servicing - Mansfield District Council,Nottinghamshire County Council,,126000.0,GBP,2026-09-16,2026-07-01,award,complete,50000000,https://www.contractsfinder.service.gov.uk/Notice/606fb344-f4c9-436b-a167-fcb9ba7a1967-914402,2026-09-17T12:23:39.731833+00:00
Contracts Finder,ocds-b5fd17-7412a184-c434-455c-b82f-e56204c9c87c_942bd02d-89e2-443d-bea3-ca20bd4fbc50-914397,Reconstruction of Smorthwaite Retaining Wall,"This project is for the design and reconstruction of approximately 6m length of Smorthwaite Retaining Wall on the A684 at Garsdale, approx. 9km East of Sedbergh.",WESTMORLAND AND FURNESS COUNCIL,,58864.96,GBP,2026-09-16,2026-04-20,award,complete,45233130,https://www.contractsfinder.service.gov.uk/Notice/942bd02d-89e2-443d-bea3-ca20bd4fbc50-914397,2026-09-17T12:23:39.732028+00:00
Contracts Finder,ocds-b5fd17-b2210cbe-73f3-4855-9ffe-0718c3e79c2b_4fb2c4c9-250b-4629-8187-0f4b15b3dd89-914398,"ITT for projects 10198930, 10199570","ITT for projects 10198930, 10199570",UK RESEARCH & INNOVATION,,5140.0,GBP,2026-09-16,2026-07-01,award,complete,79421100,https://www.contractsfinder.service.gov.uk/Notice/4fb2c4c9-250b-4629-8187-0f4b15b3dd89-914398,2026-09-17T12:23:39.732214+00:00
Contracts Finder,ocds-b5fd17-5788b135-4389-47f7-a4a6-3cf2a958e2b3_07738365-eeb7-4f36-a933-8e339655840d-914396,Cheshire and Warrington Outline Water Plan,"The newly established Cheshire and Warrington Combined Authority (CWCA) has recently stated its intention to commission an Independent Economic Review (IER) for the subregion - setting out the evidence for the opportunities for and constraints on local growth. In support of this, it is vital to better understand where water infrastructure may require upgrades to support local ambition, and how we can better work together to ensure that flooding and drought are not impediments to growth whilst en",ENTERPRISE CHESHIRE AND WARRINGTON,,80000.0,GBP,2026-09-16,2026-09-24,tenderAmendment,active,73110000,https://www.contractsfinder.service.gov.uk/Notice/07738365-eeb7-4f36-a933-8e339655840d,2026-09-17T12:23:39.732405+00:00
Contracts Finder,ocds-b5fd17-06b39e5a-76a9-4fa8-924d-d832395ecf13_d6447b3a-8850-406b-91bc-2e995782d3a5-914394,ITT for project 10198109,ITT for project 10198109,UK RESEARCH & INNOVATION,,3817.0,GBP,2026-09-16,2026-07-01,award,complete,79421100,https://www.contractsfinder.service.gov.uk/Notice/d6447b3a-8850-406b-91bc-2e995782d3a5-914394,2026-09-17T12:23:39.732595+00:00
Contracts Finder,ocds-b5fd17-55adc9d6-50f8-4d80-a1f7-f400d5a93508_0d64db3b-d6c9-4a74-acf4-f84919c3cd5c-914384,Short Term & Reablement Services (SRS),"This contract is a Call-off from the Help 2 Live at Home Framework (Reference: AS24587)

SRS is a short- term enablement domiciliary care service offering timely support for individuals who may have an eligible Care Act need. The service will support individuals within their own home through the provision of packages of personal care whilst individuals await an assessment under the Care Act (2014). This service will not meet the needs of those individuals who require a primary health provision",HAMPSHIRE COUNTY COUNCIL,,140600000.0,GBP,2026-09-16,2026-08-21,award,complete,85000000,https://www.contractsfinder.service.gov.uk/Notice/0d64db3b-d6c9-4a74-acf4-f84919c3cd5c-914384,2026-09-17T12:23:39.732800+00:00
Contracts Finder,ocds-b5fd17-f07cae00-fdb5-4a8b-9410-279192cd8e1b_9c7b6305-987d-4b5f-a357-2aa9cdc4ffe1-914395,CWF Lot 2a - Reconstruction of Newbiggin Manor Farm Culvert,"This project is for the design and reconstruction of a failed 1200 x 900mm x 7.5m scoured-out skewed masonry and concrete culvert on the U5413 public highway near Lupton, to existing internal dimensions, designed to carry full construction and use traffic loading.
The culvert carries the public highway over a dry / flashy watercourse approximately 250m upstream of the Lupton Beck main watercourse.",WESTMORLAND AND FURNESS COUNCIL,,98529.96,GBP,2026-09-16,2026-04-17,award,complete,45221220,https://www.contractsfinder.service.gov.uk/Notice/9c7b6305-987d-4b5f-a357-2aa9cdc4ffe1-914395,2026-09-17T12:23:39.732993+00:00
Contracts Finder,ocds-b5fd17-365adbed-94c0-4575-8c50-cf4ac37e3add_5241d776-411e-4fcd-892a-27e0f16413e7-914388,"Heating Servicing, Repairs & Maintenance","Orwell have awarded Sureserve Compliance Central Limited (Reg 03193203) a call-off contract for their Heating Servicing, Repairs & Maintenance Works.  The tender notice was conducted through the Eastern Procurement Framework.  The tender followed a process compliant with Public Procurement Regulations (PCR) 2015.",ORWELL HOUSING ASSOCIATION LIMITED,3000000.0,5000000.0,GBP,2026-09-16,2026-07-17,award,complete,45232141,https://www.contractsfinder.service.gov.uk/Notice/5241d776-411e-4fcd-892a-27e0f16413e7-914388,2026-09-17T12:23:39.733181+00:00
Contracts Finder,ocds-b5fd17-792042e8-baa8-4a8b-ba65-a4d465d718f3_9dce086e-9270-4145-b1f7-e1839dea553d-914383,"Design, supply and installation of a splashpad at Bakewell Recreation Ground and ongoing maintenance","A contract has been awarded following a call off from Kent County Council Commercial Services Group Framework Y23064 Supply of Playground, Fitness and Sports Equipment and Leisure Facilities, Lot 5 - Waterplay (Indoor and Outdoor) which is awarded to a single supplier.

The contract scope includes the design of a splashpad, supply and installation of new water play equipment, resurfacing and associated works and ongoing maintenance.

The contract is estimated to commence 21 September 2026 an",Derbyshire Dales District Council,166110.13,189987.73,GBP,2026-09-16,2026-07-28,award,complete,37535200,https://www.contractsfinder.service.gov.uk/Notice/9dce086e-9270-4145-b1f7-e1839dea553d-914383,2026-09-17T12:23:39.733370+00:00
Contracts Finder,ocds-b5fd17-82b360c8-0b1e-476a-804e-a7fbbb68e349_91e7262c-874e-4aaa-becb-35fc5395f1ff-914392,ITT for project 10197550,ITT for project 10197550,UK RESEARCH & INNOVATION,,3200.0,GBP,2026-09-16,2026-07-01,award,complete,79421100,https://www.contractsfinder.service.gov.uk/Notice/91e7262c-874e-4aaa-becb-35fc5395f1ff-914392,2026-09-17T12:23:39.733555+00:00
Contracts Finder,ocds-b5fd17-df8655f0-7534-4927-b48f-c976f4b773b8_ab462dd7-4093-49e1-8a70-b31b60661d44-914393,"QBE103 09:00 2026-09-16 Glemsford to West Suffolk College (Milburn Campus), Bury ST Edmunds - 4-seater vehicle required - AWARD","Suffolk County Council is seeking a mini competition against the following Dynamic Purchasing System: `The supply of Passenger Transport Services`, OJEU Notice Id: 2018/S 031-067685.
      
      QBE103 09:00 2026-09-16 Glemsford to West Suffolk College (Milburn Campus), Bury ST Edmunds - 4-seater vehicle required
      
      Further details can be found in the 'Tenders / My Tenders' area of this website, by selecting the 'View Details' button for this project.
      
      The deadline f",Suffolk County Council Passenger Transport,,,GBP,2026-09-16,2026-09-16,award,complete,60000000,https://www.contractsfinder.service.gov.uk/Notice/ab462dd7-4093-49e1-8a70-b31b60661d44-914393,2026-09-17T12:23:39.733755+00:00
Contracts Finder,ocds-b5fd17-547c8af9-429b-40ee-9e5c-cab3731f9498_a98f58ef-90ea-4d86-a7fb-838f3b3f8bc8-914391,CWF Lot 2A - Reconstruction of Bellow Hill Culvert,This project primarily involves the design and reconstruction of Bellow Hill Culvert on the A684 near Garsdale. The works also include additional carriageway and drainage works at two nearby locations within an approximate 320m distance of the main site.,WESTMORLAND AND FURNESS COUNCIL,,186812.77,GBP,2026-09-16,2026-07-10,award,complete,45221220,https://www.contractsfinder.service.gov.uk/Notice/a98f58ef-90ea-4d86-a7fb-838f3b3f8bc8-914391,2026-09-17T12:23:39.733950+00:00
Contracts Finder,ocds-b5fd17-baa758c7-ba14-4346-b165-047f1fb763bf_aee1a016-28e8-44c7-bafc-60041bd68153-914389,"ITT for projects 10198874, 10199042","ITT for projects 10198874, 10199042",UK RESEARCH & INNOVATION,,7770.0,GBP,2026-09-16,2026-07-01,award,complete,79421100,https://www.contractsfinder.service.gov.uk/Notice/aee1a016-28e8-44c7-bafc-60041bd68153-914389,2026-09-17T12:23:39.734145+00:00
Contracts Finder,ocds-b5fd17-d6c68eb0-ee26-4b6e-a29d-663e7627de02_1de6ca73-7e34-46e0-a4f1-84682835f657-914390,Hybrid Mail,"Secure, cloud hosted Ad hoc and bulk printing and mailing services with e-notification.",Nottinghamshire County Council,,420000.0,GBP,2026-09-16,2026-07-24,award,complete,79571000,https://www.contractsfinder.service.gov.uk/Notice/1de6ca73-7e34-46e0-a4f1-84682835f657-914390,2026-09-17T12:23:39.734331+00:00
Contracts Finder,ocds-b5fd17-c3c314ad-7428-4b06-b178-3a35c3e0f91b_d97da583-7c1f-4d8e-9c6b-6a879142292e-914385,PSF4 Lot 4B - LCWIP 15 Kendal to Natland Active Travel Preliminary Design,"Development of a preliminary design for a new active travel route between Natland and the Kendal Canal Towpath (NCN6), as prioritised in the Kendal LCWIP.",WESTMORLAND AND FURNESS COUNCIL,,129980.52,GBP,2026-09-16,2026-01-23,award,complete,71311210,https://www.contractsfinder.service.gov.uk/Notice/d97da583-7c1f-4d8e-9c6b-6a879142292e-914385,2026-09-17T12:23:39.734515+00:00
Contracts Finder,ocds-b5fd17-02d59e24-470c-48db-87ad-168e5a184698_162291ad-265d-4539-94c5-d07e95346521-914386,ITT for project 10198151,ITT for project 10198151,UK RESEARCH & INNOVATION,,3990.0,GBP,2026-09-16,2026-07-01,award,complete,79421100,https://www.contractsfinder.service.gov.uk/Notice/162291ad-265d-4539-94c5-d07e95346521-914386,2026-09-17T12:23:39.734701+00:00
Contracts Finder,ocds-b5fd17-4c3bbec2-62a1-47f1-b19c-df08d88db0f3_8ba44b46-54b8-4704-aae5-5477d6a03a5f-914387,Whistleblowing Report System,"Whistleblowing service providing a secure reporting portal, multilingual helpline, and case management system to enable employees, suppliers, customers, and other stakeholders to raise concerns safely, confidentially, and anonymously where required. The service supports independent reporting, investigation tracking, and effective case resolution.",National Highways Limited,,39225.0,GBP,2026-09-16,2026-09-16,award,complete,48517000,https://www.contractsfinder.service.gov.uk/Notice/8ba44b46-54b8-4704-aae5-5477d6a03a5f-914387,2026-09-17T12:23:39.734932+00:00
Contracts Finder,ocds-b5fd17-8783937e-c482-4072-9623-40e58926044f_02da186e-8c17-4ac7-b9fd-439e31770d61-914378,Idox Uniform Software & Idox Enterprise Software,"Software licence and support for Gazetteer Management System, Development Control, Building Control, Planning and Land Charges.

This is a call off without re-opening competition through the CCS framework, RM6259 Vertical Applications Solutions Lot 3 Housing, Environmental and Planning Solutions.",Derbyshire Dales District Council,,135002.02,GBP,2026-09-16,2026-07-01,award,complete,48000000,https://www.contractsfinder.service.gov.uk/Notice/02da186e-8c17-4ac7-b9fd-439e31770d61-914378,2026-09-17T12:23:39.735121+00:00
Contracts Finder,ocds-b5fd17-e4f25495-47c1-4f60-9680-49ec522c5973_7381ed7c-da5b-4e1d-9127-6b47b4dae6cb-914382,Award of a call off contract under the Prison Education Dynamic Purchasing System for Rail Services provision for prisoners at HMP /YOI Lincoln,Award of a call off contract under the Prison Education Dynamic Purchasing System for Rail Services provision for prisoners at HMP /YOI Lincoln. The supplier will design and deliver 4 comprehensive classroom-based accredited railway training programmes leading to accredited rail industry qualifications. The programme shall prepare learners for entry-level employment within the rail sector and provide the additional industry requirements necessary to support progression into work following releas,Ministry of Justice,,32500.0,GBP,2026-09-16,2026-08-17,award,complete,80000000,https://www.contractsfinder.service.gov.uk/Notice/7381ed7c-da5b-4e1d-9127-6b47b4dae6cb-914382,2026-09-17T12:23:39.735307+00:00
Contracts Finder,ocds-b5fd17-c95d8190-8640-4f03-96d9-e741328d8f1d_2bea1e4d-60ce-4e80-9d83-85f6b2a87f23-914381,GB-Liverpool: Muirhead Balconies,Balcony remedial works required across a number of residential blocks.,TORUS62 LIMITED,,363855.0,GBP,2026-09-16,2026-03-04,award,complete,45262900,https://www.contractsfinder.service.gov.uk/Notice/2bea1e4d-60ce-4e80-9d83-85f6b2a87f23-914381,2026-09-17T12:23:39.735497+00:00
Contracts Finder,ocds-b5fd17-b89af06e-ed4f-4052-a3a5-4d72fd16aa6f_270b5972-66a8-4abc-abe2-47a24a9ef0d1-914380,Marine Consenting Provider (MCP) DM Gosport Waterfront Munitions Handling Facility (WMHF) Bedenham Pier,The Marine Consenting Contract consists of specialists to obtain a Marine Licence for the construction of a new pier by others.,Ministry of Defence,,1369232.43,GBP,2026-09-16,2026-06-30,award,complete,45241300,https://www.contractsfinder.service.gov.uk/Notice/270b5972-66a8-4abc-abe2-47a24a9ef0d1-914380,2026-09-17T12:23:39.735687+00:00
Contracts Finder,ocds-b5fd17-47cbed7a-1d23-42b2-aa02-46d380201d77_2181aca5-f1b2-4a57-be43-8ade9b50bf67-914379,SOW - Change Management support,"This SoW provides for a 6 month extension to the NRS Change Capability Programme, supporting the transition from framework development to the implementation and embedding of change management activities across priority projects within the NRS Transformation Portfolio. 
The scope of services includes the development of operational work packages, delivery of project-specific change management plans, completion of stakeholder and impact assessments, implementation of targeted change interventions,",nuclear restoration limited,,390000.0,GBP,2026-09-16,2026-09-15,award,complete,79620000,https://www.contractsfinder.service.gov.uk/Notice/2181aca5-f1b2-4a57-be43-8ade9b50bf67-914379,2026-09-17T12:23:39.735900+00:00
Contracts Finder,ocds-b5fd17-e7070df7-255d-40c3-b988-f5948cf37f67_a90bbee5-2bed-4246-8697-acfc1a3e4495-914374,WCC 2026 2696 Pre Wet Salt Saturator Maintenance,"The contract provides planned preventative maintenance, servicing, inspection, repair and technical support services for six brine saturators located across Worcestershire County Council's highway depot network. The saturators are essential assets supporting the Council's winter maintenance operations through the production of de-icing brine for highway treatment activities.

The scope of services includes:

Planned preventative maintenance inspections.
Pre-season servicing and commissionin",Worcestershire County Council,,40500.0,GBP,2026-09-16,2026-09-04,award,complete,34927100,https://www.contractsfinder.service.gov.uk/Notice/a90bbee5-2bed-4246-8697-acfc1a3e4495-914374,2026-09-17T12:23:39.736088+00:00
Contracts Finder,ocds-b5fd17-0cd4c238-61c3-4b0e-ab0f-bcebc07e956e_0ce0c6b3-eabb-43f8-ab19-b9ee2d78f51b-914377,Domestic Waste Management/ In-cab Software via GCloud 14,Domestic Waste Management/ In-cab Software,Stevenage Borough Council,,95040.0,GBP,2026-09-16,2026-08-24,award,complete,48000000,https://www.contractsfinder.service.gov.uk/Notice/0ce0c6b3-eabb-43f8-ab19-b9ee2d78f51b-914377,2026-09-17T12:23:39.736279+00:00
Contracts Finder,ocds-b5fd17-369f4263-3ce6-4bd5-af25-164a1645678f_3d79ad6b-54a5-4188-961d-4927f6c955e7-914376,CA18477 - RFQ 2026/36 - PEACEPLUS Minority Community Integration Programme - Colours of Asia,"Competent consultancy companies are hereby invited to tender to design, develop and deliver a structured PEACEPLUS programme celebrating Holi - the Hindu Festival of colours.  The project will include a programme of interactive workshops and celebration activities and will be delivered in partnership with the Indian community in Crotlieve DEA.  

To access this competition: 

Registered:
Login to https://suppliers.multiquote.com and view the opportunity CA18477.

Not registered:
Visit ht","Newry, Mourne and Down District Council (NMD)",,10153.62,GBP,2026-09-16,2026-10-14,tender,active,92000000,https://www.contractsfinder.service.gov.uk/Notice/3d79ad6b-54a5-4188-961d-4927f6c955e7,2026-09-17T12:23:39.736470+00:00
Contracts Finder,ocds-b5fd17-6b034aa1-552e-4eaf-a987-479bb3673bb7_e6c1c7b6-569b-499d-9a0d-85df384788da-914375,Provision of Safend Support and Maintenance,The provision of Safend support and maintenance procured via ICT Framework 2024/S 000-039511 Lot 3 as a Direct Award,"Police, Fire and Crime Commissioner for Northamptonshire",,8995.0,GBP,2026-09-16,2026-09-14,award,complete,72267100,https://www.contractsfinder.service.gov.uk/Notice/e6c1c7b6-569b-499d-9a0d-85df384788da-914375,2026-09-17T12:23:39.736655+00:00
Contracts Finder,ocds-b5fd17-dbccc25e-a1e4-4635-b617-77b9f363f45f_9d6ca56c-0922-4d2d-8528-33d576036ff5-914373,Passive Fire Remedial Works,Passive Fire Protection Works via Fusion 21 - Building Safety & Compliance - Lot 8 Passive Fire Protection,Stevenage Borough Council,,300000.0,GBP,2026-09-16,2026-02-01,award,complete,45343000,https://www.contractsfinder.service.gov.uk/Notice/9d6ca56c-0922-4d2d-8528-33d576036ff5-914373,2026-09-17T12:23:39.736862+00:00
Contracts Finder,ocds-b5fd17-b99da6b8-e1b9-4c6d-82ff-ca2fe33a9e62_ed04662c-e839-40c3-85f1-6346f21fa48a-914371,Qualitative and Quantitative Research Services for Making Tax Digital Under a Defined Term Agreement,"HM Revenue & Customs requires the Supplier to undertake a range of small to medium scale quantitative and qualitative research projects. Each project will aim to explore the roll-out of Making Tax Digital (MTD), including customer awareness of MTD, delivery of MTD and impacts on customer behaviour and experience.",H M REVENUE & CUSTOMS,,3000000.0,GBP,2026-09-16,2026-06-23,award,complete,79315000,https://www.contractsfinder.service.gov.uk/Notice/ed04662c-e839-40c3-85f1-6346f21fa48a-914371,2026-09-17T12:23:39.737054+00:00
Contracts Finder,ocds-b5fd17-64c4b0ce-5886-4720-885d-4810fb2809bb_ee780e69-8aa3-43e5-b3bc-35e2d8ab015b-914372,"QIP145 0900 2026-09-16 Ipswich to New Skill Centre, Ipswich (4-seater, PA trained in allergy awareness and asthma awareness, and M&G required) - AWARD","Suffolk County Council is seeking a mini competition against the following Dynamic Purchasing System: `The supply of Passenger Transport Services`, OJEU Notice Id: 2018/S 031-067685.
      
      QIP145 0900 2026-09-16 Ipswich to New Skill Centre, Ipswich (4-seater, PA trained in allergy awareness and asthma awareness, and M&G required)
      
      Further details can be found in the 'Tenders / My Tenders' area of this website, by selecting the 'View Details' button for this project.
     ",Suffolk County Council Passenger Transport,,,GBP,2026-09-16,2026-09-16,award,complete,60000000,https://www.contractsfinder.service.gov.uk/Notice/ee780e69-8aa3-43e5-b3bc-35e2d8ab015b-914372,2026-09-17T12:23:39.737235+00:00
Contracts Finder,ocds-b5fd17-1bf8aadf-8e42-4140-b426-6720c8201561_d245118f-2e95-4cc4-a216-257955b8d7b4-914368,"Research project: What more could pre-registration education and training of health and care professionals do to uphold professionalism, encourage positive working cultures and prevent future misconduct?","We are looking to invite research proposals for a piece of research entitled 'What more could pre-registration education and training of health and care professionals do to uphold professionalism, encourage positive working cultures and prevent future misconduct?' for the Professional Standards Authority (the PSA).


Cut off time for queries in relation to the Invitation to tender is 11:59 pm / 23:59 hrs on Thursday 8th October.

Deadline for submission of proposals is 11:59pm/ 23:59 hrs on",Professional Standards Authority for Health And Social Care,,,GBP,2026-09-16,2026-10-14,tender,active,73000000,https://www.contractsfinder.service.gov.uk/Notice/d245118f-2e95-4cc4-a216-257955b8d7b4,2026-09-17T12:23:39.737425+00:00
Contracts Finder,ocds-b5fd17-1eb13212-f9bf-46bc-86d0-4c665cee2284_427825ef-6cfe-4d1b-bdeb-f4b493948deb-914370,PLACE1192H Provision of Liquid Fuels,"For the supply of liquid fuel including \\r\r
â€¢	Diesel\\r\r
â€¢	Heating Oil (BS 2869 Class D)\\r\r
â€¢	Gas Oil (BS 2869 Class A2)\\r\r
â€¢	Kerosene\\r\r
â€¢	Diesel Exhaust Fluid (Ad Blue)",Derbyshire County Council,,2300000.0,GBP,2026-09-16,2026-08-10,award,complete,09130000,https://www.contractsfinder.service.gov.uk/Notice/427825ef-6cfe-4d1b-bdeb-f4b493948deb-914370,2026-09-17T12:23:39.737613+00:00
Contracts Finder,ocds-b5fd17-337d4b22-4761-4d76-9bfa-1d7decd76c54_45404dc1-76a7-4491-8fa7-0cf2c49c4e9c-914369,Supply of HEPA Filters,"DETAILED DESIGN, MANUFACTURE, TEST, SUPPLY AND DELIVERY OF HIGH EFFICIENCY PARTICULATE AIR (HEPA) FILTERS FOR USE IN RADIOACTIVE AND/OR TOXIC ATMOSPHERIC AIR OR INERT GAS HANDLING SYSTEMS

This procurement is a collaborative procurement led by Sellafield Ltd on behalf of the NDA Operating Companies. The operating companies on this procurement are Sellafield Ltd, NWS (Magnox) and NWS (Dounreay).",Sellafield Ltd,,6800000.0,GBP,2026-09-16,2026-10-27,tender,active,42514310,https://www.contractsfinder.service.gov.uk/Notice/45404dc1-76a7-4491-8fa7-0cf2c49c4e9c,2026-09-17T12:23:39.737824+00:00
Contracts Finder,ocds-b5fd17-5a3952ac-276f-40cb-bf32-55bdf3aaf5af_35580543-469f-4e4c-bb52-e2811c4e102b-914367,"QIP137 0900 2026-09-16 Ipswich to Circles Alternative Education, East Bergholt (4-seater) - AWARD","Suffolk County Council is seeking a mini competition against the following Dynamic Purchasing System: `The supply of Passenger Transport Services`, OJEU Notice Id: 2018/S 031-067685.
      
      QIP137 0900 2026-09-16 Ipswich to Circles Alternative Education, East Bergholt (4-seater)
      
      Further details can be found in the 'Tenders / My Tenders' area of this website, by selecting the 'View Details' button for this project.
      
      The deadline for returned submissions is 090",Suffolk County Council Passenger Transport,,,GBP,2026-09-16,2026-09-16,awardUpdate,complete,60000000,https://www.contractsfinder.service.gov.uk/Notice/35580543-469f-4e4c-bb52-e2811c4e102b-914367,2026-09-17T12:23:39.738019+00:00
Contracts Finder,ocds-b5fd17-fe219d47-c0c0-4fbb-8e1c-1cf5a142ec6c_8fe3ae48-8fba-4805-a1f4-7b522ed862ab-914365,PRP319 Solomon House - Refurb works,Internal Refurbishment works,Derbyshire County Council,,1118521.98,GBP,2026-09-16,2026-09-09,award,complete,45453100,https://www.contractsfinder.service.gov.uk/Notice/8fe3ae48-8fba-4805-a1f4-7b522ed862ab-914365,2026-09-17T12:23:39.738208+00:00
Contracts Finder,ocds-b5fd17-96f37f7a-52ab-4750-907f-80e4e985d4e4_ae228341-de51-4bd8-a6d0-ed4c18d5ea1b-914364,"ITT for projects 10196468, 10198509, 10199232, 10199432","ITT for projects 10196468, 10198509, 10199232, 10199432",UK RESEARCH & INNOVATION,,13635.0,GBP,2026-09-16,2026-07-01,award,complete,79421100,https://www.contractsfinder.service.gov.uk/Notice/ae228341-de51-4bd8-a6d0-ed4c18d5ea1b-914364,2026-09-17T12:23:39.738394+00:00
Contracts Finder,ocds-b5fd17-e2a9f112-ccd6-4b2d-a478-e87ab5442188_81d19c10-08cc-4519-928e-9837ea4a85d6-914363,CA18475 - RFQ2026/35 - NMANDD PEACEPLUS Mourne Film Festival Project - Rural Women's Voices.,"Competent Consultancy companies are hereby invited to tender to design, develop and deliver NMANDD PEACEPLUS Mourne International Film Festival Project; Rural Women's Voices. The aim is to deliver and design a community-led creative programme empowering women from the Mourne DEA (District Electoral Area) to develop their voices through creative writing and filmmaking culminating in a 20-minute original film created by participants that will be premiered at an International Film Festival celebrat","Newry, Mourne and Down District Council (NMD)",,21790.0,GBP,2026-09-16,2026-10-14,tender,active,98000000,https://www.contractsfinder.service.gov.uk/Notice/81d19c10-08cc-4519-928e-9837ea4a85d6,2026-09-17T12:23:39.738583+00:00
Contracts Finder,ocds-b5fd17-85c55616-fac4-49e7-9e7e-3419760cf069_c37b4d28-a4b7-488d-8cdc-015cbdc8f1c9-914359,Forensic Medical Reporting Services,"The supply of Forensic medical reporting to be provided by Streamlined Forensic Reporting Ltd for the period of contract of 3 years + 1-year optional extension.

The organisation is led and supported by qualified medical practitioners, ensuring a detailed understanding of clinical processes, governance requirements, and the mechanics of medical reporting.",Nottinghamshire Police,,587945.64,GBP,2026-09-16,2026-04-21,award,complete,85121000,https://www.contractsfinder.service.gov.uk/Notice/c37b4d28-a4b7-488d-8cdc-015cbdc8f1c9-914359,2026-09-17T12:23:39.738797+00:00
Contracts Finder,ocds-b5fd17-6e31d354-6720-41a0-8a4d-b474b4a766e9_4d8109c3-66de-4c9f-9a65-66817075a4c8-914360,"ITT for projects 10193885, 10194072, 10194599, 10194642, 10195913, 10199134","ITT for projects 10193885, 10194072, 10194599, 10194642, 10195913, 10199134",UK RESEARCH & INNOVATION,,28700.0,GBP,2026-09-16,2026-07-01,award,complete,79421100,https://www.contractsfinder.service.gov.uk/Notice/4d8109c3-66de-4c9f-9a65-66817075a4c8-914360,2026-09-17T12:23:39.739000+00:00
Contracts Finder,ocds-b5fd17-a58c693a-76b4-47ce-8700-0d567e5e6365_599de831-3878-4369-b3b5-fd8acd3d98d6-914362,Provision of Payroll Bureau Service and Support,A Contract has been awarded by Nuclear Restoration Services Limited (NRS) as a result of a mini-competition through G-Cloud 14 for a Bureau Payroll Service.,Nuclear Restoration Services Limited (Dounreay),100000.0,140000.0,GBP,2026-09-16,2026-08-19,award,complete,79631000,https://www.contractsfinder.service.gov.uk/Notice/599de831-3878-4369-b3b5-fd8acd3d98d6-914362,2026-09-17T12:23:39.739189+00:00
Contracts Finder,ocds-b5fd17-10869966-1f3c-4d78-8416-57e480768cc8_d2a30847-3149-470e-9a8a-a3011dfff45e-914358,ITT for project 10199394,ITT for project 10199394,UK RESEARCH & INNOVATION,,3048.0,GBP,2026-09-16,2026-07-01,award,complete,79421100,https://www.contractsfinder.service.gov.uk/Notice/d2a30847-3149-470e-9a8a-a3011dfff45e-914358,2026-09-17T12:23:39.739382+00:00
Contracts Finder,ocds-b5fd17-e6481c15-f5d6-488b-b437-1cee78121f96_545e13e5-aca0-4d9a-b0cc-5193242242eb-914357,Provision of Payroll and Pension Services,Provision of Payroll and Pension Services,University Hospitals of Leicester NHS Trust,,2231068.0,GBP,2026-09-16,2023-07-31,award,complete,79211110,https://www.contractsfinder.service.gov.uk/Notice/545e13e5-aca0-4d9a-b0cc-5193242242eb-914357,2026-09-17T12:23:39.739571+00:00
Contracts Finder,ocds-b5fd17-4e053e5a-fdd1-436f-9593-3b2c340a5dd8_d54063fb-afce-46a0-bb43-7e8d36771d0e-914355,"ITT for projects 10199616, 10196019, 10199548","ITT for projects 10199616, 10196019, 10199548",UK RESEARCH & INNOVATION,,8581.0,GBP,2026-09-16,2026-07-01,award,complete,79421100,https://www.contractsfinder.service.gov.uk/Notice/d54063fb-afce-46a0-bb43-7e8d36771d0e-914355,2026-09-17T12:23:39.739785+00:00
Contracts Finder,ocds-b5fd17-2277133c-cb70-4a84-ad3f-17c0c97a5ddc_041a9db0-fbf1-4e02-82ea-e86b6e1eff75-914356,EKFB JV - NC2A WGT Portal Buildings Blockwork package,"NC2A is the North Chilterns to Aylesbury section of C23, a part of the HS2 project managed by the EKFB Joint Venture.
      
      We are seeking a specialist subcontractor to undertake the following works within the NC2A section:
      
      The Subcontractor shall provide all necessary management, supervision, plant, labour, materials and temporary works to deliver the blockwork package for Wendover Green Tunnel Portal Buildings. The works comprise the construction of external masonry wal","Eiffage Kier JV HS2 Main Civils Works, Lots C2 & C3",500000.0,1000000.0,GBP,2026-09-16,2026-09-23,tender,active,45262520,https://www.contractsfinder.service.gov.uk/Notice/041a9db0-fbf1-4e02-82ea-e86b6e1eff75,2026-09-17T12:23:39.739991+00:00
Contracts Finder,ocds-b5fd17-8755405b-ce78-4d86-8e76-699bb84e3e16_1bdec8fd-ecab-498a-8828-82bc31764d5e-914262,NECS Opensource Hosting Environment,"NHS South, Central and West Commissioning Support Unit (SCW) has awarded a contract for Opensource Hosting Environment  to ANS Group Limited  on behalf of NHS North of England Commissioning Support Unit (NECS) (Hosted by NHS England) .

This requirement has been procured via Crown Commercial Services (CCS) G-Cloud 14 RM1557.14 Framework (Lot 3 - Cloud support).","NHS SOUTH, CENTRAL AND WEST COMMISSIONING SUPPORT UNIT",,30903.81,GBP,2026-09-16,2026-08-14,award,complete,72415000,https://www.contractsfinder.service.gov.uk/Notice/1bdec8fd-ecab-498a-8828-82bc31764d5e-914262,2026-09-17T12:23:39.740180+00:00
Contracts Finder,ocds-b5fd17-6be3b69e-c1bd-41d3-903f-ac0514972c13_cd7df90c-b79a-41c6-b22d-6959a88caf94-914353,TEL L1 DA Apr26 Chiptech - City of Lincoln - awarded,"This contract award notice is to notify the market that City of Lincoln based in Lincoln, UK have appointed Chiptech as their Technology Enabled Lives provider for a period of FIVE years. This appointment has been made under the Northern Housing Consortium's Technology Enabled Lives framework. (Contract Award Notice 2024/S 000-000849)",NORTHERN HOUSING CONSORTIUM LIMITED,,468000.0,GBP,2026-09-16,2026-03-10,award,complete,50421000,https://www.contractsfinder.service.gov.uk/Notice/cd7df90c-b79a-41c6-b22d-6959a88caf94-914353,2026-09-17T12:23:39.740366+00:00
Contracts Finder,ocds-b5fd17-2703af53-3402-4da3-b2d7-5b4cac339555_d2f10769-2512-412d-a407-750178411fd6-914354,"QWE164 0900 2026-09-16 Ipswich to Poplar Care Farm, Hollesley (4-seater) - AWARD","Suffolk County Council is seeking a mini competition against the following Dynamic Purchasing System: `The supply of Passenger Transport Services`, OJEU Notice Id: 2018/S 031-067685.
      
      QWE164 0900 2026-09-16 Ipswich to Poplar Care Farm, Hollesley (4-seater)
      
      Further details can be found in the 'Tenders / My Tenders' area of this website, by selecting the 'View Details' button for this project.
      
      The deadline for returned submissions is 0900 2026-09-16. Ple",Suffolk County Council Passenger Transport,,,GBP,2026-09-16,2026-09-16,award,complete,60000000,https://www.contractsfinder.service.gov.uk/Notice/d2f10769-2512-412d-a407-750178411fd6-914354,2026-09-17T12:23:39.740548+00:00
Contracts Finder,ocds-b5fd17-ce660d19-9006-46bd-9e77-2b71d1a946a3_94405df6-fe61-408e-8d1a-812e9a3bd96f-914349,"ITT for projects 10205355, 10203824, 10202153, 10203554, 1020543,9 10203988, 10203865, 10204714","ITT for projects 10205355, 10203824, 10202153, 10203554, 1020543,9 10203988, 10203865, 10204714",UK RESEARCH & INNOVATION,,18880.0,GBP,2026-09-16,2026-07-14,award,complete,79421100,https://www.contractsfinder.service.gov.uk/Notice/94405df6-fe61-408e-8d1a-812e9a3bd96f-914349,2026-09-17T12:23:39.740756+00:00
Contracts Finder,ocds-b5fd17-df630237-c02a-428a-bc34-6455c75b9dd3_7188459a-f395-4885-94b9-bd4f21fe9211-914352,"QIP485 0900 2026-09-16 Felixstowe - WS Training, Ipswich (4-seated vehicle required) - AWARD","Suffolk County Council is seeking a mini competition against the following Dynamic Purchasing System: `The supply of Passenger Transport Services`, OJEU Notice Id: 2018/S 031-067685.
      
      QIP485 0900 2026-09-16 Felixstowe - WS Training, Ipswich (4-seated vehicle required)
      
      Further details can be found in the 'Tenders / My Tenders' area of this website, by selecting the 'View Details' button for this project.
      
      The deadline for returned submissions is 0900 202",Suffolk County Council Passenger Transport,,,GBP,2026-09-16,2026-09-16,award,complete,60000000,https://www.contractsfinder.service.gov.uk/Notice/7188459a-f395-4885-94b9-bd4f21fe9211-914352,2026-09-17T12:23:39.740946+00:00
Contracts Finder,ocds-b5fd17-0a647a92-c49a-4fd2-9cd3-86bf3d59ae1f_534acd48-2e03-45c5-a466-4f7ae736ac72-914351,Supply of Online Survey Platform,"***Please note this is an award notice, not a call for competition*** Department for Science, Innovation and Technology had a requirement for the provision of an Online Survey Platform. This Call Off contract has been sourced via the G-Cloud 14 framework.

***Please note this is an award notice, not a call for competition*** 
Variation 001 has been carried out in accordance with the Call-Off Contract to increase the total value by £15,165.00 excluding VAT. 
The new total Contract value will ",ICS on behalf of DSIT and DESNZ,,24000.0,GBP,2026-09-16,2025-09-01,awardUpdate,complete,48000000,https://www.contractsfinder.service.gov.uk/Notice/534acd48-2e03-45c5-a466-4f7ae736ac72-914351,2026-09-17T12:23:39.741133+00:00
Contracts Finder,ocds-b5fd17-9bf9aacf-7cb9-471d-9483-222b40f9c2c5_86d8287c-afd7-4aa5-99ba-879b77eba9f0-914350,Mental health support service for young refugees,Mental health support service for young refugees.,Gloucestershire County Council,,50000.0,GBP,2026-09-16,2026-07-23,awardUpdate,complete,85000000,https://www.contractsfinder.service.gov.uk/Notice/86d8287c-afd7-4aa5-99ba-879b77eba9f0-914350,2026-09-17T12:23:39.741318+00:00
Contracts Finder,ocds-b5fd17-071db820-1396-4a66-b66f-e5fea977de29_8232c9cf-bcc8-4398-b89c-95ec785b78f0-914346,Toilet Block,"To build a single storey toilet block attached to current community building (Old School).

Approx 5m x 4m",Quorn Parish Council,,10000.0,GBP,2026-09-16,2024-06-15,tenderAmendment,active,98000000,https://www.contractsfinder.service.gov.uk/Notice/8232c9cf-bcc8-4398-b89c-95ec785b78f0,2026-09-17T12:23:39.741512+00:00
Contracts Finder,ocds-b5fd17-031884f7-c765-407e-9061-6a08e63fa783_6500a631-467b-4ba0-80ba-7eb827519da9-914344,"ITT for projects 10182418, 10181550, 10185974, 10182509, 10185659, 10182333, 10181503","ITT for projects 10182418, 10181550, 10185974, 10182509, 10185659, 10182333, 10181503",UK RESEARCH & INNOVATION,,45535.0,GBP,2026-09-16,2026-08-07,award,complete,79421100,https://www.contractsfinder.service.gov.uk/Notice/6500a631-467b-4ba0-80ba-7eb827519da9-914344,2026-09-17T12:23:39.741699+00:00
Contracts Finder,ocds-b5fd17-7b75e070-833c-4094-9d60-003230246168_bf28dbc2-1d96-4879-937e-dfd838175733-914345,Commissioning Management System,Commissioning Management System,University Hospitals of Leicester NHS Trust,,306542.0,GBP,2026-09-16,2023-08-30,award,complete,48517000,https://www.contractsfinder.service.gov.uk/Notice/bf28dbc2-1d96-4879-937e-dfd838175733-914345,2026-09-17T12:23:39.741933+00:00
Contracts Finder,ocds-b5fd17-cbd4bbbd-1f69-4f0f-8e3e-8218140de191_14e5374e-5c7e-4b22-adcd-fe8f2da2d07e-914343,"QIP920 0900 2026-09-15 Shotley - Sir Bobby Robson school, Ipswich (4-seated vehicle required) - AWARD","Suffolk County Council is seeking a mini competition against the following Dynamic Purchasing System: `The supply of Passenger Transport Services`, OJEU Notice Id: 2018/S 031-067685.
      
      QIP920 0900 2026-09-15 Shotley - Sir Bobby Robson school, Ipswich (4-seated vehicle required)
      
      Further details can be found in the 'Tenders / My Tenders' area of this website, by selecting the 'View Details' button for this project.
      
      The deadline for returned submissions is",Suffolk County Council Passenger Transport,,,GBP,2026-09-16,2026-09-15,award,complete,60000000,https://www.contractsfinder.service.gov.uk/Notice/14e5374e-5c7e-4b22-adcd-fe8f2da2d07e-914343,2026-09-17T12:23:39.742119+00:00
Contracts Finder,ocds-b5fd17-eca7f53f-99ec-4c1b-95d6-bd05ba814297_6a374541-e550-4413-b155-2deecc247dd9-914341,A Public Dialogue on Land Use in England's Lowland Agricultural Peatlands,"The Big Peat Conversation - A Public Dialogue on Land Use in England's Lowland Agricultural Peatlands.

This research project aims to engage a diverse and inclusive group of members of the public through a series of deliberative workshops to explore the role of lowland peatlands in achieving goals around the environment, farming and economic growth.
> To learn and understand public and community views and perspectives towards the future role of lowland peatlands and what underlies them.
> To",Ipsos (market research) Limited,,506251.37,GBP,2026-09-16,2026-06-18,award,complete,73200000,https://www.contractsfinder.service.gov.uk/Notice/6a374541-e550-4413-b155-2deecc247dd9-914341,2026-09-17T12:23:39.742311+00:00
Contracts Finder,ocds-b5fd17-2d2d5d1f-2b39-46aa-aa06-4c8df40e3474_4c4fcc6c-59ac-42c3-ac3c-9f9e2fd9475c-914340,W76343 Occupational Health Services,The award of a contract for a term of 4 years and 6 months from 1st October 2026 until 31st March 2031 to UK Independent Medical Services Ltd following a further competition via the Dynamic Purchasing System GCA RM6296 Occupational Health Services.,NHS Business Services Authority,,1354578.88,GBP,2026-09-16,2026-07-01,award,complete,85147000,https://www.contractsfinder.service.gov.uk/Notice/4c4fcc6c-59ac-42c3-ac3c-9f9e2fd9475c-914340,2026-09-17T12:23:39.742499+00:00
Contracts Finder,ocds-b5fd17-9bca896d-2435-4a06-8af9-90ef24fbf609_9f00e1dc-3113-4ced-9335-2a2cb104b6a5-914336,ITT for project 10185238,ITT for project 10185238,UK RESEARCH & INNOVATION,,6220.0,GBP,2026-09-16,2026-08-18,award,complete,79421100,https://www.contractsfinder.service.gov.uk/Notice/9f00e1dc-3113-4ced-9335-2a2cb104b6a5-914336,2026-09-17T12:23:39.742687+00:00
Contracts Finder,ocds-b5fd17-2bc82289-8481-448e-8a48-5d29f8d50ba7_7a0431ed-8c89-4669-be9b-97e4de64dc9b-914339,37298 - WOODFIELD SCHOOL,"This contract is for the provision of transport services - journey stated in the title of this notice. It has been awarded following a Mini Competition under Council's Dynamic Purchasing System (DPS) PAN3059 - Passenger Transport Services.

To find out more about this DPS and how to provide taxi services to the Council, please see Taxi firms tendering for contracts (leicester.gov.uk)",Leicester City Council,,38493.0,GBP,2026-09-16,2026-09-16,award,complete,60120000,https://www.contractsfinder.service.gov.uk/Notice/7a0431ed-8c89-4669-be9b-97e4de64dc9b-914339,2026-09-17T12:23:39.742899+00:00
Contracts Finder,ocds-b5fd17-a895c1df-61d0-4ade-a14f-ebeaf488f8c9_c123ca24-09d0-46ca-af78-7c4d7b0c6060-914338,"Design services for the Redevelopment of the former Post Office, London Road North, Lowestoft - AWARD",Submissions are sought for design services to bring forward the concept design of the redevelopment of the former post office in Lowestoft.,East Suffolk Council,,,GBP,2026-09-16,2023-03-24,award,complete,71220000,https://www.contractsfinder.service.gov.uk/Notice/c123ca24-09d0-46ca-af78-7c4d7b0c6060-914338,2026-09-17T12:23:39.743082+00:00
Contracts Finder,ocds-b5fd17-fa776468-eedf-43dd-9842-b6de0090ade1_b5c30b49-0112-45e2-a819-655e40d3b948-914334,ITT for project 10183309,ITT for project 10183309,UK RESEARCH & INNOVATION,,4807.0,GBP,2026-09-16,2026-08-18,award,complete,79421100,https://www.contractsfinder.service.gov.uk/Notice/b5c30b49-0112-45e2-a819-655e40d3b948-914334,2026-09-17T12:23:39.743268+00:00
Contracts Finder,ocds-b5fd17-3facc954-fc10-4c8a-b211-abd9b1881456_eca07e49-1dc8-4bed-a76a-f2a725305918-914335,Childrens Playtower,"Play tower with slide
Fall mitigation area
https://www.quornparishcouncil.gov.uk/news/announcements/

YOUR MUST SUBMIT YOUR TENDER IN WRITING TO THE ADDRESS SHOWN AT THE BOTTOM OF THE TENDER",Quorn Parish Council,,42000.0,GBP,2026-09-16,2026-10-07,tenderAmendment,active,37535200,https://www.contractsfinder.service.gov.uk/Notice/eca07e49-1dc8-4bed-a76a-f2a725305918,2026-09-17T12:23:39.743457+00:00
Contracts Finder,ocds-b5fd17-59938327-59a4-4277-9bc4-b7335c9d3fb4_5792fde3-78fc-4610-920e-e6fb18341811-914333,"QOC030 0900 2026-09-15 Ipswich to Market Field School, Elmstead Market, Essex (4-seater) - AWARD","Suffolk County Council is seeking a mini competition against the following Dynamic Purchasing System: `The supply of Passenger Transport Services`, OJEU Notice Id: 2018/S 031-067685.
      
      QOC030 0900 2026-09-15 Ipswich to Market Field School, Elmstead Market, Essex (4-seater)
      
      Further details can be found in the 'Tenders / My Tenders' area of this website, by selecting the 'View Details' button for this project.
      
      The deadline for returned submissions is 0900",Suffolk County Council Passenger Transport,,,GBP,2026-09-16,2026-09-15,awardUpdate,complete,60000000,https://www.contractsfinder.service.gov.uk/Notice/5792fde3-78fc-4610-920e-e6fb18341811-914333,2026-09-17T12:23:39.743639+00:00
Contracts Finder,ocds-b5fd17-65b7cdf5-81e0-4d30-9821-47f7822e0a04_a11a56e6-3d15-4f88-878d-cf3e962deaac-914331,"ITT for projects 10184579, 10184926, 10184541, 10181841, 10184595, 10185296","ITT for projects 10184579, 10184926, 10184541, 10181841, 10184595, 10185296",UK RESEARCH & INNOVATION,,32978.5,GBP,2026-09-16,2026-08-07,award,complete,79421100,https://www.contractsfinder.service.gov.uk/Notice/a11a56e6-3d15-4f88-878d-cf3e962deaac-914331,2026-09-17T12:23:39.743853+00:00
Contracts Finder,ocds-b5fd17-854d7e38-ef65-4cfb-8ade-3167f7e4a5be_9caae322-6911-4f79-8254-b8594a96f25c-914328,ENQ1394 - Procurement of 6x Procurement and Supply Apprenticeships,"This contract was awarded for the procurement of the following six Apprenticeship Programmes:

Procurement and Supply Assistant, Level 3 - 4 Places.

Procurement and Supply Chain Practitioner, Level 4 - 2 places.

Call off from Commercial Services Apprenticeship Provider Dynamic Marketplace Framework (RM6102).",DERBY CITY COUNCIL,,44000.0,GBP,2026-09-16,2026-08-24,award,complete,80300000,https://www.contractsfinder.service.gov.uk/Notice/9caae322-6911-4f79-8254-b8594a96f25c-914328,2026-09-17T12:23:39.744047+00:00
Contracts Finder,ocds-b5fd17-b7edb29e-a264-44ad-9e1f-3ec56c391215_68c50dc7-0ab6-4b0d-b996-3829fd015599-914329,CBC-2002-EXF-DA-ZH Chartered Surveyor Level 6 Apprenticeship - AWARD,Level 6 Chartered Surveyor (Degree) Apprenticeship (ST0331) Quantity Surveying Pathway for one employee. Awarded via RM6102 Apprenticeship Training Dynamic Marketplace to University of the Built Environment. Online delivery.,Central Bedfordshire Council,,,GBP,2026-09-16,2026-09-18,award,complete,80530000,https://www.contractsfinder.service.gov.uk/Notice/68c50dc7-0ab6-4b0d-b996-3829fd015599-914329,2026-09-17T12:23:39.744228+00:00
Contracts Finder,ocds-b5fd17-ca4c01bf-6905-4d56-a128-9dcc6b54aa13_1a1bc70b-a48b-4280-bf4d-bd9f43ffc48a-914322,Direct Award from Lot 1 of the TPPL & NEPO214 Grounds Maintenance Equipment & Plant Framework; purchase of a Tracked Woodchipper,"This Contract was awarded by the Council of the Borough of Kirklees (the ""Council"") using the Direct Award option under Lot 1 of the TPPL & NEPO214 Grounds Maintenance Equipment & Plant Framework (PCR2015) as detailed in the Framework documents. This was for the purchase of a Tracked Woodchipper for the Councils Forestry team. 

NEPO Framework notice: https://www.find-tender.service.gov.uk/Notice/021119-2022?p=1",Kirklees Council,,65554.34,GBP,2026-09-16,2026-08-14,award,complete,34114000,https://www.contractsfinder.service.gov.uk/Notice/1a1bc70b-a48b-4280-bf4d-bd9f43ffc48a-914322,2026-09-17T12:23:39.744415+00:00
Contracts Finder,ocds-b5fd17-48673eb9-7c5a-40c0-820f-d648e2e16663_af5f4a39-90b4-480e-ab98-68a002f5f21a-914325,"ITT for 10180863, 10182273","ITT for 10180863, 10182273",UK RESEARCH & INNOVATION,,7930.0,GBP,2026-09-16,2026-08-07,award,complete,79421100,https://www.contractsfinder.service.gov.uk/Notice/af5f4a39-90b4-480e-ab98-68a002f5f21a-914325,2026-09-17T12:23:39.744603+00:00
Contracts Finder,ocds-b5fd17-f90e0300-6c56-475d-9eda-a74d8dffd547_54ae41a9-40d4-4243-ae8f-e4e162236bf9-914327,Taxi and MPV (1-8 seats) - Taxi and MPV (1-8 seats),"Vehicle type: Saloon
Passenger Assistant Required: No

Proposed Taxi Route:
From: BN10 8DS
To:  BN7 2XH

Frequency: Tuesday and Thursday only
Daily School Time:  Tuesday 09:00 to 12:00 Thursday 09:00 to 12:00
Comments for Operator: SEMH
 This opportunity has been distributed on SProc.net",East Sussex County Council,,,GBP,2026-09-16,2026-09-16,award,complete,60000000,https://www.contractsfinder.service.gov.uk/Notice/54ae41a9-40d4-4243-ae8f-e4e162236bf9-914327,2026-09-17T12:23:39.744804+00:00
Contracts Finder,ocds-b5fd17-2d42cc20-5c61-46c7-a8f9-ab9cd4a4b1f6_efa1acf5-f2d0-4bae-800f-45d65b91fc6a-914324,Local Growth Plan Delivery Partner,Consultancy support for the development and delivery of the HSCCA's Local Growth Plan.,Southampton City Council,,115345.0,GBP,2026-09-16,2026-07-08,award,complete,79400000,https://www.contractsfinder.service.gov.uk/Notice/efa1acf5-f2d0-4bae-800f-45d65b91fc6a-914324,2026-09-17T12:23:39.744997+00:00
Contracts Finder,ocds-b5fd17-75041e7e-103e-43eb-87fb-c4951f246493_729705ad-2234-4d23-946c-defa8c9e080f-914326,"ICF Lot 1 - Non Mains Drainage Investigations - Froxfield CE (C) Primary School, Hyde CE (C) Primary School, Itchen Abbas Primary School, Sopley Primary School, Sparsholt CE (C) Primary School - AWARD","Dear Sir/Madam,
      
      In accordance with the Intermediate Construction Framework 3  you are invited to a direct award for the Non Mains Drainage Investigations at  Froxfield CE (C) Primary School, Hyde CE (C) Primary School, Itchen Abbas Primary School, Sopley Primary School, Sparsholt CE (C) Primary School and have been supplied with the attached documents.
      
      Please download all the documents and read VERY carefully.
      
      Opting In and Out
      Please note you ",Hampshire County Council,,10346.89,GBP,2026-09-16,2026-07-14,award,complete,45000000,https://www.contractsfinder.service.gov.uk/Notice/729705ad-2234-4d23-946c-defa8c9e080f-914326,2026-09-17T12:23:39.745191+00:00
Contracts Finder,ocds-b5fd17-8dd98866-4dcc-46ef-88c6-87f3db2bb1f9_94e0a130-37b6-420d-a54c-c9fe573fd6c9-914238,Integrated Telematics and Dashcam Solution,"Northumbria Police are looking to procure an integrated telematics and dashcam solution to support with fleet management. The Government Commercial Agency (GCA) framework RM6353 has been identified as the most suitable procurement route, which allows for direct award.",Northumbria Police,,478102.48,GBP,2026-09-16,2026-09-11,award,complete,32441300,https://www.contractsfinder.service.gov.uk/Notice/94e0a130-37b6-420d-a54c-c9fe573fd6c9-914238,2026-09-17T12:23:39.745380+00:00
Contracts Finder,ocds-b5fd17-7f5b85cf-f563-4b7c-b2ea-3c31856d34f3_61aeb6a7-3483-4892-a2f2-04db11086a87-914323,ITT For Project 10205791,ITT For Project 10205791,Innovate UK,,2320.0,GBP,2026-09-16,2026-07-28,award,complete,79421100,https://www.contractsfinder.service.gov.uk/Notice/61aeb6a7-3483-4892-a2f2-04db11086a87-914323,2026-09-17T12:23:39.745567+00:00
Contracts Finder,ocds-b5fd17-ff6e0733-5f9f-4f17-91f6-df19c5122bf9_b7f210a2-7de6-47ee-836c-ae56ef01f249-910531,ENQ1318 - For the Provision of Event Traffic Management,"Quotations are invited for the provision of event traffic management Services for events across the city, where a car park needs to be operated in respect of the management of vehicles on site and processing of payment as efficiently as possible while managing the local roads to the car park. 

The Services will predominately be required for indoor events hosted by Derby Arena and a schedule of outdoor events requiring traffic management for road closures. Applications for any road closures wi",DERBY CITY COUNCIL,,99999.0,GBP,2026-09-16,2026-09-23,tender,active,98351000,https://www.contractsfinder.service.gov.uk/Notice/b7f210a2-7de6-47ee-836c-ae56ef01f249,2026-09-17T12:23:39.745783+00:00
Contracts Finder,ocds-b5fd17-c09e106b-05a5-4c0a-9344-b49d89820396_ebbf3241-0be5-41c3-9cb2-0cb706a88957-914321,ITT For Project 10204537,ITT For Project 10204537,Innovate UK,,2160.0,GBP,2026-09-16,2026-07-28,award,complete,79421100,https://www.contractsfinder.service.gov.uk/Notice/ebbf3241-0be5-41c3-9cb2-0cb706a88957-914321,2026-09-17T12:23:39.745976+00:00
Contracts Finder,ocds-b5fd17-7783c476-cf94-4323-a8fc-4f60809d24aa_f51c80b2-2fc3-470e-8fee-35dac3d5e433-914319,ITT For Project 10202906,ITT For Project 10202906,Innovate UK,,1625.0,GBP,2026-09-16,2026-07-28,award,complete,79421100,https://www.contractsfinder.service.gov.uk/Notice/f51c80b2-2fc3-470e-8fee-35dac3d5e433-914319,2026-09-17T12:23:39.746162+00:00
Contracts Finder,ocds-b5fd17-8bab62a6-532f-4487-b98b-6b57f24bc0ef_38bfcc4c-250c-46d9-95e6-b515c0ffdd8d-912400,ENQ1382 - Procurement of 2x Teacher Apprenticeships,"This contract was awarded for the procurement of the following two Apprenticeship Programmes:

Teacher, Level 6 - 2 places.

Call off from YPO 1086 Apprenticeship and Associated Training Call Off Framework.",DERBY CITY COUNCIL,,36000.0,GBP,2026-09-16,2026-08-24,award,complete,80300000,https://www.contractsfinder.service.gov.uk/Notice/38bfcc4c-250c-46d9-95e6-b515c0ffdd8d-912400,2026-09-17T12:23:39.746353+00:00
Contracts Finder,ocds-b5fd17-ee39cdd4-60f2-40ec-a0ec-2bc36cb1cabb_920df551-7e69-4d55-8ec3-4e5c8c5060bc-912396,ENQ1381 - Procurement of 2x Chartered Surveyor (Real Estate) Apprenticeships,"This contract was awarded for the procurement of the following two Apprenticeship Programmes:

Chartered Surveyor (Real Estate), Level 6 - 2 Places

Call off from YPO 1086 Apprenticeship and Associated Training Call Off Framework.",DERBY CITY COUNCIL,,54000.0,GBP,2026-09-16,2026-08-24,award,complete,80300000,https://www.contractsfinder.service.gov.uk/Notice/920df551-7e69-4d55-8ec3-4e5c8c5060bc-912396,2026-09-17T12:23:39.746540+00:00
Contracts Finder,ocds-b5fd17-a017362f-1cf8-4a2e-a893-70f8b8b41655_a6c07cc6-39ab-4326-b7b4-71155be18122-914320,37297 - ELLESMERE COLLEGE,"This contract is for the provision of transport services - journey stated in the title of this notice. It has been awarded following a Mini Competition under Council's Dynamic Purchasing System (DPS) PAN3059 - Passenger Transport Services.

To find out more about this DPS and how to provide taxi services to the Council, please see Taxi firms tendering for contracts (leicester.gov.uk)


Additional information: 
At the point of award, we are no longer seeking tenders",Leicester City Council,,40365.0,GBP,2026-09-16,2026-09-16,award,complete,60120000,https://www.contractsfinder.service.gov.uk/Notice/a6c07cc6-39ab-4326-b7b4-71155be18122-914320,2026-09-17T12:23:39.746746+00:00
Contracts Finder,ocds-b5fd17-e096979f-9312-4ffe-b44a-cacec741d44b_151fb15d-9a24-4634-b838-08d392c320e5-914316,"ITT for projects 10184694, 10183468","ITT for projects 10184694, 10183468",UK RESEARCH & INNOVATION,,10270.0,GBP,2026-09-16,2026-08-07,award,complete,79421100,https://www.contractsfinder.service.gov.uk/Notice/151fb15d-9a24-4634-b838-08d392c320e5-914316,2026-09-17T12:23:39.746940+00:00
Contracts Finder,ocds-b5fd17-896789e3-cdf5-4e3b-a44a-bea4d4cee8dd_55b999f1-84cc-4725-ba32-472d970a3678-914311,W5083 A I Transcription Tool,"Magic Notes is an automated note collection, transcription tool enabling the automated capturing of accurate records in a more efficient way than manual record keeping, freeing up time for officers for more strategic, operational matters.",Walsall Metro Borough Council,,199500.0,GBP,2026-09-16,2026-03-25,awardUpdate,complete,48000000,https://www.contractsfinder.service.gov.uk/Notice/55b999f1-84cc-4725-ba32-472d970a3678-914311,2026-09-17T12:23:39.747127+00:00
Contracts Finder,ocds-b5fd17-8a530a28-8b09-44e2-9fd5-956efbb20620_20f46a00-754a-4bae-951a-3fabdc1e9161-914317,ITT For Project 10203188,ITT For Project 10203188,Innovate UK,,2150.0,GBP,2026-09-16,2026-07-28,award,complete,79421100,https://www.contractsfinder.service.gov.uk/Notice/20f46a00-754a-4bae-951a-3fabdc1e9161-914317,2026-09-17T12:23:39.747313+00:00
Contracts Finder,ocds-b5fd17-a333e5e9-9e80-45f7-b638-e21b8067cdb7_e490a4b6-2bf3-49b9-8ef8-b07f8e3f0122-912389,"ENQ1379 - Procurement of 7x Children, Young People and Families Apprenticeships","This contract was awarded for the procurement of the following seven Apprenticeship Programmes:

Children, Young People and Families manager, Level 5 - 2 Places

Children, Young People and Families Practitioner, Level 4 - 5 places

Call off from Commercial Services Apprenticeship Provider Dynamic Marketplace Framework (RM6102)",DERBY CITY COUNCIL,,42000.0,GBP,2026-09-16,2026-07-15,award,complete,80300000,https://www.contractsfinder.service.gov.uk/Notice/e490a4b6-2bf3-49b9-8ef8-b07f8e3f0122-912389,2026-09-17T12:23:39.747513+00:00
Contracts Finder,ocds-b5fd17-09d8eeb0-9a3e-45d7-adca-09786a6e0f53_5b8bb0dd-5614-4382-8063-595314b1a4d6-914088,CSP25289 - Test Analyst,"***Please note this is an award notice, not a call for competition***

UK Research and Innovation have a requirement to bring in a Test Analyst. This has been sourced via direct award against CCS RM6277 Non Clinical Staffing.

Original Contract Date - 29/09/2025 - 31/03/2026
Variation 001 - 01/04/2026 - 30/06/2026
Variation 002 - 01/07/2026 - 31/08/2026
Variation 003 - 01/09/2026 - 31/03/2027",UK SHARED BUSINESS SERVICES LIMITED,,274196.08,GBP,2026-09-16,2025-09-05,awardUpdate,complete,79620000,https://www.contractsfinder.service.gov.uk/Notice/5b8bb0dd-5614-4382-8063-595314b1a4d6-914088,2026-09-17T12:23:39.747705+00:00
Contracts Finder,ocds-b5fd17-ad4bf358-af45-4e2a-a3da-71a24f78e351_bb6fe26f-8499-47c1-ad7d-c2e0f249885b-914314,P4105013 Provision of Legal Advisers for Project Tara,"The call-off contract shall commence on the 19th May 2026 and the expiry date will be 18th November 2026 for a period of Six (6) months. The total contract value will be up to £30,000 excluding VAT. 

 
This Direct Award is being offered under Panel RM6360 Legal Panel for Government Lot 3: Finance and High Risk/Innovation and the Panel Terms and Conditions shall apply.",DfTc - Department for Transport,,45000.0,GBP,2026-09-16,2026-05-01,awardUpdate,complete,79100000,https://www.contractsfinder.service.gov.uk/Notice/bb6fe26f-8499-47c1-ad7d-c2e0f249885b-914314,2026-09-17T12:23:39.747923+00:00
Contracts Finder,ocds-b5fd17-4c55b733-990a-4def-ae07-52b9c458eaf4_6117f330-ef2a-4e7f-91e2-939f71c4a886-914313,Cost Management Services for Ottawa Residence Refurbishment Project,"This contract is for cost management services for the refurbishment of the British High Commissioner's residence in Ottawa, Canada.",Foreign Commonwealth and Development Office,,,GBP,2026-09-16,2026-05-01,award,complete,45453100,https://www.contractsfinder.service.gov.uk/Notice/6117f330-ef2a-4e7f-91e2-939f71c4a886-914313,2026-09-17T12:23:39.748106+00:00
Contracts Finder,ocds-b5fd17-690ab817-4162-4624-b129-f919ce9f8709_1c0c020c-e1ea-42c9-a49a-0c1fe6533ccc-914312,HRE - IMD/373 - Macduff - Inveramsay - Culsalmond - Turnpike,HRE - IMD/373 - Macduff - Inveramsay - Culsalmond - Turnpike,National Highways Limited,,93175.0,GBP,2026-09-16,2026-09-15,award,complete,34621000,https://www.contractsfinder.service.gov.uk/Notice/1c0c020c-e1ea-42c9-a49a-0c1fe6533ccc-914312,2026-09-17T12:23:39.748294+00:00
Contracts Finder,ocds-b5fd17-3e6b58eb-4c58-4de9-8cfe-5bb8669fd3d1_b82ea11b-08e9-48ee-abd2-c98ade194ec6-914307,ITT for project 10183340,ITT for project 10183340,UK RESEARCH & INNOVATION,,5150.0,GBP,2026-09-16,2026-08-07,award,complete,79421100,https://www.contractsfinder.service.gov.uk/Notice/b82ea11b-08e9-48ee-abd2-c98ade194ec6-914307,2026-09-17T12:23:39.748481+00:00
Contracts Finder,ocds-b5fd17-76714785-9392-4e45-bcc7-d3b8689631a1_485f595c-188c-4301-9355-96bd135b97d0-914308,ITT For Project 10205878,ITT For Project 10205878,Innovate UK,,2800.0,GBP,2026-09-16,2026-07-28,award,complete,79421100,https://www.contractsfinder.service.gov.uk/Notice/485f595c-188c-4301-9355-96bd135b97d0-914308,2026-09-17T12:23:39.748666+00:00
Contracts Finder,ocds-b5fd17-4f4b2d66-d07a-4cca-9e33-ea4c7ed285e4_59a6f37e-010e-4a80-ba02-c738cbd34ccf-914267,NECS Manage Engine Licence Renewal,"NHS South, Central and West Commissioning Support Unit (SCW) has awarded a contract for the Manage Engine Licence Renewal to Bechtle Limited on behalf of NHS North of England Commissioning Support Unit (NECS) (Hosted by NHS England).

This requirement has been procured via Crown Commercial Services (CCS) RM6098 Technology Products & Associated Services 2 Lot 3: Software under PCR2015.","NHS SOUTH, CENTRAL AND WEST COMMISSIONING SUPPORT UNIT",,189681.59,GBP,2026-09-16,2026-07-31,award,complete,48218000,https://www.contractsfinder.service.gov.uk/Notice/59a6f37e-010e-4a80-ba02-c738cbd34ccf-914267,2026-09-17T12:23:39.748877+00:00
Contracts Finder,ocds-b5fd17-78c59434-67e0-4521-8602-f0b8853de9ff_cc3c40db-bf90-4710-87b8-c9221237a531-914306,ITT For Project 10205756,ITT For Project 10205756,Innovate UK,,2190.0,GBP,2026-09-16,2026-07-28,award,complete,79421100,https://www.contractsfinder.service.gov.uk/Notice/cc3c40db-bf90-4710-87b8-c9221237a531-914306,2026-09-17T12:23:39.749066+00:00
Contracts Finder,ocds-b5fd17-898c89e7-0f32-429a-8e1d-d529cfef90a3_4f0de998-d9b8-46e7-9148-f113565149e2-914304,"ITT for projects 10182993, 10180946","ITT for projects 10182993, 10180946",UK RESEARCH & INNOVATION,,10700.0,GBP,2026-09-16,2026-08-18,award,complete,79421100,https://www.contractsfinder.service.gov.uk/Notice/4f0de998-d9b8-46e7-9148-f113565149e2-914304,2026-09-17T12:23:39.749253+00:00
Contracts Finder,ocds-b5fd17-0803d17b-02fb-481e-93f5-32d3964a89b6_8e4a006f-b620-4bd8-a335-d8327517299a-914303,ITT For Project 10202885,ITT For Project 10202885,Innovate UK,,1450.0,GBP,2026-09-16,2026-07-28,award,complete,79421100,https://www.contractsfinder.service.gov.uk/Notice/8e4a006f-b620-4bd8-a335-d8327517299a-914303,2026-09-17T12:23:39.749447+00:00
Contracts Finder,ocds-b5fd17-bee09daf-8e90-40f9-add4-246ed0a0969d_bea8402a-00bf-43fb-b549-b4b04b527d60-914305,715869492 - Provision of End Point Assessment for Aircraft Handlers,**FOR TRANSPARENCY PURPOSES ONLY**  This contract has been award via competition under GCA Framework RM6102: Apprenticeship Training Dynamic Marketplace DPS.,Ministry of Defence,,210000.0,GBP,2026-09-16,2026-07-20,award,complete,80000000,https://www.contractsfinder.service.gov.uk/Notice/bea8402a-00bf-43fb-b549-b4b04b527d60-914305,2026-09-17T12:23:39.749640+00:00
Contracts Finder,ocds-b5fd17-645efe9e-31e6-4c72-b08d-b67a5198a589_8b5980b5-845c-4a1c-a1d2-df5b0583c1b0-914302,ITT For Project 10203636,ITT For Project 10203636,Innovate UK,,2470.0,GBP,2026-09-16,2026-07-28,award,complete,79421100,https://www.contractsfinder.service.gov.uk/Notice/8b5980b5-845c-4a1c-a1d2-df5b0583c1b0-914302,2026-09-17T12:23:39.749847+00:00
Contracts Finder,ocds-b5fd17-bf6d5c9d-7912-4234-83ab-c2bf67ab2f86_53a1f359-23a9-407c-b446-14215f07477b-914301,ITT for project 10184667,ITT for project 10184667,UK RESEARCH & INNOVATION,,5160.0,GBP,2026-09-16,2026-08-07,award,complete,79421100,https://www.contractsfinder.service.gov.uk/Notice/53a1f359-23a9-407c-b446-14215f07477b-914301,2026-09-17T12:23:39.750038+00:00
Contracts Finder,ocds-b5fd17-799a0b55-a042-4e77-9fcc-a33d7ade82af_809ec968-664a-4dda-9553-f82e11880888-914300,Media Workshop - AWARD,"Workshop to pre-starts, Start-Ups and Businesses trading less than 2 years.  Providing guidance on AI, Social Media, Podcasts, Web Design, Branding and Marketing.",Sandwell Metropolitan Borough Council,,500.0,GBP,2026-09-16,2026-09-15,award,complete,79000000,https://www.contractsfinder.service.gov.uk/Notice/809ec968-664a-4dda-9553-f82e11880888-914300,2026-09-17T12:23:39.750226+00:00
Contracts Finder,ocds-b5fd17-c4b8f353-8019-423d-8cb9-c3f5fae9bf14_e2f9bfcd-1136-4f3e-a597-2de934e18d25-914299,Fleet Asset-Sharing Optimisation,Design and delivery of a fleet asset sharing solution,DEFRA,,476407.0,GBP,2026-09-16,2026-09-16,award,complete,79411000,https://www.contractsfinder.service.gov.uk/Notice/e2f9bfcd-1136-4f3e-a597-2de934e18d25-914299,2026-09-17T12:23:39.750415+00:00
Contracts Finder,ocds-b5fd17-3a1bd215-074e-4a1e-8faa-977cde924b42_4623e259-5f4d-4ec6-8de7-f946758c3fe9-914298,"CA18255 - RFQ2026/24 - NMANDD PEACEPLUS Thriving Together-Minority Community Support Programme: Sports for All for the Newry, Mourne and Down District Council area.","Competent consultancy companies are hereby invited to tender to design, develop and deliver a minority community support programme.  This project will engage a skilled inclusive sports facilitator to support children with disabilities to participate in a diverse range of accessible sports and recreational activities. 

To access this competition: 

Registered:
Login to https://suppliers.multiquote.com and view the opportunity CA18255.

Not registered:
Visit https://suppliers.multiquote.c","Newry, Mourne and Down District Council (NMD)",,,GBP,2026-09-16,2026-09-13,awardUpdate,complete,92000000,https://www.contractsfinder.service.gov.uk/Notice/4623e259-5f4d-4ec6-8de7-f946758c3fe9-914298,2026-09-17T12:23:39.750597+00:00
Contracts Finder,ocds-b5fd17-d8037a14-62ce-4e8a-896c-9f450a159ab5_bc0aa481-604b-45cd-8cd9-bb0d40db5afa-914290,Revenues and Benefits Printing and Mailing Service,"Westmorland and Furness Council (the 'Council) has appointed a service provider for the provision of Revenues and Benefits Hybrid printing and postage services via a further competition from the CCS Framework RM6280.
The contract is for printing, supply and despatch of correspondence and associated stationery in relation to Council Tax ('CT'), National Non Domestic Rates ('NNDR') and Benefits, including daily bills, notifications and associated documentation including annual billing (in Februar",WESTMORLAND AND FURNESS COUNCIL,,734948.02,GBP,2026-09-16,2026-07-01,award,complete,64000000,https://www.contractsfinder.service.gov.uk/Notice/bc0aa481-604b-45cd-8cd9-bb0d40db5afa-914290,2026-09-17T12:23:39.750817+00:00
Contracts Finder,ocds-b5fd17-1c926524-920b-4d72-b514-44729391504e_4c5569e1-5365-4ec2-8290-a6386ec5f4a0-914297,"ITT for projects 10181701, 10183623, 10185126, 10182577, 10185665","ITT for projects 10181701, 10183623,10185126, 10182577, 10185665",UK RESEARCH & INNOVATION,,23850.0,GBP,2026-09-16,2026-08-07,award,complete,79421100,https://www.contractsfinder.service.gov.uk/Notice/4c5569e1-5365-4ec2-8290-a6386ec5f4a0-914297,2026-09-17T12:23:39.751017+00:00
Contracts Finder,ocds-b5fd17-f9f34d4f-a52a-438f-a2e6-de28725bfed2_5f08e0a3-23ea-4bde-a8ad-78918a319ee1-914295,ITT For Project 10202889,ITT For Project 10202889,Innovate UK,,1875.0,GBP,2026-09-16,2026-07-28,award,complete,79421100,https://www.contractsfinder.service.gov.uk/Notice/5f08e0a3-23ea-4bde-a8ad-78918a319ee1-914295,2026-09-17T12:23:39.751206+00:00
Contracts Finder,ocds-b5fd17-536a2512-856f-4c0b-a380-aac2707c5ac3_17073c5b-d9f4-423e-a1ea-b2d218d73318-914296,HMCTS Cyber Security Managed Service Provider,A managed service providing cyber security services on behalf of HMCTS,Ministry of Justice,827200.0,25900000.0,GBP,2026-09-16,2025-10-30,award,complete,72212730,https://www.contractsfinder.service.gov.uk/Notice/17073c5b-d9f4-423e-a1ea-b2d218d73318-914296,2026-09-17T12:23:39.751395+00:00
Contracts Finder,ocds-b5fd17-316eb95b-3da0-4d46-a1d8-6540cb16c54d_c13142a9-a9c4-49aa-84f1-31434b005e3e-914289,"Employers Agent - Preston Road, Hull",Approved Panel Direct Award,THIRTEEN HOUSING GROUP LIMITED,,72919.2,GBP,2026-09-16,2026-08-21,award,complete,50000000,https://www.contractsfinder.service.gov.uk/Notice/c13142a9-a9c4-49aa-84f1-31434b005e3e-914289,2026-09-17T12:23:39.751587+00:00
Contracts Finder,ocds-b5fd17-e9770ec5-e31f-4d0b-b81e-32a891732a0f_1c17119a-8257-4698-9b76-b9066969699a-914294,37296 - NORTH W.S & SOUTH L. COLLEGE,"This contract is for the provision of transport services - journey stated in the title of this notice. It has been awarded following a Mini Competition under Council's Dynamic Purchasing System (DPS) PAN3059 - Passenger Transport Services.

To find out more about this DPS and how to provide taxi services to the Council, please see Taxi firms tendering for contracts (leicester.gov.uk)",Leicester City Council,,36270.0,GBP,2026-09-16,2026-09-16,award,complete,60120000,https://www.contractsfinder.service.gov.uk/Notice/1c17119a-8257-4698-9b76-b9066969699a-914294,2026-09-17T12:23:39.751802+00:00
Contracts Finder,ocds-b5fd17-bd7a6103-9948-48b3-be9c-d80ea2bef7d0_1466e3f4-f6fa-4c5a-9501-9b920ba3038c-914293,ITT For Project 10203173,ITT For Project 10203173,Innovate UK,,2450.0,GBP,2026-09-16,2026-07-28,award,complete,79421100,https://www.contractsfinder.service.gov.uk/Notice/1466e3f4-f6fa-4c5a-9501-9b920ba3038c-914293,2026-09-17T12:23:39.752010+00:00
Contracts Finder,ocds-b5fd17-b682bcb3-88b9-4a53-a399-03b28c4db8cb_ea7ccf04-c97c-4a90-9dd6-e73c9d3c1e5b-914286,"ITT for projects 10183942, 10184394, 10184182","ITT for projects 10183942, 10184394, 10184182",UK RESEARCH & INNOVATION,,16945.0,GBP,2026-09-16,2026-08-07,award,complete,79421100,https://www.contractsfinder.service.gov.uk/Notice/ea7ccf04-c97c-4a90-9dd6-e73c9d3c1e5b-914286,2026-09-17T12:23:39.752199+00:00
Contracts Finder,ocds-b5fd17-8055c4bf-7590-4b62-93d4-a9bb408833e3_98116a27-3302-4398-9ded-f38cd65a2209-914292,SCC - EK - RFQ - Ecology Support,"SCC and  is seeking quotes for an Ecological Services Contract.
      With our statutory duty  to improve, preserve and respect biodiversity across our land portfolio we have a requirement for a range of qualified, accurate ecological support to enable us to deliver essential and statutory works on our land portfolio, and within the requirements of the licenses held by SCC, from Natural England. Safely, efficiently and within guidance. The Council is seeking a service who has experience providi",SURREY COUNTY COUNCIL,,150000.0,GBP,2026-09-16,2026-07-16,award,complete,90700000,https://www.contractsfinder.service.gov.uk/Notice/98116a27-3302-4398-9ded-f38cd65a2209-914292,2026-09-17T12:23:39.752389+00:00
Contracts Finder,ocds-b5fd17-d7a9ea97-d876-429e-a169-e110844fde0b_3a14b305-65da-4051-93c4-ab5c9d684f6c-914285,Creative Sector Services CIC (t/a Creative United) Take it away Scheme Credit Provider Contract,"A tender opportunity is offered by Creative Sector Services CIC (trading as Creative United), for the provision of consumer credit services for the Take it away Scheme (the Scheme) commencing 1 November 2026 for a period of 18 months, with provision for Creative United to extend the contract for two (2) further twelve (12) month periods (subject to performance review in accordance with the terms and conditions of contract) up to a maximum of forty-two(42) months in total. 

The Take it away Sc",CREATIVE SECTOR SERVICES C.I.C.,,157500.0,GBP,2026-09-16,2026-08-14,award,complete,66000000,https://www.contractsfinder.service.gov.uk/Notice/3a14b305-65da-4051-93c4-ab5c9d684f6c-914285,2026-09-17T12:23:39.752575+00:00
Contracts Finder,ocds-b5fd17-03e58964-a462-4ba8-bc80-5e10fcd9f1dc_b4b6d9cf-478f-470e-8edd-b19c9987e113-914288,"QSB153 0900 2026-09-15 Oulton-Wetheringsett Manor school, Wetheringsett-Cum-Brockford (4-seted vehicle and a PA required) - AWARD","Suffolk County Council is seeking a mini competition against the following Dynamic Purchasing System: `The supply of Passenger Transport Services`, OJEU Notice Id: 2018/S 031-067685.
      
      QSB153 0900 2026-09-15 Oulton-Wetheringsett Manor school, Wetheringsett-Cum-Brockford (4-seted vehicle and a PA required)
      
      Further details can be found in the 'Tenders / My Tenders' area of this website, by selecting the 'View Details' button for this project.
      
      The deadline",Suffolk County Council Passenger Transport,,,GBP,2026-09-16,2026-09-15,award,complete,60000000,https://www.contractsfinder.service.gov.uk/Notice/b4b6d9cf-478f-470e-8edd-b19c9987e113-914288,2026-09-17T12:23:39.752784+00:00
Contracts Finder,ocds-b5fd17-66c90a62-e339-4afc-91a9-ccf8251d1864_a170c260-6cdd-475c-a08c-7f49e09f19cc-914287,SUPPE Face Visor,"The Single Use Face Visors sits under Lot 6 of the Single Use Personal Protective Equipment and Medical Protective Consumables Framework Agreement launched in 2022. NHS Supply Chain&apos;s intention was to undertake a review of the market through mini-competition to enable comparison of pricing against the NHS Supply Chain&apos;s current spend and ensure a compliant procedure is undertaken. 

The mini-competition for Single Use Face Visors was to identify the Supplier(s) whose Tender was the M",Supply Chain Coordination Limited,,127000.0,GBP,2026-09-16,2026-06-04,award,complete,18142000,https://www.contractsfinder.service.gov.uk/Notice/a170c260-6cdd-475c-a08c-7f49e09f19cc-914287,2026-09-17T12:23:39.752990+00:00
Contracts Finder,ocds-b5fd17-def05872-194d-46ec-9fa6-4c71ba09396f_14118fbf-720f-418d-a49b-533e8790b68f-914281,ITT for project 10181682,ITT for project 10181682,UK RESEARCH & INNOVATION,,6180.0,GBP,2026-09-16,2026-08-18,award,complete,79421100,https://www.contractsfinder.service.gov.uk/Notice/14118fbf-720f-418d-a49b-533e8790b68f-914281,2026-09-17T12:23:39.753178+00:00
Contracts Finder,ocds-b5fd17-23d8f5c9-2cfe-46ee-b43e-5a21b40bc674_cf032aa8-c1dd-4c99-885b-7cf780a3ebae-914284,CF CAN Single Use non-Sterile Thumb Looped Gowns,"The Single Use Non-Sterile Thumb Looped Gown product sits under Lot 2 of the Single Use Personal
Protective Equipment and Medical Protective Consumables Framework Agreement launched in 2022. NHS Supply Chain&apos;s intention was to undertake a review of the market through mini-competition to enable comparison of pricing against the NHS Supply Chain&apos;s current spend and ensure a compliant procedure is undertaken.

The mini-competition for Single Use Non-Sterile Thumb Looped Gown Universal ",Supply Chain Coordination Limited,,737000.0,GBP,2026-09-16,2026-06-04,award,complete,33199000,https://www.contractsfinder.service.gov.uk/Notice/cf032aa8-c1dd-4c99-885b-7cf780a3ebae-914284,2026-09-17T12:23:39.753365+00:00
Contracts Finder,ocds-b5fd17-9d6789e2-a34a-47f6-8dbb-3acedb65a236_a54bb8c9-d857-4343-96f4-65dbe5d308a6-914283,CF CAN - Single Use Dignity Gowns,"The Single Use Dignity Gown product sits under Lot 2 of the Single Use Personal Protective Equipment and Medical Protective Consumables Framework Agreement launched in 2022. NHS Supply Chain's intention was to undertake a review of the market through mini-competition to enable comparison of pricing against NHS Supply Chain's current spend and ensure a compliant procedure is undertaken.

The mini-competition for Single Use Dignity Gowns was to identify the Supplier(s) whose Tender was the Most ",Supply Chain Coordination Limited,,45000.0,GBP,2026-09-16,2026-06-04,award,complete,33199000,https://www.contractsfinder.service.gov.uk/Notice/a54bb8c9-d857-4343-96f4-65dbe5d308a6-914283,2026-09-17T12:23:39.753563+00:00
Contracts Finder,ocds-b5fd17-c166f9c5-c745-40b4-9a82-0f12889bad29_71e463b1-ad0c-4c72-8b57-b4dc5f121e81-914041,Training Platform for Census 27 Field Staff,The ONS has awarded a contract to provide a Learning Management System for the use of field staff working on Census 27 Test. The contract also includes the development of a small amount of training content.,Office for National Statistics,,38865.0,GBP,2026-09-16,2026-08-10,award,complete,48931000,https://www.contractsfinder.service.gov.uk/Notice/71e463b1-ad0c-4c72-8b57-b4dc5f121e81-914041,2026-09-17T12:23:39.753775+00:00
Contracts Finder,ocds-b5fd17-cd2c2f84-8087-4176-8c65-7d157d6ed6e2_39cd8f37-4168-486f-98ca-1f20ab53db9a-914280,TEL L1 DA Apr26 - City of Lincoln - awarded,"This contract award notice is to notify the market that City of Lincoln Council based in Lincoln, UK have appointed Careium as their Technology Enabled Lives provider for a period of FIVE years. This appointment has been made under the Northern Housing Consortium's Technology Enabled Lives framework. (Contract Award Notice 2024/S 000-000849)",NORTHERN HOUSING CONSORTIUM LIMITED,,468000.0,GBP,2026-09-16,2026-03-10,award,complete,50421000,https://www.contractsfinder.service.gov.uk/Notice/39cd8f37-4168-486f-98ca-1f20ab53db9a-914280,2026-09-17T12:23:39.753968+00:00
Contracts Finder,ocds-b5fd17-fbf99971-efd5-4739-b95b-fbbebe9426d4_833e74e4-41b1-47e9-83a1-c4108b580acc-914007,CDC Website - Cloud Services 2026-2030,"ON BEHALF OF CHICHESTER DISTRICT COUNCIL - 
The current contract for website support, maintenance and cloud services expires on 17 September 2026. Continued provision for a 4-year term is required from 18 September 2026 to maintain business-critical digital services.

The new contract is being called off from the Government Commercial Agency (GCA) G-Cloud 14 framework. A longlist/Shortlist exercise has been conducted and the shortlisted suppliers were known suppliers to the client team and we",HAMPSHIRE COUNTY COUNCIL,,316210.0,GBP,2026-09-16,2026-09-03,award,complete,72261000,https://www.contractsfinder.service.gov.uk/Notice/833e74e4-41b1-47e9-83a1-c4108b580acc-914007,2026-09-17T12:23:39.754156+00:00
Contracts Finder,ocds-b5fd17-c2ebad86-a3a9-4fcb-806c-222e4d582002_9aa730e3-cad0-4d42-982e-c7cb054b194a-914279,Planned Roofing Works 27 West,Planned Roofing works Financial year 26/27 West,Yorkshire Housing Limited,,1053153.0,GBP,2026-09-16,2026-06-03,award,complete,45261210,https://www.contractsfinder.service.gov.uk/Notice/9aa730e3-cad0-4d42-982e-c7cb054b194a-914279,2026-09-17T12:23:39.754343+00:00
Contracts Finder,ocds-b5fd17-3aa3ebdc-ae96-468a-b9ad-2e4f3c50b094_2aa7e305-e4bb-4a11-a15f-f65451d6db30-914278,"QIP484 0900 2026-09-15 Ipswich - Sendsory, Ipswich (4-seated vehicle and a PA required) - AWARD","Suffolk County Council is seeking a mini competition against the following Dynamic Purchasing System: `The supply of Passenger Transport Services`, OJEU Notice Id: 2018/S 031-067685.
      
      QIP484 0900 2026-09-15 Ipswich - Sendsory, Ipswich (4-seated vehicle and a PA required)
      
      Further details can be found in the 'Tenders / My Tenders' area of this website, by selecting the 'View Details' button for this project.
      
      The deadline for returned submissions is 0900 ",Suffolk County Council Passenger Transport,,,GBP,2026-09-16,2026-09-15,award,complete,60000000,https://www.contractsfinder.service.gov.uk/Notice/2aa7e305-e4bb-4a11-a15f-f65451d6db30-914278,2026-09-17T12:23:39.754525+00:00
Contracts Finder,ocds-b5fd17-aac34622-8aa0-4ff9-ad62-91a99ec19d04_67c610b5-6ae3-4f30-963a-54bef9d548a3-914276,Taxi and MPV (1-8 seats) - Taxi and MPV (1-8 seats),"Vehicle type:                 Saloon
Passenger Assistant Required:  No

Proposed Taxi Route:
From:   BN26 5RS
To:   Alfriston School, BN26 5XB

Frequency:  Monday to Friday 
Daily School Time:  08:45 - 15:15

Comments for Operator:  
Be aware of poor road conditions 
 This opportunity has been distributed on SProc.net",East Sussex County Council,,,GBP,2026-09-16,2026-09-21,tender,active,60000000,https://www.contractsfinder.service.gov.uk/Notice/67c610b5-6ae3-4f30-963a-54bef9d548a3,2026-09-17T12:23:39.754727+00:00
Contracts Finder,ocds-b5fd17-ab178708-99b0-4656-ba2e-86b17681aeda_89f69fd1-beb7-46ed-ac9b-cb3f38e5e022-914275,FM Asset data collection surveys,FM Asset data collection surveys: Weybridge Building 160,DEFRA,,12982.83,GBP,2026-09-16,2026-08-09,award,complete,71530000,https://www.contractsfinder.service.gov.uk/Notice/89f69fd1-beb7-46ed-ac9b-cb3f38e5e022-914275,2026-09-17T12:23:39.754920+00:00
Contracts Finder,ocds-b5fd17-1463c3c3-4824-4119-ad4f-6838adb3d18d_3e276430-82de-44f4-9bb8-ad545391078e-914273,"ITT for projects 10204116, 10206227, 10202493, 10202825","ITT for projects 10204116, 10206227, 10202493, 10202825",UK RESEARCH & INNOVATION,,13560.0,GBP,2026-09-16,2026-07-22,award,complete,79421100,https://www.contractsfinder.service.gov.uk/Notice/3e276430-82de-44f4-9bb8-ad545391078e-914273,2026-09-17T12:23:39.755105+00:00
Contracts Finder,ocds-b5fd17-f641a6db-37b1-4649-b3d6-ae13763ef60f_34988f19-c552-4c82-85b3-67f446152838-914274,Collection and Safe Processing of Various Hazardous Chemical Waste,Collection and Safe Processing of Various Chemical Hazardous Waste,City of Bradford Metropolitan District Council,,60000.0,GBP,2026-09-16,2026-05-08,award,complete,90523000,https://www.contractsfinder.service.gov.uk/Notice/34988f19-c552-4c82-85b3-67f446152838-914274,2026-09-17T12:23:39.755291+00:00
Contracts Finder,ocds-b5fd17-ebd768b1-ba7d-45dc-ba87-0cc73349a222_7903a272-7136-41a0-9c6f-8eb038b6177b-914272,ENHT - Lift Upgrade at Lister Hospital,ENHT - Lift Upgrade at Lister Hospital. Procured under Direct Award GCA Low Value Purchasing System RM6237,WEST HERTFORDSHIRE TEACHING HOSPITALS NHS TRUST,40000.0,40536.7,GBP,2026-09-16,2026-08-24,award,complete,50750000,https://www.contractsfinder.service.gov.uk/Notice/7903a272-7136-41a0-9c6f-8eb038b6177b-914272,2026-09-17T12:23:39.755485+00:00
Contracts Finder,ocds-b5fd17-bce44e94-7332-4693-b85b-9b759ea34e7c_fceed676-4870-4aea-a390-fc5d872facf9-914271,"Business Continuity, Crisis  Management and IT Disaster Recovery Support","Business Continuity, Crisis Management and IT Disaster Recovery Support consultancy support",UNIVERSITY OF EAST ANGLIA,,119300.0,GBP,2026-09-16,2026-08-03,award,complete,79410000,https://www.contractsfinder.service.gov.uk/Notice/fceed676-4870-4aea-a390-fc5d872facf9-914271,2026-09-17T12:23:39.755671+00:00
Contracts Finder,ocds-b5fd17-e2cdab7d-e129-4a14-8caf-c5e282c9d08d_0ffbb758-aa56-48f7-ad8e-0ec86239088b-914270,ITT For Project 10202892,ITT For Project 10202892,Innovate UK,,3315.0,GBP,2026-09-16,2026-07-28,award,complete,79421100,https://www.contractsfinder.service.gov.uk/Notice/0ffbb758-aa56-48f7-ad8e-0ec86239088b-914270,2026-09-17T12:23:39.755879+00:00
Contracts Finder,ocds-b5fd17-ff96f1f0-3c0a-4f68-b257-b0e181439fc1_8278fb58-679d-4c78-b88e-5b2dc7fe3c1c-914268,ITT For Project 10202904,ITT For Project 10202904,Innovate UK,,3305.0,GBP,2026-09-16,2026-07-28,award,complete,79421100,https://www.contractsfinder.service.gov.uk/Notice/8278fb58-679d-4c78-b88e-5b2dc7fe3c1c-914268,2026-09-17T12:23:39.756066+00:00
Contracts Finder,ocds-b5fd17-cec429f6-80ae-471f-9282-90a2c0b1adec_830d4103-7ae6-4ba4-888b-bd81a666810e-914269,CX - Environmental,Environmental services have very recently migrated to the supplier CX platform from the APP-Flare application.  Therefore retention of the CX platform is required to enable the service area to continue to perform their services.,Sheffield City Council,,405360.0,GBP,2026-09-16,2026-09-16,award,complete,48100000,https://www.contractsfinder.service.gov.uk/Notice/830d4103-7ae6-4ba4-888b-bd81a666810e-914269,2026-09-17T12:23:39.756261+00:00
Contracts Finder,ocds-b5fd17-5ed20f28-0da7-46cd-95e1-8771fbba2329_2b9a4922-8701-42ae-9c32-c1af7b878fac-914266,ITT For Project 10202891,ITT For Project 10202891,Innovate UK,,2065.0,GBP,2026-09-16,2026-07-28,award,complete,79421100,https://www.contractsfinder.service.gov.uk/Notice/2b9a4922-8701-42ae-9c32-c1af7b878fac-914266,2026-09-17T12:23:39.756452+00:00
Contracts Finder,ocds-b5fd17-f86e7c8a-cac1-4798-b1d5-9845d77aa81f_316c38b8-71ac-4f08-a10a-9543a5328240-914265,ITT For Project 10203665,ITT For Project 10203665,Innovate UK,,2107.0,GBP,2026-09-16,2026-07-28,award,complete,79421100,https://www.contractsfinder.service.gov.uk/Notice/316c38b8-71ac-4f08-a10a-9543a5328240-914265,2026-09-17T12:23:39.756636+00:00
Contracts Finder,ocds-b5fd17-e65daeb6-62ea-47e1-93df-eb002c2557a1_5ad8392c-1104-4148-a005-aeeb34f767dd-914264,ITT For Project 10204582,ITT For Project 10204582,Innovate UK,,3288.0,GBP,2026-09-16,2026-07-29,award,complete,79421100,https://www.contractsfinder.service.gov.uk/Notice/5ad8392c-1104-4148-a005-aeeb34f767dd-914264,2026-09-17T12:23:39.756843+00:00
Contracts Finder,ocds-b5fd17-ee05c892-dff2-449c-a50d-042cc1303a78_a7d1a84c-5c0a-4a92-bb67-da47090bd172-914263,"QEE022, 0900 2026-09-15, Bramford - S.P.A.C.E Education, Yaxley (4 seats) - AWARD","Suffolk County Council is seeking a mini competition against the following Dynamic Purchasing System: `The supply of Passenger Transport Services`, OJEU Notice Id: 2018/S 031-067685.
      
      QEE022, 0900 2026-09-15, Bramford - S.P.A.C.E Education, Yaxley (4 seats)
      
      Further details can be found in the 'Tenders / My Tenders' area of this website, by selecting the 'View Details' button for this project.
      
      The deadline for returned submissions is 0900 2026-09-15. Pl",Suffolk County Council Passenger Transport,,,GBP,2026-09-16,2026-09-15,award,complete,60000000,https://www.contractsfinder.service.gov.uk/Notice/a7d1a84c-5c0a-4a92-bb67-da47090bd172-914263,2026-09-17T12:23:39.757031+00:00
Contracts Finder,ocds-b5fd17-2154f80a-3aa3-40a3-9c6e-c39c6a2bcb53_606e90a0-bcff-4839-99c5-eafe3bdab071-914261,ITT For Project 10203644,ITT For Project 10203644,Innovate UK,,3240.0,GBP,2026-09-16,2026-07-28,award,complete,79421100,https://www.contractsfinder.service.gov.uk/Notice/606e90a0-bcff-4839-99c5-eafe3bdab071-914261,2026-09-17T12:23:39.757218+00:00
Contracts Finder,ocds-b5fd17-0db283f7-20a4-4630-ac97-a3d62e70ecba_f123d191-56af-4f33-b19b-563708f0508a-914260,Kier Infrastructure - Engineering Bridge Structural Survey,"Kier Infrastructure is seeking to establish a dedicated supply chain to deliver a programme of both non intrusive and intrusive surveys in support of the design development and Environmental Impact Assessment (EIA) requirements for one of our contracts.
      
      The work scope requires the completion of structural surveys on bridges spanning roads and existing rail assets. Instructed work may include visual and dimensional surveys of assets, ground-breaking activities associated such as fo",Kier Infrastructure,50000.0,100000.0,GBP,2026-09-16,2026-09-22,tender,active,71355000,https://www.contractsfinder.service.gov.uk/Notice/f123d191-56af-4f33-b19b-563708f0508a,2026-09-17T12:23:39.757415+00:00
Contracts Finder,ocds-b5fd17-4bb3c3af-15b7-4db6-9e9f-036e4717b197_b2ebcc0b-1bcd-4280-a175-eb55dd923b3e-914259,ITT For Project 10205327,ITT For Project 10205327,Innovate UK,,2900.0,GBP,2026-09-16,2026-07-29,award,complete,79421100,https://www.contractsfinder.service.gov.uk/Notice/b2ebcc0b-1bcd-4280-a175-eb55dd923b3e-914259,2026-09-17T12:23:39.757609+00:00
Contracts Finder,ocds-b5fd17-1346b6a5-7024-4e22-b637-4c3072adf297_ce2e1a30-58c6-4a1a-9047-980f70f52f48-914258,ITT For Project 10202929,ITT For Project 10202929,Innovate UK,,2660.0,GBP,2026-09-16,2026-07-28,award,complete,79421100,https://www.contractsfinder.service.gov.uk/Notice/ce2e1a30-58c6-4a1a-9047-980f70f52f48-914258,2026-09-17T12:23:39.757817+00:00
Contracts Finder,ocds-b5fd17-9a6a9067-e176-4057-9f66-a44187b6c4d8_5b42cef3-cb8d-4625-8be8-0fdafdf879f5-914257,ITT For Project 10203395,ITT For Project 10203395,Innovate UK,,2698.0,GBP,2026-09-16,2026-07-28,award,complete,79421100,https://www.contractsfinder.service.gov.uk/Notice/5b42cef3-cb8d-4625-8be8-0fdafdf879f5-914257,2026-09-17T12:23:39.758010+00:00
Contracts Finder,ocds-b5fd17-a5f57ed8-dbc8-40a0-8d65-cab0b76d403b_fa80880a-8524-411c-843a-76fb74094940-914256,GM Aspetics Transformation - Phase 2,Phase 2 of the GM Aseptic  Transformation will deliver the Phase 1 insights for aseptic services across Greater Manchester.,The Christie NHS Foundation Trust,,63152.0,GBP,2026-09-16,2025-11-10,award,complete,72224000,https://www.contractsfinder.service.gov.uk/Notice/fa80880a-8524-411c-843a-76fb74094940-914256,2026-09-17T12:23:39.758195+00:00
Contracts Finder,ocds-b5fd17-eabb168e-c582-4bbf-a34e-d61bb5d0cb10_a3e392da-9a0d-474c-82da-a58586df83a1-914255,RSGR0003 - National Rail Travel Survey - Discovery Phase,The Department for Transport (DfT) is seeking to appoint a supplier (or consortium) to deliver the National Rail Travel Survey (NRTS) Discovery Phase,DfTc - Department for Transport,,499734.0,GBP,2026-09-16,2026-08-17,awardUpdate,complete,73000000,https://www.contractsfinder.service.gov.uk/Notice/a3e392da-9a0d-474c-82da-a58586df83a1-914255,2026-09-17T12:23:39.758380+00:00
Contracts Finder,ocds-b5fd17-22844e41-c110-48b6-9131-b78d67438892_b49794e2-b030-4e61-bfc3-38fb685c189f-914253,External support - Future of Food Regulation Programme,"Support on the Future of Food Regulation Programme- This tender was run via further competition on Government Commercial Agency (GCA) framework RM6309 Management Consultancy Framework 4, Lot 2 - Strategy and Policy.",Food Standards Agency,,139210.45,GBP,2026-09-16,2026-08-10,award,complete,73200000,https://www.contractsfinder.service.gov.uk/Notice/b49794e2-b030-4e61-bfc3-38fb685c189f-914253,2026-09-17T12:23:39.758566+00:00
Contracts Finder,ocds-b5fd17-0adb1bec-058d-4579-b78f-602391871b65_fe1270f6-77f6-4962-89fa-61ea35fb7c6c-911945,Bus Network Analysis & Scheduling Software,"This is to publish information regarding a Direct Award from Lot 2 (Cloud Software) of the GCA G-Cloud 14 Framework.

The contract is for the purchase of Bus Network Analysis & Scheduling Software, with a wide ranging functionality including: 
- Network analysis
- Bus service and network re-design 
- Bus timetable scheduling based upon bus speed data 
- Demographic analysis 
- Bus journey time / iscochrone mapping 
- Bus service scheduling and cost assessments 
- ""Blocking"" - modelling ",West Midlands Combined Authority,183000.0,274500.0,GBP,2026-09-16,2026-05-07,award,complete,48000000,https://www.contractsfinder.service.gov.uk/Notice/fe1270f6-77f6-4962-89fa-61ea35fb7c6c-911945,2026-09-17T12:23:39.758773+00:00
