source,notice_id,title,description,organisation,value_low,value_high,currency,published_date,deadline,notice_type,status,cpv_codes,url,scraped_at
FTS,ocds-h6vhtk-06ee22_081998-2026,Passenger Transport Services 2026 - Route Based (1-8 Seat Provision),Passenger Transport Services 2026 - Route Based (1-8 Seat Provision) - Route Based (1-8 Seat Provision),West Northamptonshire Council,,,GBP,2026-08-27,,award,complete,,https://www.find-tender.service.gov.uk/Notice/081998-2026,2026-08-27T18:04:03.475303+00:00
FTS,ocds-h6vhtk-06bafb_081997-2026,Domestic Abuse - Target Hardening,"The Domestic Abuse Act 2021 has implemented a statutory requirement on Local Authorities to ensure there is safe accommodation for victims of domestic abuse. This includes target hardening measures to ensure victims of domestic abuse are able to stay in their own homes, when safe to do so.
The procured service is for the provision of support to approximately 175 people in the Peterborough area, focusing on the enhancement of security measures in the homes of those who have been subjected to dome",Peterborough City Council,,,GBP,2026-08-27,,award,complete,,https://www.find-tender.service.gov.uk/Notice/081997-2026,2026-08-27T18:04:03.475333+00:00
FTS,ocds-h6vhtk-06ee21_081996-2026,Passenger Transport Services 2026 - Route Based (1-8 Seat Provision),Passenger Transport Services 2026 - Route Based (1-8 Seat Provision) - Route Based (1-8 Seat Provision),West Northamptonshire Council,,,GBP,2026-08-27,,award,complete,,https://www.find-tender.service.gov.uk/Notice/081996-2026,2026-08-27T18:04:03.475339+00:00
FTS,ocds-h6vhtk-06ee20_081995-2026,Passenger Transport Services 2026 - Route Based (1-8 Seat Provision),Passenger Transport Services 2026 - Route Based (1-8 Seat Provision) - Route Based (1-8 Seat Provision),West Northamptonshire Council,,,GBP,2026-08-27,,award,complete,,https://www.find-tender.service.gov.uk/Notice/081995-2026,2026-08-27T18:04:03.475343+00:00
FTS,ocds-h6vhtk-06ee1f_081994-2026,Passenger Transport Services 2026 - Route Based (1-8 Seat Provision),Passenger Transport Services 2026 - Route Based (1-8 Seat Provision) - Route Based (1-8 Seat Provision),West Northamptonshire Council,,,GBP,2026-08-27,,award,complete,,https://www.find-tender.service.gov.uk/Notice/081994-2026,2026-08-27T18:04:03.475346+00:00
FTS,ocds-h6vhtk-06ee1e_081993-2026,Provision of Cloud based investigation and tracing system to identify fraudulent social housing and homelessness applications,"Manchester City Council is undertaking a Preliminary Market Engagement (PME) exercise to explore the market's capability to provide a cloud-based investigation and tracing system for identifying fraudulent social housing and homelessness applications.
The Council is seeking feedback from potential suppliers to help inform the development of any future procurement and to gain a better understanding of available solutions, market capacity, and innovation in this area.
This PME exercise is for info",Manchester City Council,,,GBP,2026-08-27,,planning,planning,,https://www.find-tender.service.gov.uk/Notice/081993-2026,2026-08-27T18:04:03.475350+00:00
FTS,ocds-h6vhtk-06ee1d_081992-2026,Passenger Transport Services 2026 - Route Based (1-8 Seat Provision),Passenger Transport Services 2026 - Route Based (1-8 Seat Provision) - Route Based (1-8 Seat Provision),West Northamptonshire Council,,,GBP,2026-08-27,,award,complete,,https://www.find-tender.service.gov.uk/Notice/081992-2026,2026-08-27T18:04:03.475353+00:00
FTS,ocds-h6vhtk-06ee1c_081991-2026,Passenger Transport Services 2026 - Route Based (1-8 Seat Provision),Passenger Transport Services 2026 - Route Based (1-8 Seat Provision) - Route Based (1-8 Seat Provision),West Northamptonshire Council,,,GBP,2026-08-27,,award,complete,,https://www.find-tender.service.gov.uk/Notice/081991-2026,2026-08-27T18:04:03.475363+00:00
FTS,ocds-h6vhtk-06ee1b_081990-2026,Works to permanently connect the Fire Training Structure at Scottow Enterprise Park to an onsite substation - S540790,"Works to permanently connect the Fire Training Structure at Scottow Enterprise Park to an onsite substation - S540790
£35000.00",Norfolk County Council,,,GBP,2026-08-27,,award,complete,,https://www.find-tender.service.gov.uk/Notice/081990-2026,2026-08-27T18:04:03.475368+00:00
FTS,ocds-h6vhtk-05f33b_081989-2026,Skills Bootcamps for Oxfordshire 2026/7,,,,,GBP,2026-08-27,,tenderCancellation,,,https://www.find-tender.service.gov.uk/Notice/081989-2026,2026-08-27T18:04:03.475374+00:00
FTS,ocds-h6vhtk-06ee18_081988-2026,Newport (IW) Bus Services Enhancement 2026 - 2031,To provide the introduction and operation of enhanced Newport Town bus services 38 and 39 from October 2026 until the end of September 2031.,Isle of Wight Council,,,GBP,2026-08-27,,award,complete,,https://www.find-tender.service.gov.uk/Notice/081988-2026,2026-08-27T18:04:03.475377+00:00
FTS,ocds-h6vhtk-05f33b_081987-2026,Skills Bootcamps for Oxfordshire 2026/7,,OXFORDSHIRE LOCAL ENTERPRISE PARTNERSHIP LIMITED,,,GBP,2026-08-27,,contractAmendment,,,https://www.find-tender.service.gov.uk/Notice/081987-2026,2026-08-27T18:04:03.475380+00:00
FTS,ocds-h6vhtk-06ee13_081986-2026,Hard Facilities Management (Hard FM) Service Provision BCU Wide.,"BCU invites the suppliers that qualified to participate at stage 1 of the 2 stage Competitive Flexible Procedure (UK4 Tender Notice identifier: 2026/S 000-050552)  to participate in Stage 2 of the process for the provision of Hard Facilities Management Service Provision across all 26 of BCU's Campus Sites.
Suppliers that participated in Stage 1 of the Competitive Flexible Procedure and were identified to be the 5 highest scoring bidders are invited to Stage 2 (Tender Submission) .
The performanc",Birmingham City University,,,GBP,2026-08-27,,tenderUpdate,active,,https://www.find-tender.service.gov.uk/Notice/081986-2026,2026-08-27T18:04:03.475384+00:00
FTS,ocds-h6vhtk-05f33b_081985-2026,Skills Bootcamps for Oxfordshire 2026/7,"Enterprise Oxfordshire Skills is managing, on behalf of Oxfordshire County Council, £1,500,000 (ex. VAT) of funding from Department for Work & Pension (DWP) to deliver Wave 7 of the Skills Bootcamp programme in Oxfordshire to support key national priority sectors including Digital, AI, IT Technician,
Business Administration, HGV/Bus, Early Years, Care Services, Green Skills and Construction.
The Skills Bootcamps programme for Oxfordshire aims to secure outcomes for adults (19+) by giving them ac",OXFORDSHIRE LOCAL ENTERPRISE PARTNERSHIP LIMITED,,,GBP,2026-08-27,,award,complete,,https://www.find-tender.service.gov.uk/Notice/081985-2026,2026-08-27T18:04:03.475388+00:00
FTS,ocds-h6vhtk-06ee1a_081984-2026,Passenger Transport Services 2026 - Route Based (1-8 Seat Provision),"Passenger Transport Services 2026 - Route Based (1-8 Seat Provision) : NCT60
1 passenger, no PA
Mondays, Wednesdays and Fridays
07:00 Edinbane Close, Nottingham, NG5 5DU
08:50 Cambian Northampton 67 Queens Park Parade, Northampton, NN2 6LR
14:30  Cambian Northampton 67 Queens Park Parade, Northampton, NN2 6LR
16:00  Edinbane Close, Nottingham, NG5 5DU
**Please note WNC will set a starting price on this contract**",West Northamptonshire Council,,,GBP,2026-08-27,,award,complete,,https://www.find-tender.service.gov.uk/Notice/081984-2026,2026-08-27T18:04:03.475390+00:00
FTS,ocds-h6vhtk-069670_081983-2026,Media Buying Services for Guildhall School,"The City invites Bidders to complete and submit a request to participate in the Procurement for the provision of Media Buying Services for the Guildhall School.
Guildhall School is where passion meets purpose. We deliver world-class professional training in music, drama, production and design across our iconic, state-of-the-art facilities in the heart of the City of London.
The School is seeking an experienced supplier to provide strategic digital media planning and buying services to support th",The Mayor and Commonalty and Citizens of the City of London,,900000.0,GBP,2026-08-27,,tender,active,,https://www.find-tender.service.gov.uk/Notice/081983-2026,2026-08-27T18:04:03.475393+00:00
FTS,ocds-h6vhtk-06ee19_081982-2026,"Appliance Bay Door Replacements at Aldridge, Handsworth and Highgate Fire Stations and CDC","Supply and installation of Appliance Bay Doors at Aldridge, Handsworth and Highgate Fire Stations and CDC",West Midlands Fire and Rescue Authority,,,GBP,2026-08-27,2026-09-28,tender,active,,https://www.find-tender.service.gov.uk/Notice/081982-2026,2026-08-27T18:04:03.475398+00:00
FTS,ocds-h6vhtk-06ee18_081981-2026,Newport (IW) Bus Services Enhancement 2026 - 2031,To provide the introduction and operation of enhanced Newport Town bus services 38 and 39 from October 2026 until the end of September 2031,Isle of Wight Council,,,GBP,2026-08-27,,award,complete,,https://www.find-tender.service.gov.uk/Notice/081981-2026,2026-08-27T18:04:03.475401+00:00
FTS,ocds-h6vhtk-06ee17_081980-2026,Road Vehicle Maintenance,"Transport for Wales requires the provision of servicing, maintenance, MOT testing, and associated support services for its fleet of internal combustion engine (ICE) and hybrid road vehicles, operating across Wales and Cross Borders. The Contractor shall deliver a comprehensive, compliant, and responsive service to ensure fleet availability, safety, and regulatory compliance.",Transport for Wales Rail Limited (Utility Buyer),,799000.0,GBP,2026-08-27,2026-09-29,tender,active,,https://www.find-tender.service.gov.uk/Notice/081980-2026,2026-08-27T18:04:03.475405+00:00
FTS,ocds-h6vhtk-05e206_081979-2026,Calthorpe Park School,Food services supply to Calthorpe Park School,Calthorpe Park School,,,GBP,2026-08-27,,award,complete,,https://www.find-tender.service.gov.uk/Notice/081979-2026,2026-08-27T18:04:03.475410+00:00
FTS,ocds-h6vhtk-06ee16_081978-2026,Enterprise Geospatial Licensed Maps &  Data,"National Grid currently procures geospatial (GIS) data independently across Business Units, driven by project specific needs. This decentralized approach has led to duplication of datasets, inconsistent coverage, variable quality, and limited reuse. A single view is required of what geospatial data is owned, licensed, open, and stored. The project supports National Grid's ambition to move to enterprise wide data reuse, stronger governance, and improved commercial outcomes; a single tool that pro",NATIONAL GRID UK LIMITED,,0.0,GBP,2026-08-27,,tender,active,,https://www.find-tender.service.gov.uk/Notice/081978-2026,2026-08-27T18:04:03.475413+00:00
FTS,ocds-h6vhtk-06ee15_081977-2026,Children & Young People Pathfinder - Supported Systems,"The commissioned activity relates to the development of child sexual abuse (CSA) systems and pathways across the South West region, building on work already undertaken to strengthen local responses to children and young people affected by CSA.
The project responds to the recognised need for improved coordination, accessibility and consistency of services across health, justice, safeguarding and voluntary sector systems. Current arrangements vary across the region, creating challenges in service ",NHS Somerset Integrated Care Board,,,GBP,2026-08-27,,award,complete,,https://www.find-tender.service.gov.uk/Notice/081977-2026,2026-08-27T18:04:03.475416+00:00
FTS,ocds-h6vhtk-06ee14_081976-2026,Reddish North - Platform Overlay,"Improvement of the stepping distance with a proprietor overlay system at Reddish Platform 2 and associated platform asset alterations.  This is inclusive of the below:
Site Surveys and Visits – to support all aspects of design and build. 
Design – including design development with stakeholders. 
Landlord Consent process, ASPRO approval process and Northern Trains approvals. 
Supply, Install, Construction, Commissioning, Testing, Handover  
All relevant test certification. 
Project Controls and r",Northern Trains Limited,,580000.0,GBP,2026-08-27,2026-09-25,tender,active,,https://www.find-tender.service.gov.uk/Notice/081976-2026,2026-08-27T18:04:03.475419+00:00
FTS,ocds-h6vhtk-05286c_081975-2026,Teddington Direct River Abstraction (TDRA) Tunnelling Main Works Contract (MWC),,,,,GBP,2026-08-27,,tenderCancellation,cancelled,,https://www.find-tender.service.gov.uk/Notice/081975-2026,2026-08-27T18:04:03.475422+00:00
FTS,ocds-h6vhtk-06ee13_081974-2026,Hard Facilities Management (Hard FM) Service Provision BCU Wide.,"BCU invites the suppliers that qualified to participate at stage 1 of the 2 stage Competitive Flexible Procedure (UK4 Tender Notice identifier: 2026/S 000-050552)  to participate in Stage 2 of the process for the provision of Hard Facilities Management Service Provision across all 26 of BCU's Campus Sites.
The performance of the contract(s) will be within Birmingham, postcodes B4 to B30.
The awarded supplier throughout the duration of any awarded contract shall be expected to provide the followi",Birmingham City University,,,GBP,2026-08-27,,tender,active,,https://www.find-tender.service.gov.uk/Notice/081974-2026,2026-08-27T18:04:03.475425+00:00
FTS,ocds-h6vhtk-06b80d_081973-2026,Connect to Work - Local Commissioning,The London Borough of Lambeth Council seek to establish a contract for the commission of up to four local providers to deliver Supported Employment provision through the targeted Individual Placement and Support (IPS) ‘Place and Train’ model. This model is designed to move people rapidly into employment and provide 12 months of ongoing support for both the employer and the individual to sustain that employment. This procurement is divided into 4 Lots that includes learning disabilities or autism,London Borough of Lambeth,,1111250.0,GBP,2026-08-27,2026-09-25,tenderUpdate,active,,https://www.find-tender.service.gov.uk/Notice/081973-2026,2026-08-27T18:04:03.475429+00:00
FTS,ocds-h6vhtk-06ee12_081972-2026,Out of Hours Call Handling Service - Soft Market Engagement (SME),"Metropolitan Housing Trust Ltd (MHT) is conducting a Soft Market Engagement (SME) exercise to obtain supplier feedback on the future provision of an Out of Hours Call Handling Service. This engagement will help inform the service specification, commercial approach and procurement strategy. This is not a call for competition and no contract will be awarded as a result of this exercise. Suppliers are invited to review the attached documents and submit a response by 17 September 2026
For more infor",METROPOLITAN HOUSING TRUST LIMITED,,,GBP,2026-08-27,,planning,planning,,https://www.find-tender.service.gov.uk/Notice/081972-2026,2026-08-27T18:04:03.475432+00:00
FTS,ocds-h6vhtk-06ee11_081971-2026,Provision of Legal Advisers for the Public Ownership Programme,"Legal Adviser support to the Public Ownership Programme, providing advice and guidance on the due diligence and mobilisation activities undertaken by DFTO in transferring Train Operating Companies (TOCs) into public ownership.",DFT OPERATOR LIMITED,,,GBP,2026-08-27,,award,complete,79100000,https://www.find-tender.service.gov.uk/Notice/081971-2026,2026-08-27T18:04:03.475435+00:00
FTS,ocds-h6vhtk-06c826_081970-2026,Flexible Lifelong Learning,"Cardiff University is commencing the procurement for the supply of Online Programme Management (OPM) services on a pay per service basis.
The University is currently undertaking a programme of work to provide the necessary insights and lay the groundwork for a strategic approach to fully online post graduate taught portfolio development and delivery, with a proposed start date for the first phase of the portfolio being September 2027.",Cardiff University,,5000000.0,GBP,2026-08-27,,planning,planned,,https://www.find-tender.service.gov.uk/Notice/081970-2026,2026-08-27T18:04:03.475438+00:00
FTS,ocds-h6vhtk-06ee10_081969-2026,Fire Safety and Planned Programme Works (Interim),"The Works comprise outstanding and emerging FRA remedial actions and directly associated or consequential fire-safety works. The scope includes passive fire protection and compartmentation, including loft and roof-void compartmentation; fire stopping and cavity barriers; fire doors, door sets, door components, fire-rated glazing and access panels; active fire-protection systems where instructed; intrusive verification, surveys, inspections and testing necessary to define or complete remedial wor",Harlow Council,,15000000.0,GBP,2026-08-27,2026-09-29,tender,active,45000000,https://www.find-tender.service.gov.uk/Notice/081969-2026,2026-08-27T18:04:03.475443+00:00
FTS,ocds-h6vhtk-06ee0f_081968-2026,Client Transport Services 2026 - 2034 - SEND,"Client Transport Services 2026 - 2034 - SEND : School - Wickham park School
x 3 students
No PA
x1 Saloon (4 passenger seats)
Location of students - x 1 Ashford TW15, x 2 Walton on Thames KT12
Location of school - West Wickham BR4",Surrey County Council,,,GBP,2026-08-27,,award,complete,,https://www.find-tender.service.gov.uk/Notice/081968-2026,2026-08-27T18:04:03.475445+00:00
FTS,ocds-h6vhtk-06ee0e_081967-2026,GIS and Modelling Software Package CPA/SPU/2852F,GIS and Modelling Software Package for use by FFs,Cheshire Fire Authority,,,GBP,2026-08-27,,award,complete,48100000,https://www.find-tender.service.gov.uk/Notice/081967-2026,2026-08-27T18:04:03.475448+00:00
FTS,ocds-h6vhtk-06ee0d_081966-2026,Organisation of the Lantern Parade,Lead Organisation of the Lantern Parade,Dacorum Borough Council,,,GBP,2026-08-27,,award,complete,,https://www.find-tender.service.gov.uk/Notice/081966-2026,2026-08-27T18:04:03.475451+00:00
FTS,ocds-h6vhtk-05459b_081965-2026,CFT 901285 – DoJ PBNI Electronic Case Management System,"The Probation Board of Northern Ireland is placing this voluntary transparency notice to alert economic operators of its
intention to modify its electronic case management system contract to allow completion of works in accordance with Regulation 72 (1) (b) of the Public Contracts Regulations 2015.",Probation Board Northern Ireland,,,GBP,2026-08-27,,award,complete,72000000,https://www.find-tender.service.gov.uk/Notice/081965-2026,2026-08-27T18:04:03.475454+00:00
FTS,ocds-h6vhtk-06ee0c_081964-2026,Planting Works at our Neighbourhood Centre,Planting Works at Leverstock Green which is one of our Neighbourhood Centres,Dacorum Borough Council,,,GBP,2026-08-27,,award,complete,,https://www.find-tender.service.gov.uk/Notice/081964-2026,2026-08-27T18:04:03.475457+00:00
FTS,ocds-h6vhtk-06ee0b_081963-2026,Animated videos for Negotiation Support Package for Adult Social Care Fair Pay Agreement,"The Improvement and Development Agency for Local Government (IDeA) is working through the Department of Health and Social Care (DHSC) and supported by sector partners including ADASS, to deliver the Adult Social Care Fair Pay Agreement Negotiation Support Package (NSP). The programme aims to increase awareness and understanding of the proposed Fair Pay Agreement, which will establish a national process for negotiating pay, terms and conditions, and career development for eligible adult social ca",Improvement and Development Agency for Local Government (IDeA),,25000.0,GBP,2026-08-27,2026-09-10,tender,active,,https://www.find-tender.service.gov.uk/Notice/081963-2026,2026-08-27T18:04:03.475460+00:00
FTS,ocds-h6vhtk-06ee0a_081962-2026,Knutton Lane Depot - Installation of New Air Conditioning,"The Borough Council of Newcastle-under-Lyme is seeking a provider for the installation of new air conditioning at its Knutton Lane, Depot Works, ST5 2SL. The proposal allows for the installation of external condensing units as follows:
> Three units mounted at high level on the Fire Station side.
> One unit mounted at the rear of the building.
> One unit mounted on the opposite side of the building.
> Remaining units mounted at low level adjacent to the generator at the front of the building, pr",The Borough Council of Newcastle-under-Lyme,,50000.0,GBP,2026-08-27,2026-09-22,tender,active,,https://www.find-tender.service.gov.uk/Notice/081962-2026,2026-08-27T18:04:03.475463+00:00
FTS,ocds-h6vhtk-06eba9_081961-2026,Supply of Regional Labour Supply,"Supply of Regional Labour Supply Framework, structured around geographical lots and standardised labour categories",Derbyshire County Council,,,GBP,2026-08-27,,planningUpdate,planning,,https://www.find-tender.service.gov.uk/Notice/081961-2026,2026-08-27T18:04:03.475468+00:00
FTS,ocds-h6vhtk-060de3_081960-2026,Sullivan Upper School,Food services to Sullivan Upper School,Sullivan Upper School,,,GBP,2026-08-27,,award,complete,,https://www.find-tender.service.gov.uk/Notice/081960-2026,2026-08-27T18:04:03.475470+00:00
FTS,ocds-h6vhtk-06ee09_081959-2026,Cost Consultancy for Kent Police,"Cost consultancy services including:
Independent cost consultancy services.
Feasibility for Construction feasibilities.
Feasibility for Construction strategy support.
Project Management support.
For Kent Police",The Police and Crime Commissioner for Kent,,500000.0,GBP,2026-08-27,,planning,planning,,https://www.find-tender.service.gov.uk/Notice/081959-2026,2026-08-27T18:04:03.475475+00:00
FTS,ocds-h6vhtk-06ee08_081958-2026,prj_16438 - Legal Publications Framework Agreement 2028,"The Ministry of Justice (MoJ), on behalf of the Judicial Office and the Judicial Library and Information Service (jLIS), is considering a future requirement for the provision of legal publications and related resources.
The requirement may include the supply of printed legal books, journals, subscriptions and eBooks, together with associated services, to support the judiciary and wider justice sector.
The Judicial Library and Information Service (jLIS) supports judges and legal advisers across E",Ministry of Justice,,26000000.0,GBP,2026-08-27,,planning,planned,,https://www.find-tender.service.gov.uk/Notice/081958-2026,2026-08-27T18:04:03.475477+00:00
FTS,ocds-h6vhtk-06ee07_081957-2026,"Automatic Fire Detection and Associated Equipment Installation, Maintenance and Reactive Repair at Windsor and London Estates","This contract relates to both fire alarm replacement works and the planned preventative maintenance and 
Service Contract.
Installation works will be required to be undertaken within;
1. Windsor Castle Upper Ward
2. Windsor Castle Middle and Lower Ward
3. Windsor Castle Control Room
4. Windsor Castle Mews
5. Windsor Castle Home Park
6. Kensington Palace – Main Palace, Ancillary Accommodation and Old Barracks
The installation works must be completed including commissioning works prior to the end ",The Royal Household,,,GBP,2026-08-27,2026-10-02,tender,active,,https://www.find-tender.service.gov.uk/Notice/081957-2026,2026-08-27T18:04:03.475481+00:00
FTS,ocds-h6vhtk-06c06c_081956-2026,B1025 - Provision of Low Carbon Heating Upgrade at Archdeacon John Lewis Primary School,This is a UK7 notice for B1025 - Provision of Low Carbon Heating Upgrade at Archdeacon John Lewis Primary School.,Bridgend County Borough Council,,,GBP,2026-08-27,,award,complete,,https://www.find-tender.service.gov.uk/Notice/081956-2026,2026-08-27T18:04:03.475483+00:00
FTS,ocds-h6vhtk-05a2ab_081955-2026,Refuge and Community Support Services Lot 1 - 4,"Lot 1 Advice and Prevention Service
Provides specialist advice, information, prevention and early intervention to women experiencing or at risk of VAWDASV, delivered primarily via a One Stop Shop and in the community. Focuses on preventing escalation, offering triage/ intake, signposting and safety planning. 
Lot 2 - Accommodation and Support Service
Delivers safe accommodation (minimum of 57 units) plus wrap around support for women and their children fleeing or experiencing VAWDASV.
Lot 3 - Ch",Cardiff Council,,,GBP,2026-08-27,,award,complete,,https://www.find-tender.service.gov.uk/Notice/081955-2026,2026-08-27T18:04:03.475486+00:00
FTS,ocds-h6vhtk-06d76a_081954-2026,846-NYC-HA Staff Flu Vaccinations,"North Yorkshire Council is looking to establish a contract with a provider to deliver flu vaccinations to eligible Council employees.
This is a Provider Selection Regime (PSR) Contract Notice. The awarding of this contract is subject to the Health Care Services (Provider Selection Regime) Regulations 2023. For the avoidance of doubt, the provisions of the Procurement Act 2023 do not apply to this award.
This Contract is being offered under the Competitive Process in accordance with Regulation 11",The North Yorkshire Council,,,GBP,2026-08-27,,award,complete,85141000,https://www.find-tender.service.gov.uk/Notice/081954-2026,2026-08-27T18:04:03.475491+00:00
FTS,ocds-h6vhtk-06ee06_081953-2026,International Recruitment and Clinical Training of Fragile Professions,"NHS England intends to award contracts for the International Recruitment and Clinical Training of Fragile Professions to address a critical clinical workforce gap identified through national modelling across Diagnostics, Cancer, Healthcare Science and Genomics.
The award of any contract will be subject to budgetary approval.",NHS England,,5000000.0,GBP,2026-08-27,,planning,planned,,https://www.find-tender.service.gov.uk/Notice/081953-2026,2026-08-27T18:04:03.475493+00:00
FTS,ocds-h6vhtk-06ee05_081952-2026,PLA26085 Upgrade of VMS Flood sign,"To supply, install and commission a replacement VMS flood diversion sign",Torbay Council,,,GBP,2026-08-27,,award,complete,,https://www.find-tender.service.gov.uk/Notice/081952-2026,2026-08-27T18:04:03.475496+00:00
FTS,ocds-h6vhtk-06b9e4_081951-2026,"Provision of School Transport Services, Ulva & Mull (1148L)",Argyll and Bute Council are looking to Contract with a vessel transport operator who will provide safe and secure school transport between Ulva & Mull.,Argyll and Bute Council,,,GBP,2026-08-27,,award,complete,60000000,https://www.find-tender.service.gov.uk/Notice/081951-2026,2026-08-27T18:04:03.475499+00:00
FTS,ocds-h6vhtk-069ffa_081950-2026,"26056 Cycling Maintenance, Repair and Refurbishment Programme","The Authority is procuring a Contractor to deliver a comprehensive cycling maintenance and refurbishment programme across schools, community settings, and market towns.
The programme will include school-based workshops, family and community sessions, adult maintenance sessions, and a bike rescue and refurbishment scheme.
Delivery must be inclusive and accessible, supporting increased cycling uptake, improving confidence, and reducing barriers to participation.",Cambridgeshire County Council,,,GBP,2026-08-27,,award,complete,,https://www.find-tender.service.gov.uk/Notice/081950-2026,2026-08-27T18:04:03.475501+00:00
FTS,ocds-h6vhtk-0680b1_081949-2026,Provision of Advertising Agent Services,"Provision of Advertising Agent Services. The appointed agent will act as a trusted intermediary between the Council and media outlets, ensuring adverts are reviewed, clarified where necessary, and published accurately and on time. This role is critical for maintaining clear, consistent and timely communication with the public.",Argyll and Bute Council,,,GBP,2026-08-27,,award,complete,79341000,https://www.find-tender.service.gov.uk/Notice/081949-2026,2026-08-27T18:04:03.475506+00:00
FTS,ocds-h6vhtk-069a01_081948-2026,"Provision of School & Local Transport Services, Oban & Lorn",Argyll and Bute Council are looking to Contract with a transport operator who will provide safe and secure school and local transport services within Oban and Lorn.,Argyll and Bute Council,,,GBP,2026-08-27,,award,complete,60000000,https://www.find-tender.service.gov.uk/Notice/081948-2026,2026-08-27T18:04:03.475509+00:00
FTS,ocds-h6vhtk-056a9d_081947-2026,Airport Route Upgrades,"Tyne and Wear Passenger Transport Executive t/a Nexus are seeking to appoint a Principal Contractor to carry out and complete the Airport Route Upgrade works between Newcastle International Airport station and Longbenton (Tyne and Wear).  The upgrade works consists of the replacement and renewal of permanent way assets and overhead line equipment. This will include renewal of specified areas of track, which have reached the end of their serviceable life, tamping to achieve a new through alignmen",Tyne and Wear Passenger Transport Executive T/A Nexus,,16000000.0,GBP,2026-08-27,2026-09-04,tenderUpdate,active,,https://www.find-tender.service.gov.uk/Notice/081947-2026,2026-08-27T18:04:03.475512+00:00
FTS,ocds-h6vhtk-06ee04_081946-2026,"Cafe catering services in Stratford, London, UK",To investigate the opportunities and delivery models for several potential catering service solutions at our head office location.,BRITISH COUNCIL(THE),,120000.0,GBP,2026-08-27,,planning,planning,,https://www.find-tender.service.gov.uk/Notice/081946-2026,2026-08-27T18:04:03.475514+00:00
FTS,ocds-h6vhtk-06ee03_081945-2026,Passenger Transport Services 2026 - Route Based (1-8 Seat Provision),"Passenger Transport Services 2026 - Route Based (1-8 Seat Provision) : EC-WK3
1 passenger, no PA
Mondays, Tuesdays, Thursdays, Fridays
08:20   Ringway Terrace, Ringway, Northampton, NN4 8ET
09:00   CE Academy - William Knibb, Montagu Street, Kettering, NN16 8AE
15:00    CE Academy - William Knibb, Montagu Street, Kettering, NN16 8AE
15:40    Ringway Terrace, Ringway, Northampton, NN4 8ET
Wednesdays
08:20   Ringway Terrace, Ringway, Northampton, NN4 8ET
09:00   CE Academy - William Knibb, Montagu",West Northamptonshire Council,,,GBP,2026-08-27,,award,complete,,https://www.find-tender.service.gov.uk/Notice/081945-2026,2026-08-27T18:04:03.475521+00:00
FTS,ocds-h6vhtk-06c8bc_081944-2026,National Lottery Open Week,Provision of PR services to deliver the National Lottery Open Week (NLOW) campaign.,The National Lottery Community Fund,,,GBP,2026-08-27,,award,complete,,https://www.find-tender.service.gov.uk/Notice/081944-2026,2026-08-27T18:04:03.475524+00:00
FTS,ocds-h6vhtk-06ee02_081943-2026,Provision of Offsite Backup for Critical data centre servers,Provision of Offsite Backup for critical Arts Council data centre servers,The Arts Council of England,,,GBP,2026-08-27,,award,complete,,https://www.find-tender.service.gov.uk/Notice/081943-2026,2026-08-27T18:04:03.475527+00:00
FTS,ocds-h6vhtk-052396_081942-2026,Passenger Transport Open Framework,"North Yorkshire Council (the Authority) is seeking tenders from suitably qualified suppliers to join its Passenger Transport Open Framework. The Open Framework is being established to provide a range of passenger transport services, including Home to School Transport and other transport-related services, through a diverse network of approved Suppliers with relevant expertise and capabilities. The Open Framework will be divided into the following Lots
• Lot 1 - Vehicles with up to 8 passenger sea",The North Yorkshire Council,,837500000.0,GBP,2026-08-27,2026-09-28,tender,active,,https://www.find-tender.service.gov.uk/Notice/081942-2026,2026-08-27T18:04:03.475529+00:00
FTS,ocds-h6vhtk-05fae8_081941-2026,BaDC-1598 Buttermarket Food Hall Fit Out and Operator for Bassetlaw District Council,,,,,GBP,2026-08-27,,tenderCancellation,,,https://www.find-tender.service.gov.uk/Notice/081941-2026,2026-08-27T18:04:03.475532+00:00
FTS,ocds-h6vhtk-05e462_081940-2026,School Catering Services for South Farnham Educational Trust Primary Schools,"Procurement exercise to source a suitable catering provider for 8 primary and nursery schools within the South Farnham Educational Trust (SFET).  Eight of the Trust's schools are seeking a new catering services contract from 1st September 2026, for a contract term of 3 years (plus possible 2 year extension on a +1year, +1year basis).
SFET undertook this tender exercise to source a flexible and best value catering contractor with whom they can partner with to achieve service excellence through th",SOUTH FARNHAM EDUCATIONAL TRUST,,,GBP,2026-08-27,,award,complete,,https://www.find-tender.service.gov.uk/Notice/081940-2026,2026-08-27T18:04:03.475535+00:00
FTS,ocds-h6vhtk-06ee01_081939-2026,Client Transport Services 2026 - 2034 - Child Mainstream,"Client Transport Services 2026 - 2034 - Child Mainstream : 1x child
No PA
St James CE Primary 
Weybridge
Saloon Car",Surrey County Council,,,GBP,2026-08-27,,award,complete,,https://www.find-tender.service.gov.uk/Notice/081939-2026,2026-08-27T18:04:03.475540+00:00
FTS,ocds-h6vhtk-06ee00_081938-2026,Water Hygiene Safety & Maintenance Services,"The University of Exeter requires the monitoring, testing, inspection and maintenance of water systems for the control of legionella bacteria across the estate in accordance with the recommendations of the current legionella risk assessments. The parameters and performance requirements for this will be detailed in the legionella risk assessments and will be in accordance with HSG 274 Part 2 where applicable.",University of Exeter,,1000000.0,GBP,2026-08-27,2026-09-25,tender,active,,https://www.find-tender.service.gov.uk/Notice/081938-2026,2026-08-27T18:04:03.475543+00:00
FTS,ocds-h6vhtk-04ebcb_081937-2026,Baby Bundles,"Baby bundles is a Welsh Government initiative to provide a 'welcome to the world' gift, comprising of a range of products for the child's first months. The bundle will be provided free of charge to all new and expectant parents residing in core Flying Start areas within Wales.
Since the initial contract award:
Following mobilisation of the Baby Bundles programme, registration and delivery volumes have been significantly lower than originally anticipated. The contract includes social value commit",Llywodraeth Cymru / Welsh Government,,,GBP,2026-08-27,,award,complete,,https://www.find-tender.service.gov.uk/Notice/081937-2026,2026-08-27T18:04:03.475548+00:00
FTS,ocds-h6vhtk-06c397_081936-2026,SONI084 IT Sourcing & Procurement Advisory Services,"SONI is seeking to appoint a Sourcing and Procurement Advisory provider to plan, manage, and execute competitive procurement processes across the IT Separation Programme workstreams, in full compliance with the UK Procurement Act 2023 (PA23) and associated Procurement Regulations 2024.
The appointed provider will act as SONI's primary procurement advisory partner throughout Phase 2, working alongside SONI's internal procurement team, internal programme team and external technical advisors.",SONI Ltd,,,GBP,2026-08-27,,award,complete,,https://www.find-tender.service.gov.uk/Notice/081936-2026,2026-08-27T18:04:03.475551+00:00
FTS,ocds-h6vhtk-05ab4e_081935-2026,ID 6152874 - PSNI - Managed Uniform Service,"The Police Service of Northern Ireland (PSNI) seeks to appoint an experienced Supplier for the provision of a comprehensive Managed Uniform Service (MUS). The appointed Supplier must be capable of integrating and managing the PSNI end-to-end Uniform solution, underpinned by the consistent, uninterrupted supply of a wide range of diverse Uniform product through professionally controlled, socially responsible, ethical and environmentally sustainable supply chains. All aspects of the Supply Chain a",Police Service of Northern Ireland,,10000000.0,GBP,2026-08-27,2026-09-23,tender,active,,https://www.find-tender.service.gov.uk/Notice/081935-2026,2026-08-27T18:04:03.475554+00:00
FTS,ocds-h6vhtk-06edff_081934-2026,Data Centre support and maintenance contract,Technical and break fix support for Arts Council's HPE data centre storage,The Arts Council of England,,,GBP,2026-08-27,,award,complete,,https://www.find-tender.service.gov.uk/Notice/081934-2026,2026-08-27T18:04:03.475557+00:00
FTS,ocds-h6vhtk-0583b5_081933-2026,Wormwood Scrubs Masterplan Biodiversity & Improvement Works,"London Borough of Hammersmith and Fulham Council (the ""Council"") invited tenders seeking a supplier who is suitably qualified and experienced in landscaping and the creation and management of ecologically sensitive habitats.
Wormwood Scrubs is an open space located at the northern end of the London Borough of Hammersmith and Fulham. It is the largest open space in the Borough, at around 80 ha (200 acres), and is one of the largest areas of common land in London.
The work is to implement the prop",London Borough of Hammersmith and Fuham (LBHF),,,GBP,2026-08-27,,award,complete,,https://www.find-tender.service.gov.uk/Notice/081933-2026,2026-08-27T18:04:03.475560+00:00
FTS,ocds-h6vhtk-06edfe_081932-2026,TVCA-PROC-0858 - LAEP Into Community Energy Toolkit,"Tees Valley Combined Authority (TVCA) (the 'Contracting Authority') have awarded a contract for  the creation of a Community Energy Tool Kit .
As set out in the UK4 Tender Notice, the contracting authority reserves the right to modify the contract in reliance on Schedule 8 paragraph 1 of the Procurement Act 2023 where the contracting authority clearly states the circumstance in which a modification may be required. These circumstances are: •Difficulty engaging with the Community Energy sector – ",Tees Valley Combined Authority,,,GBP,2026-08-27,,award,complete,,https://www.find-tender.service.gov.uk/Notice/081932-2026,2026-08-27T18:04:03.475563+00:00
FTS,ocds-h6vhtk-06edfd_081931-2026,UK2 Notice: Preliminary Market Engagement - Asylum Seeker Travel Services,"The Home Office (the Authority) has a statutory duty under Section 55 of the Borders, Citizenship and Immigration Act 2009 to discharge its immigration and asylum functions having regard to the need to safeguard and promote the welfare of children in the UK. 
In addition to this, under the Immigration and Asylum Act 1999, the Home Office has a statutory obligation to provide temporary support for Asylum Seekers who appear to be destitute or are likely to become destitute within a prescribed peri",Home Office,,0.0,GBP,2026-08-27,,planning,planning,,https://www.find-tender.service.gov.uk/Notice/081931-2026,2026-08-27T18:04:03.475566+00:00
FTS,ocds-h6vhtk-06edfc_081930-2026,MGO - THV PATRICIA - FRANK ARMITT & SONS LTD,MGO - THV Patricia - Frank Armitt & Sons Ltd - 31st August 2026,TRINITY HOUSE,,,GBP,2026-08-27,,award,complete,,https://www.find-tender.service.gov.uk/Notice/081930-2026,2026-08-27T18:04:03.475569+00:00
FTS,ocds-h6vhtk-06690c_081929-2026,Regenerative Schools Pilot - Academic Assurance Partner,"The Department for Education and the Education Estates Strategy
The Department for Education (DfE) is the UK government’s Department responsible for the schools in England. As part of this role, we oversee the safety, condition, and long‑term sustainability of the education estate. This includes ensuring that current and future school buildings are provided with safe, high‑quality environments where children can learn and thrive.
On 11th February 2026 the Department published its 10-year plan fo",Department for Education,,,GBP,2026-08-27,,award,complete,,https://www.find-tender.service.gov.uk/Notice/081929-2026,2026-08-27T18:04:03.475573+00:00
FTS,ocds-h6vhtk-06a620_081928-2026,DLSITT1101 - K14 SWIFT Beamline Kirkpatrick-Baez (KB) Mirrors System for Diamond Light Source,"Located on the Harwell Science & Innovation Campus in Oxfordshire, Diamond Light Source (DLS) is a leading-edge facility for science, engineering and innovation. DLS allows researchers from academia and industry to investigate the structure and behaviour of the world around us at the atomic and molecular level. 
To continue delivering the world-changing science that Diamond enables, the facility is being upgraded to Diamond-II, a co-ordinated programme of development that combines a major machin",DIAMOND LIGHT SOURCE LIMITED,,,GBP,2026-08-27,,award,complete,,https://www.find-tender.service.gov.uk/Notice/081928-2026,2026-08-27T18:04:03.475576+00:00
FTS,ocds-h6vhtk-06edfb_081927-2026,MGO - THV PATRICIA - KPI OCEAN CONNECT,MGO - THV Patricia - KPI Ocean Connect - 9th August 2026,TRINITY HOUSE,,,GBP,2026-08-27,,award,complete,,https://www.find-tender.service.gov.uk/Notice/081927-2026,2026-08-27T18:04:03.475579+00:00
FTS,ocds-h6vhtk-06edfa_081926-2026,Yarls Wood IRC Extension,,Home Office,,,GBP,2026-08-27,,awardUpdate,,79710000,https://www.find-tender.service.gov.uk/Notice/081926-2026,2026-08-27T18:04:03.475582+00:00
FTS,ocds-h6vhtk-06ede8_081925-2026,Sentinel Support & Maintenance,Sentinel Support & Maintenance for Quantum Perfusion Systems,THE NEWCASTLE UPON TYNE HOSPITALS NHS FOUNDATION TRUST,,,GBP,2026-08-27,,award,complete,,https://www.find-tender.service.gov.uk/Notice/081925-2026,2026-08-27T18:04:03.475584+00:00
FTS,ocds-h6vhtk-06edf9_081924-2026,Passenger Transport Services 2026 - Route Based (17+ Seat Provision),Passenger Transport Services 2026 - Route Based (17+ Seat Provision) - Route Based (17+ Seat Provision),West Northamptonshire Council,,,GBP,2026-08-27,,award,complete,,https://www.find-tender.service.gov.uk/Notice/081924-2026,2026-08-27T18:04:03.475588+00:00
FTS,ocds-h6vhtk-058fc5_081923-2026,Southwark Culture Health and Wellbeing Partnership (SCHWeP) Network Coordinator,"Southwark Culture Health and Wellbeing Partnership (SCHWeP) Network Coordinator
A coordinated programme of activity that supports the development and long-term sustainability of the SCHWeP network, while contributing to the wider ambitions of the Creative Health Southwark programme.",London Borough of Southwark,,,GBP,2026-08-27,,award,complete,,https://www.find-tender.service.gov.uk/Notice/081923-2026,2026-08-27T18:04:03.475591+00:00
FTS,ocds-h6vhtk-06edf8_081922-2026,T0422 - CM115 South Stack Lighthouse Painting,For the painting of South Stack Lighthouse,Trinity House,,,GBP,2026-08-27,,award,complete,45442100,https://www.find-tender.service.gov.uk/Notice/081922-2026,2026-08-27T18:04:03.475594+00:00
FTS,ocds-h6vhtk-06edf7_081921-2026,Purchase Of 1 x Used (2023) JCB 417 HT Industry Pro Wheeled Loading Shovel,"Purchase Of 1 x Used (2023) JCB 417 HT Industry Pro Wheeled Loading Shovel
Part Exchange Via Direct Award
WAIVER OF CONTRACT PROCEDURE RULES FORM raised and authorised",Broxtowe Borough Council,,,GBP,2026-08-27,,award,complete,,https://www.find-tender.service.gov.uk/Notice/081921-2026,2026-08-27T18:04:03.475597+00:00
FTS,ocds-h6vhtk-05e152_081920-2026,Drainage Services,NCC is awarding a Framework Contract for Drainage Services to commence September 2026 for 48 months (24 Months with 2 x 12 Month options to extend.),Newcastle City Council,,,GBP,2026-08-27,,award,complete,,https://www.find-tender.service.gov.uk/Notice/081920-2026,2026-08-27T18:04:03.475600+00:00
FTS,ocds-h6vhtk-06841b_081919-2026,Provision of  a Cardiology Insourced Service (Echocardiograms) for Aneurin Bevan UHB,Intention to award notice for Provision of  a Cardiology Insourced Service (Echocardiograms) for Aneurin Bevan UHB. Standstill period ends Monday 7th September  2026.,Aneurin Bevan University Health Board,,,GBP,2026-08-27,,award,complete,85100000,https://www.find-tender.service.gov.uk/Notice/081919-2026,2026-08-27T18:04:03.475604+00:00
FTS,ocds-h6vhtk-06edf6_081918-2026,Client Transport Services 2026 - 2034 - SEND,"Client Transport Services 2026 - 2034 - SEND : School - Wickham Park School
x 3 students
 No PA
x1 Saloon (4 passenger seats)
Location of students -x 1 Horley RH6, x 2 Redhill RH1
Location of school - West Wickham BR4",Surrey County Council,,,GBP,2026-08-27,,award,complete,,https://www.find-tender.service.gov.uk/Notice/081918-2026,2026-08-27T18:04:03.475607+00:00
FTS,ocds-h6vhtk-06edf5_081917-2026,Home First Services Framework Agreement Call-Off Contract 8: 24 Hour Emergency Homecare Response Service,Direct award of a 24 Hour Emergency Homecare Response Service under Nottinghamshire County Council's Home First Services Framework Agreement DN572837 (PCR2015).,Nottinghamshire County Council,,,GBP,2026-08-27,,award,complete,85000000,https://www.find-tender.service.gov.uk/Notice/081917-2026,2026-08-27T18:04:03.475609+00:00
FTS,ocds-h6vhtk-06edf4_081916-2026,Home First Services Framework Agreement Call-Off Contract 7: Urgent Home-Based Care Service,Direct award of an Urgent Home-Based Care Service under Nottinghamshire County Council's Home First Services Framework Agreement DN572837 (PCR2015).,Nottinghamshire County Council,,,GBP,2026-08-27,,award,complete,85000000,https://www.find-tender.service.gov.uk/Notice/081916-2026,2026-08-27T18:04:03.475612+00:00
FTS,ocds-h6vhtk-06edf3_081915-2026,Provision of Supply Teachers and Education / Support Staff Recruitment Services,Provision of supply teachers and education recruitment services for schools within St. Clare Catholic Multi Academy Trust under the GCA RM6376 Supply Teachers and Education Recruitment Framework.,ST CLARE CATHOLIC MULTI ACADEMY TRUST,,,GBP,2026-08-27,,award,complete,,https://www.find-tender.service.gov.uk/Notice/081915-2026,2026-08-27T18:04:03.475614+00:00
FTS,ocds-h6vhtk-06edf2_081914-2026,EPP0380 Multi Use Game Arena - Lot 1,"The purpose of this requirement is to appoint suitably experienced contractors to deliver outdoor sports and play facilities across sites within the Authority's area. The requirement is divided into two separate lots, reflecting different types of works and skill sets.
Tenderers may submit bids for either or both lots. Appointment to one lot does not guarantee appointment to the other.
The purpose of Lot 1 is to provide for the design, supply and installation of new Multi Use Games Arenas (MUGAs",Castle Point Borough Council,,,GBP,2026-08-27,,award,complete,,https://www.find-tender.service.gov.uk/Notice/081914-2026,2026-08-27T18:04:03.475617+00:00
FTS,ocds-h6vhtk-06b9a8_081913-2026,Roofing Replacement and Associated Works,"Norse are seeking bids from qualified suppliers to be responsible for the programme of works for carrying out roof covering replacement and associated works for residential properties. This includes Chimney repair works and coverings to Flat roofs. The works will be carried out in planned phases at properties in the High Peak Borough Council district
The tender is for the following works:
- Removal and replacement of existing roof coverings and fittings.
- Conducting surveys and taking all neces",Alliance Norse Ltd,,,GBP,2026-08-27,,award,complete,,https://www.find-tender.service.gov.uk/Notice/081913-2026,2026-08-27T18:04:03.475620+00:00
FTS,ocds-h6vhtk-06edf1_081912-2026,Passenger Transport Services 2026 - Route Based (17+ Seat Provision),Passenger Transport Services 2026 - Route Based (17+ Seat Provision) - Route Based (17+ Seat Provision),West Northamptonshire Council,,,GBP,2026-08-27,,award,complete,,https://www.find-tender.service.gov.uk/Notice/081912-2026,2026-08-27T18:04:03.475623+00:00
FTS,ocds-h6vhtk-06d8e9_081911-2026,PP-10161a Harris Federation – 1st Re-opening of the PerCo Open Framework,"Harris Federation established a permanent and contingent (PerCo) recruitment Open Framework, procured under the Open procedure, to secure the provision of general
and specialist recruitment services by preferred suppliers that support the staffing requirements of all existing, and future, academies within the Federation. This is the first re-opening of the framework.
This framework consists of 12 Lots. The call off options for the Client will be direct award, and mini competition. It is the Clie",HARRIS FEDERATION,,160000000.0,GBP,2026-08-27,2026-09-10,tenderUpdate,active,,https://www.find-tender.service.gov.uk/Notice/081911-2026,2026-08-27T18:04:03.475626+00:00
FTS,ocds-h6vhtk-06edf0_081910-2026,Sewer Flooding Mitigation Framework,This procurement covers the United Utilities Sewer Flooding Mitigation Framework Agreement,United Utilities Water Limited,,20780000.0,GBP,2026-08-27,2026-09-28,tender,active,,https://www.find-tender.service.gov.uk/Notice/081910-2026,2026-08-27T18:04:03.475630+00:00
FTS,ocds-h6vhtk-06dc6a_081909-2026,Software Enhancements for Engineering & Operations (SOROS),"Provision of software enhancement, hosting and support services for the SOROS (Safety, Operations, Reliability and Operational Systems) platform.
The contract covers the implementation and support of additional SOROS modules and functionality to improve fleet maintenance, engineering and operational management activities. Enhancements include depot mapping, digital train preparation, incident management, engineering change control, fleet modification tracking and train software configuration man",C2C RAILWAY LIMITED,,,GBP,2026-08-27,,award,complete,,https://www.find-tender.service.gov.uk/Notice/081909-2026,2026-08-27T18:04:03.475635+00:00
FTS,ocds-h6vhtk-06edef_081908-2026,EA Integrated Financial Management Information System Inc. HR/Payroll (Formerly the iFS Project / now known as the EA One Project),Provision of a fully integrated Finance and HR/Payroll system for the Education Authority,the Education Authority,,,GBP,2026-08-27,,award,complete,72250000,https://www.find-tender.service.gov.uk/Notice/081908-2026,2026-08-27T18:04:03.475638+00:00
FTS,ocds-h6vhtk-06edee_081907-2026,Riverside College - Finance Management Software System,"Riverside College require one supplier to fulfil their requirement for the supply, implementation and maintenance of a Finance Management Software System.",Riverside College Halton,,200000.0,GBP,2026-08-27,2026-09-21,tender,active,,https://www.find-tender.service.gov.uk/Notice/081907-2026,2026-08-27T18:04:03.475640+00:00
FTS,ocds-h6vhtk-06df42_081906-2026,GMCA 1715 - GM Regeneration Legal Services Framework,"Greater Manchester Combined Authority (GMCA), acting as a central purchasing body on behalf of GMCA Group organisations and participating Greater Manchester public sector authorities, intends to establish a multi-supplier legal services framework for the provision of specialist legal advice and support in relation to regeneration, infrastructure, place-making, housing, transport, economic development and associated major projects.
The framework is expected to provide access to a range of legal d",Greater Manchester Combined Authority,,291666666.0,GBP,2026-08-27,,planningUpdate,planned,,https://www.find-tender.service.gov.uk/Notice/081906-2026,2026-08-27T18:04:03.475643+00:00
FTS,ocds-h6vhtk-06eded_081905-2026,Passenger Transport Services 2026 - Route Based (17+ Seat Provision),Passenger Transport Services 2026 - Route Based (17+ Seat Provision) - Route Based (17+ Seat Provision),West Northamptonshire Council,,,GBP,2026-08-27,,award,complete,,https://www.find-tender.service.gov.uk/Notice/081905-2026,2026-08-27T18:04:03.475646+00:00
FTS,ocds-h6vhtk-06edec_081904-2026,Characters of Fashion Exhibition (Build),Build of structures fort he Characters of Fashion Exhibition taking place in the Barbican.,The Mayor and Commonalty and Citizens of the City of London,,,GBP,2026-08-27,2026-09-22,tender,active,,https://www.find-tender.service.gov.uk/Notice/081904-2026,2026-08-27T18:04:03.475649+00:00
FTS,ocds-h6vhtk-04dec0_081903-2026,The Supply and Delivery of Marked EN590 Gas Oil for use in UK Railway Vehicles,,LONDON NORTH EASTERN RAILWAY LIMITED,,,GBP,2026-08-27,,awardUpdate,,09134000,https://www.find-tender.service.gov.uk/Notice/081903-2026,2026-08-27T18:04:03.475652+00:00
FTS,ocds-h6vhtk-06e3eb_081902-2026,Admission Prevention and Early Discharge DAP C,"NHS Essex Integrated Care Board (herein ""the Authority"")'s intention to award a contract to Choice Support to deliver Admission Prevention and Early Discharge to the patients within NHS Essex's ICB geographical footprint. The contract will be for 12 months from 01st April 2026 - 31st March 2027 with an option to extend for an additional year. The aggregate contract value is £194768 inc VAT.
The provider is an existing provider, who is currently satisfying the requirements of the existing contrac",NHS Essex Integrated Care Board,,,GBP,2026-08-27,,tenderUpdate,,85100000,https://www.find-tender.service.gov.uk/Notice/081902-2026,2026-08-27T18:04:03.475655+00:00
FTS,ocds-h6vhtk-0562dc_081901-2026,Complex Move on Contract,"This UK5 transparency notice informs the market of the Authority’s intention to award a contract directly to Langley Trust for the provision of the Complex Move on service. 
The Complex Move On service provides specialist risk management services, rehabilitation and resettlement support for people on probation with complex needs who are accommodated within pre-existing specialist accommodation settings. 
The service supports His Majesty Prison and Probation Service (HMPPS) in managing individual",Ministry of Justice,,,GBP,2026-08-27,,award,complete,,https://www.find-tender.service.gov.uk/Notice/081901-2026,2026-08-27T18:04:03.475659+00:00
FTS,ocds-h6vhtk-06e9ba_081900-2026,Castle View Primary Academy,This Contract Award relates to a two-stage public works contract and confirms that a Pre-construction Services Agreement (PCSA) has been awarded under Construction Framework CF25 2025/S 000-080063 for the design and build/refurbishment of a Mainstream Primary. The contract price and expiry date stated herein solely reflect the estimated amount to be paid to the Contractor under the Early Supplier Involvement (ESI) phase. The contract price and expiry date are subject to confirmation following pr,Department for Education,,,GBP,2026-08-27,,awardUpdate,complete,,https://www.find-tender.service.gov.uk/Notice/081900-2026,2026-08-27T18:04:03.475662+00:00
FTS,ocds-h6vhtk-06edeb_081899-2026,Provision of Supply Teachers and Education / Support Staff Recruitment Services,Provision of supply teachers and education recruitment services for school within St. Clare Catholic Multi Academy Trust under the GCA RM6376 Supply Teachers and Education Recruitment Framework.,ST CLARE CATHOLIC MULTI ACADEMY TRUST,,,GBP,2026-08-27,,award,complete,,https://www.find-tender.service.gov.uk/Notice/081899-2026,2026-08-27T18:04:03.475666+00:00
Contracts Finder,ocds-b5fd17-6b020586-1357-4c83-92d9-010ad76c2e5a_3d27d6aa-8337-4712-8d74-5e54bfe6f999-912222,Provision of General Medical Services at Tollgate Practice,"NHS Essex Integrated Care Board is undertaking a Competitive Process under the Health Care Services (Provider Selection Regime) Regulations 2023 for the award of a General Medical Services (GMS) contract for Tollgate Practice, Stanway, Colchester.

The Authority seeks a suitably qualified provider to deliver primary medical services to a registered patient population of approximately 10,206 patients. Services will be provided under a nationally prescribed GMS contract from the existing practic",NHS Essex Integrated Care Board,,21896491.6,GBP,2026-08-26,2026-10-12,tender,active,85100000,https://www.contractsfinder.service.gov.uk/Notice/3d27d6aa-8337-4712-8d74-5e54bfe6f999,2026-08-27T18:04:06.878603+00:00
Contracts Finder,ocds-b5fd17-37dceafb-18f5-4f5f-9afb-ae784890924e_a16742f4-45d6-4cdc-b2ce-f6b00184d8be-912221,CWC26018 - Microsoft Cloud Solution Provider,Wolverhampton City Council has awarded a contract using the GCA Technology Products and Associated Services 2 (RM6098) - Lot 3 Software for the Provision of Microsoft Cloud Solution for two years,Wolverhampton City Council,,192000.0,GBP,2026-08-26,2026-02-26,award,complete,72000000,https://www.contractsfinder.service.gov.uk/Notice/a16742f4-45d6-4cdc-b2ce-f6b00184d8be-912221,2026-08-27T18:04:06.878829+00:00
Contracts Finder,ocds-b5fd17-6c13d9dc-2d40-49d4-b478-950a598b7a82_bf272b49-d572-47d6-b275-a7da887e93c6-912220,Resident Engagement and Welfare Monitoring Services Contract,"Provision of resident engagement, welfare monitoring and housing support services through a digital platform, including wellbeing checks, communications and housing needs reporting.",Housing Solutions,,62000.0,GBP,2026-08-26,2026-01-01,award,complete,75200000,https://www.contractsfinder.service.gov.uk/Notice/bf272b49-d572-47d6-b275-a7da887e93c6-912220,2026-08-27T18:04:06.879014+00:00
Contracts Finder,ocds-b5fd17-bc196143-dacf-41ef-a8e6-c6415526bb43_5205f2c6-b0b5-4382-8bb9-8c9a9c075656-912219,Learning Management System,"Provision of a Learning Management System.
Call off under the Government Commercial Agency G-Cloud 14 (RM1557.14) framework, Lot 2: Cloud Software.",North East Lincolnshire Council,,154567.0,GBP,2026-08-26,2026-05-27,award,complete,48000000,https://www.contractsfinder.service.gov.uk/Notice/5205f2c6-b0b5-4382-8bb9-8c9a9c075656-912219,2026-08-27T18:04:06.879194+00:00
Contracts Finder,ocds-b5fd17-83855fd7-0a47-4f8b-8a3b-d1dcbb731fbd_aa226c83-ceef-436f-b989-07603ed1ccaf-912218,CWC26020 - Microsoft Unified Support,"Wolverhampton City Council has awarded a contract using the Crown Commercial Services framework, G-Cloud 14 Framework Agreement (RM1557.14) for Microsoft Unified Support to Microsoft Limited",Wolverhampton City Council,,,GBP,2026-08-26,2026-04-27,award,complete,72000000,https://www.contractsfinder.service.gov.uk/Notice/aa226c83-ceef-436f-b989-07603ed1ccaf-912218,2026-08-27T18:04:06.879386+00:00
Contracts Finder,ocds-b5fd17-752b70f5-2826-4225-9ed6-62f16c7a2dc4_9719a503-74b5-49a7-8e3b-1b5948ef44bb-912217,Provision of a Master Vendor Service for Temporary Clinical Staff,Temporary recruitment of clinical and healthcare staff for patient safety roles.,NHS England,,625000.0,GBP,2026-08-26,2026-03-03,award,complete,79620000,https://www.contractsfinder.service.gov.uk/Notice/9719a503-74b5-49a7-8e3b-1b5948ef44bb-912217,2026-08-27T18:04:06.879566+00:00
Contracts Finder,ocds-b5fd17-1c6d7c3d-c200-45a2-94b5-6aeb9bef3555_93133394-1a8f-40e6-b007-ff000805a7f0-912212,Technical Assistance to Embed Renewable Integration in Madagascar Mining Permits,"La description de l'appel d'offres ainsi que les documents de soumission sont également disponibles en français. Veuillez consulter les pièces jointes pour plus d'informations.

Following the reopening of mining permits in 2026, Madagascar has an opportunity to shape how new mining investments source power. While mining and environmental regulations are in place, renewable energy integration is not yet embedded within licensing and permitting requirements.

The assignment will support the Go",PALLADIUM INTERNATIONAL LIMITED,,350000.0,GBP,2026-08-26,2026-09-22,tenderAmendment,active,09000000,https://www.contractsfinder.service.gov.uk/Notice/93133394-1a8f-40e6-b007-ff000805a7f0,2026-08-27T18:04:06.879758+00:00
Contracts Finder,ocds-b5fd17-317b028a-c261-47a4-9662-106894c19258_af2ba65e-b374-4fe2-a610-79a15b0edf89-912214,Workspace and Secure Hosted Cloud Storage,West Yorkshire Combined Authority on behalf of West Yorkshire Police has awarded a contract for a Workspace and Secure Hosted Cloud Storage System via the G-Cloud 14 Framework.,West Yorkshire Combined Authority,,46017.91,GBP,2026-08-26,2026-08-26,award,complete,48100000,https://www.contractsfinder.service.gov.uk/Notice/af2ba65e-b374-4fe2-a610-79a15b0edf89-912214,2026-08-27T18:04:06.879952+00:00
Contracts Finder,ocds-b5fd17-2d9fa149-2157-4972-a883-d96ef9e6e25f_4a0c6e6d-b293-4236-8697-0ed2172ed939-912216,"WSCC Route 1669 - Mainstream - Felpham to APC Worthing - 4 Seats, 1 Passenger","WSCC Route 1669 - Mainstream - Felpham to APC Worthing - 4 Seats, 1 Passenger",West Sussex County Council,,25122.64,GBP,2026-08-26,2025-08-18,award,complete,60120000,https://www.contractsfinder.service.gov.uk/Notice/4a0c6e6d-b293-4236-8697-0ed2172ed939-912216,2026-08-27T18:04:06.880127+00:00
Contracts Finder,ocds-b5fd17-f21d447a-287f-4a8a-9cfa-904673555d17_077612aa-85ba-4548-a393-1b7cbd1f1ae1-912215,CA18389 - Leeds College of Building - Principal Contractor,"Leeds College of Building are looking for a Principal Contractor to undertake the design,  construction, management and delivery of refurbishment works to the newly named CTEC Building, 
located on Byron Street, Leeds.

To access this competition: 

Registered:
Login to https://suppliers.multiquote.com and view the opportunity CA18389.

Not registered:
Visit https://suppliers.multiquote.com then register and quote CA18389 as the reason for registration. 

 Any queries please contact M",Leeds College of Building,,14000000.0,GBP,2026-08-26,2026-09-21,tender,active,45453000,https://www.contractsfinder.service.gov.uk/Notice/077612aa-85ba-4548-a393-1b7cbd1f1ae1,2026-08-27T18:04:06.880311+00:00
Contracts Finder,ocds-b5fd17-d4802146-b2b7-45f0-84a6-1a6a95f3c687_74408d0f-93e3-4ce8-8ba6-303531534316-912213,EAN - AOMR Lot 3 Water Land and Biodiversity Routine Maintenance 2026-28_GC,EAN - AOMR Lot 3 Water Land and Biodiversity Routine Maintenance 2026-28 for Ground Control (GC),Environment Agency,,126120.99,GBP,2026-08-26,2026-08-19,award,complete,50800000,https://www.contractsfinder.service.gov.uk/Notice/74408d0f-93e3-4ce8-8ba6-303531534316-912213,2026-08-27T18:04:06.880482+00:00
Contracts Finder,ocds-b5fd17-355c5461-1f4d-4103-99d7-a7f1bf1fca2c_5aa3c08b-c679-40e6-bd66-77fc0362f4fc-912211,Defence College of Support Security Courses-CAN,For the delivery of three critical security training courses at Southwick Park. These courses are essential for maintaining Defence capability and ensuring compliance with MOD security policies and standards.,Ministry of Defence,,603000.0,GBP,2026-08-26,2026-07-22,award,complete,80000000,https://www.contractsfinder.service.gov.uk/Notice/5aa3c08b-c679-40e6-bd66-77fc0362f4fc-912211,2026-08-27T18:04:06.880650+00:00
Contracts Finder,ocds-b5fd17-ce4db5fe-c818-4716-9cd7-52e676f0e798_ffd3dfd9-4c21-4274-b796-98865b0e713d-912210,QS Services - MRI Replacement & Dexa Scanner Room Refurb,MRI Replacement & Dexa Scanner Room Refurbishment project,Chelsea and Westminster Hospital NHS Foundation Trust,,31596.0,GBP,2026-08-26,2026-08-14,award,complete,71324000,https://www.contractsfinder.service.gov.uk/Notice/ffd3dfd9-4c21-4274-b796-98865b0e713d-912210,2026-08-27T18:04:06.880816+00:00
Contracts Finder,ocds-b5fd17-f75da3a5-e92f-4894-a716-a058346b7007_9ec7a4e4-45e0-4782-82c3-8d46c31d4f41-912208,Provision of Liquid Fuels,Provision of Liquid Fuels,Epping Forest District Council,,650000.0,GBP,2026-08-26,2025-09-05,award,complete,09134200,https://www.contractsfinder.service.gov.uk/Notice/9ec7a4e4-45e0-4782-82c3-8d46c31d4f41-912208,2026-08-27T18:04:06.880980+00:00
Contracts Finder,ocds-b5fd17-aefb24ca-9964-4a5b-9dde-49d34ae5035d_b58cdd2f-b575-453e-961a-976eccf574cb-912209,DESNZ Heat Network Zoning Legal Services Contract,"The Department for Energy Security and Net Zero (DESNZ) has awarded a contract for the provision of specialist legal services to support the development and implementation of the Heat Network Zoning Programme in England.

The contract will provide expert legal advice on the development and operation of heat network zones and associated procurement frameworks. The services comprise two principal workstreams:

Heat Network Consents Legal Support - providing legal advice on the design, implemen",DESNZ,390875.0,586312.5,GBP,2026-08-26,2026-07-20,award,complete,79100000,https://www.contractsfinder.service.gov.uk/Notice/b58cdd2f-b575-453e-961a-976eccf574cb-912209,2026-08-27T18:04:06.881146+00:00
Contracts Finder,ocds-b5fd17-0ee069d7-20a3-46e8-8211-edc34ca1ecfd_a148ed4c-4f16-4d1a-ab6b-3d5edf22f408-912207,WSCC Route 7374 - SEND - Billingshurst & x2 Horsham to Burstow Park School,WSCC Route 7374 - SEND - Billingshurst & x2 Horsham to Burstow Park School,West Sussex County Council,,28689.19,GBP,2026-08-26,2025-08-18,award,complete,60120000,https://www.contractsfinder.service.gov.uk/Notice/a148ed4c-4f16-4d1a-ab6b-3d5edf22f408-912207,2026-08-27T18:04:06.881322+00:00
Contracts Finder,ocds-b5fd17-d0bc024a-f982-4994-812d-1e4c9f9eaa1b_eac19f1c-e83e-4d18-99bf-bdb7ecd9b386-912206,GB-Manchester: ACE 734 CCS - Interim Estates Manager,Supply of Interim Head of Estates under GCA Framework RM6277,The Arts Council of England,,58218.2,GBP,2026-08-26,2026-05-19,award,complete,79620000,https://www.contractsfinder.service.gov.uk/Notice/eac19f1c-e83e-4d18-99bf-bdb7ecd9b386-912206,2026-08-27T18:04:06.881492+00:00
Contracts Finder,ocds-b5fd17-755554cb-c6f1-4f6b-a969-866d60e94a38_71960800-7f3f-4e17-9458-1b2b02561756-912205,"BDC Material Supply & Associated Services - Lot 1 - Plumbing, Heating Via PFH","BDC Material Supply & Associated Services - Lot 1 - Plumbing, Heating Via PFH",Bromsgrove District Council,,,GBP,2026-08-26,2024-11-29,award,complete,44110000,https://www.contractsfinder.service.gov.uk/Notice/71960800-7f3f-4e17-9458-1b2b02561756-912205,2026-08-27T18:04:06.881657+00:00
Contracts Finder,ocds-b5fd17-bebb5b6f-85d6-4384-8d62-f16d15b47084_728cd555-b5a3-4a98-a44c-6f6adfb246a7-912204,GB-Manchester: ACE 737 CCS Provision of Specialist Property Consultancy advice,Appointment of specialist consultancy services to provide pre-application advice to applicants for non-listed/designated buildings to decide whether their project is sufficiently advanced to meet the MEND grant funding eligibility and assessment criteria outlined in the published guidance.  Appointment of consultant under the National Heritage Memorial Fund's Framework Agreement for the Register of Support Services (RoSS) NHMF 0325,The Arts Council of England,,25965.0,GBP,2026-08-26,2026-06-08,award,complete,71315200,https://www.contractsfinder.service.gov.uk/Notice/728cd555-b5a3-4a98-a44c-6f6adfb246a7-912204,2026-08-27T18:04:06.881827+00:00
Contracts Finder,ocds-b5fd17-4a092bfd-176b-4b50-b0ca-37d6d2372a6e_be49182c-64fe-44d4-b906-a45a7c68c4fe-912203,Basware Digital Marketplace & e-Invoicing,A catalogue package for the use of Basware Digital Marketplace services along with e-Invoicing services,Home Office,,892908.0,GBP,2026-08-26,2026-06-30,award,complete,48481000,https://www.contractsfinder.service.gov.uk/Notice/be49182c-64fe-44d4-b906-a45a7c68c4fe-912203,2026-08-27T18:04:06.881991+00:00
Contracts Finder,ocds-b5fd17-64b5f119-6a95-4332-af95-a14777463299_4e65b45d-ae61-4fda-bccb-0c4ab79ff1ed-912202,Estates Professional Rating Service,"The Estates Professional Service Ratings  service is used to assess, submit, negotiate and settle all rating appeals concerned with the Force's property portfolio. The appointed supplier will conduct Compiled List Appeals on behalf of the Force with the view of reducing the rateable value of the Force's Estate Portfolio.",Northumbria Police,,170000.0,GBP,2026-08-26,2026-04-28,award,complete,70100000,https://www.contractsfinder.service.gov.uk/Notice/4e65b45d-ae61-4fda-bccb-0c4ab79ff1ed-912202,2026-08-27T18:04:06.882151+00:00
Contracts Finder,ocds-b5fd17-cc15b121-a002-4af2-ba82-045c86e89bde_f7c60f0c-a138-487f-bb16-974c6bdb2112-912201,GB-Manchester: ACE 739 NFP - Project Management Services for Coventry Storage facility fit-out,Provision of Project Management Services in respect of the fit-out of the Coventry storage facility,The Arts Council of England,,93095.0,GBP,2026-08-26,2026-05-29,award,complete,71541000,https://www.contractsfinder.service.gov.uk/Notice/f7c60f0c-a138-487f-bb16-974c6bdb2112-912201,2026-08-27T18:04:06.882330+00:00
Contracts Finder,ocds-b5fd17-f6a79654-b300-4eba-adfe-331910f6b941_67410ed9-0f91-401c-9f0b-dd7f6e74eab4-912200,"QIP350 2026-08-26 (0900) Haverhill - PLOT @ Buck House, Nacton (4 seats and a PA) - AWARD","Suffolk County Council is seeking a mini competition against the following Dynamic Purchasing System: `The supply of Passenger Transport Services`, OJEU Notice Id: 2018/S 031-067685.
      
      QIP350 2026-08-26 (0900) Haverhill - PLOT @ Buck House, Nacton (4 seats and a PA)
      
      Further details can be found in the 'Tenders / My Tenders' area of this website, by selecting the 'View Details' button for this project.
      
      The deadline for returned submissions is 0900 on 26/",Suffolk County Council Passenger Transport,,,GBP,2026-08-26,2026-08-26,award,complete,60000000,https://www.contractsfinder.service.gov.uk/Notice/67410ed9-0f91-401c-9f0b-dd7f6e74eab4-912200,2026-08-27T18:04:06.882505+00:00
Contracts Finder,ocds-b5fd17-b6f46779-481c-4898-9052-96240e9e1a25_7cfafdd3-8a69-4445-affb-4a6a5c80fad4-912199,Call off Contract Under Prison Education Dynamic Purchasing System for Streetworks Courses for Prisoners at HMP Standford Hill,Call off Contract Under Prison Education Dynamic Purchasing System for Streetworks Courses for Prisoners at HMP Standford Hill.,Ministry of Justice,,41034.0,GBP,2026-08-26,2026-07-29,award,complete,80000000,https://www.contractsfinder.service.gov.uk/Notice/7cfafdd3-8a69-4445-affb-4a6a5c80fad4-912199,2026-08-27T18:04:06.882665+00:00
Contracts Finder,ocds-b5fd17-1b4e4dbc-f68b-46a3-8a3e-d223e6d87d29_536f3c26-d089-4f5f-bb18-648e897517fb-912198,SCC - AO - RFQ - In Bus Shelters Real Time Passenger Information LED Displays,"Supply of up to 60 real-time passenger information (RTPI) 3-line LED displays to be installed in-shelter or otherwise on gallows pole.
      
      The contract will not include installation or commissioning.
      
      The RTPI displays must be able to interface into SCC's existing RTPI system to enable content management, monitoring of live feed to displays and fault-monitoring.
      
      Surrey's RTPI system has been supplied and is currently maintained by NavIQuate.",SURREY COUNTY COUNCIL,,172500.0,GBP,2026-08-26,2026-07-31,award,complete,44212321,https://www.contractsfinder.service.gov.uk/Notice/536f3c26-d089-4f5f-bb18-648e897517fb-912198,2026-08-27T18:04:06.882825+00:00
Contracts Finder,ocds-b5fd17-7b8e343c-035c-4319-bf59-a805e84f5d87_bc6ddd74-de91-424b-99f7-0fa4b728ef6e-912197,Supply of Digital PCR including Consumables and Maintenance,Supply of Digital PCR including Consumables and Maintenance,NHS Blood and Transplant,,1267857.0,GBP,2026-08-26,2026-02-23,award,complete,33100000,https://www.contractsfinder.service.gov.uk/Notice/bc6ddd74-de91-424b-99f7-0fa4b728ef6e-912197,2026-08-27T18:04:06.882986+00:00
Contracts Finder,ocds-b5fd17-ecb3cada-6e32-4352-a781-53b1addd02b6_e37e4d70-e215-4c02-a3de-f18f084c4d25-912196,Service Maintenance of Philips Zenition Mobile C-Arm Imaging System,Service Maintenance of Philips Zenition Mobile C-Arm Imaging System funded by the Trusts Capital allocation programme utilising the NHSSC FRAMEWORK REF: 2021/S 000-021535,Hull University Teaching Hospitals NHS Foundation Trust,106145.55,106145.52,GBP,2026-08-26,2026-08-26,award,complete,50420000,https://www.contractsfinder.service.gov.uk/Notice/e37e4d70-e215-4c02-a3de-f18f084c4d25-912196,2026-08-27T18:04:06.883149+00:00
Contracts Finder,ocds-b5fd17-cede0ab5-9dd0-4aa0-a5a9-4bd47e1ac63d_a13a0412-5bc4-4ab9-a411-37ba356d0df3-912195,PDF Framework - A21 Robertsbridge Layby - SDF,PDF Framework - A21 Robertsbridge Layby - SDF,National Highways Limited,,128440.11,GBP,2026-08-26,2026-07-28,award,complete,45233210,https://www.contractsfinder.service.gov.uk/Notice/a13a0412-5bc4-4ab9-a411-37ba356d0df3-912195,2026-08-27T18:04:06.883325+00:00
Contracts Finder,ocds-b5fd17-e4981052-c0e4-4173-aed7-1f3c4c592c66_181bb847-7771-44a6-8a60-e3cdb1b2e17b-912194,Provision of Dermatology Services,"Adult Dermatology Services
Paediatric Dermatology Services",Whittington Health NHS Trust,,107226.0,GBP,2026-08-26,2026-07-03,award,complete,85100000,https://www.contractsfinder.service.gov.uk/Notice/181bb847-7771-44a6-8a60-e3cdb1b2e17b-912194,2026-08-27T18:04:06.883493+00:00
Contracts Finder,ocds-b5fd17-9ba08707-2757-40f4-b227-21460b8dab8c_da2a18a8-af67-4fc8-9a4b-ad5a7e3dce23-912193,PDF Framework - M27 Salisbury Road Deck Repair,PDF Framework - M27 Salisbury Road Deck Repair,National Highways Limited,,99508.25,GBP,2026-08-26,2026-07-30,award,complete,45233210,https://www.contractsfinder.service.gov.uk/Notice/da2a18a8-af67-4fc8-9a4b-ad5a7e3dce23-912193,2026-08-27T18:04:06.883660+00:00
Contracts Finder,ocds-b5fd17-ce95b1ba-dc21-4ef8-a157-60a41c4f827c_4683253b-9dee-4d02-b341-6cc55654881e-912192,"PAM 7036/27 - RFL - MEMG CAPITAL - 2 X Desktop Keypoint.NET Focus Systems, Windows 10 LTSC","RFL - MEMG CAPITAL - 2 X Desktop Keypoint.NET Focus Systems, Windows 10 LTSC - NHSSC FRAMEORK REF. 2023/S 000-002003 - Including trade in",Royal Free London NHS Foundation Trust,,46644.6,GBP,2026-08-26,2026-07-01,award,complete,33195000,https://www.contractsfinder.service.gov.uk/Notice/4683253b-9dee-4d02-b341-6cc55654881e-912192,2026-08-27T18:04:06.883821+00:00
Contracts Finder,ocds-b5fd17-4d5d34c9-62b7-44c8-8191-25235c1f2efa_401951f4-faa7-4c3d-8c66-b779a7165855-912191,Water 2100 Participatory Research Contract - DEM0015160,"The purpose of this contract is to:

•	Deliver a structured participatory research process up to March 2027, in the first instance.
•	Act as the interface with the Water 2100 think tank membership, ensuring the process is recognised as independent of the Environment Agency and represents the wider knowledge and interests of the membership.
•	Develop a work programme tailoring/designing a series of participatory sessions, detailing tools and method selection in line with the agreed methodolog",Environment Agency,,68680.0,GBP,2026-08-26,2026-08-07,award,complete,73200000,https://www.contractsfinder.service.gov.uk/Notice/401951f4-faa7-4c3d-8c66-b779a7165855-912191,2026-08-27T18:04:06.883982+00:00
Contracts Finder,ocds-b5fd17-320afec7-78ae-45d6-85b1-88229768734a_d50b08b4-8432-4acd-96b1-e44f211007ba-912190,Multi-Disciplinary  Works Contract for Major Works and  Major Repairs,"The main focus and scope of works comprise of major works (including general building works) and major repairs (which may include void properties). This contract will also be used for:
•	In year 1-2 of the contract, circa 70 bathroom refurbishments (at Robinson House) (NOTE this applies to initial contract year only)
•	In year 1 of the contract, circa 12 new kitchens and 12 new bathrooms (at Lilac Close) (NOTE this applies to initial contract year only)
•	Beyond year 1 of the contract, ad hoc",BRUNELCARE,,2045000.0,GBP,2026-08-26,2026-07-14,award,complete,45000000,https://www.contractsfinder.service.gov.uk/Notice/d50b08b4-8432-4acd-96b1-e44f211007ba-912190,2026-08-27T18:04:06.884146+00:00
Contracts Finder,ocds-b5fd17-1cf96f8c-dfde-45e1-a630-b338dbfe153a_21652f57-1da3-4abe-a6de-a8d051223693-912189,Apprenticeship Levy DR865520501,Delivery of the L4 Artificial Intelligence AI and automation practitioner apprenitceship standard for 4 learners,EAST RIDING OF YORKSHIRE COUNCIL,1000.0,72000.0,GBP,2026-08-26,2026-08-25,award,complete,80000000,https://www.contractsfinder.service.gov.uk/Notice/21652f57-1da3-4abe-a6de-a8d051223693-912189,2026-08-27T18:04:06.884322+00:00
Contracts Finder,ocds-b5fd17-affcc57d-d696-4ca6-a889-c8d729baa701_13b6786e-48a5-4d45-bc1d-9d73602b3196-912186,Data Centre Exit - Project Management Office Service,"The provision of Programme and Project Management Office (PMO) services to support HMRC's Data Centre Exit (DCE) Programme. 

The contract includes the delivery of programme governance, planning and scheduling, reporting, risk, issue and dependency management, benefits management, supplier coordination, assurance activities and business readiness support. The services will enable the effective management and oversight of the DCE Programme and associated technology migration activities, support",H M REVENUE & CUSTOMS,,9000000.0,GBP,2026-08-26,2026-05-21,award,complete,72224000,https://www.contractsfinder.service.gov.uk/Notice/13b6786e-48a5-4d45-bc1d-9d73602b3196-912186,2026-08-27T18:04:06.884487+00:00
Contracts Finder,ocds-b5fd17-a7b53b7d-da9f-4387-b957-2b9c76aad0f4_bd7e4361-3a7f-4bd3-824b-50551fc26222-912184,CPU 8599 Eforms & Customer Experience Platform (GranicusGovTech),Eforms & Customer Experience Platform (GranicusGovTech),NOTTINGHAM CITY COUNCIL,,143420.0,GBP,2026-08-26,2026-03-31,award,complete,48000000,https://www.contractsfinder.service.gov.uk/Notice/bd7e4361-3a7f-4bd3-824b-50551fc26222-912184,2026-08-27T18:04:06.884653+00:00
Contracts Finder,ocds-b5fd17-8de80bde-83fb-49c1-b487-be10da692f3f_d34191ce-097a-4cbe-8245-70af0072eccd-912188,Unlocking Commercial and Industrial Captive Renewable Energy in Uganda: Market Sizing and Regulatory Reform,"The UK Government's Partnering for Accelerated Climate Transitions (UK PACT) programme is inviting proposals from qualified suppliers or consortia to deliver technical assistance to Uganda's Electricity Regulatory Authority (ERA).

Uganda's electricity sector is predominantly powered by renewable energy and demand is growing rapidly. However, uptake of commercial and industrial (C&I) captive renewable energy remains limited due to regulatory gaps, insufficient market data, and barriers to inve",PALLADIUM INTERNATIONAL LIMITED,,350000.0,GBP,2026-08-26,2026-09-21,tenderAmendment,active,09000000,https://www.contractsfinder.service.gov.uk/Notice/d34191ce-097a-4cbe-8245-70af0072eccd,2026-08-27T18:04:06.884818+00:00
Contracts Finder,ocds-b5fd17-9a7280ec-8da9-4ee5-844c-5534fc308612_b49b0b93-9067-4713-bf21-fe4dd9ac3f4b-912180,E25023 Netham Lock Traffic Signals Refurbishment,Award via Lot 5 of BCC Highways Asset Management and Civils Framework.,Bristol City Council,,128860.52,GBP,2026-08-26,2026-09-01,award,complete,45233000,https://www.contractsfinder.service.gov.uk/Notice/b49b0b93-9067-4713-bf21-fe4dd9ac3f4b-912180,2026-08-27T18:04:06.884976+00:00
Contracts Finder,ocds-b5fd17-9bb762f5-fd40-4973-b7a0-46f2b3dbaa6d_80357172-5d10-4deb-98d8-15f58fda49ce-912187,LTE Group Vending - Lot 5 Self-Fill - AWARD,Purchase of 3 self-fill machines along with maintenance provision,TUCO Ltd,,,GBP,2026-08-26,2025-07-23,award,complete,42933000,https://www.contractsfinder.service.gov.uk/Notice/80357172-5d10-4deb-98d8-15f58fda49ce-912187,2026-08-27T18:04:06.885143+00:00
Contracts Finder,ocds-b5fd17-c31119fe-a311-42ec-a058-d2a600208705_00291d7e-a618-4aff-95b3-e8298aa3dda3-912150,Barnes Z Block Distribution Board Replacement,Mini-Competition under the Matrix - Ealing Procurement Framework (epf) for Barnes Z Block Distribution Board Replacement on the University campus (Project ID 5164).,UNIVERSITY OF KEELE,,94620.46,GBP,2026-08-26,2026-07-24,award,complete,45310000,https://www.contractsfinder.service.gov.uk/Notice/00291d7e-a618-4aff-95b3-e8298aa3dda3-912150,2026-08-27T18:04:06.885323+00:00
Contracts Finder,ocds-b5fd17-13d7f711-a8bf-4d42-a0aa-a52f9c8607f3_f84c20c3-3fd1-4f3b-b0a6-9004499479fe-912183,RA359859 - Security and Fire Maintenance,"Please find the request for a quote and terms and conditions attached.
1. Agree to the terms and conditions and send your acceptance by email to Caitlyn Murphy caitlyn.murphy@wales.nhs.uk
2. Submit your quote on Multiquote with a clear method statement and proforma invoice as an attachment.
 
No quotes through email are accepted - To access this competition: login to https://suppliers.multiquote.com and view the opportunity RA359859. Not registered on MultiQuote - visit https://suppliers.mul",NHS Wales Shared Services Partnership (NWSSP),,,GBP,2026-08-26,2026-08-28,tender,active,35000000,https://www.contractsfinder.service.gov.uk/Notice/f84c20c3-3fd1-4f3b-b0a6-9004499479fe,2026-08-27T18:04:06.885488+00:00
Contracts Finder,ocds-b5fd17-075bc22a-2b19-4a2c-a42c-323b6f285e66_0bf93354-c02b-41d7-a957-46968dd1f615-912181,Restricted to SBS Lot 11 SBS 1090 Provision of a Town Planning Consultant,Restricted to SBS Lot 11 SBS 1090 Provision of a Town Planning Consultant to RDash,"Rotherham, Doncaster and South Humber NHS FT",,,GBP,2026-08-26,,planning,planned,71315200,https://www.contractsfinder.service.gov.uk/Notice/0bf93354-c02b-41d7-a957-46968dd1f615-912181,2026-08-27T18:04:06.885639+00:00
Contracts Finder,ocds-b5fd17-a5378b18-7027-44c5-9cf6-fa0cdd06ff04_9126d8e4-bfdf-4158-98df-5b231c717712-912179,UKRI-6199 UKRI Dementia Challenge Health Economic Services,"UKRI is conducting a further competition under framework reference GCA DPS RM6126 Research and Insights - (Categories - Economics (appraisal and behavioural), Public Health and Long-term illness) to invite offers for the provision of Dementia Challenge Health Economic Services at UKRI. The provision of Health Economic Consulting Services for the Dementia Challenge - Meta-analysis & Real-world Clinical Evaluation Studies (""projects"").

It is mandatory that you are already registered supplier on",UK Research and Innovation,,750000.0,GBP,2026-08-26,2026-09-16,tender,active,79311400,https://www.contractsfinder.service.gov.uk/Notice/9126d8e4-bfdf-4158-98df-5b231c717712,2026-08-27T18:04:06.885801+00:00
Contracts Finder,ocds-b5fd17-395ad3e0-1553-4218-b5a4-d779856321a4_a25f283c-888b-4c0e-b233-812616ffa320-912178,704461451-710 - MSS/141-SPA689-CAN,"Maritime Spares. The Power, Propulsion and Auxiliaries (PPA) Team, which is part of the ships operating centre within Defence Equipment Support (DES) provides global support to the Royal Navy. PPA has set up a Framework agreement to provide systems spares to Royal Naval Platforms through an established set of suppliers. There is a possibility that during the life of the proposed contract that the size of HM Naval Fleet may increase or decrease. The support contract took the form of a Framework a",Ministry of Defence,,1.0,GBP,2026-08-26,2026-07-06,award,complete,35500000,https://www.contractsfinder.service.gov.uk/Notice/a25f283c-888b-4c0e-b233-812616ffa320-912178,2026-08-27T18:04:06.885960+00:00
Contracts Finder,ocds-b5fd17-bc123846-8559-4bbe-9286-b6baa2818926_16820e8e-0a2c-41cf-8d62-5901ae314345-912176,PR2312- Multi-Route Digital Identity Verification  (IDV) Services: GBG ID3global  and GBG IDscan Enterprise,This contract has a 12 month extension option,Parliamentary and Health Service Ombudsman,,178440.0,GBP,2026-08-26,2026-06-02,award,complete,30191140,https://www.contractsfinder.service.gov.uk/Notice/16820e8e-0a2c-41cf-8d62-5901ae314345-912176,2026-08-27T18:04:06.886119+00:00
Contracts Finder,ocds-b5fd17-0d87af64-c913-42b0-b593-210fa177931b_d8ea7154-76b4-424b-9741-5d028eddbecd-912175,ENHT - Imprivata Single Sign On Software,East and North Hertfordshire Teaching NHS Trust award for Imprivata Single Sign On Software via NOE CPC Total Technology Solutions.,East and North Hertfordshire Teaching NHS Trust,70000.0,71506.19,GBP,2026-08-26,2026-06-08,award,complete,72260000,https://www.contractsfinder.service.gov.uk/Notice/d8ea7154-76b4-424b-9741-5d028eddbecd-912175,2026-08-27T18:04:06.886291+00:00
Contracts Finder,ocds-b5fd17-66e7f26b-673c-4592-bec7-908ab62d478b_4b5d9dd6-a3ef-41b7-be52-6925249a96bd-912174,PLACE1217ET SEND Summer 25 North Batch 69,"Call-off contract from PLACE059 Passenger Transport DPS for the provision of SEND specialised transport Summer 25 North Batch 69, 1 lot.",Derbyshire County Council,,68406.21,GBP,2026-08-26,2026-06-22,award,complete,60100000,https://www.contractsfinder.service.gov.uk/Notice/4b5d9dd6-a3ef-41b7-be52-6925249a96bd-912174,2026-08-27T18:04:06.886458+00:00
Contracts Finder,ocds-b5fd17-7d6f605e-3799-4a5d-b763-845619eb8888_dd96ac80-bdcc-4193-a911-f8a82c280868-912173,NICE Future ways of working,Support to create the ways of working for NICE,National Institute for Health and Care Excellence,,187163.0,GBP,2026-08-26,2026-07-20,award,complete,79414000,https://www.contractsfinder.service.gov.uk/Notice/dd96ac80-bdcc-4193-a911-f8a82c280868-912173,2026-08-27T18:04:06.886619+00:00
Contracts Finder,ocds-b5fd17-c274f2aa-5c36-4354-af64-4e06caf8777c_86e66e3a-0669-461a-b0be-e58a30183f67-912172,GSS24284 - UKSBS Employee Benefits,"***THIS IS AN AWARD NOTICE, NOT A CALL FOR COMPETITION ***

This procurement is being concluded following a Direct Award under CCS Framework RM6273

Please note that this Contract has been extended by 1 year to 31/08/2026 in accordance with the allowable extension under the Terms and Conditions of this Contract

Please note that this Contract has been extended by 6 months to 26/02/2027 utilising available funding and ensuring continuity of service while a compliant procurement exercise for",UK SHARED BUSINESS SERVICES LIMITED,,19612.5,GBP,2026-08-26,2024-08-12,awardUpdate,complete,79900000,https://www.contractsfinder.service.gov.uk/Notice/86e66e3a-0669-461a-b0be-e58a30183f67-912172,2026-08-27T18:04:06.886778+00:00
Contracts Finder,ocds-b5fd17-3a85e823-ead3-445f-9d3d-0cd6f33a9a47_037adfb4-49d6-4cae-9f16-9f28bc2eeefc-912171,PLACE1220ET SEND Summer 25 North Batch 70 - A Call-Off from the PLACE059 Passenger Transport DPS,"SEND Specialised Transport Routes. This is a call-off from the PLACE059 Passenger Transport DPS. The tender is made up of 1 service area that is required within the region. Providers are invited to bid on one or multiple services (where applicable) by including pricing based in mileage within the Appendix B Price Schedule. Each service area provides detail of mileage and contract length.\r
Contracts run from June 2026 with an option to extend by 12 months. Closing date for bids is Monday 29th J",Derbyshire County Council,,82364.64,GBP,2026-08-26,2026-06-29,award,complete,60100000,https://www.contractsfinder.service.gov.uk/Notice/037adfb4-49d6-4cae-9f16-9f28bc2eeefc-912171,2026-08-27T18:04:06.886943+00:00
Contracts Finder,ocds-b5fd17-a4b700fc-9685-41a2-abfa-3062c193e1e2_3367ed7e-fdb6-45be-8e63-a6d5f86be724-912170,PAHT - Board Portal,The Princess Alexandra Hospital NHS Trust award for Board Portal via NOE CPC Total Technology Solutions.,The Princess Alexandra Hospital NHS Trust,75000.0,76113.33,GBP,2026-08-26,2026-07-13,award,complete,72260000,https://www.contractsfinder.service.gov.uk/Notice/3367ed7e-fdb6-45be-8e63-a6d5f86be724-912170,2026-08-27T18:04:06.887104+00:00
Contracts Finder,ocds-b5fd17-33c48349-4142-4148-89da-489624f7a7ea_660c78dd-7018-44d2-93a6-be7699d99d4b-912157,The Provision of Replacement Boilers and Associated Works,"For the Provision of Replacement Boilers and Associated Works for a Northamptonshire Police building.
Awarded via a compliant direct award utilising the Northamptonshire Estates and Facilities Framework E&F2022 - 2022/S 000-021638 Lot 1.","Police, Fire and Crime Commissioner for Northamptonshire",,73788.05,GBP,2026-08-26,2026-06-15,award,complete,42160000,https://www.contractsfinder.service.gov.uk/Notice/660c78dd-7018-44d2-93a6-be7699d99d4b-912157,2026-08-27T18:04:06.887277+00:00
Contracts Finder,ocds-b5fd17-e55696d1-21b8-4be2-b8c4-73ceaf39166e_67e77436-6985-44cb-8412-842f0fbbf264-912167,DWIT - Lot 4 Feed Migration Factory and Additional Capability and Capacity,"Provision is to provide additional Feed Migration Factory capacity to accelerate the migration of data feeds and historical datasets from legacy platforms into the new Lakehouse, using a controlled factory approach that ensures data integrity, security, testing, and close collaboration with the Lot 2 and Lot 3 suppliers.",H M REVENUE & CUSTOMS,,10000000.0,GBP,2026-08-26,2026-03-20,award,complete,72000000,https://www.contractsfinder.service.gov.uk/Notice/67e77436-6985-44cb-8412-842f0fbbf264-912167,2026-08-27T18:04:06.887441+00:00
Contracts Finder,ocds-b5fd17-fd35ce10-d524-4bcf-8108-2b5ddf8c0b65_450eef92-9734-4e16-aaf9-9fbc0bb0582f-912168,CA18386 - Nova Education Trust Tender for the Provision of Inclusion Centres and Behaviour Services,"Nova Education Trust is a forward-thinking multi-academy trust committed to delivering exceptional educational outcomes across its family of Trusts. With a strong presence in the East Midlands, the Trust is driven by a shared vision to create transformational teaching and learning experiences that empower every young learner to thrive. 
Nova Education Trust is seeking to establish a compliant, scalable and outcome-focused Inclusion Centre service across its family of schools. The Trust is seeki",Nova Trust,,9600000.0,GBP,2026-08-26,2026-09-28,tender,active,85000000,https://www.contractsfinder.service.gov.uk/Notice/450eef92-9734-4e16-aaf9-9fbc0bb0582f,2026-08-27T18:04:06.887605+00:00
Contracts Finder,ocds-b5fd17-2157e3a8-70e7-4cfb-8db7-784db9e68dd4_23a8afaa-fa9e-4371-b6e7-b85aaee9a908-912166,DEFRA Digital Consultation System,DEFRA Digital Consultation System,"Department for Environment, Food & Rural Affairs",,80000.0,GBP,2026-08-26,2026-07-26,award,complete,48517000,https://www.contractsfinder.service.gov.uk/Notice/23a8afaa-fa9e-4371-b6e7-b85aaee9a908-912166,2026-08-27T18:04:06.887763+00:00
Contracts Finder,ocds-b5fd17-4be89c95-5ead-4c7c-a55f-81732a20fef4_f612012e-d6c5-40b8-8986-f9861e57276b-912164,Autonomous Site Perimeter Patrolling using Quadrupeds,"UKAEA, under the RAICo Programme, wishes to investigate the operational benefits of autonomous robotic perimeter patrolling to improve situational awareness and reduce the need for routine personnel patrolling. The requirements relate to deployment and demonstration of a Proof of Concept for Autonomous Perimeter Patrolling using Spot from Boston Dynamics. The objective is to evaluate the feasibility and effectiveness of robotic autonomy in supporting the protection and monitoring of UKAEA's site",MERCELL UK LTD,,,GBP,2026-08-26,2026-09-07,tenderAmendment,active,42997300,https://www.contractsfinder.service.gov.uk/Notice/f612012e-d6c5-40b8-8986-f9861e57276b,2026-08-27T18:04:06.887921+00:00
Contracts Finder,ocds-b5fd17-5df5feaa-cbec-445f-b7d8-5cfcb68bc82e_ff6cdbd4-448e-4bbb-a687-97f890df19e8-912165,EKFB JV - Waste Management Services,"Eiffage Kier Ferrovial BAM (EKFB) JV is seeking expressions of interest from interested parties for Waste Management Services to support the delivery of the C23 project, which forms part of the HS2 Main Works Civils Contracts. The C23 project consists of three delivery areas; North Chilterns to Aylesbury (NC2A), Calvert to Greatworth (C2G), and Greatworth to Southam (G2S).
       
      EKFB JV intends to run a procurement exercise to select a preferred supplier/s on a framework agreement basi","Eiffage Kier JV HS2 Main Civils Works, Lots C2 & C3",500000.0,1000000.0,GBP,2026-08-26,2026-09-09,tender,active,03416000,https://www.contractsfinder.service.gov.uk/Notice/ff6cdbd4-448e-4bbb-a687-97f890df19e8,2026-08-27T18:04:06.888083+00:00
Contracts Finder,ocds-b5fd17-b8d435c0-f0e7-4282-b581-d47d59d6f9a2_812dc189-3d85-4194-bd73-38610c48d32c-912163,704461451-710 - MSS/141-SPA688-CAN,"Maritime Spares. The Power, Propulsion and Auxiliaries (PPA) Team, which is part of the ships operating centre within Defence Equipment Support (DES) provides global support to the Royal Navy. PPA has set up a Framework agreement to provide systems spares to Royal Naval Platforms through an established set of suppliers. There is a possibility that during the life of the proposed contract that the size of HM Naval Fleet may increase or decrease. The support contract took the form of a Framework a",Ministry of Defence,,1.0,GBP,2026-08-26,2026-06-02,award,complete,35500000,https://www.contractsfinder.service.gov.uk/Notice/812dc189-3d85-4194-bd73-38610c48d32c-912163,2026-08-27T18:04:06.888242+00:00
Contracts Finder,ocds-b5fd17-eb183585-8cf0-47c8-881d-33c1efe7625d_71787570-e2ac-46a8-8c82-d704ddc380ab-912149,PSM Reform Research,"The Department for Culture, Media and Sport (DCMS) requires a supplier to provide a research package within the Public Service Media (PSM) system.","Department for Culture, Media and Sport",,143500.0,GBP,2026-08-26,2026-06-26,award,complete,79000000,https://www.contractsfinder.service.gov.uk/Notice/71787570-e2ac-46a8-8c82-d704ddc380ab-912149,2026-08-27T18:04:06.888423+00:00
Contracts Finder,ocds-b5fd17-e3d43a2d-16b0-4161-9638-1ef7dd53267f_d5374247-c54f-42af-9b50-da49d89f4f43-912162,CA18388 - St Anne's Catholic Primary School,"All interested catering providers will be required to comply fully with the terms, conditions, and requirements set out in the Invitation to Tender (ITT) documentation. Tenderers must demonstrate their ability to deliver a safe, compliant, and high-quality catering service that meets all relevant food safety and nutritional standards, provides excellent value for money, and contributes positively to the health, wellbeing, and dining experience of pupils, staff, and visitors. Providers should als",St Anne's Catholic Primary School,,150000.0,GBP,2026-08-26,2026-10-19,tender,active,15894210,https://www.contractsfinder.service.gov.uk/Notice/d5374247-c54f-42af-9b50-da49d89f4f43,2026-08-27T18:04:06.888600+00:00
Contracts Finder,ocds-b5fd17-707819ad-c613-48ae-af8d-70d02f62aa95_d00dd315-93de-41fd-a291-de711df75ef0-912155,DWIT - Lot 2 Legacy Data Warehouses,"Provision of service is to deliver the migration and decommissioning of HMRC's legacy data warehouses, working alongside the Service Integrator, Lakehouse and Feed Factory suppliers to safely transition data, services and users to the future DWIT architecture with minimal business disruption.",H M REVENUE & CUSTOMS,,200000000.0,GBP,2026-08-26,2026-03-20,award,complete,72000000,https://www.contractsfinder.service.gov.uk/Notice/d00dd315-93de-41fd-a291-de711df75ef0-912155,2026-08-27T18:04:06.888768+00:00
Contracts Finder,ocds-b5fd17-87bd1199-5ba8-49a7-a8f0-e1658011fe90_98444b10-b3fc-4053-b74a-c6612a686993-912161,CPT_24_52 Specialist model assurance support,"The National Audit Office (NAO) awarded a contract to Hartley McMaster Limited who will oversee and lead the testing of a subset of models with the NAO model assurance portfolio by
• validation, verification and testing models and reconciling the model design back to the intended methodology.
• overseeing a small portfolio of model assurance work to ensure that outputs are successfully delivered across the NAO modelling portfolio.
• supporting the NAO to continuously improve our approach to i",National Audit Office,,166908.6,GBP,2026-08-26,2025-02-10,awardUpdate,complete,72225000,https://www.contractsfinder.service.gov.uk/Notice/98444b10-b3fc-4053-b74a-c6612a686993-912161,2026-08-27T18:04:06.888934+00:00
Contracts Finder,ocds-b5fd17-961d1a84-2297-4b6e-9ef2-3208ed6ce0c0_6aad3df6-9af2-4f23-8ec2-9e7acd910d54-912160,Fragment analyser Agilent 5200 - AWARD,Purchase of Fragment analyser Agilent 5200,CPI (Centre for Process Innovation),,,GBP,2026-08-26,2026-07-29,awardUpdate,complete,38434000,https://www.contractsfinder.service.gov.uk/Notice/6aad3df6-9af2-4f23-8ec2-9e7acd910d54-912160,2026-08-27T18:04:06.889090+00:00
Contracts Finder,ocds-b5fd17-6bc5942d-7e5a-4ed2-900c-ae594f9e9562_ac06dc1e-2908-4a2f-8b6b-286917e5d412-912158,CPT_26_39 Specialist model assurance support,"The National Audit Office awarded a contract to Hartley McMaster Limited through the Crown Commercial Services GCloud 14 framework. The supplier will oversee and lead the testing of a subset of models within the NAO model assurance portfolio.

The contract will commence on Monday 4 January 2027 and run for an initial period of three years until Thursday 3 January 2030. At the NAO's discretion, the contract may be extended by up to 12 months, until Friday 3 January 2031.

The estimated contra",National Audit Office,,336000.0,GBP,2026-08-26,2026-06-01,award,complete,79210000,https://www.contractsfinder.service.gov.uk/Notice/ac06dc1e-2908-4a2f-8b6b-286917e5d412-912158,2026-08-27T18:04:06.889250+00:00
Contracts Finder,ocds-b5fd17-2bdc6fe5-97f8-4574-867f-03c6a7aaaf1f_fb9ec57c-08fa-4ab1-9ade-f3eec5f45ebc-912156,Taxi and MPV (1-8 seats) Passenger Assistant - Taxi and MPV (1-8 seats) Passenger Assistant,"Vehicle type: Saloon
Passenger Assistant Required:  yes 

Proposed Taxi Route:
From:  TN40 1QE
To:  Acre Wood Academy Sixth Form, TN6 2DY
Frequency: Monday - Friday
Daily School Time: 9:00-15:10

 This opportunity has been distributed on SProc.net",East Sussex County Council,,,GBP,2026-08-26,2026-08-26,award,complete,60000000,https://www.contractsfinder.service.gov.uk/Notice/fb9ec57c-08fa-4ab1-9ade-f3eec5f45ebc-912156,2026-08-27T18:04:06.889427+00:00
Contracts Finder,ocds-b5fd17-0e70a209-5ada-41dc-87d3-45825176431f_80d67143-5489-445f-9167-458ac2aa688b-912151,TEL L3.2 DA Apr26 - East Devon District Council - awarded,"This contract award notice is to notify the market that East Devon District Council based in Honiton, UK have appointed Chubb as their Technology Enabled Lives provider for a period of ONE year, with an option to extend for a further SIX Month period. This appointment has been made under the Northern Housing Consortium's Technology Enabled Lives framework. (Contract Award Notice 2024/S 000-000849)",NORTHERN HOUSING CONSORTIUM LIMITED,,63672.66,GBP,2026-08-26,2026-03-24,award,complete,50421000,https://www.contractsfinder.service.gov.uk/Notice/80d67143-5489-445f-9167-458ac2aa688b-912151,2026-08-27T18:04:06.889591+00:00
Contracts Finder,ocds-b5fd17-d5358a01-cf91-43b7-bff6-95faa7aabf9b_67b781d1-0586-4c2b-ae9f-86c4926da9f4-912153,Leicester College Call for Turing Scheme Partners 2026/27,"In June 2026, Leicester College secured both FE and HE Turing Scheme contracts for 2026/27. To enable selected 2026/27 student cohorts to benefit from overseas further education-based mobility placements, we are currently welcoming applications from experienced and reputable organisations to support us by organising, managing, and delivering these international mobility placements.

Leicester College intends to contract to one or more providers within the contract period.

The anticipated an",Leicester College,25000.0,125000.0,GBP,2026-08-26,2026-09-14,tenderAmendment,active,80000000,https://www.contractsfinder.service.gov.uk/Notice/67b781d1-0586-4c2b-ae9f-86c4926da9f4,2026-08-27T18:04:06.889756+00:00
Contracts Finder,ocds-b5fd17-4c56a1df-3060-464f-866e-1f859688078f_c11c09e9-b3f6-4b57-b399-f8c6d389e4db-912152,Lot 4 - Tameside Metropolitan Borough Council,"Tameside Council have carried out a number of mini competitions for their Home to School requirements via the Home To School Transport Dynamic Purchasing System. Routes awarded and contract values below: 

SOC 155 - £35,625 
SEN 867 -  £39,710
SEN 869 - £48,640
SEN 870 - £15,960
SEN 871 - £22,040
SEN 872 - £46,360
SEN 873 - £26,220",Tameside Metropolitan Borough Council,,15960.0,GBP,2026-08-26,2026-07-20,award,complete,60130000,https://www.contractsfinder.service.gov.uk/Notice/c11c09e9-b3f6-4b57-b399-f8c6d389e4db-912152,2026-08-27T18:04:06.889915+00:00
Contracts Finder,ocds-b5fd17-d5ac6a75-21fd-4872-8c44-c2e9f7133ab6_69a71735-0188-45c2-bfc6-20b613137dc9-912148,Local News Fund Evaluation,"The Department for Culture, Media and Sport (DCMS) requires a supplier to provide evaluation work on the Local News Fund.","Department for Culture, Media and Sport",,179100.0,GBP,2026-08-26,2026-06-02,award,complete,79000000,https://www.contractsfinder.service.gov.uk/Notice/69a71735-0188-45c2-bfc6-20b613137dc9-912148,2026-08-27T18:04:06.890080+00:00
Contracts Finder,ocds-b5fd17-8ab58772-4ed5-46aa-9f00-38df13d5ed74_dfbb44ec-8bcb-4ad7-851b-fe2939428df6-912147,DHSC: SCI: Healthy Babies Evaluation,"Mini Comp via RM6126 DPS for a supplier to run evaluation, viability assessment into the Healthy Babies scheme.",Department of Health and Social Care (London),,3843396.85,GBP,2026-08-26,2026-06-24,award,complete,79311000,https://www.contractsfinder.service.gov.uk/Notice/dfbb44ec-8bcb-4ad7-851b-fe2939428df6-912147,2026-08-27T18:04:06.890244+00:00
Contracts Finder,ocds-b5fd17-8382791a-48ea-46bb-8ea8-679b1c124677_049a6ae8-9840-434f-94f6-5dc2f5d7b907-912145,University of Chester - Vending Machines - Lot 1 Fully Managed Service - AWARD,The provision of of approx. 19 managed vending machines and vending related services to various University campus locations,TUCO Ltd,,,GBP,2026-08-26,2026-06-30,award,complete,42933000,https://www.contractsfinder.service.gov.uk/Notice/049a6ae8-9840-434f-94f6-5dc2f5d7b907-912145,2026-08-27T18:04:06.890412+00:00
Contracts Finder,ocds-b5fd17-8ac9facd-9059-4b00-9c3d-510f0ca2f361_df0ee01d-b764-4d08-9681-cffb493d9e7a-912139,Pottery Bank Phase 2,"The scope includes site remediation, removal of waste, Japanese Knotweed treatment/removal, contaminated soil removal, testing and disposal.",NEWCASTLE CITY COUNCIL,,,GBP,2026-08-26,2025-12-19,award,complete,45262660,https://www.contractsfinder.service.gov.uk/Notice/df0ee01d-b764-4d08-9681-cffb493d9e7a-912139,2026-08-27T18:04:06.890570+00:00
Contracts Finder,ocds-b5fd17-db479bf0-31f5-4bdd-98c7-a4efa075ab79_01244f32-3d1b-40c0-9a7c-ba6be933f2b5-912100,Temporary Accommodation Consultancy,A contract for Temporary Accommodation Consultancy.,Brighton & Hove City Council,,213300.0,GBP,2026-08-26,2026-01-21,award,complete,79400000,https://www.contractsfinder.service.gov.uk/Notice/01244f32-3d1b-40c0-9a7c-ba6be933f2b5-912100,2026-08-27T18:04:06.890728+00:00
Contracts Finder,ocds-b5fd17-b453f556-17e0-4e1e-a2f7-e578cf3b19a0_64c90ea4-1647-4a48-b379-5458031de7c0-912140,Melton Mowbray x3 Shelters,"To supply 3 new bus shelters in Melton Mowbray, including removal of old shelters:
Dalby Road adj. Queensway
Valley Road adj. Shops
Wilton Road o/s College of Further Education",Leicestershire County Council,,22000.0,GBP,2026-08-26,2026-08-20,award,complete,44000000,https://www.contractsfinder.service.gov.uk/Notice/64c90ea4-1647-4a48-b379-5458031de7c0-912140,2026-08-27T18:04:06.890884+00:00
Contracts Finder,ocds-b5fd17-ff735b29-eeae-4bdd-85e3-c9c23ad6ed61_9a73e058-dc64-4818-a6d0-0e029307679b-912138,CA18385 - Nova Education Trust Tender for the provision of IT Security and Internet Filtering Platform,"Nova Education Trust is seeking to appoint a single strategic partner to provide a fully integrated IT Security and internet filtering platform across the Trust. The Trust operates a diverse educational environment comprising primary, secondary and post-16 settings, supporting approximately 12,000 students, 5,000 endpoint devices, over 140 servers and 19 school sites. The current security environment includes firewall infrastructure, internet filtering, endpoint and server protection, and manage",Nova Trust,,500000.0,GBP,2026-08-26,2026-09-28,tender,active,48517000,https://www.contractsfinder.service.gov.uk/Notice/9a73e058-dc64-4818-a6d0-0e029307679b,2026-08-27T18:04:06.891043+00:00
Contracts Finder,ocds-b5fd17-471f7e8e-3ed3-4dfe-9464-91f07017c82e_742dd36e-b055-453d-b724-9b65a377efd8-912129,Paratech HRP Equipment,Multiforce G3 Air Lifting Bag System and Associated Parts,South Yorkshire Fire & Rescue,,221750.88,GBP,2026-08-26,2026-08-14,award,complete,42400000,https://www.contractsfinder.service.gov.uk/Notice/742dd36e-b055-453d-b724-9b65a377efd8-912129,2026-08-27T18:04:06.891205+00:00
Contracts Finder,ocds-b5fd17-850e33aa-15ef-408b-83be-491ccdf25564_71fbfafe-2018-4bea-acaa-088f8d5600e7-912135,Vehicle Recovery Software,"IT system to manage the vehicles recovered from the roadside, seizures etc.

Call off from CCS GCloud 14 framework",Greater Manchester Police,,170026.0,GBP,2026-08-26,2026-06-01,award,complete,48000000,https://www.contractsfinder.service.gov.uk/Notice/71fbfafe-2018-4bea-acaa-088f8d5600e7-912135,2026-08-27T18:04:06.891378+00:00
Contracts Finder,ocds-b5fd17-02848d84-ac34-40ac-94dd-485f98dfa326_8ee1dd46-12f1-4489-972d-11b6da549a04-912124,Structural earth retaining wall and assoc' works,Structural earth retaining wall and associated works.,Southampton City Council,,26668.87,GBP,2026-08-26,2026-08-24,award,complete,45000000,https://www.contractsfinder.service.gov.uk/Notice/8ee1dd46-12f1-4489-972d-11b6da549a04-912124,2026-08-27T18:04:06.891544+00:00
Contracts Finder,ocds-b5fd17-b868a206-11c0-45db-879b-3944ebe4bb33_53dc9d4f-298e-4579-a4e2-8b6cc800b547-912130,Supply of White Goods and Furniture (Call Off from NEPO Framework Agreement Ref: 411 - Furniture),"Tenders were invited by the Council of the Borough of Kirklees (the ""Council"") from Suppliers appointed to the NEPO Framework Agreement Ref: 411 - Furniture: with relevant experience and capacity to provide White Goods and Furniture as detailed in the Further Competition documents.

The NEPO Contract Notice can be found here: 2021/S 000-019320

https://www.find-tender.service.gov.uk/Notice/019320-2021?origin=SearchResults&p=1

The initial Contract term is for 24 months with the option to e",Kirklees Council,,3200000.0,GBP,2026-08-26,2026-06-08,award,complete,39000000,https://www.contractsfinder.service.gov.uk/Notice/53dc9d4f-298e-4579-a4e2-8b6cc800b547-912130,2026-08-27T18:04:06.891706+00:00
Contracts Finder,ocds-b5fd17-08c6854d-6070-439e-9d93-211ec7cc42bb_af91a52a-9ddc-49b2-8428-1a6e96debc07-912127,RFS25-046,"The Adult Education Service requires a Management Information System (MIS) to collect, manage and report learner data in accordance with West Yorkshire Combined Authority (WYCA) Adult Education Budget (AEB) grant funding requirements. 

The system enables the production and submission of monthly Individualised Learner Record (ILR) returns, which are essential for funding claims and compliance with grant conditions. 

The MIS supports the management of over 4,000 learner enrolment records ann",WAKEFIELD COUNCIL,,173236.0,GBP,2026-08-26,2026-07-30,award,complete,48190000,https://www.contractsfinder.service.gov.uk/Notice/af91a52a-9ddc-49b2-8428-1a6e96debc07-912127,2026-08-27T18:04:06.891872+00:00
Contracts Finder,ocds-b5fd17-5b824e3f-6947-423a-ab31-86ed65d942f0_6272fae9-fc26-4587-9028-906069c87481-912128,Prisoner Information Notification System,"Prisoner Notification System used by the prison service to notify of prison movements and relevant information.

Call off from CCS framework GCloud 14",Greater Manchester Police,,342746.0,GBP,2026-08-26,2026-08-01,award,complete,48000000,https://www.contractsfinder.service.gov.uk/Notice/6272fae9-fc26-4587-9028-906069c87481-912128,2026-08-27T18:04:06.892031+00:00
Contracts Finder,ocds-b5fd17-76f47d5c-c909-4a3b-a8f9-01ee6aaa787e_5281b7a5-970c-4873-8cd0-8e31765fb0f0-912126,Off site back up,"secure backup of Council systems, data and virtualised workloads, supporting resilience, business continuity and cyber recovery through restoration following failure, data loss or cyber incidents.",City of Doncaster Council,,,GBP,2026-08-26,2026-05-19,award,complete,72910000,https://www.contractsfinder.service.gov.uk/Notice/5281b7a5-970c-4873-8cd0-8e31765fb0f0-912126,2026-08-27T18:04:06.892188+00:00
Contracts Finder,ocds-b5fd17-a47db8e2-bb3e-4f32-b250-cf8a82363968_7b0cf060-0e3c-4540-a09b-5b374ea4535d-912125,Public Notice Advertising,Further competition under the ESPO Framework Advertising Solutions Lot 2.  Option to extend for a further 12 months taking the contract end date to 03/05/2029.,City of Doncaster Council,,900000.0,GBP,2026-08-26,2026-04-01,award,complete,79341000,https://www.contractsfinder.service.gov.uk/Notice/7b0cf060-0e3c-4540-a09b-5b374ea4535d-912125,2026-08-27T18:04:06.892361+00:00
Contracts Finder,ocds-b5fd17-dd34dcbb-d04e-48b2-a23a-2af109713988_2f82af30-6077-457b-bfb0-91a7ca05860a-912112,Framework Housing Association - Responsive Repairs and Voids,"The works are split into three areas as follows -

Lot 1 - Nottingham
Lot 2 - Lincolnshire
Lot 3 - North Nottinghamshire

The contractor will be responsible for all responsive repairs and void works within that area.",WESTWORKS PROCUREMENT LIMITED,1908382.0,9541910.0,GBP,2026-08-26,2026-07-01,award,complete,50000000,https://www.contractsfinder.service.gov.uk/Notice/2f82af30-6077-457b-bfb0-91a7ca05860a-912112,2026-08-27T18:04:06.892524+00:00
Contracts Finder,ocds-b5fd17-c9344509-1a71-44d3-81da-7b33f61f310e_fe57d753-eff4-477e-bf4a-cfbe172db3a5-912123,LTE Group Vending - Lot 5 Self-Fill 2026 - AWARD,Purchase of 7 self-fill vending machines along with maintenance provision,TUCO Ltd,,,GBP,2026-08-26,2026-06-17,awardUpdate,complete,42933000,https://www.contractsfinder.service.gov.uk/Notice/fe57d753-eff4-477e-bf4a-cfbe172db3a5-912123,2026-08-27T18:04:06.892679+00:00
Contracts Finder,ocds-b5fd17-5db4e6ab-b230-41b8-95b4-d2ebc1cf52c2_1b93826b-070d-49a4-9fb2-65bc4e4eb827-912122,CWC25169C - Development of Walsall Black Country Walking Wheeling and Cycling Routes,"City of Wolverhampton Council on behalf of Black Country Transport and Walsall Metropolitan Borough Council is progressing with the development of two Black Country Walking Wheeling and Cycling (BCWWCP) routes within Walsall, which form part of a wider programme of active travel infrastructure delivery. The routes aim to improve connectivity and support increased cycling activity, contributing to wider objectives around accessibility, health and modal shift.

The consultancy will be supporting",Wolverhampton City Council,,176821.35,GBP,2026-08-26,2026-08-19,award,complete,71311210,https://www.contractsfinder.service.gov.uk/Notice/1b93826b-070d-49a4-9fb2-65bc4e4eb827-912122,2026-08-27T18:04:06.892837+00:00
Contracts Finder,ocds-b5fd17-b0515450-34be-4b6f-8620-3dea93899250_8b0f8858-ed5e-4822-8937-4e1bfeeb0d7a-912121,Procurement Support from (SBS10190) 618225,Procurement Support from (SBS10190) 618225,National Highways Limited,,431600.0,GBP,2026-08-26,2025-11-30,award,complete,73220000,https://www.contractsfinder.service.gov.uk/Notice/8b0f8858-ed5e-4822-8937-4e1bfeeb0d7a-912121,2026-08-27T18:04:06.892997+00:00
Contracts Finder,ocds-b5fd17-50f29dc6-6600-4fbd-ba08-7404105b8651_f027760c-6b1d-4fec-a5d0-8094ea503ce0-912120,IT Health Checks,"NS&I requires IT and Security health checks to carry out annual assurance on its various domains, a health check of its wireless network and ad hoc penetration testing.  

The total contract value including extensions is £150,000 (including VAT).

### This contract has been awarded using GCA framework RM1557.14. This Contract has one optional extension period of up to 12 months. ###

Additional information: This contract has been awarded using GCA framework RM1557.14. This Contract has one",NS&I,,,GBP,2026-08-26,2026-05-31,award,complete,72000000,https://www.contractsfinder.service.gov.uk/Notice/f027760c-6b1d-4fec-a5d0-8094ea503ce0-912120,2026-08-27T18:04:06.893124+00:00
Contracts Finder,ocds-b5fd17-455400d9-3a94-47c1-8fa7-37d62363f9e8_a2da4628-ebc2-48fc-9b03-4d240e3647d4-912118,The Provision of Support to SPCB,Contract Award Notice,Ministry of Defence,,1747450.0,GBP,2026-08-26,2026-08-07,award,complete,72600000,https://www.contractsfinder.service.gov.uk/Notice/a2da4628-ebc2-48fc-9b03-4d240e3647d4-912118,2026-08-27T18:04:06.893295+00:00
Contracts Finder,ocds-b5fd17-00ca904c-f203-4a83-9fe5-02dc2aaeb286_d86079b5-265b-4dae-aa3e-ad4389529cc3-912117,37214 - HOMEFIELD COLLEGE,"This contract is for the provision of transport services - journey stated in the title of this notice. It has been awarded following a Mini Competition under Council's Dynamic Purchasing System (DPS) PAN3059 - Passenger Transport Services.

To find out more about this DPS and how to provide taxi services to the Council, please see Taxi firms tendering for contracts (leicester.gov.uk)",Leicester City Council,,64350.0,GBP,2026-08-26,2026-08-26,award,complete,60120000,https://www.contractsfinder.service.gov.uk/Notice/d86079b5-265b-4dae-aa3e-ad4389529cc3-912117,2026-08-27T18:04:06.893467+00:00
Contracts Finder,ocds-b5fd17-0f8fd888-2165-4da5-8325-7b845746dbb5_bc3c1e18-7f19-4b90-9907-599aa142eef4-912114,Snowhill water leak,Snowhill water leak,National Highways Limited,,36153.76,GBP,2026-08-26,2026-08-24,award,complete,73220000,https://www.contractsfinder.service.gov.uk/Notice/bc3c1e18-7f19-4b90-9907-599aa142eef4-912114,2026-08-27T18:04:06.893627+00:00
Contracts Finder,ocds-b5fd17-82910b70-1159-4829-9836-f78fd16e489e_cfe99838-bb6f-476f-a95b-10d288742f2d-912113,Lot 4 - Tameside Metropolitan Borough Council,"Tameside Council have carried out a number of mini competitions for their Home to School requirements via the Home To School Transport Dynamic Purchasing System. Routes awarded and contract values below: 

SEN 897 -  £38,000
SEN 898 -  £66,880
SEN 899 - £36,480
SEN 906 - £26,220
SEN 907 - £38,000
SEN 908 -  £42,940
SEN 909 -  £22,230
SEN 910 - £16,910",Tameside Metropolitan Borough Council,,16910.0,GBP,2026-08-26,2026-08-17,award,complete,60130000,https://www.contractsfinder.service.gov.uk/Notice/cfe99838-bb6f-476f-a95b-10d288742f2d-912113,2026-08-27T18:04:06.893786+00:00
Contracts Finder,ocds-b5fd17-12cfe376-1a0a-46bc-8d0a-92cccf6f0b42_bc04f9e7-8fae-405a-8e08-eb980958bb19-912108,Facilities Management Software  Solution,Provision of a cloud-based facilities management software solution (SFG20) to support statutory compliance and planned preventative maintenance scheduling across the University's estate. This is a Call-Off under G-Cloud 14 for  a 3-year initial term plus a x1 year extension option.,UNIVERSITY OF KEELE,31437.0,41916.0,GBP,2026-08-26,2026-03-13,award,complete,48421000,https://www.contractsfinder.service.gov.uk/Notice/bc04f9e7-8fae-405a-8e08-eb980958bb19-912108,2026-08-27T18:04:06.893947+00:00
Contracts Finder,ocds-b5fd17-8a26127b-e4f8-4cf1-9d7e-9302d6700f44_16f1dd23-3666-4854-b8c9-4b128238e4e7-912111,CA18384 - Water Cooler Solutions,"Supply, install and maintenance of water cooler solutions

To access this competition: 

Registered:
Login to https://suppliers.multiquote.com and view the opportunity CA18384.

Not registered:
Visit https://suppliers.multiquote.com then register and quote CA18384 as the reason for registration. 

 Any queries please contact MultiQuote on 020 3920 8054.",Waythrough,,230000.0,GBP,2026-08-26,2026-08-26,award,complete,31141000,https://www.contractsfinder.service.gov.uk/Notice/16f1dd23-3666-4854-b8c9-4b128238e4e7-912111,2026-08-27T18:04:06.894106+00:00
Contracts Finder,ocds-b5fd17-c8e18a46-007c-457e-9c42-e018d52bf52c_85d16af7-3e5e-4c6b-b8d0-2b614fa4270c-912106,MongoDB Atlas Pro Package,MongoDB Atlas Pro Package.,The National Archives,,21600.0,GBP,2026-08-26,2026-08-24,award,complete,48000000,https://www.contractsfinder.service.gov.uk/Notice/85d16af7-3e5e-4c6b-b8d0-2b614fa4270c-912106,2026-08-27T18:04:06.894278+00:00
Contracts Finder,ocds-b5fd17-f05904ae-921c-4d38-9203-2ec376437303_d91ab326-1b7a-4579-b278-bf8528b51c92-912109,LSF - Lot 2- Pennington CE (C) Junior School - Canopy Project - AWARD,"Dear Sir/Madam,
      
      In accordance with the Landscape and External Works Framework 2023-2027 you are invited to tender for the Canopy Project at Pennington CE (C) Junior School and have been supplied with the attached documents.
      
      Please download all the documents and read VERY carefully.
      
      Opting In and Out
      Please note you are required to 'Opt In' before you can access the 'My tender Return' to start populating your response. 
      
      The 'Opt O",Hampshire County Council,,,GBP,2026-08-26,2026-08-18,award,complete,45112700,https://www.contractsfinder.service.gov.uk/Notice/d91ab326-1b7a-4579-b278-bf8528b51c92-912109,2026-08-27T18:04:06.894437+00:00
Contracts Finder,ocds-b5fd17-3b1a8a93-a9f8-478c-b1d5-ee7bfa8ac796_927fe72e-ed1b-4c02-90cd-fb956b21817f-912107,Enterprise Document Management Service,Enterprise Document Management Service on a Software as a Service basis,H M REVENUE & CUSTOMS,,150000000.0,GBP,2026-08-26,2026-04-20,award,complete,72000000,https://www.contractsfinder.service.gov.uk/Notice/927fe72e-ed1b-4c02-90cd-fb956b21817f-912107,2026-08-27T18:04:06.894600+00:00
Contracts Finder,ocds-b5fd17-61e1b40c-0e67-4fb9-b5d0-26b717ea7dc2_d43a3616-12ce-4611-9c36-8e0f48cdfea7-912105,Provision of Flu Vaccines,"This Contract will cover the administration of flu vaccines to employees at various sites with the
requirement for additional digital vouchers.
The Contract will be for a maximum period of 12 months with no extension periods and one
Contractor will be appointed to the Contract. It is estimated that the flu clinics will commence
between mid-September and early December.
Details of how to apply are in RFQ pack",Northumbria Police,26845.0,29500.0,GBP,2026-08-26,2026-05-27,award,complete,33651660,https://www.contractsfinder.service.gov.uk/Notice/d43a3616-12ce-4611-9c36-8e0f48cdfea7-912105,2026-08-27T18:04:06.894762+00:00
Contracts Finder,ocds-b5fd17-2f914223-765e-4213-a018-bb0996276cda_f87d5a57-a433-4e3b-90fa-c8f0f2fc37d8-912104,Agile Working Equipment,"Purchase of Mobile Phones, laptops and peripherals to replace aging equipment to maintain security and patching levels and ensure appropriate performance for the staff and councillors in performing their role. RM6098 Call Off.",Isle of Wight Council,,651232.35,GBP,2026-08-26,2026-07-30,award,complete,30000000,https://www.contractsfinder.service.gov.uk/Notice/f87d5a57-a433-4e3b-90fa-c8f0f2fc37d8-912104,2026-08-27T18:04:06.894923+00:00
Contracts Finder,ocds-b5fd17-4b9e7e14-c0f7-4a59-ae34-c47c9bd345b5_4c3ce25b-bc81-4ca3-a066-0a4a670c582f-912101,IT network malware protection. A CALL OFF FROM JISC AWARDED FRAMEWORK AGREEMENT PROC2719 NETWORK SOLUTIONS,"IT network malware protection.  
A CALL OFF FROM JISC AWARDED FRAMEWORK AGREEMENT PROC2719 NETWORK SOLUTIONS",LEEDS TRINITY UNIVERSITY,,68864.0,GBP,2026-08-26,2026-08-21,award,complete,48730000,https://www.contractsfinder.service.gov.uk/Notice/4c3ce25b-bc81-4ca3-a066-0a4a670c582f-912101,2026-08-27T18:04:06.895095+00:00
Contracts Finder,ocds-b5fd17-b518e341-ca45-48cb-b6cd-6ed44ee54a31_be7a6e57-f680-4f6b-82a1-c9e1cbf8131c-912103,37190 - IMPERIAL AVENUE INFANT SCHOOL,"This contract is for the provision of transport services - journey stated in the title of this notice. It has been awarded following a Mini Competition under Council's Dynamic Purchasing System (DPS) PAN3059 - Passenger Transport Services.

 

To find out more about this DPS and how to provide taxi services to the Council, please see Taxi firms tendering for contracts (leicester.gov.uk)

Additional information: 
AT THE POINT OF AWARD, WE ARE NO LONGER SEEKING TENDERS",Leicester City Council,,46800.0,GBP,2026-08-26,2026-08-26,award,complete,60120000,https://www.contractsfinder.service.gov.uk/Notice/be7a6e57-f680-4f6b-82a1-c9e1cbf8131c-912103,2026-08-27T18:04:06.895268+00:00
Contracts Finder,ocds-b5fd17-dd4ce29e-0393-4682-ad1e-8163fda30b1f_a687dac1-3d11-4445-a16b-5a99b7c96c2e-912102,ORT0191 - Operational Technology Standards and Specifications (Work Package 3 - Manual for Development of Documents - MDD Authoring),Manual for Development of Documents - MDD Authoring,National Highways Limited,,170000.0,GBP,2026-08-26,2026-08-18,award,complete,72212310,https://www.contractsfinder.service.gov.uk/Notice/a687dac1-3d11-4445-a16b-5a99b7c96c2e-912102,2026-08-27T18:04:06.895433+00:00
Contracts Finder,ocds-b5fd17-3d94d06e-baf8-4576-817a-68009cfa72c4_208503af-c01a-4d6a-8a34-d089e21ac76c-912099,Unit 5 Gunnelswood Park Electrical Works,Unit 5 Gunnelswood Park Electrical Works at ENHT processed via Framework Reference RM6327,East and North Hertfordshire Teaching NHS Trust,,30900.0,GBP,2026-08-26,2026-07-30,award,complete,71314100,https://www.contractsfinder.service.gov.uk/Notice/208503af-c01a-4d6a-8a34-d089e21ac76c-912099,2026-08-27T18:04:06.895593+00:00
Contracts Finder,ocds-b5fd17-3f84f004-61ab-4a8f-92ed-f8e4b4c3a319_152bbbc2-b043-4bdb-974d-72a2ef46c886-912098,ORT0191 - Operational Technology Standards and Specifications (Work Package 1 - Project management activities),Manual for Development of Documents,National Highways Limited,,80000.0,GBP,2026-08-26,2026-08-19,award,complete,72212310,https://www.contractsfinder.service.gov.uk/Notice/152bbbc2-b043-4bdb-974d-72a2ef46c886-912098,2026-08-27T18:04:06.895753+00:00
Contracts Finder,ocds-b5fd17-5e295b55-159a-4ed3-ac46-5a592c55e4d2_b7d8e1aa-d5ab-4f7f-a545-f2b9dea588c8-912096,Oracle EBS Managed Service Provision,"Oracle Ebusiness Suite and Managed Service Provision
Call off from CCS GCloud 14 framework",Greater Manchester Police,,331171.0,GBP,2026-08-26,2026-08-01,award,complete,72261000,https://www.contractsfinder.service.gov.uk/Notice/b7d8e1aa-d5ab-4f7f-a545-f2b9dea588c8-912096,2026-08-27T18:04:06.895911+00:00
Contracts Finder,ocds-b5fd17-97309602-2926-4d8f-9751-bc4530969989_8d55ebd5-ef7f-4108-938a-2f71e24bb06e-912097,Purchase of three Ford Kuga Vehicles,"Awarded Contract

Call-Off Contract from Framework Ref: CCS RM6244 BLC-FLEET-0020a for Low & Intermediate Vehicles (3x Ford Kuga)",West Yorkshire Combined Authority,,66183.75,GBP,2026-08-26,2026-08-21,award,complete,34100000,https://www.contractsfinder.service.gov.uk/Notice/8d55ebd5-ef7f-4108-938a-2f71e24bb06e-912097,2026-08-27T18:04:06.896070+00:00
Contracts Finder,ocds-b5fd17-8caba76c-b776-40c1-8359-9cc5af65bd83_bd94e22a-e47b-48bc-9220-cf006aa94e47-912095,37215 - ELLESMERE COLLEGE,"This contract is for the provision of transport services - journey stated in the title of this notice. It has been awarded following a Mini Competition under Council's Dynamic Purchasing System (DPS) PAN3059 - Passenger Transport Services.

To find out more about this DPS and how to provide taxi services to the Council, please see Taxi firms tendering for contracts (leicester.gov.uk)


Additional information: 
At the point of award, we are no longer seeking tenders",Leicester City Council,,15678.0,GBP,2026-08-26,2026-08-26,award,complete,60120000,https://www.contractsfinder.service.gov.uk/Notice/bd94e22a-e47b-48bc-9220-cf006aa94e47-912095,2026-08-27T18:04:06.896229+00:00
Contracts Finder,ocds-b5fd17-2d4d10d9-5d90-497d-b66e-6475d0b08696_7d0309d5-8ea0-439f-8832-2cadd2a54e42-912094,37205 - HOMEFIELD COLLEGE (MOUNTSORRELL),"This contract is for the provision of transport services - journey stated in the title of this notice. It has been awarded following a Mini Competition under Council's Dynamic Purchasing System (DPS) PAN3059 - Passenger Transport Services.

To find out more about this DPS and how to provide taxi services to the Council, please see Taxi firms tendering for contracts (leicester.gov.uk)",Leicester City Council,,53808.0,GBP,2026-08-26,2026-08-26,award,complete,60120000,https://www.contractsfinder.service.gov.uk/Notice/7d0309d5-8ea0-439f-8832-2cadd2a54e42-912094,2026-08-27T18:04:06.896400+00:00
Contracts Finder,ocds-b5fd17-9b83d0da-d6b8-4af0-82f0-d35662baf322_fce4c8d6-432c-473f-a281-a0fc2e7852aa-912093,East Anglia Modelling & Data 2026 Package 1,"The Environment Agency require a call-off contract to provide modelling, mapping, survey and digitisation related services to deliver the East Anglia Modelling and Data 2026 Package 1 for the East Hub including, but not limited to, the Yare Model (Norfolk), Stour Survey (Suffolk) and Blackwater Survey (Essex).",Defra group Commercial,,303311.5,GBP,2026-08-26,2026-07-01,award,complete,72242000,https://www.contractsfinder.service.gov.uk/Notice/fce4c8d6-432c-473f-a281-a0fc2e7852aa-912093,2026-08-27T18:04:06.896562+00:00
Contracts Finder,ocds-b5fd17-3371cb76-95a0-4a08-b811-4d556a503750_bc7c9855-eebf-400c-80d8-b4012284fd1e-912092,School Mentoring for resettled refugee families - AWARD,"The programme seeks to address these challenges through a structured and holistic model of support centred around a dedicated one-to-one mentoring offer. This approach enables families to build confidence, develop their understanding of the education system, and engage more actively in their children's learning. Delivery will be guided by trauma-informed principles, ensuring that support is sensitive to past experiences and promotes stability, trust and wellbeing for both parents and children.",Oxford City Council,,,GBP,2026-08-26,2026-07-24,award,complete,85312300,https://www.contractsfinder.service.gov.uk/Notice/bc7c9855-eebf-400c-80d8-b4012284fd1e-912092,2026-08-27T18:04:06.896726+00:00
Contracts Finder,ocds-b5fd17-912a5213-df5f-4521-b208-4dde1c80a5e1_859243d1-788e-4627-8e5c-93d33bca3d57-912091,Fully Managed Lone Worker Safety and Monitoring Service,"Fully managed lone-worker safety service for community colleagues that provides standardised personal safety devices with flexible wear options, reliable connectivity through managed or roaming SIMs, and continuous 24/7/365 monitoring via an accredited Alarm Receiving Centre with appropriate escalation to operational managers and emergency services. 

The service includes a comprehensive management portal for device allocation, escalation list management, audit trails, and usage reporting, alo",Bradford District Care NHS Foundation Trust,224016.0,90000.0,GBP,2026-08-26,2026-08-31,award,complete,35113000,https://www.contractsfinder.service.gov.uk/Notice/859243d1-788e-4627-8e5c-93d33bca3d57-912091,2026-08-27T18:04:06.896888+00:00
Contracts Finder,ocds-b5fd17-a79016fb-12d9-40b7-8b13-88a071c2be09_a2858069-890b-4940-8e3b-6f0ab93b91a9-912090,"QOC015 0900 2026-08-25 Hadleigh to Circles Woodland, East Bergholt and ReConnect, Rougham (PA required, 4 seater taxi) - AWARD","Suffolk County Council is seeking a mini competition against the following Dynamic Purchasing System: `The supply of Passenger Transport Services`, OJEU Notice Id: 2018/S 031-067685.
      
      QOC015 0900 2026-08-25 Hadleigh to Circles Woodland, East Bergholt and ReConnect, Rougham (PA required, 4 seater taxi)
      
      Further details can be found in the 'Tenders / My Tenders' area of this website, by selecting the 'View Details' button for this project.
      
      The deadline fo",Suffolk County Council Passenger Transport,,,GBP,2026-08-26,2026-08-25,award,complete,60000000,https://www.contractsfinder.service.gov.uk/Notice/a2858069-890b-4940-8e3b-6f0ab93b91a9-912090,2026-08-27T18:04:06.897044+00:00
Contracts Finder,ocds-b5fd17-424f1326-5495-4489-b5d4-51e0a679d072_eb61b873-222a-44f5-a5e0-13c7f3d2f7d7-912089,GB-Colchester: John Lampon Court - Boiler Replacement,"Colchester Borough Homes (the Authority) on behalf of Colchester City Council (the Council) wishes to commission a contractor to undertake Boiler replacement Works at John Lampon Court, Port Lane, Smithfields, Colchester, Essex, CO1 2HP. The works shall include:
      
      Replacement of central boilers, pumps, landlord only water heater, pipework within boiler plantroom. New mechanical control panel, new flues, and commissioning. 
      
      Works to heating distribution limited to flus",Colchester City Council,,131500.0,GBP,2026-08-26,2026-07-09,award,complete,42160000,https://www.contractsfinder.service.gov.uk/Notice/eb61b873-222a-44f5-a5e0-13c7f3d2f7d7-912089,2026-08-27T18:04:06.897203+00:00
Contracts Finder,ocds-b5fd17-b0a24d0e-dc8d-4159-9013-cb966d9adede_5df28689-17bd-4c85-b6a3-dcdd1413569c-912086,BHCC DH LAN Refresh,"The requirement is for the supply of Fortinet Local Area Network (LAN) hardware, associated transceivers, cables (where applicable), licences, subscriptions and manufacturer support entitlements for the LAN Refresh Project. This is a supply only order. It does not include a managed service, implementation, configuration, network operations or ongoing operational support.",Brighton & Hove City Council,,392695.2,GBP,2026-08-26,2026-08-21,award,complete,44316400,https://www.contractsfinder.service.gov.uk/Notice/5df28689-17bd-4c85-b6a3-dcdd1413569c-912086,2026-08-27T18:04:06.897378+00:00
Contracts Finder,ocds-b5fd17-e515d2c6-608f-47ac-8f19-08a76f08114d_6e24cc4f-87a2-4977-83b5-28efcf2fe819-912081,Repairs & Maintenance of Building Management Systems,"Northumbria Police have awarded a contract for the Repairs and Maintenance of Building Management Systems (BMS). The works/services to be conducted within this contract is to supply a
responsive and planned repairs and maintenance service throughout Northumbria Police premises for an initial contract period of 36 months. There is an option to extend the contract by a further 2 x 12 month period.",Northumbria Police,,298700.0,GBP,2026-08-26,2025-04-07,award,complete,50000000,https://www.contractsfinder.service.gov.uk/Notice/6e24cc4f-87a2-4977-83b5-28efcf2fe819-912081,2026-08-27T18:04:06.897542+00:00
Contracts Finder,ocds-b5fd17-fa7ec432-aacd-449e-9e90-56dba1f04baa_78fa2269-b7ca-44f9-bbca-07f28e14ecd7-912087,"RMBC - ZC - Playground, Trim Trail, Sensory, Gym, Basketball 2026 (direct award ITT) - AWARD","Runnymede Borough Council is seeking to appoint a suitably qualified contractor through the framework to deliver a programme of outdoor recreation and community infrastructure improvements across the borough. The programme includes the design, supply and installation of a replacement play area at Victory Park, Addlestone; the provision of three outdoor gym facilities at locations across the borough; the installation of two trim trails at separate sites; the supply and installation of sensory and",Runnymede Borough Council,,,GBP,2026-08-26,2026-07-16,award,complete,37535200,https://www.contractsfinder.service.gov.uk/Notice/78fa2269-b7ca-44f9-bbca-07f28e14ecd7-912087,2026-08-27T18:04:06.897701+00:00
Contracts Finder,ocds-b5fd17-4c8e06b6-b481-4ff4-ac92-d7ce94b37d0b_c6a69f8e-76c8-438b-89f8-1c1a76b0bfe3-912079,Provide and Support a Next-Generation Employment Services Platform,"Ingeus is seeking Expressions of Interest (EOI) from suitably qualified suppliers to participate in an upcoming procurement for a next-generation Employment Services platform. 

The solution will support the end-to-end management of participant journeys, from referral and onboarding through assessment, personalised support, intervention delivery, employment outcomes, sustainment and programme performance management. 

The opportunity encompasses a broad range of functional, technical and int",Ingeus,,,GBP,2026-08-26,,planning,planning,48000000,https://www.contractsfinder.service.gov.uk/Notice/c6a69f8e-76c8-438b-89f8-1c1a76b0bfe3-912079,2026-08-27T18:04:06.897851+00:00
Contracts Finder,ocds-b5fd17-f029161f-725a-4518-b564-6329b3a1daf8_2db7773c-ae35-4b81-8488-1b43a1b92aba-912085,37182 - HARDWICK HOUSE SCHOOL,"This contract is for the provision of transport services - journey stated in the title of this notice. It has been awarded following a Mini Competition under Council's Dynamic Purchasing System (DPS) PAN3059 - Passenger Transport Services.

 

To find out more about this DPS and how to provide taxi services to the Council, please see Taxi firms tendering for contracts (leicester.gov.uk)

Additional information: 
AT THE POINT OF AWARD, WE ARE NO LONGER SEEKING TENDERS",Leicester City Council,,54288.0,GBP,2026-08-26,2026-08-26,award,complete,60120000,https://www.contractsfinder.service.gov.uk/Notice/2db7773c-ae35-4b81-8488-1b43a1b92aba-912085,2026-08-27T18:04:06.898011+00:00
Contracts Finder,ocds-b5fd17-c3074ad6-2ea3-4fa3-9e33-4ef205b0b798_20ad5d4c-57e3-42fd-b33f-7829e5f417b5-912083,THRE0076 Provision of Maritime Labour Market Analysis,Extending contract in time and value,DfTc - Department for Transport,149790.0,157290.0,GBP,2026-08-26,2026-02-11,awardUpdate,complete,79311400,https://www.contractsfinder.service.gov.uk/Notice/20ad5d4c-57e3-42fd-b33f-7829e5f417b5-912083,2026-08-27T18:04:06.898177+00:00
Contracts Finder,ocds-b5fd17-5881b086-57d4-43a2-ad19-d5f7b9d1089b_246be81c-7ba9-40c6-b360-0ae3d7d15b42-912084,PR 2023 151 Provision of End User Devices and Supporting Services,"Provision of End User Devices and Supporting Services
The contract has an initial term of three years from 1 March 2025 to 29 February 2028, with two optional 12-month extension periods. The published total contract value of £15,000,000 inclusive of VAT reflects the anticipated overall value of the contract, including the optional extension periods. The extension options have not been exercised by this notice.",CPS,,7583415.0,GBP,2026-08-26,2024-10-23,awardUpdate,complete,30213100,https://www.contractsfinder.service.gov.uk/Notice/246be81c-7ba9-40c6-b360-0ae3d7d15b42-912084,2026-08-27T18:04:06.898362+00:00
Contracts Finder,ocds-b5fd17-fa1cc4e8-cdbf-4716-b8f2-ff92697020f0_7650ed4b-0c6b-4ef4-a9a8-6881313efe8b-912082,37207 - CONTACT,"This contract is for the provision of transport services - journey stated in the title of this notice. It has been awarded following a Mini Competition under Council's Dynamic Purchasing System (DPS) PAN3059 - Passenger Transport Services.

To find out more about this DPS and how to provide taxi services to the Council, please see Taxi firms tendering for contracts (leicester.gov.uk)


Additional information: 
At the point of award, we are no longer seeking tenders",Leicester City Council,,10530.0,GBP,2026-08-26,2026-08-26,award,complete,60120000,https://www.contractsfinder.service.gov.uk/Notice/7650ed4b-0c6b-4ef4-a9a8-6881313efe8b-912082,2026-08-27T18:04:06.898530+00:00
Contracts Finder,ocds-b5fd17-28058244-c05a-42b7-aa16-1c445225195a_d918584e-b4dc-429c-84ab-5535146693e6-912080,GB-Sheffield: Project Green,Legal Services Project Green BPC utilised the Government Commercial Agency (GCA) RM6360 Legal Panel for Government Lot 3 Finance and High Risk / Innovation,British Patient Capital Ltd,,38000.0,GBP,2026-08-26,2026-08-13,award,complete,79100000,https://www.contractsfinder.service.gov.uk/Notice/d918584e-b4dc-429c-84ab-5535146693e6-912080,2026-08-27T18:04:06.898692+00:00
Contracts Finder,ocds-b5fd17-f10d6557-0c67-4120-a8cb-5488eae18670_cf05cdab-e58c-41c0-b545-52835fd2d7f6-912077,Governance Officer L4 and Regulatory Officer L4 Apprenticeship via CCS Framework RM6102,Governance Officer L4 and Regulatory Officer L4 Apprenticeship via CCS Framework RM6102. From 18/06/2026 for an estimated 24 months.,Isle of Wight Council,,60000.0,GBP,2026-08-26,2026-06-16,award,complete,80530000,https://www.contractsfinder.service.gov.uk/Notice/cf05cdab-e58c-41c0-b545-52835fd2d7f6-912077,2026-08-27T18:04:06.898851+00:00
Contracts Finder,ocds-b5fd17-f2630bf8-946b-491e-9984-72e4ab4dd27e_d2619203-50fe-4c2d-8e53-aa8018445cff-912076,THRE0059 Rail Safety Advisor,Final Contract Extension,DfTc - Department for Transport,,150000.0,GBP,2026-08-26,2024-12-06,awardUpdate,complete,71311200,https://www.contractsfinder.service.gov.uk/Notice/d2619203-50fe-4c2d-8e53-aa8018445cff-912076,2026-08-27T18:04:06.899010+00:00
Contracts Finder,ocds-b5fd17-9efc1c75-b6c5-4d75-9cfa-0e9fe7b431ec_b36d6e45-5d3f-40d3-8e5a-8a1b79dcc628-912075,Cemetery and Crematorium Software,"Provision of a cloud-hosted bereavement services administration software system for Worcester City Council. The system will support the management of cemetery and crematorium records, bookings, digital mapping, document management, reporting, customer-facing services and related operational processes for the Council's Bereavement Services team.",Worcester City Council,,90001.0,GBP,2026-08-26,2026-05-12,award,complete,72250000,https://www.contractsfinder.service.gov.uk/Notice/b36d6e45-5d3f-40d3-8e5a-8a1b79dcc628-912075,2026-08-27T18:04:06.899170+00:00
Contracts Finder,ocds-b5fd17-8ba77a17-a51f-444f-851e-07d4ec4ef932_96643a2e-a758-4d32-965f-a49992bf18e8-912074,L6 Embedded Electronic Systems Design and Development Engineer Degree Apprenticeship (ST0151),To provide the off-the-job training component of the L6 Embedded Electronic Systems Design and Development Engineer Degree Apprenticeship.,Ministry of Defence,,324000.0,GBP,2026-08-26,2026-08-18,award,complete,80570000,https://www.contractsfinder.service.gov.uk/Notice/96643a2e-a758-4d32-965f-a49992bf18e8-912074,2026-08-27T18:04:06.899345+00:00
Contracts Finder,ocds-b5fd17-a374127c-29ae-49c4-a615-89f7d31216b6_b475f81f-e062-435b-a3e6-fc34d3dbc1fb-912072,715887483 - Professional Services Support for Housing Initiatives - DHS,TRANSPARENCY ONLY - Professional Services Support for Housing Initiatives - DHS,Ministry of Defence,,7060000.0,GBP,2026-08-26,2026-07-21,award,complete,71311300,https://www.contractsfinder.service.gov.uk/Notice/b475f81f-e062-435b-a3e6-fc34d3dbc1fb-912072,2026-08-27T18:04:06.899511+00:00
Contracts Finder,ocds-b5fd17-bd448dcd-36a5-40d9-9b9c-f13cdcae4988_74f6d8fe-2b03-4691-b76a-a52b1e01c358-912065,HR and Legal Advice Services,HR and Legal advice services delivered to HR professionals for complex cases.,Greater Manchester Police,,59343.0,GBP,2026-08-26,2026-07-01,award,complete,48000000,https://www.contractsfinder.service.gov.uk/Notice/74f6d8fe-2b03-4691-b76a-a52b1e01c358-912065,2026-08-27T18:04:06.899673+00:00
Contracts Finder,ocds-b5fd17-38e0c283-6659-4718-a6a5-8e285f80fa99_167cb9c2-5df1-4d85-ab0b-b8c33657d763-912070,YNE AOMR Lot 1 Asset Reconditioning- ESH M8 - AWOC FY26-27,YNE AOMR Lot 1 Asset Reconditioning AWOC FY26-27,defra,,98270.13,GBP,2026-08-26,2026-06-04,award,complete,45246410,https://www.contractsfinder.service.gov.uk/Notice/167cb9c2-5df1-4d85-ab0b-b8c33657d763-912070,2026-08-27T18:04:06.899836+00:00
Contracts Finder,ocds-b5fd17-69e0b638-ab1a-4e8e-9400-cd4772d76df8_5016650f-ddb6-49d4-8c26-e48df3ef398a-912069,"QOC829 09:00 2026-08-25 Ipswich to Gretton School, Girton, Cambs, - 4-seater vehicle, Individual Trp & a female Passenger Assistant required - Weekly boarder - AWARD","Suffolk County Council is seeking a mini competition against the following Dynamic Purchasing System: `The supply of Passenger Transport Services`, OJEU Notice Id: 2018/S 031-067685.
      
      QOC829 09:00 2026-08-25 Ipswich to Gretton School, Girton, Cambs, - 4-seater vehicle, Individual Trp & a female Passenger Assistant required - Weekly boarder
      
      Further details can be found in the 'Tenders / My Tenders' area of this website, by selecting the 'View Details' button for this ",Suffolk County Council Passenger Transport,,,GBP,2026-08-26,2026-08-25,award,complete,60000000,https://www.contractsfinder.service.gov.uk/Notice/5016650f-ddb6-49d4-8c26-e48df3ef398a-912069,2026-08-27T18:04:06.899999+00:00
Contracts Finder,ocds-b5fd17-39ca48f5-7c05-4d72-8b91-92483fb4cad6_83a8eef8-8825-44ef-a18d-a9895f96bd9a-912067,GB-Sheffield: Project Red,Legal Services Project Red NRIL utilised the Government Commercial Agency (GCA) RM6360 Legal Panel for Government Lot 3 Finance and High Risk / Innovation,BIP SOLUTIONS LIMITED,,80000.0,GBP,2026-08-26,2026-05-28,award,complete,79100000,https://www.contractsfinder.service.gov.uk/Notice/83a8eef8-8825-44ef-a18d-a9895f96bd9a-912067,2026-08-27T18:04:06.900160+00:00
Contracts Finder,ocds-b5fd17-958f206a-900c-4a0d-9871-9e15434696ab_09f2a6c1-da0c-41f6-8e10-dede87dcf92b-912068,YNE AOMR Lot 1 Asset Reconditioning - ESH M7 -AWOC FY26-27,YNE AOMR Lot 1 Asset Reconditioning AWOC FY26-27,Environment Agency,,148085.52,GBP,2026-08-26,2026-06-04,award,complete,45246410,https://www.contractsfinder.service.gov.uk/Notice/09f2a6c1-da0c-41f6-8e10-dede87dcf92b-912068,2026-08-27T18:04:06.900336+00:00
Contracts Finder,ocds-b5fd17-5b513489-df22-464b-b9c9-38cb5304a298_4256ca4e-cc39-4674-919d-c5299f00d9ab-912063,Macroeconomic Data and Forecast Scenarios for IFRS 9 compliance,Macroeconomic Data and Forecast Scenarios for IFRS 9 compliance,UK EXPORT FINANCE,195000.0,325000.0,GBP,2026-08-26,2026-06-11,award,complete,66000000,https://www.contractsfinder.service.gov.uk/Notice/4256ca4e-cc39-4674-919d-c5299f00d9ab-912063,2026-08-27T18:04:06.900504+00:00
Contracts Finder,ocds-b5fd17-f2dd02b3-b197-4fa7-83d6-546b510c26f7_eb0fe8c2-a209-47ab-a4ad-edb1f33270dd-912066,Lot 4 - Tameside Metropolitan Borough Council,"Tameside Council have carried out a number of mini competitions for their Home to School requirements via the Home To School Transport Dynamic Purchasing System. Routes awarded and contract values below: 

SEN 889 -  £53,500
SEN 890 - £54,000
SEN 891 - £27,000
SEN 892 -  £24,000
SEN 893 - £64,500
SEN 894 - £58,500
SEN 895 - £53,500
SEN 896 -  £68,500",Tameside Metropolitan Borough Council,,24000.0,GBP,2026-08-26,2026-08-06,award,complete,60130000,https://www.contractsfinder.service.gov.uk/Notice/eb0fe8c2-a209-47ab-a4ad-edb1f33270dd-912066,2026-08-27T18:04:06.900664+00:00
Contracts Finder,ocds-b5fd17-497ab45f-9edd-4397-8961-fd0e5b3f19a8_2a7f0960-547c-4f9c-a5f4-3a946b4a41e0-912064,YNE AOMR Lot 1 Asset Reconditioning AWOC- Package C16- FY26-27,YNE AOMR Lot 1 Asset Reconditioning AWOC FY26-27,Environment Agency,,119081.82,GBP,2026-08-26,2026-06-04,award,complete,45246410,https://www.contractsfinder.service.gov.uk/Notice/2a7f0960-547c-4f9c-a5f4-3a946b4a41e0-912064,2026-08-27T18:04:06.900825+00:00
Contracts Finder,ocds-b5fd17-02519274-8d8e-4a0a-b27a-3f6db0f1463e_72efe611-0c43-486f-b5b1-0c2bf934b2ce-912062,Traffic Management for NUFC,"The contract is for the provision of matchday traffic management services at St James' Park for Newcastle United fixtures. This includes planning, staffing and implementing road closures, signage, traffic control, supervision, and the deployment and removal of hostile vehicle mitigation measures, including the Council's H-Stops, to support public safety and manage traffic flows before, during and after matches.",NEWCASTLE CITY COUNCIL,,,GBP,2026-08-26,2026-07-06,award,complete,63712700,https://www.contractsfinder.service.gov.uk/Notice/72efe611-0c43-486f-b5b1-0c2bf934b2ce-912062,2026-08-27T18:04:06.900980+00:00
Contracts Finder,ocds-b5fd17-561df2b5-fdfa-4577-8fcf-8be246ab70ec_a12ac150-6de8-4535-99cd-999719684215-912061,SHE Specialist,"SMC JV (Siemens Mobility & Costain Joint Venture)  have been appointed to deliver contract HRS03, the HV Powerl services for HS2 ltd. A high-speed railway project that connects London to Birmingham with plans to extend in the future.
      
      The SHE Specialist scope for contract HRS03 consists of the following Disciplines
      
      •	Ecologist
      •	Arboricultural
      •	Town and Country Planning 
      •	Undertaking and Assurances 
      •	Waste Manager /Specialist 
      •	",SMC JV,2500000.0,5000000.0,GBP,2026-08-26,2026-09-07,tender,active,71410000,https://www.contractsfinder.service.gov.uk/Notice/a12ac150-6de8-4535-99cd-999719684215,2026-08-27T18:04:06.901143+00:00
Contracts Finder,ocds-b5fd17-c59807be-d2d7-4878-949e-9ac7ee301637_22cbe99b-8739-4b15-acc8-5713d9d293e7-912060,Food Waste Containers,"Supply 140,000 internal Food Waste caddies and 110,000 external Food Waste bins.",NEWCASTLE CITY COUNCIL,,,GBP,2026-08-26,2026-06-15,award,complete,34928480,https://www.contractsfinder.service.gov.uk/Notice/22cbe99b-8739-4b15-acc8-5713d9d293e7-912060,2026-08-27T18:04:06.901309+00:00
Contracts Finder,ocds-b5fd17-2dda89f7-1080-4065-8227-5b12cb7f5f46_8d610c22-1476-4a5c-acce-20418947f1e0-912059,CA18383 - Fire Doors,"Replacement of existing internal fire doors and frame sets, including all ironmongery

To access this competition: 

Registered:
Login to https://suppliers.multiquote.com and view the opportunity CA18383.

Not registered:
Visit https://suppliers.multiquote.com then register and quote CA18383 as the reason for registration. 

 Any queries please contact MultiQuote on 020 3920 8054.",Waythrough,,180.0,GBP,2026-08-26,2026-06-30,award,complete,45421131,https://www.contractsfinder.service.gov.uk/Notice/8d610c22-1476-4a5c-acce-20418947f1e0-912059,2026-08-27T18:04:06.901471+00:00
Contracts Finder,ocds-b5fd17-911ad9ea-3527-4cca-b995-f82d1d39d1e3_3fef2a49-21bf-4f3a-89e8-281184bb3495-912058,Provision of Solicitors for UK Covid-19 Inquiry,"The UK Covid-19 Inquiry requires a Solicitor to the Inquiry and supporting legal team to provide continuous legal advice to the Inquiry Chair on the operation of the Inquiry.

As referenced in the Voluntary Ex Ante Transparency Notice (published 14/05/26 with a 10-day standstill period), the contract was extended via a time-only extension within the existing total contract value. The extension ensures the delivery of significantly reduced deliverables as the Inquiry approaches closedown.",GOVERNMENT COMMERCIAL AGENCY,,37635940.0,GBP,2026-08-26,2023-09-29,awardUpdate,complete,79100000,https://www.contractsfinder.service.gov.uk/Notice/3fef2a49-21bf-4f3a-89e8-281184bb3495-912058,2026-08-27T18:04:06.901638+00:00
Contracts Finder,ocds-b5fd17-1b14faed-5b45-4b7d-9c2a-b52cde53aa8c_cc69906a-fc84-42e0-843e-f720ded549bc-912057,E24057 East Street  and Cannon Street Signal Refurbishment,"East Street  and Cannon Street Signal Refurbishment.

Award via Lot 5 : Highways Civil Engineering works up to £499,999 (excluding VAT) of BCC Highways Asset Management and Civils Framework.",Bristol City Council,,52918.07,GBP,2026-08-26,2026-07-13,award,complete,45233000,https://www.contractsfinder.service.gov.uk/Notice/cc69906a-fc84-42e0-843e-f720ded549bc-912057,2026-08-27T18:04:06.901799+00:00
