source,notice_id,title,description,organisation,value_low,value_high,currency,published_date,deadline,notice_type,status,cpv_codes,url,scraped_at
FTS,ocds-h6vhtk-06af4f_086666-2026,Temporary Traffic Management 2026,"South Gloucestershire Council (SGC) requires a contractor to provide the Temporary Traffic Management on highway construction and maintenance schemes.
SGC is procuring a single supplier through an NEC4 Term Service Contract. This is to support the delivery of SGC’s programme of works in South Gloucestershire and the wider West of England Mayoral Authority (WEMCA) area. The contract will include the ability to raise Task Orders for the aforementioned services and additional services that fall wit",South Gloucestershire Council,,32000000.0,GBP,2026-09-12,,planning,planned,,https://www.find-tender.service.gov.uk/Notice/086666-2026,2026-09-12T11:27:06.185377+00:00
FTS,ocds-h6vhtk-0510f8_086665-2026,Space Technology Solutions,,Government Commercial Agency,,,GBP,2026-09-11,,award,,,https://www.find-tender.service.gov.uk/Notice/086665-2026,2026-09-12T11:27:06.185415+00:00
FTS,ocds-h6vhtk-0510f8_086664-2026,Space Technology Solutions,,Government Commercial Agency,,,GBP,2026-09-11,,award,,,https://www.find-tender.service.gov.uk/Notice/086664-2026,2026-09-12T11:27:06.185422+00:00
FTS,ocds-h6vhtk-067882_086663-2026,Unaccompanied Asylum-Seeking Children (UASC) Support Services,"The Home Office (the Authority) has a statutory duty under Section 55 of the Borders, Citizenship and Immigration Act 2009 to discharge its immigration and asylum functions having regard to the need to safeguard and promote the welfare of children in the UK. 
This includes Unaccompanied Asylum-Seeking Children (UASC) who arrive in the UK and enter the immigration system without a parent or guardian.
The Support Services for UASC ensure that their immediate needs are met upon arrival in Kent, or ",Home Office,,4500000.0,GBP,2026-09-11,2026-10-16,tender,active,,https://www.find-tender.service.gov.uk/Notice/086663-2026,2026-09-12T11:27:06.185427+00:00
FTS,ocds-h6vhtk-06f8ae_086662-2026,Passenger Transport Services 2026 - Route Based (1-8 Seat Provision),Passenger Transport Services 2026 - Route Based (1-8 Seat Provision) - Route Based (1-8 Seat Provision),West Northamptonshire Council,,,GBP,2026-09-11,,award,complete,,https://www.find-tender.service.gov.uk/Notice/086662-2026,2026-09-12T11:27:06.185433+00:00
FTS,ocds-h6vhtk-06f8ad_086661-2026,Fire Engineer Framework STFC,Fire engineer to provide a campus-wide approach to fire safety design and strategy across all STFC buildings at multiple sites,UK Research & Innovation (UKRI),,3333333.33,GBP,2026-09-11,,planning,planning,,https://www.find-tender.service.gov.uk/Notice/086661-2026,2026-09-12T11:27:06.185437+00:00
FTS,ocds-h6vhtk-06f8ac_086660-2026,Carpeting for Homeless Move-On Accommodation,"The Council is seeking to appoint a suitably qualified and experienced Contractor to provide a responsive and flexible service for the supply, delivery and installation of carpeting and associated flooring materials within accommodation allocated to homeless households throughout the Wychavon district. 
Indicative Demand and Property Requirements:
The information below is provided for guidance only and is based on carpeting requests received between November 2025 and June 2026. It is intended to",Wychavon District Council,,150000.0,GBP,2026-09-11,2026-10-09,tender,active,,https://www.find-tender.service.gov.uk/Notice/086660-2026,2026-09-12T11:27:06.185443+00:00
FTS,ocds-h6vhtk-051ece_086659-2026,Supply and Support of High Through Put DNA Extraction Systems (long term),"This project aims to procure a HTP DNA extraction solution, ensuring continuity and scalability of DNA-based diagnostic services",NHS Blood and Transplant,,9000000.0,GBP,2026-09-11,2026-10-12,tender,active,,https://www.find-tender.service.gov.uk/Notice/086659-2026,2026-09-12T11:27:06.185458+00:00
FTS,ocds-h6vhtk-06f8ab_086658-2026,Concession Contract for a New Major Music Festival,"The City of Bradford Metropolitan District Council is inviting Expressions of Interest and proposals from suitably qualified and experienced festival promoters and event organisers to develop and deliver future editions of a new major music festival at Myrtle Park, Bradford under concession contract arrangements. The Council is seeking an ambitious, commercially capable and collaborative promoter with the vision, creativity and experience to shape the future of one of Yorkshire’s most establishe",City of Bradford Metropolitan District Council,,2500000.0,GBP,2026-09-11,2026-10-16,tender,active,,https://www.find-tender.service.gov.uk/Notice/086658-2026,2026-09-12T11:27:06.185464+00:00
FTS,ocds-h6vhtk-06b27f_086657-2026,SONI085 DS3 - Gate 15,This Qualification System refers to the system that is in place to enable interested parties to submit a Response and subsequently qualify for award of Contract for provision of DS3 System Services.,SONI Ltd,,,GBP,2026-09-11,,award,complete,,https://www.find-tender.service.gov.uk/Notice/086657-2026,2026-09-12T11:27:06.185469+00:00
FTS,ocds-h6vhtk-06f8aa_086656-2026,Telecoms Restructuring Advice,"Consultancy, Analysis and Advice on telecoms restructuring options, in report format.","Department for Science, Innovation & Technology",,,GBP,2026-09-11,,award,complete,,https://www.find-tender.service.gov.uk/Notice/086656-2026,2026-09-12T11:27:06.185474+00:00
FTS,ocds-h6vhtk-06f8a9_086655-2026,Passenger Transport Services 2026 - Route Based (1-8 Seat Provision),Passenger Transport Services 2026 - Route Based (1-8 Seat Provision) - Route Based (1-8 Seat Provision),West Northamptonshire Council,,,GBP,2026-09-11,,award,complete,,https://www.find-tender.service.gov.uk/Notice/086655-2026,2026-09-12T11:27:06.185478+00:00
FTS,ocds-h6vhtk-06f8a8_086654-2026,Supply of ORBIS Annual License,Orbis Network Unlimited User Annual License,Police & Crime Commissioner for Merseyside & Chief Constable for Merseyside,,,GBP,2026-09-11,,award,complete,,https://www.find-tender.service.gov.uk/Notice/086654-2026,2026-09-12T11:27:06.185482+00:00
FTS,ocds-h6vhtk-0559a5_086653-2026,End User Workspace and Hosting,"The End User Workspace & Hosting procurement event was to secure a single supplier to deliver both End User Workspace (EUW) and Hosting services under a single contract. The Services had to be ITIL-aligned and delivered using the Council's own ServiceNow ITSM platform, with contract aims of improving service delivery, reducing complexity, and enhance user experience through integrated support.
Key requirements of scope:
• Service Desk - Single point of contact for all ICT issues, with a focus on",Reading Borough Council,,,GBP,2026-09-11,,award,complete,,https://www.find-tender.service.gov.uk/Notice/086653-2026,2026-09-12T11:27:06.185486+00:00
FTS,ocds-h6vhtk-06f8a7_086652-2026,"Coroners Removal Service within the Boroughs of Sefton, Knowsley and St Helens For The Period 1st December 2026 to 30th November 2029 with the Option for 2 x 12 Month Extensions","Sefton council is seeking bids from interested providers for a Coroners Removals Service across the boroughs of Sefton, Knowsley & St Helens for the period 1st December 2026 to 30th November 2029 with the Option for 2 x 12 Month Extensions. 
The requirement is accordingly split across the following lots:-
Lot 1		Sefton North 
Lot 2		Sefton South 
Lot 3		Knowsley 
Lot 4		St Helens",Sefton Metropolitan Borough Council,,400000.0,GBP,2026-09-11,2026-10-09,tender,active,,https://www.find-tender.service.gov.uk/Notice/086652-2026,2026-09-12T11:27:06.185491+00:00
FTS,ocds-h6vhtk-06ed13_086651-2026,Provision of Security Services for the Supreme Court of the United Kingdom,"The buyer is seeking proposals for the security, guarding and operational service at the Supreme Court of the United Kingdom (UKSC). The service is in place to ensure the safety of Justices, staff, contractors, visitors, and the physical site itself, as well as ensuring the work of the Court, both at its main site and any other location where the work or activities of the Court take place, are done safely and securely.",Supreme Court of the United Kingdom,,,GBP,2026-09-11,,tenderUpdate,,79710000,https://www.find-tender.service.gov.uk/Notice/086651-2026,2026-09-12T11:27:06.185495+00:00
FTS,ocds-h6vhtk-06f8a6_086650-2026,Pre Market Engagement for Catering Services,"The current catering contract expires on 31 July 2027. Rather than repeat what has gone before, Capital City College (CCC) wants to use the time available to design a contract that reflects how the market has moved, what students now expect, and what a London estate of this size and profile could realistically deliver. That includes the commercial side: CCC is actively interested in models that generate a financial return to the College alongside a high quality, affordable offer for students.  T",Capital City College,,,GBP,2026-09-11,,planning,planning,,https://www.find-tender.service.gov.uk/Notice/086650-2026,2026-09-12T11:27:06.185499+00:00
FTS,ocds-h6vhtk-06f8a4_086649-2026,Merchant Acquiring Services,"Merchant Acquiring is an essential contract from a financial perspective as it is necessary to enable residents and customers to pay the council by debit and credit card, over £100m a year is collected by the council using this contract.
This service is a key part of the council’s support systems, and essential for the council to be able to collect payments by card as people expect in 2026. 
The contract helps enable the goals set out in the Customer Access Strategy to strive to make the online ",London Borough of Brent,,,GBP,2026-09-11,,award,complete,,https://www.find-tender.service.gov.uk/Notice/086649-2026,2026-09-12T11:27:06.185506+00:00
FTS,ocds-h6vhtk-06f8a5_086648-2026,Footpath Refurbishment at Ryde Vale Estate - Phase 1 & 2,Refurbishment of existing footpaths at Ryde Vale Estate - Phase 1 & 2,London Borough of Wandsworth,,,GBP,2026-09-11,,award,complete,,https://www.find-tender.service.gov.uk/Notice/086648-2026,2026-09-12T11:27:06.185510+00:00
FTS,ocds-h6vhtk-06f8a3_086647-2026,National Non-Domestic Rates (NNDR) - Service,"Brent Council (the “Authority”) is seeking to appoint a supplier to deliver an integrated National Non-Domestic Rates (NNDR) service in accordance with statutory requirements.
Brent Council would like to invite suppliers to a Market Engagement event to be held on 9 October 2026. This will be an online event and instructions for attending the event will be available once suppliers have logged into London Tenders Portal (https://www.londontenders.org/)
The estimated term of the contract is 3 years",London Borough of Brent,,345000.0,GBP,2026-09-11,,planning,planning,,https://www.find-tender.service.gov.uk/Notice/086647-2026,2026-09-12T11:27:06.185514+00:00
FTS,ocds-h6vhtk-06cfd7_086646-2026,Review of Business and Intellectual Property Centre and Enterprise Oxfordshire Business Support delivery,Consultancy services to conduct a review of Business and Intellectual Property Centre and Enterprise Oxfordshire Business Support delivery.,OXFORDSHIRE LOCAL ENTERPRISE PARTNERSHIP LIMITED,,,GBP,2026-09-11,,award,complete,,https://www.find-tender.service.gov.uk/Notice/086646-2026,2026-09-12T11:27:06.185519+00:00
FTS,ocds-h6vhtk-06b207_086645-2026,Communications agency recruitment,"Enterprise Oxfordshire is delighted to announce an opportunity for a retained communications agency to partner with our organisation through to 31 March 2027 (with the possibility of a further one-year extension - budget dependent).
Through this opportunity, the procured agency will build high-profile, high-quality and measurable campaigns that make significant impacts regarding the work and delivery of Enterprise Oxfordshire.",OXFORDSHIRE LOCAL ENTERPRISE PARTNERSHIP LIMITED,,,GBP,2026-09-11,,award,complete,,https://www.find-tender.service.gov.uk/Notice/086645-2026,2026-09-12T11:27:06.185523+00:00
FTS,ocds-h6vhtk-06cd86_086644-2026,Property Refurbishment to 158 Oxford Road Burnley BB11 3HL,"Burnley Borough Council (the Contracting Authority) are inviting Tenders from organisations (Bidders) that have the resources, capabilities and capacity to undertake full house refurbishment works, to 158 Oxford Road. Works can include patch pointing, replacement gutters, sandblasting & painting walls, windows and door surrounds, re roofing, kitchen extensions, plastering, re wiring etc.
Further detailed information is provided in the 'Pre Construction Information' document and includes client a",Burnley Borough Council,,,GBP,2026-09-11,,award,complete,,https://www.find-tender.service.gov.uk/Notice/086644-2026,2026-09-12T11:27:06.185527+00:00
FTS,ocds-h6vhtk-06cc22_086643-2026,Dispatch System Software,Replace existing dispatch and inventory systems with interoperable modules that provide real-time product lifecycle visibility and structured data management.,MHRA,,,GBP,2026-09-11,,award,complete,,https://www.find-tender.service.gov.uk/Notice/086643-2026,2026-09-12T11:27:06.185531+00:00
FTS,ocds-h6vhtk-0685d8_086642-2026,The Provision of Passenger Transport Management System,"The Council would like to invite Suppliers to submit a Tender for selection of a single Supplier to provide a cloud-based system that will support the council in its duty to provide travel assistance to more than 1,500 eligible children, young people and adults each year, including children and young people with Special Educational Needs and Disabilities (SEND), children looked after, care experienced young people and adults receiving social care support.",Leicester City Council,,,GBP,2026-09-11,,award,complete,,https://www.find-tender.service.gov.uk/Notice/086642-2026,2026-09-12T11:27:06.185535+00:00
FTS,ocds-h6vhtk-06e54c_086641-2026,PS26239 - RAF015/2627 - Plug-in batteries safety study,"The final date and time for the submission of bids is Wednesday 7th October 2026 at 11:00
 DO NOT apply directly to the buyer. 
All tender information MUST be submitted through the Jaggaer eSourcing Portal. 
Brief Description of Requirement
Phase 1
The objective of phase 1 is to assess the safety and risk considerations for deployment of up to 800 W AC mains output plug-in batteries in the UK context with acceptable electrical and fire safety risk. The study will inform technical standards adapt",Department for Energy Security & Net Zero,,300000.0,GBP,2026-09-11,2026-10-07,tender,active,,https://www.find-tender.service.gov.uk/Notice/086641-2026,2026-09-12T11:27:06.185539+00:00
FTS,ocds-h6vhtk-06f41f_086640-2026,King Edmund School - Dynamic Market for Electricity Supply,"Establishment of a Dynamic Market pursuant to section 34 of the Procurement Act 2023 for the physical supply of electricity to all Authority sites along with associated invoicing and query management services. A Dynamic Market is a procurement mechanism that:
•remains open to new suppliers throughout its duration;
•allows suppliers to apply for admission at any time;
•enables the Authority to conduct competitive selection processes among admitted suppliers",King Edmund School,,,GBP,2026-09-11,,award,,,https://www.find-tender.service.gov.uk/Notice/086640-2026,2026-09-12T11:27:06.185545+00:00
FTS,ocds-h6vhtk-06f8a2_086639-2026,P1366 - Major Adaptations for persons with a disability (MAPD) Construction Works - South Region,"P1366 - Major Adaptations works South region (formerly CT0133 Lot 2) South, Mid-Ulster, South West Areas (two Contracts). The Housing Executive wishes to procure suitably qualified and competent contractors to carry out works in relation to the provision of Major Adaptations construction works to dwellings for Persons with a Disability in the Housing Executive South Region Northern Ireland (South, Mid-Ulster, South West Areas). It is proposed to have 2 Contractors each awarded a Contract (subjec",Northern Ireland Housing Executive,,3800000.0,GBP,2026-09-11,2026-10-07,tender,active,,https://www.find-tender.service.gov.uk/Notice/086639-2026,2026-09-12T11:27:06.185551+00:00
FTS,ocds-h6vhtk-06f8a1_086638-2026,"MD_HW6MATR- Coalash Lane, Frome",Highway safety tree mitigation works,Somerset Council,,,GBP,2026-09-11,,award,complete,,https://www.find-tender.service.gov.uk/Notice/086638-2026,2026-09-12T11:27:06.185555+00:00
FTS,ocds-h6vhtk-05eab6_086637-2026,Cloud Services Provider,The scope of the tendered services covers provision of an Azure Expert Cloud Service Provider (CSP) services as well as delivering a co-managed service management model of the Azure services.,Skills Development Scotland Ltd,,,GBP,2026-09-11,,award,complete,72000000,https://www.find-tender.service.gov.uk/Notice/086637-2026,2026-09-12T11:27:06.185559+00:00
FTS,ocds-h6vhtk-06636f_086636-2026,Repairs & Maintenance and Planned Works Services Framework,"As part of our ongoing efforts to support the co-op and community-led housing sector, we have procured a managing agent for Frameworks designed to deliver flexible, technology-enabled repairs, maintenance, consultancy and major works services to us and other similar organisations.
Our managing agent, Plentific, is a UK-based property technology company that will use its platform to manage this Framework, ensuring Contracting Authorities are able to access the services offered by Suppliers admitt",CDS Cooperatives,,,GBP,2026-09-11,,award,complete,,https://www.find-tender.service.gov.uk/Notice/086636-2026,2026-09-12T11:27:06.185563+00:00
FTS,ocds-h6vhtk-06b570_086635-2026,Highways Works Term Contract (HWTC) 23261HE (Tender Stage),"Ealing Council intends to appoint a suitably qualified and experienced Supplier(s) to deliver its two-Lot Highways Works Term Contract. 
• Lot 1 – Highways Maintenance Works
• Lot 2 – Highway & Civil Improvements",London Borough of Ealing,,140000000.0,GBP,2026-09-11,2026-10-30,tender,active,,https://www.find-tender.service.gov.uk/Notice/086635-2026,2026-09-12T11:27:06.185567+00:00
FTS,ocds-h6vhtk-06ae94_086634-2026,NDRHI & GGSS Statistical and Targeted Audits,"This procurement is for the provision of an audit contractor to perform technical site audits as part of the Non-Domestic Renewable Heat Incentives programme and the Green Gas Support Scheme on behalf of Ofgem. The overarching requirements of the audit site visit, regardless of Scheme, include the successful tenderer’s auditors to:• Check the accuracy of data provided to Ofgem. This includes data provided in any reports;• Securing assurance of compliance with Ofgem’s published guidance and with ",Ofgem,,,GBP,2026-09-11,,award,complete,,https://www.find-tender.service.gov.uk/Notice/086634-2026,2026-09-12T11:27:06.185574+00:00
FTS,ocds-h6vhtk-06f8a0_086633-2026,Provision of Security Services for the Supreme Court of the United Kingdom,"The buyer is seeking proposals for the security, guarding and operational service at the Supreme Court of the United Kingdom (UKSC). The service is in place to ensure the safety of Justices, staff, contractors, visitors, and the physical site itself, as well as ensuring the work of the Court, both at its main site and any other location where the work or activities of the Court take place, are done safely and securely.",Supreme Court of the United Kingdom,,4200000.0,GBP,2026-09-11,,planning,planned,79710000,https://www.find-tender.service.gov.uk/Notice/086633-2026,2026-09-12T11:27:06.185588+00:00
FTS,ocds-h6vhtk-06eb55_086632-2026,Wolters Kluwer -UTD (Up to Date) Software,"Wolters Kluwer -UTD (Up to Date) Software
Providing ever evolving evidence based clinical decision support for clinicians to help support decision making",Mid and South Essex NHS Foundation Trust,,,GBP,2026-09-11,,award,complete,,https://www.find-tender.service.gov.uk/Notice/086632-2026,2026-09-12T11:27:06.185592+00:00
FTS,ocds-h6vhtk-06f89f_086631-2026,Scality upgrade,Professional services to upgrade existing system,Police & Crime Commissioner for Merseyside & Chief Constable for Merseyside,,,GBP,2026-09-11,,award,complete,,https://www.find-tender.service.gov.uk/Notice/086631-2026,2026-09-12T11:27:06.185595+00:00
FTS,ocds-h6vhtk-06a579_086630-2026,NEPO219 - Building Materials & Managed Stores,"The Association of North East Councils Trading as the North East Procurement Organisation (NEPO) is seeking to establish a multi-supplier, multi-lot Framework for Building Materials and Managed Stores.
NEPO intends to publish an Invitation to Tender via the Open eTendering system. Suppliers wishing to be considered for this Framework Agreement must register their expression of interest and submit a tender through the NEPO eTendering system. If not already registered, candidates should register o",The Association of North East Councils Limited (NEPO),,800000000.0,GBP,2026-09-11,2026-10-16,tender,active,,https://www.find-tender.service.gov.uk/Notice/086630-2026,2026-09-12T11:27:06.185600+00:00
FTS,ocds-h6vhtk-05fae3_086629-2026,"C1222a Development, Management, Delivery and Facilitation of the London Leadership Programme","Development, Management, Delivery and Facilitation of the London Leadership Programme for Cohorts 11-13, with a possible extension for Cohort 14.",London Councils,,,GBP,2026-09-11,,award,complete,,https://www.find-tender.service.gov.uk/Notice/086629-2026,2026-09-12T11:27:06.185605+00:00
FTS,ocds-h6vhtk-06f89e_086628-2026,Custody Image Solution,Provision of digital custody image solution to support Northumbria Police custody service.,The Police and Crime Commissioner for Northumbria,,,GBP,2026-09-11,,award,complete,,https://www.find-tender.service.gov.uk/Notice/086628-2026,2026-09-12T11:27:06.185609+00:00
FTS,ocds-h6vhtk-0601ea_086627-2026,Environmental Monitoring System Framework,"Here at the V&A we monitor the environmental conditions of our galleries using an environmental monitoring system, or EMS. Our current EMS is going end of life in 2027 so we are looking for a replacement.
We have procured a multi-supplier framework for the provision of EMS hardware, software and related services. For more information please view the associated Tender Notice",Victoria and Albert Museum,,,GBP,2026-09-11,,award,complete,,https://www.find-tender.service.gov.uk/Notice/086627-2026,2026-09-12T11:27:06.185612+00:00
FTS,ocds-h6vhtk-050f9a_086626-2026,Payroll and HR Software,,,,,GBP,2026-09-11,,tenderCancellation,,,https://www.find-tender.service.gov.uk/Notice/086626-2026,2026-09-12T11:27:06.185618+00:00
FTS,ocds-h6vhtk-06f89d_086625-2026,Passenger Transport Services 2026 - Route Based (1-8 Seat Provision),Passenger Transport Services 2026 - Route Based (1-8 Seat Provision) - Route Based (1-8 Seat Provision),West Northamptonshire Council,,,GBP,2026-09-11,,award,complete,,https://www.find-tender.service.gov.uk/Notice/086625-2026,2026-09-12T11:27:06.185621+00:00
FTS,ocds-h6vhtk-06f89c_086624-2026,Rough Sleeper Outreach and Street Support Service,"Provision of a Rough Sleeper Outreach and Street Support Service to identify, engage and support individuals who are rough sleeping or at risk of rough sleeping, including street-based outreach, engagement, support into accommodation and provision of support services with the aim of preventing and reducing homelessness.",Rochdale Borough Council,,,GBP,2026-09-11,,award,complete,,https://www.find-tender.service.gov.uk/Notice/086624-2026,2026-09-12T11:27:06.185625+00:00
FTS,ocds-h6vhtk-06aff2_086623-2026,Brighton Centre Ticketing system 2027,"Brighton & Hove City Council is seeking to appoint a concessionaire to provide a fully managed hosted ticketing solution for the Brighton Centre, one of the South East's largest entertainment and conference venues. 
The contract includes the provision, implementation and ongoing support of a hosted ticketing platform, onsite box office system, access control and ticket scanning technology, CRM and marketing services, financial settlement and reporting, customer service support, and associated ha",Brighton and Hove City Council,,73500000.0,GBP,2026-09-11,2026-10-12,tender,active,,https://www.find-tender.service.gov.uk/Notice/086623-2026,2026-09-12T11:27:06.185629+00:00
FTS,ocds-h6vhtk-06ef10_086622-2026,ALEXANDRA House Lift Refurbishment,"The intent of the Specification is that the Plant and/or the Works shall be designed, manufactured, 
supplied, installed and constructed such as to be fit for the purpose of providing",South London and Maudsley NHS Foundation Trust,,80000.0,GBP,2026-09-11,2026-09-25,tenderUpdate,active,,https://www.find-tender.service.gov.uk/Notice/086622-2026,2026-09-12T11:27:06.185633+00:00
FTS,ocds-h6vhtk-068df2_086621-2026,INVITATION TO TENDER (ITT) for the provision of Professional consultancy services to manage delivery of Herefordshire Council's school building maintenance programme,"Herefordshire Council is seeking to purchase / appoint a service provider for a multi-discipline service to prioritise, plan, coordinate and manage the delivery of its planned programme for the county's local authority maintained schools plus any emergency/contingency works (unplanned maintenance) that may arise.
The total contract value is based on consultants % fee based on estimated total construction/works value of £3m",Herefordshire Council,,,GBP,2026-09-11,,award,complete,,https://www.find-tender.service.gov.uk/Notice/086621-2026,2026-09-12T11:27:06.185637+00:00
FTS,ocds-h6vhtk-06f89b_086620-2026,Occupational Health Services,Occupational Health Services provision to South Central Ambulance Service NHS Foundation Trust and to South East Coast NHS Foundation Trust. Open to other Southern Ambulance Services Collaboration Trusts.,SOUTH CENTRAL AMBULANCE SERVICE NHS FOUNDATION TRUST,,12600000.0,GBP,2026-09-11,2026-10-09,tender,active,,https://www.find-tender.service.gov.uk/Notice/086620-2026,2026-09-12T11:27:06.185641+00:00
FTS,ocds-h6vhtk-051f92_086619-2026,Residential and Nursing Care Homes for Adults - Framework Agreement,"Nottinghamshire County Council is procuring a Framework Agreement for the provision of residential and/or nursing care home services for adults. The Council intends to appoint multiple successful bidders as Providers under the Framework.
The Framework will support individuals whose primary support needs include learning disabilities, autism, mental health needs, physical disabilities, brain injuries and sensory impairments. Services may include standard placements, short breaks, emergency placem",Nottinghamshire County Council,,,GBP,2026-09-11,2026-11-09,tenderUpdate,active,,https://www.find-tender.service.gov.uk/Notice/086619-2026,2026-09-12T11:27:06.185647+00:00
FTS,ocds-h6vhtk-06f89a_086618-2026,Evaluation of Cultural Development Fund,"Arts Council England is seeking a Contractor to deliver a rolling programme evaluation of the Cultural Development
Fund (CDF). The core aim of the evaluation is to deliver a proportionate, theory-based rolling evaluation that
consolidates and builds on existing evidence across all rounds of CDF and strengthens ongoing monitoring
demonstrating the extent to which the economic and social outcomes of CDF have been achieved at a programme
level. This will be important to tell the story of impact to ",The Arts Council of England,,,GBP,2026-09-11,,award,complete,,https://www.find-tender.service.gov.uk/Notice/086618-2026,2026-09-12T11:27:06.185651+00:00
FTS,ocds-h6vhtk-06f874_086617-2026,Crisis and Resilience Fund Hub Delivery,"The Department for Work and Pensions introduced the Crisis and Resilience Fund from 1 April 2026. The Fund provides local authorities with funding to support households experiencing financial hardship or an unexpected financial shock and to help residents build longer-term financial resilience. Southwark Council is developing a hub-and-spoke model to support the delivery of the Resilience Services and Community Coordination elements of the Fund. 
The Council is considering commissioning a Hub De",London Borough of Southwark,,2130000.0,GBP,2026-09-11,,planning,planned,,https://www.find-tender.service.gov.uk/Notice/086617-2026,2026-09-12T11:27:06.185655+00:00
FTS,ocds-h6vhtk-06f899_086616-2026,CS6100 Voluntary and Community Sector Coordinator Services,"London Borough of Tower Hamlets is committed to developing a thriving Voluntary and Community Sector (VCS) sector to assist with shaping its strategic vision and supporting the delivery of key priorities for children, young people and families. The local VCS sector is a valuable partner, and the Council invests significantly in developing and commissioning via the VCS a broad range of services to support children, young people and families that live or have links to the borough.
To support the d",London Borough of Tower Hamlets,,204019.0,GBP,2026-09-11,2026-10-06,tender,active,,https://www.find-tender.service.gov.uk/Notice/086616-2026,2026-09-12T11:27:06.185658+00:00
FTS,ocds-h6vhtk-06db5d_086615-2026,Tree Surveys Contract Award,"Broadacres has appointed a single company to deliver the tree survey programme across its whole estate. The Contract is for a period of two (2) years with an option to extend for a further one (1) year up to a maximum duration of three (3)
years.
The scope of services is to undertake a full Tree Safety and Condition Survey Programme across all Broadacres sites. This shall include
a comprehensive visual inspection of each tree, the application of the THREATS risk‑rating methodology, a structured ",Broadacres Housing Association,,,GBP,2026-09-11,,award,complete,,https://www.find-tender.service.gov.uk/Notice/086615-2026,2026-09-12T11:27:06.185666+00:00
FTS,ocds-h6vhtk-06d201_086614-2026,ID 6511316 DAERA - NIFHA - Ardglass Ice plant refurbishment,"The Northern Ireland Fishery Harbour Authority (NIFHA) is an executive Non-Departmental Public Body, established in 1973 and sponsored by Department of Agriculture, Environment and Rural Affairs (DAERA). NIFHA has the statutory obligation to improve, manage and maintain the three fishery harbours and harbour estates of Ardglass, Kilkeel and Portavogie. One of the key services provided is the commercial supply of ice to fishing vessels. NIFHA is now establishing a contract for the refurbishment o",Department of Agriculture Environment and Rural Affairs,,,GBP,2026-09-11,,award,complete,,https://www.find-tender.service.gov.uk/Notice/086614-2026,2026-09-12T11:27:06.185669+00:00
FTS,ocds-h6vhtk-06f86a_086613-2026,Provision of Service Preventative Maintenance and Extended Warranty of WHBence Mobile Breast Screening Units.,"Ongoing maintenance and extended warranty of newly purchased breast screening units. 10 year contract to include 6 services per annum, with 5 onsite. Callouts for repairs including parts and labour as well as full inspections including PAT testing to be completed. Battery replacement to be organised once required between SFT and W H Bence",SOMERSET NHS FOUNDATION TRUST,,,GBP,2026-09-11,,award,complete,,https://www.find-tender.service.gov.uk/Notice/086613-2026,2026-09-12T11:27:06.185673+00:00
FTS,ocds-h6vhtk-06f898_086612-2026,Extra Care Housing,"Sheffield City Council would like to invite providers to an Extra Care Housing Market Engagement Event on Wednesday, 30 September 2026, from 10:00 am to 12:30 pm, in Conference Rooms 4–5 at Moorfoot Building, Sheffield, S1 4PL. The event will provide an overview of the proposed Extra Care Housing Service Model and an opportunity to discuss and assess the feasibility of a provider-led allocations and nominations process.",Sheffield City Council,,5800000.0,GBP,2026-09-11,,planning,planning,,https://www.find-tender.service.gov.uk/Notice/086612-2026,2026-09-12T11:27:06.185677+00:00
FTS,ocds-h6vhtk-06f7b9_086611-2026,Mediation Service for Lewisham housing tenants and leaseholders,"ewisham Council is seeking to award a Mediation Service for Lewisham housing tenants and leaseholders.
This service will provide:
- Shuttle mediation
- Face to face mediation
- Virtual mediation
- One-party mediation
Lewisham Council Housing's anti-social behaviour (ASB) Policy states that we are committed to ensuring that our tenants and leaseholders enjoy their right to peace, quiet and security in and around their home and neighbourhood, and that we will use a range of preventative measures t",London Borough of Lewisham,,,GBP,2026-09-11,,award,complete,,https://www.find-tender.service.gov.uk/Notice/086611-2026,2026-09-12T11:27:06.185680+00:00
FTS,ocds-h6vhtk-0689e5_086610-2026,Saltburn Cliff Tramway - Maintenance,"Redcar and Cleveland Borough Council is undertaking a procurement process to appoint a contractor to carry out maintenance services, emergency response and replacement parts as required for the Saltburn Cliff Tramway.
The contract period is for an initial duration of 5 years, plus an optional 2 x 12 month optional extension periods.",Redcar and Cleveland Borough Council,,630000.0,GBP,2026-09-11,2026-10-07,tender,active,,https://www.find-tender.service.gov.uk/Notice/086610-2026,2026-09-12T11:27:06.185684+00:00
FTS,ocds-h6vhtk-06f881_086609-2026,"Corporate IT Support Service to NHS Gloucestershire Integrated Care Board and Bristol, North Somerset and South Gloucestershire Integrated Care Board","Gloucestershire ICB and Bristol, North Somerset and South Gloucestershire (BNSSG) ICB are merging to form a single integrated body in April 2027. Both organisations currently rely on external providers for the delivery of their IT services. A new, unified service model is required; one that supports the merged organisation from day one, is commercially sustainable, and is capable of evolving as the ICS matures.
Six principles shape the design of the future service:
1. Cloud-first and 'secure by ",NHS GLOUCESTERSHIRE INTEGRATED CARE BOARD,,2250000.0,GBP,2026-09-11,2026-10-12,tender,active,,https://www.find-tender.service.gov.uk/Notice/086609-2026,2026-09-12T11:27:06.185690+00:00
FTS,ocds-h6vhtk-06f880_086608-2026,"Design and Build Contract Commercial Road, Banbridge (Re-tender)","The Contract is for the complete design and build of residential housing units, specifically the completion of the 19 houses along and off Meeting House Road, Banbridge and the construction 24 Apartments along Scarva Road, Banbridge, including all associated external works, siteworks, utilities, drainage and any required interfaces with the wider development. All the units built under this contract must have ‘Secured By Design’ and ‘Lifetime Homes’ accreditation and meet the requirements outline",Arbour Housing Ltd,,4000000.0,GBP,2026-09-11,2026-10-07,tender,active,,https://www.find-tender.service.gov.uk/Notice/086608-2026,2026-09-12T11:27:06.185694+00:00
FTS,ocds-h6vhtk-04f86b_086607-2026,HCC - 10/25 - PROVISION AND MAINTENANCE OF NHS HEALTH CHECKS SOFTWARE,"Hertfordshire County Council has awarded the procurement for the Provision of Maintenance of NHS Health Checks Software 
to Prescribing Services Ltd.
The Contract Period is for a core two (2) years with the option to extend for up to two (2) further years.
The Estimated total contract value of £144000 is VAT inclusive 
This is an award notice, and this opportunity is now closed.",Hertfordshire County Council,,,GBP,2026-09-11,,award,complete,,https://www.find-tender.service.gov.uk/Notice/086607-2026,2026-09-12T11:27:06.185699+00:00
FTS,ocds-h6vhtk-056749_086606-2026,Connect to Work - Somerset Council,"The Connect to Work (Connect to Work - GOV.UK) programme is a Department for Work and Pensions (DWP) funded initiative designed to support individuals who are economically inactive or at risk of leaving employment to access and sustain suitable work.
The programme forms part of the Government's Get Britain Working strategy, which aims to reduce economic inactivity and support more people into good, sustainable employment through locally led and integrated approaches.
The purpose of this procurem",Somerset Council,,,GBP,2026-09-11,,award,complete,,https://www.find-tender.service.gov.uk/Notice/086606-2026,2026-09-12T11:27:06.185703+00:00
FTS,ocds-h6vhtk-06ed35_086605-2026,Pegasus Academy Trust - Dynamic Market for Supply of Energy,,Pegasus Academy Trust,,,GBP,2026-09-11,,award,,,https://www.find-tender.service.gov.uk/Notice/086605-2026,2026-09-12T11:27:06.185707+00:00
FTS,ocds-h6vhtk-06f87f_086604-2026,Client Transport Services 2026 - 2034 - SEND,Client Transport Services 2026 - 2034 - Lot 1 Standard Transport - Taxi/MPV (1-8 passenger seats) - SEND,Surrey County Council,,,GBP,2026-09-11,,award,complete,,https://www.find-tender.service.gov.uk/Notice/086604-2026,2026-09-12T11:27:06.185711+00:00
FTS,ocds-h6vhtk-06f87e_086603-2026,CSP26828 - Summon content discovery service subscription,"***** THIS IS A CONTRACT DETAILS NOTICE, NOT A CALL FOR COMPETITION ***** 
This procurement is being concluded without competition due to an absence of competition for technical reasons, only a particular supplier can supply the services required, and there are no reasonable alternatives to those services.
UK Research Innovation (UKRI) had a requirement for Summon content discovery service subscription to be supplied.",UK Research and Innovation,,,GBP,2026-09-11,,award,complete,,https://www.find-tender.service.gov.uk/Notice/086603-2026,2026-09-12T11:27:06.185714+00:00
FTS,ocds-h6vhtk-06f87d_086602-2026,"Columbine Community Centre - Roof Renewal Works, Walton On The Naze","Frinton & Walton Town Council invites tenders for the design, supply, and installation of a complete roof over-cladding/renewal solution at The Columbine Community Centre, Walton-on-the-Naze, CO14 8PZ, including full conversion of the existing internal (concealed) rainwater goods to a new external gutter and downpipe system, associated structural survey and sign-off, fire protection, and all associated flashings, fixings, and making good. Full requirements are set out in the Tender Specification",Frinton & Walton Town Council,,200000.0,GBP,2026-09-11,2026-11-06,tender,active,,https://www.find-tender.service.gov.uk/Notice/086602-2026,2026-09-12T11:27:06.185719+00:00
FTS,ocds-h6vhtk-05a192_086601-2026,UKRI-5134 - FUTURE INTERNET,,,,,GBP,2026-09-11,,contractTermination,,,https://www.find-tender.service.gov.uk/Notice/086601-2026,2026-09-12T11:27:06.185723+00:00
FTS,ocds-h6vhtk-06a84e_086600-2026,NMPH (Non-Medical Personal Help),"The University of Edinburgh invites you to tender for the provision Non-Medical Personal Help (NMPH) as specified in Schedule 3 - Statement of Requirements. In this ITT, references to “The University of Edinburgh” includes all of the University’s subsidiaries.",University Of Edinburgh,,,GBP,2026-09-11,,award,complete,79600000,https://www.find-tender.service.gov.uk/Notice/086600-2026,2026-09-12T11:27:06.185727+00:00
FTS,ocds-h6vhtk-06f87c_086599-2026,STA Energy Centres district heating networks and buildings work to Riba stage 3,"Working on the technical and commercial aspects of a future heat offtake project at the BRI site. This is an out of scope variation on the existing agreement.
This is not a tender opportunity.",Bristol NHS Foundation Trust.,,,GBP,2026-09-11,,award,complete,,https://www.find-tender.service.gov.uk/Notice/086599-2026,2026-09-12T11:27:06.185732+00:00
FTS,ocds-h6vhtk-06f87b_086598-2026,CWC26005 - Physiotherapy Service,"This service is for the provision of an occupational physiotherapy service for approximately 4,400 Council employees, delivering assessment, treatment and rehabilitation to support employee wellbeing, reduce sickness absence and facilitate return to work.
This contract may be utilised by other Contracting Authorities (public sector bodies) that have an agreement with the Council through a Service Level Agreement (SLA). These may include but are not limited to schools, academies and tenant manage",Wolverhampton City Council,,,GBP,2026-09-11,,award,complete,85142100,https://www.find-tender.service.gov.uk/Notice/086598-2026,2026-09-12T11:27:06.185737+00:00
FTS,ocds-h6vhtk-0503d1_086597-2026,Mental Health Day Opportunities Service - Market Engagement Event | Remote,"The Royal Borough of Kensington and Chelsea (RBKC), working in partnership with Westminster City Council (WCC), is undertaking a market engagement exercise to gather information regarding premises that may be suitable for the delivery of the proposed Adult Social Care Mental Health Day Opportunities model.
The proposed service model is expected to commence during Spring/Summer 2027 and is currently being developed following earlier market engagement activity. The model is anticipated to comprise",The Royal Borough of Kensington & Chelsea,,13921569.0,GBP,2026-09-11,,planning,planning,,https://www.find-tender.service.gov.uk/Notice/086597-2026,2026-09-12T11:27:06.185743+00:00
FTS,ocds-h6vhtk-06f87a_086596-2026,Boundary Boxes ,Supply of standard and non-standard boundary boxes. ,Southern Water Services Limited,,0.0,GBP,2026-09-11,2026-10-07,tender,active,,https://www.find-tender.service.gov.uk/Notice/086596-2026,2026-09-12T11:27:06.185747+00:00
FTS,ocds-h6vhtk-06f879_086595-2026,Paterson Trust HQ AV Setup,Paterson Trust HQ AV Setup - Equipment and Installation. 3 Quote Exercise,The Christie NHS Foundation Trust,,,GBP,2026-09-11,,award,complete,,https://www.find-tender.service.gov.uk/Notice/086595-2026,2026-09-12T11:27:06.185750+00:00
FTS,ocds-h6vhtk-06f878_086594-2026,MD_HW6M-Watchwell Drove 2026,Highway safety tree mitigation works,Somerset Council,,,GBP,2026-09-11,,award,complete,,https://www.find-tender.service.gov.uk/Notice/086594-2026,2026-09-12T11:27:06.185754+00:00
FTS,ocds-h6vhtk-06f876_086593-2026,PROVISION OF SECURITY GUARDING SERVICES AT THE BRITISH HIGH COMMISSION LUSAKA ZAMBIA,"The Foreign, Commonwealth and Development Office (FCDO) requires the provision of integrated security services for the British High Commission, Lusaka, the High Commissioner’s Residence and diplomatic staff residences located in Lusaka, Zambia.
The requirement includes:
• Static guarding services;
• Mobile patrol and response services;
• Alarm monitoring and response services;
• Access control and visitor management;
• Security supervision and management;
• Incident response and reporting;
• Ope","Foreign, Commonwealth and Development Office",,0.0,GBP,2026-09-11,,tenderUpdate,active,,https://www.find-tender.service.gov.uk/Notice/086593-2026,2026-09-12T11:27:06.185758+00:00
FTS,ocds-h6vhtk-0681e2_086592-2026,UKRI-5962-Big if True Science Accelerator,,,,,GBP,2026-09-11,,contractTermination,,,https://www.find-tender.service.gov.uk/Notice/086592-2026,2026-09-12T11:27:06.185761+00:00
FTS,ocds-h6vhtk-06f876_086591-2026,PROVISION OF SECURITY GUARDING SERVICES AT THE BRITISH HIGH COMMISSION LUSAKA ZAMBIA,"The Foreign, Commonwealth and Development Office (FCDO) requires the provision of integrated security services for the British High Commission, Lusaka, the High Commissioner’s Residence and diplomatic staff residences located in Lusaka, Zambia.
The requirement includes:
• Static guarding services;
• Mobile patrol and response services;
• Alarm monitoring and response services;
• Access control and visitor management;
• Security supervision and management;
• Incident response and reporting;
• Ope","Foreign, Commonwealth and Development Office",,0.0,GBP,2026-09-11,,tenderUpdate,active,,https://www.find-tender.service.gov.uk/Notice/086591-2026,2026-09-12T11:27:06.185765+00:00
FTS,ocds-h6vhtk-06f75e_086590-2026,ORT 0210 - Long-Term Contract for the Through-Life End-To-End Support of the Stopped Vehicle Detection Service.,"National Highways is planning a future procurement for the provision of a long-term Through-Life Support Contract for its Stopped Vehicle Detection (SVD) Service across England’s Strategic Road Network (SRN). Covering over 4,500 miles of motorways and major A roads, the SRN is a vital component of the UK’s transport infrastructure, carrying a third of all traffic and two-thirds of freight.
The requirement is expected to support approximately 27 operational SVD schemes across 6-Regions of the SRN",National Highways Limited,,37800000.0,GBP,2026-09-11,,planningUpdate,planned,,https://www.find-tender.service.gov.uk/Notice/086590-2026,2026-09-12T11:27:06.185770+00:00
FTS,ocds-h6vhtk-06f877_086589-2026,Peatland ACTION FW02 Field Ecologists Framework,"NatureScot work to improve our natural environment in Scotland and inspire everyone to care more about it. We work to ensure that all nature in Scotland - our key habitats and landscapes, all our green space and our native species - are maintained, enhanced and bring us benefits. Our priority is a nature-rich future for Scotland and an effective response to the climate emergency.
Peatland ACTION funding - from Scottish Government - primarily supports on-the-ground peatland restoration activities",Scottish Natural Heritage,,450000.0,GBP,2026-09-11,2026-11-06,tender,active,90700000,https://www.find-tender.service.gov.uk/Notice/086589-2026,2026-09-12T11:27:06.185776+00:00
FTS,ocds-h6vhtk-06f876_086588-2026,PROVISION OF SECURITY GUARDING SERVICES AT THE BRITISH HIGH COMMISSION LUSAKA ZAMBIA,"The Foreign, Commonwealth and Development Office (FCDO) requires the provision of security services for the British High Commission Lusaka, the High Commissioner’s Residence, and diplomatic staff residences located in Lusaka, Zambia. The requirement comprises the delivery of integrated security services across multiple sites, including:
24-hour static guarding services;
Mobile supervision and patrol services;
Alarm installation, monitoring and response services;
Rapid response capability;
Access","Foreign, Commonwealth and Development Office",,0.0,GBP,2026-09-11,,tender,active,,https://www.find-tender.service.gov.uk/Notice/086588-2026,2026-09-12T11:27:06.185780+00:00
FTS,ocds-h6vhtk-06f875_086587-2026,Client Transport Services 2026 - 2034 - SEND,Client Transport Services 2026 - 2034 - Lot 2 Enhanced Needs Transport - Taxi/MPV (1-8 passenger seats) - SEND,Surrey County Council,,,GBP,2026-09-11,,award,complete,,https://www.find-tender.service.gov.uk/Notice/086587-2026,2026-09-12T11:27:06.185786+00:00
FTS,ocds-h6vhtk-06a87b_086586-2026,PROVISION OF GENERAL SUPPORTED LIVING SERVICES,"Bridgend County Borough Council are looking to recommission its General Supported Living services which will include care and support funded by both Adult Social Care and the Housing Support Grant. 
The Council intends to recommission the 7 Lots under this contract where support is provided to individuals living in General Supported Living services across the Bridgend County Borough. These services will be provided by high-quality Providers who can demonstrate their experience of delivering supp",Bridgend County Borough Council,,82240000.0,GBP,2026-09-11,2026-10-30,tender,active,,https://www.find-tender.service.gov.uk/Notice/086586-2026,2026-09-12T11:27:06.185790+00:00
FTS,ocds-h6vhtk-06eedf_086585-2026,Develop an Inland Rock and Scree GIS layer,"Natural England is seeking a contractor with expertise in GIS, Earth Observation, habitat mapping and biodiversity analysis to create England-wide inland rock and scree habitat maps, using existing aerial imagery, geological, topographical and botanical datasets. The work is entirely desk-based, with no fieldwork required, and must be completed by February 2027. Deliverables include GIS datasets, metadata, technical reporting and supporting code where applicable, with outputs suitable for public",Natural England,,41667.0,GBP,2026-09-11,2026-09-14,tenderUpdate,active,,https://www.find-tender.service.gov.uk/Notice/086585-2026,2026-09-12T11:27:06.185795+00:00
FTS,ocds-h6vhtk-06f617_086584-2026,Waste Management Software Licenses and In Cab Technology,Direct award to Whitespace Work Software Limited via G Cloud 14 for 12 months for Waste Management Software Licenses and In Cab Technology.,The North Yorkshire Council,,,GBP,2026-09-11,,tenderUpdate,,48000000,https://www.find-tender.service.gov.uk/Notice/086584-2026,2026-09-12T11:27:06.185799+00:00
FTS,ocds-h6vhtk-068e3b_086583-2026,CPT_26_03 IT Service management (ITSM),"The National Audit Office (NAO) is the UK's independent public spending watchdog. It supports Parliament in holding government to account and helps improve public services through high quality audit and assurance work.
The NAO sought to appoint an experienced supplier to provide an enterprise-grade IT Service Management (ITSM) solution and associated support services for internal users across the organisation.
The requirement included the provision, implementation, configuration, and ongoing sup",National Audit Office,,,GBP,2026-09-11,,award,complete,,https://www.find-tender.service.gov.uk/Notice/086583-2026,2026-09-12T11:27:06.185803+00:00
FTS,ocds-h6vhtk-065318_086582-2026,PROVISION OF AN AUTISM COMMUNITY SUPPORT SERVICE FOR HERTFORDSHIRE,"Hertfordshire County Council intends to award the contract for the Procurement for the Provision of a Hertfordshire Autism Community Support Service to Guidepost Trust Ltd. 
This is a UK6 Contract Award Notice, and this opportunity has now closed.",Hertfordshire County Council,,,GBP,2026-09-11,,award,complete,,https://www.find-tender.service.gov.uk/Notice/086582-2026,2026-09-12T11:27:06.185807+00:00
FTS,ocds-h6vhtk-06f874_086581-2026,Crisis and Resilience Fund Hub Delivery,"'PLEASE NOTE THIS IS A PIPELINE NOTICE - NOT LIVE TENDER OPPORTUNITY - 
TENDER NOTICE TO FOLLOW'. 
The Department for Work and Pensions introduced the Crisis and Resilience Fund from 1 April 2026. The Fund provides local authorities with funding to support households experiencing financial hardship or an unexpected financial shock and to help residents build longer-term financial resilience. Southwark Council is developing a hub-and-spoke model to support the delivery of the Resilience Services ",London Borough of Southwark,,2130000.0,GBP,2026-09-11,,planning,planned,,https://www.find-tender.service.gov.uk/Notice/086581-2026,2026-09-12T11:27:06.185811+00:00
FTS,ocds-h6vhtk-06d30d_086580-2026,NGH - Nurse Call Upgrade,"Nurse Call Upgrade to Abington Ward, Holcot Ward, Balmoral Ward and Dermatology Department.",Northampton General Hospital NHS Trust,,,GBP,2026-09-11,,award,complete,,https://www.find-tender.service.gov.uk/Notice/086580-2026,2026-09-12T11:27:06.185814+00:00
FTS,ocds-h6vhtk-06f873_086579-2026,Winter Maintenance Operational Review,"Winter maintenance is a critical highway operational service which supports the Council's ability to manage highway safety, network resilience and access to key services during adverse winter weather. The contract directly supports this essential service by commissioning an independent operational review of Dudley's winter maintenance arrangements, including gritting routes, grit bin provision, public/member engagement, operational deliverability and winter service documentation.",Dudley Metropolitan Borough Council,,,GBP,2026-09-11,,award,complete,71311000,https://www.find-tender.service.gov.uk/Notice/086579-2026,2026-09-12T11:27:06.185823+00:00
FTS,ocds-h6vhtk-06f872_086578-2026,Joinery Contractors Framework,"NHS Lanarkshire Health Board (“the Board”) invites suitably qualified and experienced contractors to tender for appointment to the NHSL329-26 Joinery Contractors Framework. The framework will support the Property & Support Services Division in delivering planned, reactive, routine and emergency joinery works across NHS Lanarkshire’s healthcare estate.
The framework will comprise three lots:
Lot 1: University Hospital Monklands, works below GBP 5,000 - Lot 1 covers planned, routine, reactive and ",NHS Lanarkshire,,4300000.0,GBP,2026-09-11,2026-10-19,tender,active,45421000,https://www.find-tender.service.gov.uk/Notice/086578-2026,2026-09-12T11:27:06.185826+00:00
FTS,ocds-h6vhtk-0608c3_086577-2026,Westminster City Council's Westminster VCS Homelessness Prevention Training  Pilot,"This pilot is a place-based initiative designed to strengthen early intervention and upstream homelessness prevention through training and capacity building of the Voluntary and Community Sector (VCS) organisations. The pilot will initially be launched in North Paddington.
The procurement will secure a provider to:
•	Provide training, support and capacity building to the VCS around understanding upstream prevention, housing and homelessness, and Westminster pathways and support. 
•	Co-design a h",Westminster City Council,,,GBP,2026-09-11,,award,complete,,https://www.find-tender.service.gov.uk/Notice/086577-2026,2026-09-12T11:27:06.185830+00:00
FTS,ocds-h6vhtk-06f871_086576-2026,Alternative Education Provision Framework,The Council is looking to establish an Alternative Education Provision  Framework to support the commissioning and placement of children and young people requiring educational provision outside of mainstream settings.,Gateshead Borough Council,,,GBP,2026-09-11,,planning,planned,,https://www.find-tender.service.gov.uk/Notice/086576-2026,2026-09-12T11:27:06.185834+00:00
FTS,ocds-h6vhtk-06f870_086575-2026,Floor Scrubber Drier,Floor Scrubber Rental,London Borough of Enfield,,,GBP,2026-09-11,,award,complete,,https://www.find-tender.service.gov.uk/Notice/086575-2026,2026-09-12T11:27:06.185838+00:00
FTS,ocds-h6vhtk-06f86f_086574-2026,Spelthorne Business Growth Service,Spelthorne Borough Council is procuring a service to provide business support to start-ups and small to medium sized enterprises. This programme will be known as the Business Growth Service (BGS) and is part of Business Spelthorne.,Spelthorne Borough Council,,,GBP,2026-09-11,,award,complete,,https://www.find-tender.service.gov.uk/Notice/086574-2026,2026-09-12T11:27:06.185841+00:00
FTS,ocds-h6vhtk-06a0e2_086573-2026,UKRI-6031 Civils. Groundworks and Associated Services,"UK Research and Innovation–Science and Technology Facilities Council (UKRI-STFC) manages a diverse scientific estate supported by an established in-house maintenance and design team.
UKRI-STFC is undertaking pre-market engagement to inform a future procurement for a suitably qualified and experienced supplier to deliver civil engineering, groundworks and associated services. The services will be commissioned through individual call-off task orders and may include planned, reactive and project wo",UK Research & Innovation (UKRI),,6000000.0,GBP,2026-09-11,,planning,planned,,https://www.find-tender.service.gov.uk/Notice/086573-2026,2026-09-12T11:27:06.185847+00:00
FTS,ocds-h6vhtk-06f86e_086572-2026,New Ryetec Contractor Flail Mower Collector C2200CHS Super,"1. New - Ryetec Contractor Flail Mower Collector - C2200CHS Super
Including the following options:
1.1. Front feeder plate
1.2. Volume reduction bar
2. PTO shaft and guard
3. The machine must be fully compatible with a Valtra N135EA tractor.
4. The machine must comply with all current UK health and safety legislation, regulations, 
standards, and requirements applicable to its manufacture, supply, installation, and 
operation.
5. The supplier should be able to provide servicing, warranty support",Natural England,,30000.0,GBP,2026-09-11,2026-10-13,tender,active,,https://www.find-tender.service.gov.uk/Notice/086572-2026,2026-09-12T11:27:06.185879+00:00
FTS,ocds-h6vhtk-06f86d_086571-2026,"PGS – Pulteney Gate Scheme: Buildability, Logistics & Surveys Commission  ","Bath & North East Somerset Council is seeking to appoint a suitably experienced contractor led team to test, investigate, appraise and develop a range of deliverable options for the replacement of the Pulteney Radial Gate on the river Avon in the centre of Bath.
A range of options are being considered, including 1) a Hydro-Station 2a) Extend the existing Horseshoe Weir 2b) Create a Stepped Weir within the existing channel 3) Infill the existing channel to create new public realm 4a) Own & Operat",Bath & North East Somerset Council,,,GBP,2026-09-11,2026-11-06,planning,planned,,https://www.find-tender.service.gov.uk/Notice/086571-2026,2026-09-12T11:27:06.185888+00:00
FTS,ocds-h6vhtk-06ce04_086570-2026,NGH - Sub Mains Upgrade,To replace alcumic sub main upgrade and DB according to tender summary,Northampton General Hospital NHS Trust,,,GBP,2026-09-11,,award,complete,,https://www.find-tender.service.gov.uk/Notice/086570-2026,2026-09-12T11:27:06.185895+00:00
FTS,ocds-h6vhtk-065d2c_086569-2026,Household Goods and Associated Products and Services Framework,"Milton Keynes City Council (the ""Council"") The Council is establishing a multi-supplier Framework Agreement for Household Goods & Associated Products & Services to supply and install white goods, as well as supply, deliver and install home furnishings and flooring to properties. Each lot will be made up of a primary and a secondary supplier. The primary will be engaged in the first instance to order but in the event, primary is unable to supply or meet timeframes then secondary supplier can be e",Milton Keynes City Council,,,GBP,2026-09-11,,award,complete,,https://www.find-tender.service.gov.uk/Notice/086569-2026,2026-09-12T11:27:06.185907+00:00
FTS,ocds-h6vhtk-06a146_086568-2026,"Diagnostic Review of Adult Social Care Services, Transformation and Savings","Shropshire Council is inviting tenders for the provision of specialist consultancy support to deliver an Adult Social Care (ASC) diagnostic review and transformation roadmap. The Council is not seeking a provider to implement or support delivery of the transformation plan; implementation will remain the responsibility of the Council following completion of this contract. The Council must be left with a clear, practical and sufficiently detailed plan that can be picked up and delivered by interna",Shropshire council,,,GBP,2026-09-11,,award,complete,,https://www.find-tender.service.gov.uk/Notice/086568-2026,2026-09-12T11:27:06.185915+00:00
FTS,ocds-h6vhtk-06ec05_086567-2026,NLP Condition Survey Programme,"North Lanarkshire Properties (NLP) has a requirement to update its asset management register in respect of the condition of its property estate to ensure compliance with its statutory and legal obligations and to inform a multiyear investment strategy. The resulting dataset will form the foundation of NLP's future asset management, lifecycle investment, maintenance planning and portfolio optimisation activities. NLP manages a portfolio of approximately 990 assets. The current condition survey pr",North Lanarkshire Council,,697590.0,GBP,2026-09-11,2026-10-23,tender,active,71315300,https://www.find-tender.service.gov.uk/Notice/086567-2026,2026-09-12T11:27:06.185923+00:00
Contracts Finder,ocds-b5fd17-0a596a34-3aba-4609-bd4f-353204d21389_09066489-40dd-4c7a-8e6f-1d678d708c4e-913867,Procurement of specialized vehicle,Chemonics Group UK Limited which is implementing the Partnership Fund for a Resilient Ukraine Phase 2 (PFRU-2) Project as part of international technical assistance (hereinafter referred to as Chemonics) invites you to submit a Tender for Procurement of specialized vehicle,"Chemonics International, Inc.",,1.0,GBP,2026-09-11,2026-09-25,tender,active,34130000,https://www.contractsfinder.service.gov.uk/Notice/09066489-40dd-4c7a-8e6f-1d678d708c4e,2026-09-12T11:27:09.615001+00:00
Contracts Finder,ocds-b5fd17-4c2ae043-0412-47a8-b6bf-76e90ad0ea8b_dd9c5934-ec16-47f8-8d31-f263f5440991-913866,Consultancy Services in relation to Wembley Lift Replacement,"Consultancy Services in relation to Wembley Lift Replacement 

NHS SBS Healthcare Planning, Construction Consultancy and Ancillary Services (HPCCAS)
Framework Reference SBS10190
The Supplier has been appointed under Lot 8 Building Surveying",NHS PROPERTY SERVICES LIMITED,,44707.68,GBP,2026-09-11,2026-05-07,award,complete,71530000,https://www.contractsfinder.service.gov.uk/Notice/dd9c5934-ec16-47f8-8d31-f263f5440991-913866,2026-09-12T11:27:09.615241+00:00
Contracts Finder,ocds-b5fd17-cc55ed9c-0d21-43c8-b72c-ee735459ab85_640cf7db-3487-4127-85f5-8722398d4312-913865,GB-London: Three Rivers Local Evaluation Partner,"Peabody Trust (the Client) invites tenders from suitably qualified and experienced suppliers in relation to entering into an agreement (the Contract) to provide External Evaluation services for the Three Rivers Creative People and Places Programme (Hello Earth), and evaluation of 4 x Peabody cultural pilot projects (the Requirements).

Additional information: The contracting authority considers that this contract may be suitable for economic operators that are small or medium enterprises (SMEs",Peabody Trust,25000.0,50000.0,GBP,2026-09-11,2026-10-02,tender,active,79311410,https://www.contractsfinder.service.gov.uk/Notice/640cf7db-3487-4127-85f5-8722398d4312,2026-09-12T11:27:09.615448+00:00
Contracts Finder,ocds-b5fd17-8054d4a0-537c-4b5c-ae07-460941edb84a_e28adb29-a9e8-41d7-9891-7ead8e891195-913864,Taxi and MPV (1-8 seats) - Taxi and MPV (1-8 seats),"Tender details:

Vehicle type: Saloon 
Passenger Assistant Required:  No

Proposed Taxi Route:
From:  BN27 2DH
To: TN3 0TB   

Frequency: Monday-Friday 
Daily School Time: 08:30-15:15
 This opportunity has been distributed on SProc.net",East Sussex County Council,,,GBP,2026-09-11,2026-09-10,award,complete,60000000,https://www.contractsfinder.service.gov.uk/Notice/e28adb29-a9e8-41d7-9891-7ead8e891195-913864,2026-09-12T11:27:09.615644+00:00
Contracts Finder,ocds-b5fd17-f90e0300-6c56-475d-9eda-a74d8dffd547_52dd4ac1-7248-4ab8-989f-1561217fc584-913863,Taxi and MPV (1-8 seats) - Taxi and MPV (1-8 seats),"Vehicle type: Saloon
Passenger Assistant Required: No

Proposed Taxi Route:
From: BN10 8DS
To:  BN7 2XH

Frequency: Tuesday and Thursday only
Daily School Time:  Tuesday 09:00 to 12:00 Thursday 09:00 to 12:00
Comments for Operator: SEMH
 This opportunity has been distributed on SProc.net",East Sussex County Council,,,GBP,2026-09-11,2026-09-16,tender,active,60000000,https://www.contractsfinder.service.gov.uk/Notice/52dd4ac1-7248-4ab8-989f-1561217fc584,2026-09-12T11:27:09.615837+00:00
Contracts Finder,ocds-b5fd17-821f7ba5-5bce-4c7b-8148-1887d5012c65_4899288c-0c84-4ff7-9eec-caf01b1f2ef9-913862,Provision of Sulcus Intraocular Lenses for Complex Cataract Surgery,Specialist supply of intraocular lenses for patients undergoing complex cataract surgery.,United Lincolnshire Teaching Hospitals NHS Trust,,29167.0,GBP,2026-09-11,2026-04-01,award,complete,33731110,https://www.contractsfinder.service.gov.uk/Notice/4899288c-0c84-4ff7-9eec-caf01b1f2ef9-913862,2026-09-12T11:27:09.616057+00:00
Contracts Finder,ocds-b5fd17-a4a4f41b-cac9-45e3-94ff-ff4315316d3a_8049c1f3-8071-4542-90ee-6fad22e450f3-913861,2025-114 Direct Internet Access,"Ofgem require direct internet access delivered to its 3 office locations in London, Glasgow and Cardiff.The supplier will provide Ofgem with 2 fully diverse non contended internet facing circuits  with Ethernet Demarcation Devices with at least five (5) metres spatial separation at all points within the last-mile access tails.",Ofgem,,248940.0,GBP,2026-09-11,2026-01-01,award,complete,32412110,https://www.contractsfinder.service.gov.uk/Notice/8049c1f3-8071-4542-90ee-6fad22e450f3-913861,2026-09-12T11:27:09.616250+00:00
Contracts Finder,ocds-b5fd17-22ed2f0c-7c22-4f79-a52e-22e4925aac72_edd3a7bf-6478-455c-bacc-af68100803fa-913860,Telephony Solutions,"This Call-Off Contract will provide a fully managed, cloud-based telephony and communications platform, delivering voice services, unified communications, contact centre functionality, reporting, and administration tools through a single integrated solution. The contract includes software licences and will support the retention and transfer of telephone numbers.  The Supplier will also provide service management, maintenance, support, and access to a self-service administration portal to allow i",Ofgem,,940000.0,GBP,2026-09-11,2026-01-01,award,complete,32552310,https://www.contractsfinder.service.gov.uk/Notice/edd3a7bf-6478-455c-bacc-af68100803fa-913860,2026-09-12T11:27:09.616457+00:00
Contracts Finder,ocds-b5fd17-f380adc3-2799-44b6-aa69-5ec67a794472_ac946bf7-bab1-4643-a32f-fbf5832141d8-913859,Out of Hours Urgent Response Arboriculture Service,"To reliably deploy a suitably qualified arboriculture team, to include all necessary labour, equipment, plant and vehicles out of hours to attend locations within the borough of Newcastle -under-Lyme within one hour of notification. ""Out of hours"" is determined to be after 4pm Monday to Friday, all times (24 hours) during Saturdays, Sundays and Bank Holidays. Required deployment will be required for partially failed, failed or storm damaged or otherwise trees and woodland.",The Borough Council of Newcastle-under-Lyme,,20000.0,GBP,2026-09-11,2026-10-05,tender,active,77211300,https://www.contractsfinder.service.gov.uk/Notice/ac946bf7-bab1-4643-a32f-fbf5832141d8,2026-09-12T11:27:09.616651+00:00
Contracts Finder,ocds-b5fd17-99bad6d6-8253-46e5-99e9-906a0b1662fc_d0ca73f8-dfc5-4eb7-b5f3-2529bba832e3-913858,2026-049 Telephony Solutions for D&S,"Ofgem require a supplier to provide a fully managed, cloud-based telephony and communications platform, delivering voice services, unified communications, contact centre functionality, reporting, and administration tools through a single integrated solution. The contract includes software licences and will support the retention and transfer of telephone numbers.  The supplier will also provide service management, maintenance, support, and access to a self-service administration portal to allow i",Ofgem,,940000.0,GBP,2026-09-11,2026-01-01,award,complete,32552310,https://www.contractsfinder.service.gov.uk/Notice/d0ca73f8-dfc5-4eb7-b5f3-2529bba832e3-913858,2026-09-12T11:27:09.616835+00:00
Contracts Finder,ocds-b5fd17-62cad396-b341-4493-a321-5dc82f2cf3ba_d1a24965-a596-4a28-b5ef-c0733811af61-913857,Taxi and MPV (1-8 seats) Passenger Assistant - Taxi and MPV (1-8 seats) Passenger Assistant,"Vehicle type: Saloon 
Passenger Assistant Required:  Yes 

Proposed Taxi Route:
From:  BN27 3FT
To:   East Sussex College Eastbourne, BN21 2UF

Frequency: Wednesday-Friday, Afternoons only 
Daily School Time:
Weds: 12:30pm 
Thurs: 4pm 
Fri: 3:40pm

Comments for Operator:  
Collection in afternoons only. 
Weds: 12:30pm 
Thurs: 4pm 
Fri: 3:40pm 
 This opportunity has been distributed on SProc.net",East Sussex County Council,,,GBP,2026-09-11,2026-09-16,tender,active,60000000,https://www.contractsfinder.service.gov.uk/Notice/d1a24965-a596-4a28-b5ef-c0733811af61,2026-09-12T11:27:09.617042+00:00
Contracts Finder,ocds-b5fd17-a4e8d07b-3324-4d2a-aee4-8d919c15905a_c936cf61-dae4-45a7-88ed-4921a0bc43e4-913856,Taxi and MPV (1-8 seats) Passenger Assistant - Taxi and MPV (1-8 seats) Passenger Assistant,"Vehicle type: Saloon
Passenger Assistant Required:  Yes 

Proposed Taxi Route:
From: BN26 6FA
To:  BN7 2XH

Frequency: Tuesday and Thursday only
Daily School Time:  Tuesday 09:00 to 12:00 Thursday 09:00 to 12:00

Comments for Operator: ASD, SEMH, PA needed to avoid escaping. 
 Plenty of space directly around him, but with the PA close enough to intervene if necessary.

________________________________________
 This opportunity has been distributed on SProc.net",East Sussex County Council,,,GBP,2026-09-11,2026-09-16,tender,active,60000000,https://www.contractsfinder.service.gov.uk/Notice/c936cf61-dae4-45a7-88ed-4921a0bc43e4,2026-09-12T11:27:09.617234+00:00
Contracts Finder,ocds-b5fd17-ea360090-5bc0-4233-8db4-93a8eb8832d6_3ee2cad8-af34-4ac1-ae57-a2f8ffb723be-913855,ANPR Equipment -NS,Contract for the supply of ANPR cameras.,The Police and Crime Commissioner for Norfolk,102598.0,400000.0,GBP,2026-09-11,2026-07-17,award,complete,35125300,https://www.contractsfinder.service.gov.uk/Notice/3ee2cad8-af34-4ac1-ae57-a2f8ffb723be-913855,2026-09-12T11:27:09.617419+00:00
Contracts Finder,ocds-b5fd17-bfee228c-60fd-4e72-aac6-019e58d811d0_4705b1f0-f012-4f77-a92f-d71a7fd291e4-913854,Stanground 2025,Stanground 2025,Environment Agency,,52234.83,GBP,2026-09-11,2025-09-20,award,complete,71311000,https://www.contractsfinder.service.gov.uk/Notice/4705b1f0-f012-4f77-a92f-d71a7fd291e4-913854,2026-09-12T11:27:09.617602+00:00
Contracts Finder,ocds-b5fd17-a118a1db-818a-4fa2-ab91-13655fd837ed_08dd11cf-5540-47e8-a7a0-d8e97090d29e-913853,"QBE088 09:00 2026-09-11 Brandon to West Suffolk College (Minden House), Bury St Edmunds - 4-seater vehicle and a Passenger Assistant required - AWARD","Suffolk County Council is seeking a mini competition against the following Dynamic Purchasing System: `The supply of Passenger Transport Services`, OJEU Notice Id: 2018/S 031-067685.
      
      QBE088 09:00 2026-09-11 Brandon to West Suffolk College (Minden House), Bury St Edmunds - 4-seater vehicle and a Passenger Assistant required
      
      Further details can be found in the 'Tenders / My Tenders' area of this website, by selecting the 'View Details' button for this project.
      ",Suffolk County Council Passenger Transport,,,GBP,2026-09-11,2026-09-11,award,complete,60000000,https://www.contractsfinder.service.gov.uk/Notice/08dd11cf-5540-47e8-a7a0-d8e97090d29e-913853,2026-09-12T11:27:09.617780+00:00
Contracts Finder,ocds-b5fd17-7890541d-1932-41c1-81c5-2f0d70eedab0_64183640-3f77-4037-ae26-c47c5de2ea9f-913852,"QOC017 0900 2026-09-11 Ipswich to Compass Community School, Essex, Little Clacton (4-seater) - AWARD","Suffolk County Council is seeking a mini competition against the following Dynamic Purchasing System: `The supply of Passenger Transport Services`, OJEU Notice Id: 2018/S 031-067685.
      
      QOC017 0900 2026-09-11 Ipswich to Compass Community School, Essex, Little Clacton (4-seater)
      
      Further details can be found in the 'Tenders / My Tenders' area of this website, by selecting the 'View Details' button for this project.
      
      The deadline for returned submissions is ",Suffolk County Council Passenger Transport,,,GBP,2026-09-11,2026-09-11,award,complete,60000000,https://www.contractsfinder.service.gov.uk/Notice/64183640-3f77-4037-ae26-c47c5de2ea9f-913852,2026-09-12T11:27:09.617989+00:00
Contracts Finder,ocds-b5fd17-3332524c-4ab2-4049-b450-8d2005563225_fe58d844-3d8a-48ad-a0c2-85213bbf4d6e-913851,WBCS49 The Holt & Forest School,SEN home to school transport,Wokingham Borough Council,13690.0,85500.0,GBP,2026-09-11,2026-09-11,award,complete,60000000,https://www.contractsfinder.service.gov.uk/Notice/fe58d844-3d8a-48ad-a0c2-85213bbf4d6e-913851,2026-09-12T11:27:09.618182+00:00
Contracts Finder,ocds-b5fd17-6733db7a-e84c-4f9c-98b9-59b5c2b0f597_d5101410-db44-4525-a1a8-2108736d36c1-913850,Consultancy plus contract R Reed,"Contract to provide ongoing consultancy and development support, strengthening relational public services, embedding learning and advancing Transitional Safeguarding across partners.",City of Doncaster Council,,,GBP,2026-09-11,2026-09-09,award,complete,79411000,https://www.contractsfinder.service.gov.uk/Notice/d5101410-db44-4525-a1a8-2108736d36c1-913850,2026-09-12T11:27:09.618363+00:00
Contracts Finder,ocds-b5fd17-e5f51383-b8e2-4d50-aa3e-486a4984673c_db1be489-fbf9-4904-af32-16262dedb05c-913849,"CA18127 - Health Sciences University Further Competition via ESPO Framework 144_23 Personal Protective Equipment (PPE) & Clothing, Including Workwear, Schoolwear and Body Armour","Health Sciences University Further Competition via ESPO Framework 144_23 Personal Protective Equipment (PPE) & Clothing, Including Workwear, Schoolwear and Body Armour
Using Lot 3

To access this competition: 

Registered:
Login to https://suppliers.multiquote.com and view the opportunity CA18127.

Not registered:
Visit https://suppliers.multiquote.com then register and quote CA18127 as the reason for registration. 

 Any queries please contact MultiQuote on 020 3920 8054.",HEALTH SCIENCES UNIVERSITY,,75000.0,GBP,2026-09-11,2026-08-31,award,complete,18410000,https://www.contractsfinder.service.gov.uk/Notice/db1be489-fbf9-4904-af32-16262dedb05c-913849,2026-09-12T11:27:09.618550+00:00
Contracts Finder,ocds-b5fd17-242f5bc1-3cf8-4d99-b5b4-86bab8973e44_709443f6-6bc3-4e54-883e-ccbafc89e5f3-913848,GB-Saffron Walden: TPPL Uttlesford District Council NEPO HGV Lot 3 - 2 x 5t Compact Road Sweepers (33454),2 x 5t Compact Road Sweepers,Uttlesford District Council,,215010.0,GBP,2026-09-11,2026-08-14,award,complete,34921100,https://www.contractsfinder.service.gov.uk/Notice/709443f6-6bc3-4e54-883e-ccbafc89e5f3-913848,2026-09-12T11:27:09.618733+00:00
Contracts Finder,ocds-b5fd17-da4b5f06-c528-4e3c-a2ab-e6be4c04d2a3_acdc53db-ce29-4915-b79f-300560afd0c5-913847,GB-Preston: TPPL Preston City Council NEPO HGV Lot 3 - 1 x 16t Sweeper (31451),1 x 16t Sweeper,Preston City Council,,187842.52,GBP,2026-09-11,2026-05-08,award,complete,34921100,https://www.contractsfinder.service.gov.uk/Notice/acdc53db-ce29-4915-b79f-300560afd0c5-913847,2026-09-12T11:27:09.618999+00:00
Contracts Finder,ocds-b5fd17-9fc5985a-6ef9-4a5f-ab38-905a8cb6845b_7374de8a-5ed1-4028-bcd0-b51e63355a8c-913843,GB-Scunthorpe: TPPL North Lincolnshire Council NEPO HGV Lot 5 - 1 x 3.5t Arbor Hoist (29623),1 x 3.5t Arbor Hoist,North Lincolnshire Council,,161635.0,GBP,2026-09-11,2026-01-23,award,complete,34114000,https://www.contractsfinder.service.gov.uk/Notice/7374de8a-5ed1-4028-bcd0-b51e63355a8c-913843,2026-09-12T11:27:09.619221+00:00
Contracts Finder,ocds-b5fd17-cb1a4bf4-05e3-41a0-a9d1-00121125c9a5_f5e8117f-b41f-4fd8-a3ed-0aaf824bc6ab-913841,Feature Manipulation Engine (FME) Data Integration Licences,"Provision of the FME platform from to support the integration, transformation, automation and management of geospatial and non-spatial data across the organisation.",City of Doncaster Council,,,GBP,2026-09-11,2026-08-30,award,complete,48200000,https://www.contractsfinder.service.gov.uk/Notice/f5e8117f-b41f-4fd8-a3ed-0aaf824bc6ab-913841,2026-09-12T11:27:09.619401+00:00
Contracts Finder,ocds-b5fd17-9beb5f22-62c0-4149-8936-60bfdb71e7c9_c8f7abf9-fa93-4d59-8f1b-cf50ffc3e451-913840,Spiner247,Procurement of external support from April to September 2026 to continue developing and embedding the REIP model and support delivery of wider organisational priorities.,City of Doncaster Council,,,GBP,2026-09-11,2026-03-30,award,complete,79411000,https://www.contractsfinder.service.gov.uk/Notice/c8f7abf9-fa93-4d59-8f1b-cf50ffc3e451-913840,2026-09-12T11:27:09.619579+00:00
Contracts Finder,ocds-b5fd17-68685d5f-491c-4ceb-b83d-d086a35c482f_bf812524-769b-4cf6-9dd1-8cbedd7ee983-913839,Local SEND Reform Plan Support,"The consultant will provide strategic advice, challenge and programme support to help deliver the SEND Reform Plan in year one, drawing on prior involvement and strong knowledge of local priorities, risks and partnerships.",City of Doncaster Council,,,GBP,2026-09-11,2026-07-30,award,complete,79411000,https://www.contractsfinder.service.gov.uk/Notice/bf812524-769b-4cf6-9dd1-8cbedd7ee983-913839,2026-09-12T11:27:09.619755+00:00
Contracts Finder,ocds-b5fd17-d4eb4244-683a-42b4-a01e-48c8e3b0132b_84aa7b80-4589-4fe6-9166-8562930cbb85-913836,"Lot 5: Highways Civil Engineering works up to £499,999 (excluding VAT)",Oldbury Court Road / Symington Road Junction Footway & Visibility Improvements award via Lot 5 of BCC Highways Asset Management and Civils Framework.,Bristol City Council,,35177.52,GBP,2026-09-11,2026-08-25,award,complete,45233000,https://www.contractsfinder.service.gov.uk/Notice/84aa7b80-4589-4fe6-9166-8562930cbb85-913836,2026-09-12T11:27:09.619968+00:00
Contracts Finder,ocds-b5fd17-3e79da9d-bc92-4d40-94b9-49d0c6c31b61_982c4739-fafc-448a-b5fa-a05b02a76b62-913838,GB-Middlesbrough: TPPL Middlesbrough Council HCC Lot 2 - 10 x Nissan Vans (33353),10 x Nissan Vans,Middlesbrough Council,,318553.6,GBP,2026-09-11,2026-08-04,award,complete,34136000,https://www.contractsfinder.service.gov.uk/Notice/982c4739-fafc-448a-b5fa-a05b02a76b62-913838,2026-09-12T11:27:09.620160+00:00
Contracts Finder,ocds-b5fd17-f06e423f-d934-44ef-9942-452596f31ea7_2a33c4aa-9854-43f3-86ba-cb53d48f2c73-913837,GB-Tyne: TPPL Newcastle City Council HCC Lot 1 - 1 x Dacia Jogger Extreme Hybrid 7 Seat (32450),1 x Dacia Jogger Extreme Hybrid 7 Seat,Newcastle City Council,,19430.37,GBP,2026-09-11,2026-06-19,award,complete,34110000,https://www.contractsfinder.service.gov.uk/Notice/2a33c4aa-9854-43f3-86ba-cb53d48f2c73-913837,2026-09-12T11:27:09.620342+00:00
Contracts Finder,ocds-b5fd17-7354d234-17e6-4ea8-931a-eacdb1e66604_503c7f98-6c58-4e5d-aef6-24daee7da0e6-913835,GB-Preston: TPPL Preston City Council HCC Lot 4 - 1 x CityCat VR50d Sweeper (31953),1 x CityCat VR50d Sweeper,Preston City Council,,140000.0,GBP,2026-09-11,2026-05-14,award,complete,34921100,https://www.contractsfinder.service.gov.uk/Notice/503c7f98-6c58-4e5d-aef6-24daee7da0e6-913835,2026-09-12T11:27:09.620523+00:00
Contracts Finder,ocds-b5fd17-e1bdbcc3-1275-467b-a0d4-bc0d64d3b926_7cadc47e-72a9-4777-8ac7-9a74af2abf98-913834,CA16559 - Spelthorne Business Growth Service,"Spelthorne Borough Council is procuring a service to provide business support to start-ups and small to medium sized enterprises.

To access this competition: 

Registered:
Login to https://suppliers.multiquote.com and view the opportunity CA16559.

Not registered:
Visit https://suppliers.multiquote.com then register and quote CA16559 as the reason for registration. 

 Any queries please contact MultiQuote on 020 3920 8054.",Spelthorne Borough Council,,,GBP,2026-09-11,2025-12-01,award,complete,79411100,https://www.contractsfinder.service.gov.uk/Notice/7cadc47e-72a9-4777-8ac7-9a74af2abf98-913834,2026-09-12T11:27:09.620698+00:00
Contracts Finder,ocds-b5fd17-cfe81321-1b31-43f5-b884-7ea19ba14cc0_981e1a03-579c-4263-882c-758471232808-913829,The Provision of Court Transcription Services Lot 2,The provision of court transcription services.,Government Commercial Agency,,7200000.0,GBP,2026-09-11,2026-06-05,award,complete,79530000,https://www.contractsfinder.service.gov.uk/Notice/981e1a03-579c-4263-882c-758471232808-913829,2026-09-12T11:27:09.620897+00:00
Contracts Finder,ocds-b5fd17-f8f32c45-ad70-44a6-bc77-38cd961938a9_77c2c999-7ba2-4c7e-a5ff-9dc2215e1099-913833,ITT For Project 10204142,ITT For Project 10204142,Innovate UK,,3160.0,GBP,2026-09-11,2026-08-12,award,complete,79421100,https://www.contractsfinder.service.gov.uk/Notice/77c2c999-7ba2-4c7e-a5ff-9dc2215e1099-913833,2026-09-12T11:27:09.621085+00:00
Contracts Finder,ocds-b5fd17-a7ef56f2-7b60-4da1-9178-9744f7239467_f157a3cc-839b-47ba-9444-ff3c188fe65b-913828,The Provision of Court Transcription Services Lot 1,The provision of court transcription services.,Government Commercial Agency,,2200000.0,GBP,2026-09-11,2026-06-05,award,complete,79530000,https://www.contractsfinder.service.gov.uk/Notice/f157a3cc-839b-47ba-9444-ff3c188fe65b-913828,2026-09-12T11:27:09.621265+00:00
Contracts Finder,ocds-b5fd17-410f9180-88b3-4680-8dc2-e101cd493d08_1cf4fd63-ba6e-4ab3-bd62-e43298a843a0-913830,ITT For Project 10205536,ITT For Project 10205536,Innovate UK,,4345.0,GBP,2026-09-11,2026-08-12,award,complete,79421100,https://www.contractsfinder.service.gov.uk/Notice/1cf4fd63-ba6e-4ab3-bd62-e43298a843a0-913830,2026-09-12T11:27:09.621451+00:00
Contracts Finder,ocds-b5fd17-50d9014a-7177-4002-9fe6-0647bf477fe1_33027100-5430-47c5-b843-5c08fd5b67e3-913832,DSA - Network Security Infrastructure and Equipment,"Supply of network security infrastructure and associated support licences for Doncaster Sheffield Airport, including firewalls, network switches, wireless access points, transceivers, cabling, and cloud management solutions under the SBS DWS framework.",City of Doncaster Council,,,GBP,2026-09-11,2026-08-02,award,complete,32422000,https://www.contractsfinder.service.gov.uk/Notice/33027100-5430-47c5-b843-5c08fd5b67e3-913832,2026-09-12T11:27:09.621631+00:00
Contracts Finder,ocds-b5fd17-1672a6ff-0424-47b3-b112-952e85a884dd_fdb234f0-e2dc-4624-a2a6-925e1a1c3cf7-913831,Webex telephony and supporting hardware,"One-year renewal of the Webex contract and replacement of unsupported network switches to support modern working practices, maintain secure access to cloud services and ensure ongoing vendor support, funded from the approved ICT capital budget.",City of Doncaster Council,,,GBP,2026-09-11,2026-08-30,award,complete,64227000,https://www.contractsfinder.service.gov.uk/Notice/fdb234f0-e2dc-4624-a2a6-925e1a1c3cf7-913831,2026-09-12T11:27:09.621815+00:00
Contracts Finder,ocds-b5fd17-4763926d-c89a-499c-a098-a80b6c557646_2a9099ae-fd18-455c-8cab-c1189e2c278c-913827,ITT For Project 10203799,ITT For Project 10203799,Innovate UK,,3120.0,GBP,2026-09-11,2026-08-12,award,complete,79421100,https://www.contractsfinder.service.gov.uk/Notice/2a9099ae-fd18-455c-8cab-c1189e2c278c-913827,2026-09-12T11:27:09.622027+00:00
Contracts Finder,ocds-b5fd17-23a9e5c0-80b6-4a4e-9ad5-025340006c0a_16130627-a2bc-49f4-af97-3ed281141391-913826,Public Bus Service (Lot 5) MD870 Crediton to Tiverton,"This is a mini-competition from Lot 5 of the Devon County Council Passenger Transport Dynamic Purchasing System (CP1185-15)

For the supply and provision of local bus service 870 Crediton to Tiverton Monday to Saturday (Except Public Holidays).

The projected duration of the contract is eight years, however the Devon County Council (DCC) Passenger Transport Standard Conditions of Contract still apply, and therefore either the contractor or DCC can give notice as per the terms and conditions ",Devon County Council,,124640.0,GBP,2026-09-11,2026-07-27,award,complete,60000000,https://www.contractsfinder.service.gov.uk/Notice/16130627-a2bc-49f4-af97-3ed281141391-913826,2026-09-12T11:27:09.622216+00:00
Contracts Finder,ocds-b5fd17-306d4e5e-4216-4390-b590-3bac3cc3714f_667c6386-4098-4e05-b343-18e0a613d71d-913823,ITT For Project 10206035,ITT For Project 10206035,Innovate UK,,2400.0,GBP,2026-09-11,2026-08-12,award,complete,79421100,https://www.contractsfinder.service.gov.uk/Notice/667c6386-4098-4e05-b343-18e0a613d71d-913823,2026-09-12T11:27:09.622402+00:00
Contracts Finder,ocds-b5fd17-05ad0ace-d2a8-46b3-8f33-d41c81763330_9ae1e7c3-af8a-46de-98f8-7c0ff2b9aac0-913825,Brentingby Penstock Spindles Replacement,Brentingby Penstock Spindles Replacement,Environment Agency,,77230.44,GBP,2026-09-11,2026-09-04,award,complete,45246400,https://www.contractsfinder.service.gov.uk/Notice/9ae1e7c3-af8a-46de-98f8-7c0ff2b9aac0-913825,2026-09-12T11:27:09.622585+00:00
Contracts Finder,ocds-b5fd17-4d9355c5-f24d-4d47-97ae-0d30c6b431d1_f5d633f3-7b05-4ca1-9835-771cd02d6da5-913821,ITT For Project 10202180,ITT For Project 10202180,Innovate UK,,2850.0,GBP,2026-09-11,2026-08-12,award,complete,79421100,https://www.contractsfinder.service.gov.uk/Notice/f5d633f3-7b05-4ca1-9835-771cd02d6da5-913821,2026-09-12T11:27:09.622767+00:00
Contracts Finder,ocds-b5fd17-fe5b6ae7-b531-4ad0-868d-ff2ea093d28d_a32c67bc-0438-4c8e-91b9-3f03d459e8dc-913822,Bangladesh Carbon Market Governance & Readiness Sprint,"The UK Government's Partnering for Accelerated Climate Transitions (UK PACT) programme is inviting proposals from qualified suppliers or consortia to deliver technical assistance to the government of Bangladesh. 

Bangladesh is establishing the foundations for participation in high-integrity carbon markets, including Article 6, CORSIA and voluntary carbon markets. While progress has been made through the establishment of a carbon market framework and supporting governance arrangements, further",PALLADIUM INTERNATIONAL LIMITED,,250000.0,GBP,2026-09-11,2026-09-22,tenderAmendment,active,09000000,https://www.contractsfinder.service.gov.uk/Notice/a32c67bc-0438-4c8e-91b9-3f03d459e8dc,2026-09-12T11:27:09.622981+00:00
Contracts Finder,ocds-b5fd17-c372fdf1-fabb-414e-b883-f3c7ac383fa2_2aaf420c-9738-4d9e-b0c2-0452093beed2-913819,ITT For Project 10205935,ITT For Project 10205935,Innovate UK,,2400.0,GBP,2026-09-11,2026-08-12,award,complete,79421100,https://www.contractsfinder.service.gov.uk/Notice/2aaf420c-9738-4d9e-b0c2-0452093beed2-913819,2026-09-12T11:27:09.623182+00:00
Contracts Finder,ocds-b5fd17-4702fce1-ec5b-4c7c-b125-51416d87ea89_e0a57ad4-4155-4c3a-aadf-4020733ce696-913820,Taxi and MPV (1-8 seats) Passenger Assistant - Taxi and MPV (1-8 seats) Passenger Assistant,"ONLY BID FOR THIS ROUTE IF YOU CAN ACCOMODATE THE CHILD NEEDS
Tender details:
Vehicle type: Saloon 
Passenger Assistant Required:  Yes 

Proposed Taxi Route:
From:  BN27 4DQ
To:   Heathfield Community College, TN21 8RJ

Frequency: Monday - Friday 
Daily School Time: 8:35-15:05

Comments for Operator:  
Pupil is allergic to perfume, air fresheners and fragrances cleaning products. At risk of anaphylaxis if she does not receive immediate medical treatment (including EpiPen and oxygen)",East Sussex County Council,,,GBP,2026-09-11,2026-09-11,award,complete,60000000,https://www.contractsfinder.service.gov.uk/Notice/e0a57ad4-4155-4c3a-aadf-4020733ce696-913820,2026-09-12T11:27:09.623365+00:00
Contracts Finder,ocds-b5fd17-df2aab4b-823e-49f9-9458-fb528155c1e2_099450f2-1360-4700-ae9f-5454dface50c-913815,ITT For Project 10204792,ITT For Project 10204792,Innovate UK,,2400.0,GBP,2026-09-11,2026-08-12,award,complete,79421100,https://www.contractsfinder.service.gov.uk/Notice/099450f2-1360-4700-ae9f-5454dface50c-913815,2026-09-12T11:27:09.623559+00:00
Contracts Finder,ocds-b5fd17-a705c876-c3fb-47b3-9201-a4a18aeb6350_9a609c9a-84dc-4225-9f93-661720372ea9-913817,Public Bus Service (Lot 5) MD352 Tiverton - Tidcombe Circular,"This is a mini-competition from Lot 5 of the Devon County Council Passenger Transport Dynamic Purchasing System (CP1185-15)

For the supply and provision of local bus service 352/353 Tiverton-Tidcombe Monday to Saturday (Except Public Holidays).

The projected duration of the contract is eight years, however the Devon County Council (DCC) Passenger Transport Standard Conditions of Contract still apply, and therefore either the contractor or DCC can give notice as per the terms and conditions",Devon County Council,,1425216.0,GBP,2026-09-11,2026-07-27,award,complete,60000000,https://www.contractsfinder.service.gov.uk/Notice/9a609c9a-84dc-4225-9f93-661720372ea9-913817,2026-09-12T11:27:09.623742+00:00
Contracts Finder,ocds-b5fd17-2dafd459-ca2f-4499-859d-d5d8cb0ab32e_97a692a9-7511-4e86-bf49-9962be0e47eb-913814,GB-Darlington: TVCA-PROC-0917 - Legal Services - CRSTS Schemes,"Tees Valley Combined Authority (the 'Contracting Authority'), part of the Tees Valley Combined Authority Group have awarded a contract for the provision of legal services on transport schemes.",Tees Valley Combined Authority,,50000.0,GBP,2026-09-11,2026-07-13,award,complete,79100000,https://www.contractsfinder.service.gov.uk/Notice/97a692a9-7511-4e86-bf49-9962be0e47eb-913814,2026-09-12T11:27:09.623946+00:00
Contracts Finder,ocds-b5fd17-0e4aa96b-b280-43d7-aad9-63af97643577_2fde2709-0266-43fb-8025-7521a48eda52-913813,GB-Lyme: TPPL Newcastle Under Lyme Borough Council HCC Lot 2 - Up to 11 x 3.5t Tippers (30664),Up to 11 x 3.5t Tippers,Newcastle-under-Lyme Borough Council,,737700.0,GBP,2026-09-11,2026-03-23,award,complete,34134200,https://www.contractsfinder.service.gov.uk/Notice/2fde2709-0266-43fb-8025-7521a48eda52-913813,2026-09-12T11:27:09.624133+00:00
Contracts Finder,ocds-b5fd17-3c9f901e-84b7-40ef-b080-3348bfc6ebc3_abb1cf77-eebd-4c65-a3fd-b166bf42f2ee-913810,ITT For Project 10205342,ITT For Project 10205342,Innovate UK,,1500.0,GBP,2026-09-11,2026-08-12,award,complete,79421100,https://www.contractsfinder.service.gov.uk/Notice/abb1cf77-eebd-4c65-a3fd-b166bf42f2ee-913810,2026-09-12T11:27:09.624315+00:00
Contracts Finder,ocds-b5fd17-a876c8c4-b6e9-459b-8e94-06ffb4ffedf9_29adf3bd-1133-491b-b1fe-c35260ba623d-913812,"Front Door, Prioritisation and Pipeline Management Process - Improvement Plan","Front Door, Prioritisation and Pipeline Management Process - Improvement Plan","Department for Environment, Food & Rural Affairs",,99999.0,GBP,2026-09-11,2026-08-31,award,complete,71530000,https://www.contractsfinder.service.gov.uk/Notice/29adf3bd-1133-491b-b1fe-c35260ba623d-913812,2026-09-12T11:27:09.624498+00:00
Contracts Finder,ocds-b5fd17-94554d85-1429-4f5e-8e7a-3e19ea007a90_f40bb2c3-3ce0-41be-baba-8191e3589794-913811,Supply of Interventional Radiology & Cardiology Consumables,"Award of National Pricing Matrix (""NPM"") Reference: 300000203960616 of Supply of Interventional Radiology & Cardiology Consumables products",Leeds Teaching Hospitals NHS Trust,,676028.0,GBP,2026-09-11,2026-07-06,award,complete,33140000,https://www.contractsfinder.service.gov.uk/Notice/f40bb2c3-3ce0-41be-baba-8191e3589794-913811,2026-09-12T11:27:09.624682+00:00
Contracts Finder,ocds-b5fd17-014858a9-29ef-469a-94f7-9c5a3a6e4fc6_9cca80ce-3b7c-4cc5-a4d8-95fd1d35597e-913801,"Lot 5: Highways Civil Engineering works up to £499,999 (excluding VAT)",Award via Lot 5 of BCC Highways Asset Management and Civils Framework 2025-2029.,Bristol City Council,,67307.85,GBP,2026-09-11,2026-08-25,award,complete,45200000,https://www.contractsfinder.service.gov.uk/Notice/9cca80ce-3b7c-4cc5-a4d8-95fd1d35597e-913801,2026-09-12T11:27:09.624889+00:00
Contracts Finder,ocds-b5fd17-6a2e8db9-b343-41aa-ab76-f1454d8824f3_22df77a4-c538-4061-8741-efb180b3ea3f-913809,HRE - KLM/63RWS - Elderslie - Greenock Princes Pier,HRE - KLM/63RWS - Elderslie - Greenock Princes Pier,National Highways Limited,,247275.0,GBP,2026-09-11,2026-09-10,award,complete,34621000,https://www.contractsfinder.service.gov.uk/Notice/22df77a4-c538-4061-8741-efb180b3ea3f-913809,2026-09-12T11:27:09.625080+00:00
Contracts Finder,ocds-b5fd17-f28b3360-c34d-46a0-b4dc-ca76bc6c99f4_71d99e97-bba0-47e9-8701-d9df4281ddf9-913808,GB-Sheffield: Project Purple,Legal Services Project Purple BBFSL utilised the Government Commercial Agency (GCA) RM6360 Legal Panel for Government Lot 3 Finance and High Risk / Innovation.,British Business Financial Services Ltd,,35000.0,GBP,2026-09-11,2026-06-30,award,complete,79100000,https://www.contractsfinder.service.gov.uk/Notice/71d99e97-bba0-47e9-8701-d9df4281ddf9-913808,2026-09-12T11:27:09.625263+00:00
Contracts Finder,ocds-b5fd17-464604e7-fc34-44fe-9f49-6c1f36a2f551_ea2e2df9-f6cc-4d6c-b6be-39def56377b1-913807,GB-Doncaster: TPPL City of Doncaster Council NEPO GM & P Lot 2 - 1 x Mini Excavator Complete with Twin Axle Trailer (New) (32958),1 x Mini Excavator Complete with Twin Axle Trailer (New),Doncaster Metropolitan Borough Council,,63400.0,GBP,2026-09-11,2026-08-03,award,complete,34114000,https://www.contractsfinder.service.gov.uk/Notice/ea2e2df9-f6cc-4d6c-b6be-39def56377b1-913807,2026-09-12T11:27:09.625447+00:00
Contracts Finder,ocds-b5fd17-1c1e751c-1743-4a74-a679-034334bce8b8_01b927ef-6291-4afd-b70a-d0ffefad97e6-913806,GB-Cheltenham: TPPL Ubico Limited - Tewkesbury Borough Council - NEPO GM & P Lot 1 - 1 x Tractor Rear Mounted Side Arm Flail (New) (32470),1 x Tractor Rear Mounted Side Arm Flail (New),Ubico Limited,,25849.0,GBP,2026-09-11,2026-06-17,award,complete,16700000,https://www.contractsfinder.service.gov.uk/Notice/01b927ef-6291-4afd-b70a-d0ffefad97e6-913806,2026-09-12T11:27:09.625628+00:00
Contracts Finder,ocds-b5fd17-ac092189-b565-4451-a464-d8fee9cc1c2e_d37b6bb3-4606-4dea-8a6f-21c0de77c5e9-913798,"ITT for projects 10186992, 10185131","ITT for projects 10186992, 10185131",UK RESEARCH & INNOVATION,,6440.0,GBP,2026-09-11,2026-05-20,award,complete,79421100,https://www.contractsfinder.service.gov.uk/Notice/d37b6bb3-4606-4dea-8a6f-21c0de77c5e9-913798,2026-09-12T11:27:09.625812+00:00
Contracts Finder,ocds-b5fd17-09752526-e8a7-4276-90d8-60366c3a277d_8cffc8cc-ff76-4d27-881e-5420871592ad-913805,GB-Cheltenham: TPPL Ubico Limited - Tewkesbury Borough Council - NEPO GM & P Lot 1 - 1 x 3.5t Twin Axle Plant Trailer (New) (32457),1 x 3.5t Twin Axle Plant Trailer (New) (32457),Ubico Limited,,4560.0,GBP,2026-09-11,2026-06-30,award,complete,34223300,https://www.contractsfinder.service.gov.uk/Notice/8cffc8cc-ff76-4d27-881e-5420871592ad-913805,2026-09-12T11:27:09.626020+00:00
Contracts Finder,ocds-b5fd17-adee96ae-55b9-4214-b3dc-8f5e4fcd44f4_507af6ca-68c1-41dc-bc40-a1cf75d353d3-913804,GB-Cheltenham: TPPL Ubico Limited - Tewkesbury Borough Council - NEPO GM & P Lot 1 - 1 x Tracked Woodchipper (New) (32456),1 x Tracked Woodchipper (New),Ubico Limited,,37194.0,GBP,2026-09-11,2026-06-30,award,complete,43312200,https://www.contractsfinder.service.gov.uk/Notice/507af6ca-68c1-41dc-bc40-a1cf75d353d3-913804,2026-09-12T11:27:09.626205+00:00
Contracts Finder,ocds-b5fd17-8d5ad2e9-2338-4556-b6ce-20e0be94b9d6_969b87fc-ad56-44d8-9dae-faf4402ea24d-913800,HRE - KLM/68A - Elderslie - Greenock Princes Pier - Union Street,HRE - KLM/68A - Elderslie - Greenock Princes Pier - Union Street,National Highways Limited,,11984.0,GBP,2026-09-11,2026-09-10,award,complete,34621000,https://www.contractsfinder.service.gov.uk/Notice/969b87fc-ad56-44d8-9dae-faf4402ea24d-913800,2026-09-12T11:27:09.626387+00:00
Contracts Finder,ocds-b5fd17-6537da0d-ed30-422b-9ce4-7f5634f06bc6_deacc37c-ae0b-4309-8955-08124526ad2e-913799,RA360283 - Campaign Media Buying (HIV),"Wales HIV Testing Week 2026 and PReP Campaign Media Buying 

Public Health Wales works to protect and improve the sexual health and wellbeing of people in Wales, and to reduce health inequalities. 

The public health objective is to continue to increase the number of people testing for HIV through a free kit online or through community venues. 

The communications objectives for Wales HIV Testing Week are to build knowledge about HIV and how to test, increase motivation and encourage relev",Betsi Cadwaladr University Health Board,,,GBP,2026-09-11,2026-09-21,tender,active,80000000,https://www.contractsfinder.service.gov.uk/Notice/deacc37c-ae0b-4309-8955-08124526ad2e,2026-09-12T11:27:09.626571+00:00
Contracts Finder,ocds-b5fd17-9fc9cd90-c2ad-40d3-8347-0d5376a98122_629669b1-175e-41c9-a68d-83e10ea2374a-913792,Mobile Voice & Data Services,Provision of Mobile Connectivity Voice & Data on behalf of North Yorkshire Police. Call-off Contract awarded via Framework RM6261 via Lot 1.,York and North Yorkshire Combined Authority acting on behalf of itself and the Chief Constable of North Yorkshire Police,,109599.6,GBP,2026-09-11,2026-09-10,award,complete,64200000,https://www.contractsfinder.service.gov.uk/Notice/629669b1-175e-41c9-a68d-83e10ea2374a-913792,2026-09-12T11:27:09.626752+00:00
Contracts Finder,ocds-b5fd17-65b06def-6181-4ee8-b4ad-7c0200be37f2_42dee25d-5b07-4621-8117-eb9d2b82b47a-913797,GB-Haddington: TPPL East Lothian Council NEPO GM & P Lot 1 - 3 x John Deere 1580 Commercial Ride-on Mower (New) (32438),3 x John Deere 1580 Commercial Ride-on Mower (New),East Lothian Council,,103077.0,GBP,2026-09-11,2026-07-03,award,complete,16310000,https://www.contractsfinder.service.gov.uk/Notice/42dee25d-5b07-4621-8117-eb9d2b82b47a-913797,2026-09-12T11:27:09.626964+00:00
Contracts Finder,ocds-b5fd17-158ff930-f116-4f62-a549-a36ed6f530b8_14acfdad-cf13-4fc0-a7fd-aa12c04b3a60-913796,GB-Sheffield: Project Motion,Legal services Project Motion BBFSL utilised the Government Commercial Agency (GCA) RM6360 Legal Panel for Government Lot 3 Finance and High Risk / Innovation.,British Business Financial Services Ltd,,32000.0,GBP,2026-09-11,2026-09-01,award,complete,79100000,https://www.contractsfinder.service.gov.uk/Notice/14acfdad-cf13-4fc0-a7fd-aa12c04b3a60-913796,2026-09-12T11:27:09.627171+00:00
Contracts Finder,ocds-b5fd17-66ef96b2-aa47-4614-84c8-ec4198896e8a_e9272dd3-95af-4f66-83b9-f1b85c7d03a3-913794,"ITT for projects 10186196, 10185807, 10184750, 10182239, 10183158, 10185727, 10183007","ITT for projects 10186196, 10185807, 10184750, 10182239, 10183158, 10185727, 10183007",UK RESEARCH & INNOVATION,,22798.5,GBP,2026-09-11,2026-05-20,award,complete,79421100,https://www.contractsfinder.service.gov.uk/Notice/e9272dd3-95af-4f66-83b9-f1b85c7d03a3-913794,2026-09-12T11:27:09.627357+00:00
Contracts Finder,ocds-b5fd17-3e5882f7-8ee3-4385-87a4-f63aa4d61cb7_6ee4f9b3-f220-4803-9124-b2bf6a4760a1-913795,ITEP1246 Phase 2 HADECS for the provision of Services,"ITEP1246 Phase 2 HADECS Consultancy Services to maintain, develop, and support current HADECS workstreams, enhance the HADECS operating model, and deliver consultancy expertise for emerging or additional workstreams as required.",National Highways Limited,,1385000.0,GBP,2026-09-11,2026-09-09,award,complete,79410000,https://www.contractsfinder.service.gov.uk/Notice/6ee4f9b3-f220-4803-9124-b2bf6a4760a1-913795,2026-09-12T11:27:09.627542+00:00
Contracts Finder,ocds-b5fd17-c695fdd6-d2f2-4046-81d7-dee5bb382ca1_6291ba52-e898-4915-bf97-a63e91755439-913790,Purchase of Drones,"West Midlands Fire Service (WMFS) requires the procurement of DJI unmanned aerial vehicle (UAV) systems to enhance situational awareness, operational decision-making, and the safety of personnel across emergency response, training, and support activities.  

 

The UAV systems shall support a range of functions including, but not limited to:  

Incident reconnaissance and real-time intelligence gathering  

Search and rescue operations, Hazard identification and scene monitoring in dynam",West Midlands Fire Service,,39600.0,GBP,2026-09-11,2026-07-24,award,complete,35613000,https://www.contractsfinder.service.gov.uk/Notice/6291ba52-e898-4915-bf97-a63e91755439-913790,2026-09-12T11:27:09.627725+00:00
Contracts Finder,ocds-b5fd17-73dae913-0ea4-4bff-b3d1-0dd9cb771da6_f7cfc19a-10ef-48c7-9ddc-5fba2da17b4a-913791,Provision of Sheltered Housing Scheme - Access Control Solution,"Leicester City Council are using EEM0037 - Door Entry Framework to find a suitable contractor to perform installations of GSM/4G door entry systems at sheltered housing schemes in Leicester City and ongoing maintenance for the life of the contract.

General requirements include, but not limited to:

• All wireless Video GSM/4G Door entry and access control equipment must be vandal resistant and from the same manufacturer (all-in-one solution) granting access to remote, secured and cloud-base",Leicester City Council,83158.72,333158.72,GBP,2026-09-11,2026-08-17,award,complete,48000000,https://www.contractsfinder.service.gov.uk/Notice/f7cfc19a-10ef-48c7-9ddc-5fba2da17b4a-913791,2026-09-12T11:27:09.627945+00:00
Contracts Finder,ocds-b5fd17-cb369884-f807-4748-83ae-646d2ed20411_edf6ff88-ac71-449b-aad2-152678ba0e2b-913789,Taxi and MPV (1-8 seats) - Taxi and MPV (1-8 seats),"Vehicle type: Saloon
Passenger Assistant Required: No PA required.

Proposed Taxi Route: 
From: BN25 3HN and BN25 4PU
To:  Northease Manor, BN7 3EY

Frequency: Monday to Friday
Daily School Time: Mon-Fri 08:30-16;00

Comments for Operator: 
No PA required.
 This opportunity has been distributed on SProc.net",East Sussex County Council,,,GBP,2026-09-11,2026-09-11,award,complete,60000000,https://www.contractsfinder.service.gov.uk/Notice/edf6ff88-ac71-449b-aad2-152678ba0e2b-913789,2026-09-12T11:27:09.628132+00:00
Contracts Finder,ocds-b5fd17-7cfb0d1e-09d4-4d42-9632-f08838712350_a0ee5b73-b4c0-4acc-aad3-603eebfc29ee-913788,"ITT for projects 10187461, 10184502","ITT for projects 10187461, 10184502",UK RESEARCH & INNOVATION,,10645.0,GBP,2026-09-11,2026-05-20,award,complete,79421100,https://www.contractsfinder.service.gov.uk/Notice/a0ee5b73-b4c0-4acc-aad3-603eebfc29ee-913788,2026-09-12T11:27:09.628313+00:00
Contracts Finder,ocds-b5fd17-d72c9268-fde7-47e2-92e2-de0ff3cb4faa_c920aeee-2725-4a6b-87d2-1807e9f9e892-913787,Supply of Interventional Radiology & Interventional Cardiology Products,"Award of National Pricing Matrix (""NPM"") Reference: 300000203960616 for the supply of Interventional Radiology products National Pricing Matrix .",Leeds Teaching Hospitals NHS Trust,607840.96,506534.13,GBP,2026-09-11,2026-07-01,award,complete,33140000,https://www.contractsfinder.service.gov.uk/Notice/c920aeee-2725-4a6b-87d2-1807e9f9e892-913787,2026-09-12T11:27:09.628498+00:00
Contracts Finder,ocds-b5fd17-d5f839df-a8b6-40b3-ab56-23eecb2e1b24_02f14071-5152-4b1b-b4a8-0a4474eb6796-913785,"ITT for projects 10185913, 10182583, 10184467, 10186521, 10182744, 10186594","projects 10185913, 10182583, 10184467, 10186521, 10182744, 10186594",UK RESEARCH & INNOVATION,,29446.0,GBP,2026-09-11,2026-05-20,award,complete,79421100,https://www.contractsfinder.service.gov.uk/Notice/02f14071-5152-4b1b-b4a8-0a4474eb6796-913785,2026-09-12T11:27:09.628681+00:00
Contracts Finder,ocds-b5fd17-a9f5e5a7-2ea1-49db-98a1-abdb6a555c4f_cd353dd7-1222-476b-9a05-61fc91aa2a25-913786,HRE - RWR/61 - Berwickshire Branch - Leaderfoot Viaduct,HRE - RWR/61 - Berwickshire Branch - Leaderfoot Viaduct,National Highways Limited,,38186.0,GBP,2026-09-11,2026-09-10,award,complete,34621000,https://www.contractsfinder.service.gov.uk/Notice/cd353dd7-1222-476b-9a05-61fc91aa2a25-913786,2026-09-12T11:27:09.628882+00:00
Contracts Finder,ocds-b5fd17-f78c89a1-2b81-496b-bf07-44e76e0245eb_4095602f-0317-4eef-b069-1c051fca4c03-913784,Drummond Community Centre Refurbishment,"Drummond Community Centre is an important community facility serving residents across Grange Park and the wider Hedge End area. The proposed improvement works will enhance the building both internally and externally, ensuring it remains a welcoming, functional and well-maintained facility for the community for years to come.

Please see additional information for specification and how to apply.",Hedge End Town Council,100000.0,120000.0,GBP,2026-09-11,2026-10-19,tenderAmendment,active,45451000,https://www.contractsfinder.service.gov.uk/Notice/4095602f-0317-4eef-b069-1c051fca4c03,2026-09-12T11:27:09.629076+00:00
Contracts Finder,ocds-b5fd17-b127e810-ece3-416b-bcbd-c52c7a5f38c9_f5b7fb53-b1d9-4d76-9ead-56f51cf0f143-913783,Public Bus Service (Lot 5) MD398 Tiverton to Bampton and Dulverton,"This is a mini-competition from Lot 5 of the Devon County Council Passenger Transport Dynamic Purchasing System (CP1185-15)

For the supply and provision of local bus service 398 between Tiverton and Dulverton Monday to Saturday (Except Public Holidays).

The projected duration of the contract is eight years, however the Devon County Council (DCC) Passenger Transport Standard Conditions of Contract still apply, and therefore either the contractor or DCC can give notice as per the terms and c",Devon County Council,,1199854.64,GBP,2026-09-11,2026-07-27,award,complete,60000000,https://www.contractsfinder.service.gov.uk/Notice/f5b7fb53-b1d9-4d76-9ead-56f51cf0f143-913783,2026-09-12T11:27:09.629261+00:00
Contracts Finder,ocds-b5fd17-e9089c46-710f-4431-8f26-eb2c1fb69e3b_34c548f0-a6ea-4bb0-ac1a-b7be35674345-913641,New Hospital Programme - Hospital 2.0 Alliance (H2A) Framework Call-Off Contract for Milton Keynes University Hospital,"NHS England (NHSE) has concluded a competitive dialogue procurement under the Public Contracts Regulations 2015 for the establishment of the Hospital 2.0 Alliance Framework (""H2A Framework"") and the Hospital 2.0 Alliance Agreement.
These two instruments form the basis of a multi-supplier integrated delivery model created to deliver the New Hospital Programme (NHP). The H2A Framework provides the mechanism for NHS Trusts to award Call-Off Contracts for schemes
forming part of the New Hospital P",MILTON KEYNES UNIVERSITY HOSPITAL NHS FOUNDATION TRUST,,538000.0,GBP,2026-09-11,2026-07-03,award,complete,45215140,https://www.contractsfinder.service.gov.uk/Notice/34c548f0-a6ea-4bb0-ac1a-b7be35674345-913641,2026-09-12T11:27:09.629444+00:00
Contracts Finder,ocds-b5fd17-e7da76b0-5aa3-44db-84e6-eca8dc1b126d_90864ab6-6cb5-43b3-b7c6-72e104c043aa-913782,"QOC037 0900 2026-09-11 Hitcham to Southview School, Witham (6-seater, PA required and electric wheelchair) - AWARD","Suffolk County Council is seeking a mini competition against the following Dynamic Purchasing System: `The supply of Passenger Transport Services`, OJEU Notice Id: 2018/S 031-067685.
      
      QOC037 0900 2026-09-11 Hitcham to Southview School, Witham (6-seater, PA required and electric wheelchair)
      
      Further details can be found in the 'Tenders / My Tenders' area of this website, by selecting the 'View Details' button for this project.
      
      The deadline for returned s",Suffolk County Council Passenger Transport,,,GBP,2026-09-11,2026-09-11,award,complete,60000000,https://www.contractsfinder.service.gov.uk/Notice/90864ab6-6cb5-43b3-b7c6-72e104c043aa-913782,2026-09-12T11:27:09.629665+00:00
Contracts Finder,ocds-b5fd17-a1acafcd-deff-4129-ac30-9da303f29eab_f33f2e37-3717-416f-a05c-e67d9572878e-913781,ITT for project 10184689,ITT for project 10184689,UK RESEARCH & INNOVATION,,2825.0,GBP,2026-09-11,2026-05-20,award,complete,79421100,https://www.contractsfinder.service.gov.uk/Notice/f33f2e37-3717-416f-a05c-e67d9572878e-913781,2026-09-12T11:27:09.629887+00:00
Contracts Finder,ocds-b5fd17-676d9ce0-55c2-42db-bf08-382dcc186aea_59ea5b9c-e030-47e8-ae1c-58b1a6c5093e-913780,ITT for projects 10185686,ITT for projects 10185686,UK RESEARCH & INNOVATION,,2775.0,GBP,2026-09-11,2026-05-20,award,complete,79421100,https://www.contractsfinder.service.gov.uk/Notice/59ea5b9c-e030-47e8-ae1c-58b1a6c5093e-913780,2026-09-12T11:27:09.630075+00:00
Contracts Finder,ocds-b5fd17-bd9772d5-fa3b-45df-b378-7a807f18eae5_dc33e7ae-bf7b-47f9-b306-a84a37724387-913779,ITT For Project 10199466,ITT For Project 10199466,Innovate UK,,2557.0,GBP,2026-09-11,2026-07-01,award,complete,79421100,https://www.contractsfinder.service.gov.uk/Notice/dc33e7ae-bf7b-47f9-b306-a84a37724387-913779,2026-09-12T11:27:09.630254+00:00
Contracts Finder,ocds-b5fd17-fffc29bb-c82e-4cb2-8c48-975e855147e6_fca8027e-ed1a-4bc8-a65d-fde2e0c53dba-913776,ITT for project 10183676,ITT for project 10183676,UK RESEARCH & INNOVATION,,2865.0,GBP,2026-09-11,2026-05-20,award,complete,79421100,https://www.contractsfinder.service.gov.uk/Notice/fca8027e-ed1a-4bc8-a65d-fde2e0c53dba-913776,2026-09-12T11:27:09.630436+00:00
Contracts Finder,ocds-b5fd17-e6be5b78-6585-4714-b516-717db77db670_cdab3e25-b332-49ca-9a1f-a3a1c7b283ce-913777,ITT For Project 10199427,ITT For Project 10199427,Innovate UK,,2984.0,GBP,2026-09-11,2026-07-01,award,complete,79421100,https://www.contractsfinder.service.gov.uk/Notice/cdab3e25-b332-49ca-9a1f-a3a1c7b283ce-913777,2026-09-12T11:27:09.630616+00:00
Contracts Finder,ocds-b5fd17-ff14d528-1f48-4eed-9fc9-ac2c3a8028c8_4e4326a6-47c7-4704-9f16-9a0e13c58f74-913773,"ITT for projects 10185794, 10181029","ITT for projects 10185794, 10181029",UK RESEARCH & INNOVATION,,4572.0,GBP,2026-09-11,2026-05-20,award,complete,79421100,https://www.contractsfinder.service.gov.uk/Notice/4e4326a6-47c7-4704-9f16-9a0e13c58f74-913773,2026-09-12T11:27:09.630796+00:00
Contracts Finder,ocds-b5fd17-bcf0c771-1c15-4709-8303-e8e7ab6e0087_6cf808eb-920b-48bd-be1a-9d0a4c10bfdd-913775,ITT For Project 10199295,ITT For Project 10199295,Innovate UK,,4505.0,GBP,2026-09-11,2026-07-01,award,complete,79421100,https://www.contractsfinder.service.gov.uk/Notice/6cf808eb-920b-48bd-be1a-9d0a4c10bfdd-913775,2026-09-12T11:27:09.631019+00:00
Contracts Finder,ocds-b5fd17-e19fbed7-2748-4dcb-bc24-cc0128af5c08_3bd0b549-569b-4399-a405-c6978c9bc23c-913774,12694 - Stalybridge Multi Storey Car Park,Stalybridge Multi Storey Car Park,Tameside Metropolitan Borough Council,,5000000.0,GBP,2026-09-11,2026-05-07,award,complete,45000000,https://www.contractsfinder.service.gov.uk/Notice/3bd0b549-569b-4399-a405-c6978c9bc23c-913774,2026-09-12T11:27:09.631212+00:00
Contracts Finder,ocds-b5fd17-14c8c75f-8030-4fe0-8476-d2e28fa901aa_567b2c43-b42d-497e-855e-69d9766e85c7-913772,715899475 - Provision of Secure Air-Gapped Computing Capability for SECRET Information Processing for the Military Court Service,Contract transparency notice - Provision of Secure Air-Gapped Computing Capability for SECRET Information Processing for the Military Court Service,Ministry of Defence,,17973.6,GBP,2026-09-11,2026-08-07,award,complete,30200000,https://www.contractsfinder.service.gov.uk/Notice/567b2c43-b42d-497e-855e-69d9766e85c7-913772,2026-09-12T11:27:09.631391+00:00
Contracts Finder,ocds-b5fd17-feb8d3f3-0a87-4024-a963-6ddb60715682_35f90fe1-d158-42ab-9b98-9257bdb313c2-913771,ITT For Project 10199219,ITT For Project 10199219,Innovate UK,,3784.0,GBP,2026-09-11,2026-07-01,award,complete,79421100,https://www.contractsfinder.service.gov.uk/Notice/35f90fe1-d158-42ab-9b98-9257bdb313c2-913771,2026-09-12T11:27:09.631572+00:00
Contracts Finder,ocds-b5fd17-6a2efe42-03d8-4ad3-8025-2be1a94332ab_626e4b7d-ae3e-42aa-b63c-318a9a6c8e87-913770,"ITT for projects 10181356, 10187422, 10185847, 10186282, 10183729","ITT for projects 10181356, 10187422, 10185847, 10186282, 10183729",UK RESEARCH & INNOVATION,,7750.0,GBP,2026-09-11,2026-05-20,award,complete,79421100,https://www.contractsfinder.service.gov.uk/Notice/626e4b7d-ae3e-42aa-b63c-318a9a6c8e87-913770,2026-09-12T11:27:09.631754+00:00
Contracts Finder,ocds-b5fd17-1dead592-d8f6-42c4-8a4b-cc7de93ca3d3_a6d94489-7cfd-4a0b-98e6-fb48f96af8a7-913763,Domestic Waste Management/ In-cab Software,"Procurement of a comprehensive system initially for the Garden and Trade Waste Services which can also be used to support all waste collection activities going forward. The solution should be able to meet the following core requirements: 

Operational planning and management 

Commercial accounts management 

API for system integration 

Incab system for vehicles",Brentwood Borough Council,,145591.0,GBP,2026-09-11,2026-08-13,award,complete,30213200,https://www.contractsfinder.service.gov.uk/Notice/a6d94489-7cfd-4a0b-98e6-fb48f96af8a7-913763,2026-09-12T11:27:09.631955+00:00
Contracts Finder,ocds-b5fd17-fd64ddd0-6eef-4491-993f-a98c78b62301_27019546-d00b-4678-b5c3-04b86d28c185-913767,ITT For Project 10199541,ITT For Project 10199541,Innovate UK,,3540.0,GBP,2026-09-11,2026-07-01,award,complete,79421100,https://www.contractsfinder.service.gov.uk/Notice/27019546-d00b-4678-b5c3-04b86d28c185-913767,2026-09-12T11:27:09.632160+00:00
Contracts Finder,ocds-b5fd17-cdf4ba03-7563-4438-8bac-bb40267bee5d_216e627a-757d-4337-bbf1-5a8df6d9e89b-913769,"20266 - Proposed Single Storey Rear Bedroom and Shower Room Extension at 29 Elworthy Avenue, Halewood L26 7AA","Proposed Single Storey Rear Bedroom and Shower Room Extension at 29 Elworthy Avenue, Halewood L26 7AA",Knowsley Council,,80000.0,GBP,2026-09-11,2026-01-16,award,complete,45000000,https://www.contractsfinder.service.gov.uk/Notice/216e627a-757d-4337-bbf1-5a8df6d9e89b-913769,2026-09-12T11:27:09.632341+00:00
Contracts Finder,ocds-b5fd17-4a684625-40ba-4077-98c3-5ffca772059d_1ec617f7-c5bf-4938-b086-aab0c1987c1f-913765,"ITT for projects 10181399, 10186145, 10184181","ITT for projects 10181399, 10186145, 10184181",UK RESEARCH & INNOVATION,,4650.0,GBP,2026-09-11,2026-05-29,award,complete,79421100,https://www.contractsfinder.service.gov.uk/Notice/1ec617f7-c5bf-4938-b086-aab0c1987c1f-913765,2026-09-12T11:27:09.632522+00:00
Contracts Finder,ocds-b5fd17-345dc483-6072-4383-a0e4-160eca9649dd_211335a3-177d-4721-88be-7d9a0fd13279-913768,37292 - GRANBY PRIMARY,"This contract is for the provision of transport services - journey stated in the title of this notice. It has been awarded following a Mini Competition under Council's Dynamic Purchasing System (DPS) PAN3059 - Passenger Transport Services.

To find out more about this DPS and how to provide taxi services to the Council, please see Taxi firms tendering for contracts (leicester.gov.uk)",Leicester City Council,,35077.0,GBP,2026-09-11,2026-09-11,award,complete,60120000,https://www.contractsfinder.service.gov.uk/Notice/211335a3-177d-4721-88be-7d9a0fd13279-913768,2026-09-12T11:27:09.632708+00:00
Contracts Finder,ocds-b5fd17-634337c2-9d48-4dbc-9b52-6515d81a1ced_77aa6749-fe42-4b19-82bd-fcb5f5da79b9-913766,Call Off #6 August 2026 - Lot 4 Only,To supply Surface Dressing materials Lot 4 only (from the Highways Materials DPS),East Riding of Yorkshire Council,953100.0,1059000.0,GBP,2026-09-11,2026-08-06,award,complete,34929000,https://www.contractsfinder.service.gov.uk/Notice/77aa6749-fe42-4b19-82bd-fcb5f5da79b9-913766,2026-09-12T11:27:09.632912+00:00
Contracts Finder,ocds-b5fd17-e82ca1bc-671f-4012-9c21-fa83590bf3e2_1f18aa51-31c0-4fca-b126-91edf79b4afe-913759,Derby City Council - Bute Walk,To construct and build a row of 5 houses and associated external works.,WESTWORKS PROCUREMENT LIMITED,,1081059.41,GBP,2026-09-11,2026-05-26,award,complete,45000000,https://www.contractsfinder.service.gov.uk/Notice/1f18aa51-31c0-4fca-b126-91edf79b4afe-913759,2026-09-12T11:27:09.633101+00:00
Contracts Finder,ocds-b5fd17-c15a9366-0466-4e44-99da-8d3a6275eef7_e77bb8ab-977e-4942-a67a-5d33812a2b08-913764,20264 - Proposed Single Storey Rear WC Extension at 28 Mirfield Close Halewood L26 9XP,Proposed Single Storey Rear WC Extension at 28 Mirfield Close Halewood L26 9XP,Knowsley Council,,50000.0,GBP,2026-09-11,2026-01-16,award,complete,45000000,https://www.contractsfinder.service.gov.uk/Notice/e77bb8ab-977e-4942-a67a-5d33812a2b08-913764,2026-09-12T11:27:09.633282+00:00
Contracts Finder,ocds-b5fd17-003d3bd8-5ec1-4228-a460-862e8091d3b6_8f22181b-908f-4994-8d1a-251ec6285da5-913761,ITT For Project 10199495,ITT For Project 10199495,Innovate UK,,2975.0,GBP,2026-09-11,2026-07-01,award,complete,79421100,https://www.contractsfinder.service.gov.uk/Notice/8f22181b-908f-4994-8d1a-251ec6285da5-913761,2026-09-12T11:27:09.633461+00:00
Contracts Finder,ocds-b5fd17-f945502b-96ba-4a6d-b687-f34fd5383511_0a578f4e-e40f-4c50-a574-25f8b23c4db5-913754,"ITT for projects 10187248, 10186588, 10186499","ITT for projects 10187248, 10186588, 10186499",UK RESEARCH & INNOVATION,,4650.0,GBP,2026-09-11,2026-06-17,award,complete,79421100,https://www.contractsfinder.service.gov.uk/Notice/0a578f4e-e40f-4c50-a574-25f8b23c4db5-913754,2026-09-12T11:27:09.633666+00:00
Contracts Finder,ocds-b5fd17-9671616c-9d80-4600-bba7-786178ee0891_ba2b6246-29d8-4390-b29f-a7b4ea571ac1-913762,"20261 - Proposed Single Storey Rear Bedroom Extension at 6 Fleetwood Gardens, Kirkby, L33 1TP","Proposed Single Storey Rear Bedroom Extension at 6 Fleetwood Gardens, Kirkby, L33 1TP",Knowsley Council,,50000.0,GBP,2026-09-11,2026-01-16,award,complete,45000000,https://www.contractsfinder.service.gov.uk/Notice/ba2b6246-29d8-4390-b29f-a7b4ea571ac1-913762,2026-09-12T11:27:09.633880+00:00
Contracts Finder,ocds-b5fd17-f77baac7-2307-472a-8bcc-918109140116_1ae81ee6-097e-46d4-bcfb-d6545b45cffe-913755,ITT For Project 10199276,ITT For Project 10199276,Innovate UK,,5075.0,GBP,2026-09-11,2026-07-01,award,complete,79421100,https://www.contractsfinder.service.gov.uk/Notice/1ae81ee6-097e-46d4-bcfb-d6545b45cffe-913755,2026-09-12T11:27:09.634076+00:00
Contracts Finder,ocds-b5fd17-e75c4d59-e19e-45a6-9ac0-b8db2ce6be92_6dac0f7e-5776-454b-8cad-eeed60b5ce76-913758,CALL-OFF: Children's Services Re-Opening of the Open Select List 2025 for all Independent Placement,Provision of support in a Residential Children's Home,Lincolnshire County Council,,,GBP,2026-09-11,2025-11-10,award,complete,85000000,https://www.contractsfinder.service.gov.uk/Notice/6dac0f7e-5776-454b-8cad-eeed60b5ce76-913758,2026-09-12T11:27:09.634253+00:00
Contracts Finder,ocds-b5fd17-e4e19a7e-173e-4772-8110-3c8f7e349605_23bb39fa-a1ed-453e-82db-c9ad39c29bdb-913750,Explorance,Direct award under the SRLA Lot 4 framework agreement for Blue (Explorance).,University of Worcester,,157820.0,GBP,2026-09-11,2026-06-19,award,complete,48190000,https://www.contractsfinder.service.gov.uk/Notice/23bb39fa-a1ed-453e-82db-c9ad39c29bdb-913750,2026-09-12T11:27:09.634435+00:00
Contracts Finder,ocds-b5fd17-aeae2907-9a0f-4170-8adc-8d8f87dd8c7b_4c9bcf78-1809-419b-8b19-d4001016af1a-913751,"ITT for projects 10187527, 10186007, 10185732, 10183580","ITT for projects 10187527, 10186007, 10185732, 10183580",UK RESEARCH & INNOVATION,,6200.0,GBP,2026-09-11,2026-05-20,award,complete,79421100,https://www.contractsfinder.service.gov.uk/Notice/4c9bcf78-1809-419b-8b19-d4001016af1a-913751,2026-09-12T11:27:09.634615+00:00
Contracts Finder,ocds-b5fd17-1657b262-9df0-47d5-a9d7-6ee8b83906f5_5417b54c-cf7e-4228-80aa-588cf077528c-913753,GB-Cheltenham: TPPL Ubico Limited - Tewkesbury Borough Council - NEPO GM & P Lot 1 - 2 x Ride-on Zero Turn Mowers (New) (32432),2 x Ride-on Zero Turn Mowers (New),Ubico Limited,,43534.0,GBP,2026-09-11,2026-06-24,award,complete,16310000,https://www.contractsfinder.service.gov.uk/Notice/5417b54c-cf7e-4228-80aa-588cf077528c-913753,2026-09-12T11:27:09.634797+00:00
Contracts Finder,ocds-b5fd17-18f1cfb6-298f-40fc-8c87-8c83dc7a37b6_c72bd5d5-213a-404f-838d-f65af53f1365-913752,715765462 - RM1557.14 - Lot 2 -  G-Cloud 14 -  Project SafeSight - CAN,Transparency Only,Ministry of Defence,,,GBP,2026-09-11,2026-07-31,award,complete,72212211,https://www.contractsfinder.service.gov.uk/Notice/c72bd5d5-213a-404f-838d-f65af53f1365-913752,2026-09-12T11:27:09.634995+00:00
Contracts Finder,ocds-b5fd17-c24bda1c-7a47-4b1c-9832-eb72cf8e1d70_4684c821-96b0-4fe2-a922-35e63eb827af-913748,Waste and recycling - storage system,Waste and recycling storage system works procured via ESPO Place Framework Street Furniture Lot 3 - Outdoor Bins and Housing,Bassetlaw District Council,244921.0,293905.2,GBP,2026-09-11,2026-07-31,award,complete,34928480,https://www.contractsfinder.service.gov.uk/Notice/4684c821-96b0-4fe2-a922-35e63eb827af-913748,2026-09-12T11:27:09.635184+00:00
Contracts Finder,ocds-b5fd17-681423df-06d2-487a-844b-e6564f2710cf_38302170-b668-4ab5-bf9f-028da2a8a73c-913744,"ITT for projects 10186469, 10184661,","ITT for projects 10186469, 10184661,",UK RESEARCH & INNOVATION,,3100.0,GBP,2026-09-11,2026-06-17,award,complete,79421100,https://www.contractsfinder.service.gov.uk/Notice/38302170-b668-4ab5-bf9f-028da2a8a73c-913744,2026-09-12T11:27:09.635364+00:00
Contracts Finder,ocds-b5fd17-5e5985ad-c8e1-42e8-99a1-37a3fafafef2_d9b30b6b-6fc2-4f17-afd0-ee38820bd398-913749,PAHT - Totara Learning Management System,The Princess Alexandra Hospital NHS Trust award for Electronic Staff Learning & Talent Platform via G-Cloud 14 Framework.,The Princess Alexandra Hospital NHS Trust,80000.0,89000.0,GBP,2026-09-11,2026-02-02,award,complete,72260000,https://www.contractsfinder.service.gov.uk/Notice/d9b30b6b-6fc2-4f17-afd0-ee38820bd398-913749,2026-09-12T11:27:09.635545+00:00
Contracts Finder,ocds-b5fd17-702c4123-723f-4b50-ba2b-9f1b4ed85ca4_2c64a275-1a9f-4125-855f-2e863a3bf2b1-913746,"Queensway House, East Kilbride - Multi Works Project - Main Works Contract",This contract relates to the appointment of a contractor to refurbish and upgrade an existing HMRC facility in Scotland,H M REVENUE & CUSTOMS,,2727400.74,GBP,2026-09-11,2026-08-02,award,complete,45453000,https://www.contractsfinder.service.gov.uk/Notice/2c64a275-1a9f-4125-855f-2e863a3bf2b1-913746,2026-09-12T11:27:09.635724+00:00
Contracts Finder,ocds-b5fd17-e4d032d5-72da-4be7-a03a-099c1029ca58_f0e3bc4f-2675-4a3f-b794-87d1d868300d-913747,CBC-2091-Q-SM New replacement 'Exit Doors' - AWARD,"The Council will provide as much support and information as it can to help guide you through the quotation process. Questions asked together with the response, will be made available to all tenderers, to ensure a fair and consistent approach to all. 
       
      If there is anything you are not sure about or need clarification on, please use the Correspondence facility within the In-tend electronic tendering system. Last date for receiving questions on the In-Tend system: 26th August 2026
 ",Central Bedfordshire Council,,,GBP,2026-09-11,2026-09-01,award,complete,45421131,https://www.contractsfinder.service.gov.uk/Notice/f0e3bc4f-2675-4a3f-b794-87d1d868300d-913747,2026-09-12T11:27:09.635931+00:00
Contracts Finder,ocds-b5fd17-e68ef769-92ef-485a-bfb4-ebee93a3f1df_2e312f3c-36cd-4d01-9175-beff087041c8-913745,"12692 - Proposed Single Storey Rear / Side Bedroom and Shower Room Extension at 35 Elizabeth Road, L10 4XJ","Proposed Single Storey Rear / Side Bedroom and Shower Room Extension at 35 Elizabeth Road, L10 4XJ",Knowsley Council,,80000.0,GBP,2026-09-11,2025-09-05,award,complete,45000000,https://www.contractsfinder.service.gov.uk/Notice/2e312f3c-36cd-4d01-9175-beff087041c8-913745,2026-09-12T11:27:09.636120+00:00
Contracts Finder,ocds-b5fd17-0bc876e0-3526-4dbe-bcf3-9dd0cd25fe30_6474d4a6-c608-4f89-9897-008b42d47c43-913743,Ceremonial Event,"The Department for Culture, Media and Sport (DCMS) requires a supplier to provide an event management service for a parade in the event England win the 2026 World Cup.","Department for Culture, Media and Sport",775980.0,10000000.0,GBP,2026-09-11,2026-05-06,award,complete,79000000,https://www.contractsfinder.service.gov.uk/Notice/6474d4a6-c608-4f89-9897-008b42d47c43-913743,2026-09-12T11:27:09.636301+00:00
Contracts Finder,ocds-b5fd17-5e2808c9-0938-4520-9a0e-54e123cd757b_20cb7fad-73fe-4a3e-bad3-f73f9aadb881-913741,"ITT for project 10185767, 10181566, 10185912, 10186785","ITT for project 10185767, 10181566, 10185912, 10186785",UK RESEARCH & INNOVATION,,6150.0,GBP,2026-09-11,2026-05-20,award,complete,79421100,https://www.contractsfinder.service.gov.uk/Notice/20cb7fad-73fe-4a3e-bad3-f73f9aadb881-913741,2026-09-12T11:27:09.636483+00:00
Contracts Finder,ocds-b5fd17-40953903-3423-450d-ab0a-d1bfbaebe18f_79deb8c7-c131-4454-80b1-d79190d97736-913742,ITT For Project 10198134,ITT For Project 10198134,Innovate UK,,2400.0,GBP,2026-09-11,2026-07-01,award,complete,79421100,https://www.contractsfinder.service.gov.uk/Notice/79deb8c7-c131-4454-80b1-d79190d97736-913742,2026-09-12T11:27:09.636661+00:00
Contracts Finder,ocds-b5fd17-d8f4a72d-b2a1-45d0-b513-5d21b9a0c4db_a9dc130b-5e1d-45b1-8758-a731d490802f-913737,ITT For Project 10197874,ITT For Project 10197874,Innovate UK,,4200.0,GBP,2026-09-11,2026-07-01,award,complete,79421100,https://www.contractsfinder.service.gov.uk/Notice/a9dc130b-5e1d-45b1-8758-a731d490802f-913737,2026-09-12T11:27:09.636841+00:00
Contracts Finder,ocds-b5fd17-8f1d5340-d2b1-4b51-aa8b-2097b4f0ea69_948d0e8b-d786-479d-892b-5d9c70f79b51-913740,BWR Phase 2 - Architecture Services,Architecture services to support the planning submission of BWR Phase 2,Bath and North East Somerset Council,,325000.0,GBP,2026-09-11,2026-05-01,award,complete,71250000,https://www.contractsfinder.service.gov.uk/Notice/948d0e8b-d786-479d-892b-5d9c70f79b51-913740,2026-09-12T11:27:09.637050+00:00
Contracts Finder,ocds-b5fd17-9120ba67-68a5-4aa2-b24b-326919474bb3_8173f1e3-7574-4afa-bae1-38d2e8378a4f-913735,NCC1927 Northumberland Local Plan Transport Evidence Base,"Northumberland County Council (NCC) wishes to appoint a suitably experienced and qualified consultant to prepare a Transport Evidence Base for the county of Northumberland, in accordance with national policy, relevant national guidance and best practice. A clear, transparent, proportionate and robust transport evidence base will provide key evidence for transport solutions that deliver well-designed, sustainable and popular places and that support the preparation and delivery of a new Northumber",Northumberland County Council,,77752.0,GBP,2026-09-11,2026-08-10,award,complete,71241000,https://www.contractsfinder.service.gov.uk/Notice/8173f1e3-7574-4afa-bae1-38d2e8378a4f-913735,2026-09-12T11:27:09.637232+00:00
Contracts Finder,ocds-b5fd17-a897adf0-615e-44f1-a51f-5b8f83401cc7_bc6e7e9c-b5b5-433b-8804-931110e20565-913739,Ascent Homes - Coulson Park - Roads & Sewers,"Advance Northumberland (Developments) Limited, trading as Advance Northumberland (Developments) Ltd requires a Roads & Sewers sub-contractor for our new build housing development consisting of 57no new build plots in Coulson Park, Ashington, Northumberland.
All tender documentation can be found on the ProContract Portal",Advance Northumberland Limited,,,GBP,2026-09-11,2026-10-09,tender,active,44000000,https://www.contractsfinder.service.gov.uk/Notice/bc6e7e9c-b5b5-433b-8804-931110e20565,2026-09-12T11:27:09.637423+00:00
Contracts Finder,ocds-b5fd17-7c928731-8472-4369-969d-9fbe1668624d_6066a8d8-366d-421e-8240-b948bddb9ed6-913738,"12691 - Proposed Single Storey Side / Rear Bedroom and Shower Room Extension at 103 Bearwood Road, L33 2AF","Proposed Single Storey Side / Rear Bedroom and Shower Room Extension at 103 Bearwood Road, L33 2AF",Knowsley Council,,80000.0,GBP,2026-09-11,2025-09-05,award,complete,45000000,https://www.contractsfinder.service.gov.uk/Notice/6066a8d8-366d-421e-8240-b948bddb9ed6-913738,2026-09-12T11:27:09.637604+00:00
Contracts Finder,ocds-b5fd17-43c14a1e-5712-4bd7-9e67-32a3d2bc737e_f4f80486-48ee-4f33-b41f-dd9b5b6a144a-913736,Public Bus Service (Lot 5) MD678 Witheridge to Exeter,"This is a mini-competition from Lot 5 of the Devon County Council Passenger Transport Dynamic Purchasing System (CP1185-15)

For the supply and provision of local bus service 678 operating between Witheridge to Exeter on Wednesday only (Except Public Holidays).

The projected duration of the contract is eight years, however the Devon County Council (DCC) Passenger Transport Standard Conditions of Contract still apply, and therefore either the contractor or DCC can give notice as per the term",Devon County Council,,130440.0,GBP,2026-09-11,2026-07-27,award,complete,60000000,https://www.contractsfinder.service.gov.uk/Notice/f4f80486-48ee-4f33-b41f-dd9b5b6a144a-913736,2026-09-12T11:27:09.637785+00:00
Contracts Finder,ocds-b5fd17-be911b7b-cca6-46db-bca0-f3e2ac6511f1_76e361c4-afca-42c5-b28a-17881aae7f17-913731,ITT for projects 10185092 10182326 10181016 10185215 10181785,ITT for projects 10185092 10182326 10181016 10185215 10181785,UK RESEARCH & INNOVATION,,7825.0,GBP,2026-09-11,2026-05-20,award,complete,79421100,https://www.contractsfinder.service.gov.uk/Notice/76e361c4-afca-42c5-b28a-17881aae7f17-913731,2026-09-12T11:27:09.637990+00:00
Contracts Finder,ocds-b5fd17-312c9a39-43de-49fb-ad8e-e655a0a388ad_21497ee5-a7c9-4a10-bb76-c22e23fc94ef-913726,ITT For Project 10197314,ITT For Project 10197314,Innovate UK,,1850.0,GBP,2026-09-11,2026-07-01,award,complete,79421100,https://www.contractsfinder.service.gov.uk/Notice/21497ee5-a7c9-4a10-bb76-c22e23fc94ef-913726,2026-09-12T11:27:09.638180+00:00
Contracts Finder,ocds-b5fd17-3509b8c5-db75-4ea9-9510-86528efde446_e18796bf-e276-4a7b-92d7-df15b160aa0f-913734,C244415 - Marketing Automation Tool,"C244415 - Marketing Automation Tool

Additional information: 
This notice is being published to correct the contract value information previously reported on Contracts Finder. The original notice (Notice identifier: 2024/S 000-003780) did not include the value of the extension options contained within the contract. The revised value reflects the maximum potential contract value for the full term of the contract, including all extension periods.",NHS Blood and Transplant,,3151102.0,GBP,2026-09-11,2023-08-31,award,complete,48000000,https://www.contractsfinder.service.gov.uk/Notice/e18796bf-e276-4a7b-92d7-df15b160aa0f-913734,2026-09-12T11:27:09.638364+00:00
Contracts Finder,ocds-b5fd17-d8d07ef8-9c19-4f93-b03a-a88833a8fae7_f18d5e87-dc79-4c9d-a6b6-933263e581fe-913733,37290 - CITY OF LEICESTER COLLEGE,"This contract is for the provision of transport services - journey stated in the title of this notice. It has been awarded following a Mini Competition under Council's Dynamic Purchasing System (DPS) PAN3059 - Passenger Transport Services.

To find out more about this DPS and how to provide taxi services to the Council, please see Taxi firms tendering for contracts (leicester.gov.uk)",Leicester City Council,,31356.0,GBP,2026-09-11,2026-09-11,award,complete,60120000,https://www.contractsfinder.service.gov.uk/Notice/f18d5e87-dc79-4c9d-a6b6-933263e581fe-913733,2026-09-12T11:27:09.638555+00:00
Contracts Finder,ocds-b5fd17-9a91f3e1-1ec0-49d2-aa96-26dc8b457d03_b3448720-c279-4d1d-9b0b-88c0d9e05061-913732,SCC - KC - St. Martins CoE Demountable Classrooms,"This tender relates to Demountable Classrooms works at St Martin's Church of England Primary School, Ranmore Road, Dorking RH4 1HW.
      
      The Works comprise the:
      - design, manufacture, delivery and installation of modular classroom
      accommodation;
      - associated groundworks and connections;
      - mechanical and electrical services installations;
      - internal fit-out and finishes;
      - testing, commissioning and handover.
      
      This project is being",SURREY COUNTY COUNCIL,,,GBP,2026-09-11,2026-06-11,award,complete,45000000,https://www.contractsfinder.service.gov.uk/Notice/b3448720-c279-4d1d-9b0b-88c0d9e05061-913732,2026-09-12T11:27:09.638738+00:00
Contracts Finder,ocds-b5fd17-aea7ceb5-b128-4ff7-8863-d78d88f3be94_1583d4ba-4d93-449f-89dd-2a349d97a52f-913729,"QOC951 09:00 2026-09-11 Stowlongtoft to Let's Kick It, Cambridge Education Centre, Cambs - 4-seater vehicle required and a 7pm collection - AWARD","Suffolk County Council is seeking a mini competition against the following Dynamic Purchasing System: `The supply of Passenger Transport Services`, OJEU Notice Id: 2018/S 031-067685.
      
      QOC951 09:00 2026-09-11 Stowlongtoft to Let's Kick It, Cambridge Education Centre, Cambs - 4-seater vehicle required and a 7pm collection
      
      Further details can be found in the 'Tenders / My Tenders' area of this website, by selecting the 'View Details' button for this project.
      
  ",Suffolk County Council Passenger Transport,,,GBP,2026-09-11,2026-09-11,award,complete,60000000,https://www.contractsfinder.service.gov.uk/Notice/1583d4ba-4d93-449f-89dd-2a349d97a52f-913729,2026-09-12T11:27:09.638941+00:00
Contracts Finder,ocds-b5fd17-8ddfffd1-7db1-42f2-9d68-07205fe9977e_e2845ce2-9a61-48c4-ad6c-7d4fc45285b0-913727,Land Assessment Project,"Delivery of a Local Investment in Natural Capital (LINC) funded project, a Land Assessment Project. The purpose of the project is to explore the potential of Council owned assets to contribute to nature recovery and provide an investable solution for nature markets / green finance.",Cumberland Council,,99730.0,GBP,2026-09-11,2026-03-13,award,complete,71351220,https://www.contractsfinder.service.gov.uk/Notice/e2845ce2-9a61-48c4-ad6c-7d4fc45285b0-913727,2026-09-12T11:27:09.639144+00:00
Contracts Finder,ocds-b5fd17-7d0418dc-3058-415c-875a-f8ba52d166e2_6df3e4dc-6cf0-4253-bad2-8df4c9969ffd-913725,PDF Framework - Skid Resistance resurf 2026-27 North Works Pk2.07,PDF Framework - Skid Resistance resurf 2026-27 North Works Pk2.07,National Highways Limited,,400212.88,GBP,2026-09-11,2026-08-17,award,complete,45233210,https://www.contractsfinder.service.gov.uk/Notice/6df3e4dc-6cf0-4253-bad2-8df4c9969ffd-913725,2026-09-12T11:27:09.639330+00:00
Contracts Finder,ocds-b5fd17-c6b615fb-f720-40f4-b616-1336022e8de0_cd216224-a18a-4c42-963a-046d18230f00-913720,ITT For Project 10197290,ITT For Project 10197290,Innovate UK,,3200.0,GBP,2026-09-11,2026-07-01,award,complete,79421100,https://www.contractsfinder.service.gov.uk/Notice/cd216224-a18a-4c42-963a-046d18230f00-913720,2026-09-12T11:27:09.639515+00:00
Contracts Finder,ocds-b5fd17-9f1d90e0-927d-48c0-b305-ea1b9e510ff1_5a98ecda-0977-497d-8f66-1bf5aeeee5db-913724,"Nitric Gas Therapy - Gas, Cylinder Rental & Medical Equipment  Rental","Award for the supply of Nitric Gas Therapy (Gas, Cylinder Rental & Medical Equipment 
Rental) using the Total Pharmaceutical Medical Gas Solutions (NOE.0603), under Lot 3 for Nitric Oxide Therapy.",Nottingham University Hospitals NHS Trust,,315369.34,GBP,2026-09-11,2026-02-15,award,complete,24111500,https://www.contractsfinder.service.gov.uk/Notice/5a98ecda-0977-497d-8f66-1bf5aeeee5db-913724,2026-09-12T11:27:09.639696+00:00
Contracts Finder,ocds-b5fd17-ca08a911-b40e-41fb-ab13-211eebc16f27_ba507ed5-394a-4ee8-8ec4-f3d004fb7c74-913717,"ITT for project 10181178, 10183605, 10186875, 10186254, 10182416","ITT for project 10181178, 10183605, 10186875, 10186254, 10182416",UK RESEARCH & INNOVATION,,7775.0,GBP,2026-09-11,2026-05-20,award,complete,79421100,https://www.contractsfinder.service.gov.uk/Notice/ba507ed5-394a-4ee8-8ec4-f3d004fb7c74-913717,2026-09-12T11:27:09.639897+00:00
Contracts Finder,ocds-b5fd17-22c7e563-b00b-4fa8-8ff9-5c29dd43bfaf_6b51faae-d4a5-4f5c-a01a-5587122de1b9-913722,PDF Framework - A31 Merley Lighting Asset Replacement,PDF Framework - A31 Merley Lighting Asset Replacement,National Highways Limited,,110585.3,GBP,2026-09-11,2026-08-14,award,complete,45233210,https://www.contractsfinder.service.gov.uk/Notice/6b51faae-d4a5-4f5c-a01a-5587122de1b9-913722,2026-09-12T11:27:09.640085+00:00
Contracts Finder,ocds-b5fd17-571ba6c7-f8ae-4d4a-9c6e-bb1ab5ab0a0a_a1305551-824e-4a5b-928e-5043a5bf2f5b-913719,WHHT - Staff Deployment Software (Optima),West Hertfordshire Teaching Hospital NHS Trust award for Staff Deployment Software via LLP Digital Technology Solutions Framework.,West Hertfordshire Teaching Hospital NHS Trust,700000.0,780000.0,GBP,2026-09-11,2026-05-11,award,complete,72260000,https://www.contractsfinder.service.gov.uk/Notice/a1305551-824e-4a5b-928e-5043a5bf2f5b-913719,2026-09-12T11:27:09.640268+00:00
Contracts Finder,ocds-b5fd17-116804e6-cc7c-410b-9801-d6f2a44adb2a_4656a876-6b5b-4704-82d6-4b7f6d507080-913721,SB420 2026-09-08 09.00 Brettenham to Stowupland High School 8 seats - AWARD,"Suffolk County Council is seeking a mini competition against the following Dynamic Purchasing System: `The supply of Passenger Transport Services`, OJEU Notice Id: 2018/S 031-067685.
      
      SB420 2026-09-08 09.00 Brettenham to Stowupland High School 8 seats
      
      Further details can be found in the 'Tenders / My Tenders' area of this website, by selecting the 'View Details' button for this project.
      
      The deadline for returned submissions is TUESDAY 8TH SEPTEMBER 202",Suffolk County Council Passenger Transport,,,GBP,2026-09-11,2026-09-08,award,complete,60000000,https://www.contractsfinder.service.gov.uk/Notice/4656a876-6b5b-4704-82d6-4b7f6d507080-913721,2026-09-12T11:27:09.640445+00:00
Contracts Finder,ocds-b5fd17-44dcd0d3-a787-4057-8580-6f163413a468_05d0f2a9-9962-4c70-8db1-b68f5752846b-913710,ITT For Project 10197256,ITT For Project 10197256,Innovate UK,,2400.0,GBP,2026-09-11,2026-07-01,award,complete,79421100,https://www.contractsfinder.service.gov.uk/Notice/05d0f2a9-9962-4c70-8db1-b68f5752846b-913710,2026-09-12T11:27:09.640627+00:00
Contracts Finder,ocds-b5fd17-13ff9ed0-537b-49e8-87d3-59ea8b6c10a7_eedcac87-86f9-47e4-b5ef-f9eeb9d6372f-913716,CALL-OFF: Children's Services Re-Opening of the Open Select List 2025 for all Independent Placement,Provision of supported accommodation,Lincolnshire County Council,,,GBP,2026-09-11,2025-11-10,award,complete,85000000,https://www.contractsfinder.service.gov.uk/Notice/eedcac87-86f9-47e4-b5ef-f9eeb9d6372f-913716,2026-09-12T11:27:09.640804+00:00
Contracts Finder,ocds-b5fd17-c492926e-6e41-473e-9511-6996832b2bde_20120884-8d97-4cd5-95fe-3b829d1d618f-913711,GB-Cheltenham: TPPL Ubico Limited - Tewkesbury Borough Council and Forest of Dean District Council - NEPO GM & P Lot 1 - 6 x Mowers (New) (32330),"6 x Mowers (New)

Additional information: Initially tendered for 6 x mowers, later the member awarded 4 x mowers for Tewkesbury Borough Council, and 1 x mower for Forest of Dean District Council.",Ubico Limited,,58860.0,GBP,2026-09-11,2026-06-15,award,complete,16310000,https://www.contractsfinder.service.gov.uk/Notice/20120884-8d97-4cd5-95fe-3b829d1d618f-913711,2026-09-12T11:27:09.641010+00:00
Contracts Finder,ocds-b5fd17-9bf9aacf-7cb9-471d-9483-222b40f9c2c5_86d8287c-afd7-4aa5-99ba-879b77eba9f0-913705,Mental health support service for adolescent asylum seekers and refugees,A contract for the supply of specialist mental health support for young Ukrainians.,Gloucestershire County Council,,50000.0,GBP,2026-09-11,2026-07-23,award,complete,85000000,https://www.contractsfinder.service.gov.uk/Notice/86d8287c-afd7-4aa5-99ba-879b77eba9f0-913705,2026-09-12T11:27:09.641198+00:00
Contracts Finder,ocds-b5fd17-e5e867eb-3836-48b8-88e4-3b5b6854e667_2a3b3d8f-46d2-4a18-bae3-73285ba60ddf-913708,"Supply, Installation and Maintenance of Car Parking Equipment and removal and disposal of replaced parking machines and associated equipment.",Lot 2 - Pay on Foot Solutions.,Swindon Borough Council,,660365.4,GBP,2026-09-11,2026-04-27,award,complete,38700000,https://www.contractsfinder.service.gov.uk/Notice/2a3b3d8f-46d2-4a18-bae3-73285ba60ddf-913708,2026-09-12T11:27:09.641380+00:00
Contracts Finder,ocds-b5fd17-e3301484-d4a6-47db-8a4d-033ae5e647e2_d14a85e1-073a-40e8-8da0-144f0da58b07-913700,"ITT for projects 10184638, 10186002, 10183834, 10183239, 10182142","ITT for projects 10184638, 10186002, 10183834, 10183239, 10182142",UK RESEARCH & INNOVATION,,17555.0,GBP,2026-09-11,2026-05-20,award,complete,79421100,https://www.contractsfinder.service.gov.uk/Notice/d14a85e1-073a-40e8-8da0-144f0da58b07-913700,2026-09-12T11:27:09.641560+00:00
Contracts Finder,ocds-b5fd17-46877a26-f069-4a98-9880-defacbc3db34_f01fa711-b621-4d05-877f-20352148a699-913701,ITT For Project 10196868,ITT For Project 10196868,Innovate UK,,2950.0,GBP,2026-09-11,2026-07-01,award,complete,79421100,https://www.contractsfinder.service.gov.uk/Notice/f01fa711-b621-4d05-877f-20352148a699-913701,2026-09-12T11:27:09.641741+00:00
Contracts Finder,ocds-b5fd17-7db65285-0c3a-4421-8ae1-7b6ac2f9c97e_f3a37129-bd1a-4eaa-a512-b765c80d635c-913704,External Legal Support for The Independent Monitoring Authority - 2026,This contract is for external legal services as detailed within the contract.  This was competed under RM6360 Legal Panel for Government framework.,Ministry of Justice,,200000.0,GBP,2026-09-11,2026-07-27,award,complete,79100000,https://www.contractsfinder.service.gov.uk/Notice/f3a37129-bd1a-4eaa-a512-b765c80d635c-913704,2026-09-12T11:27:09.641941+00:00
Contracts Finder,ocds-b5fd17-5cd9d154-af0d-4ea2-8bb8-1a80c400f255_7db52afc-8b2f-4b56-9c21-5fa65dd80657-913703,"QOC923 09:00 2026-09-10 Combs to Gretton School, Girton, Cambs - 4-seater vehicle & a Passenger Assistant required - AWARD","Suffolk County Council is seeking a mini competition against the following Dynamic Purchasing System: `The supply of Passenger Transport Services`, OJEU Notice Id: 2018/S 031-067685.
      
      QOC923 09:00 2026-09-10 Combs to Gretton School, Girton, Cambs - 4-seater vehicle & a Passenger Assistant required
      
      Further details can be found in the 'Tenders / My Tenders' area of this website, by selecting the 'View Details' button for this project.
      
      The deadline for re",Suffolk County Council Passenger Transport,,,GBP,2026-09-11,2026-09-10,award,complete,60000000,https://www.contractsfinder.service.gov.uk/Notice/7db52afc-8b2f-4b56-9c21-5fa65dd80657-913703,2026-09-12T11:27:09.642127+00:00
Contracts Finder,ocds-b5fd17-8d86762d-abc6-46a6-b9fe-c34d409dd05f_84471fd5-e873-4433-81e1-aa76f3ccfae1-913702,PS26172 - USB Technical Expert Support Service,"***** THIS IS AN AWARD NOTICE, NOT A CALL FOR COMPETITION *****

This procurement is being concluded following a mini competition under the GCA RM6235 Space-Enabled and Geospatial Services

Brief Description of Requirement

The Unlocking Space Portfolio is seeking to place a call-off contract with a knowledgeable and experienced delivery partner (or consortium) to provide specialist technical and commercialisation knowledge of the space sector, to support and give guidance to the Unlocking",DSIT,,,GBP,2026-09-11,2026-08-07,award,complete,73000000,https://www.contractsfinder.service.gov.uk/Notice/84471fd5-e873-4433-81e1-aa76f3ccfae1-913702,2026-09-12T11:27:09.642306+00:00
Contracts Finder,ocds-b5fd17-15fa60d0-c120-475e-b3e0-f2e1c8340796_1dc2af16-a206-4853-85ee-d35215cef95a-913699,WHHT - Managed WAN Services,West Hertfordshire Teaching Hospital NHS Trust award for Wide Area Network services via Network Connectivity and Telecommunication Solutions 2 YPO Framework.,West Hertfordshire Teaching Hospital NHS Trust,500000.0,517300.0,GBP,2026-09-11,2026-08-03,award,complete,32430000,https://www.contractsfinder.service.gov.uk/Notice/1dc2af16-a206-4853-85ee-d35215cef95a-913699,2026-09-12T11:27:09.642490+00:00
Contracts Finder,ocds-b5fd17-e6588b53-24ea-44f1-9161-b9f1f583e913_f361d3b9-e5a7-4c25-a3e1-ba5dcf4cf915-913695,ITT For Project 10196271,ITT For Project 10196271,Innovate UK,,3200.0,GBP,2026-09-11,2026-07-01,award,complete,79421100,https://www.contractsfinder.service.gov.uk/Notice/f361d3b9-e5a7-4c25-a3e1-ba5dcf4cf915-913695,2026-09-12T11:27:09.642671+00:00
Contracts Finder,ocds-b5fd17-09065646-ab97-458e-97a8-2b8be7e8288d_ea9c73de-1fe5-46cd-a98b-3a46b5291475-913697,37285 - homefield college,"This contract is for the provision of transport services - journey stated in the title of this notice. It has been awarded following a Mini Competition under Council's Dynamic Purchasing System (DPS) PAN3059 - Passenger Transport Services.

 

To find out more about this DPS and how to provide taxi services to the Council, please see Taxi firms tendering for contracts (leicester.gov.uk)

Additional information: 
At the point of award, we are no longer seeking tenders",Leicester City Council,,38493.0,GBP,2026-09-11,2026-09-11,award,complete,60120000,https://www.contractsfinder.service.gov.uk/Notice/ea9c73de-1fe5-46cd-a98b-3a46b5291475-913697,2026-09-12T11:27:09.642870+00:00
Contracts Finder,ocds-b5fd17-1bb117d1-f078-4334-b3c4-a1dc0520375c_da7ca9b4-d94d-4177-a3ae-afc0b2764871-913696,Programme management services - enabling works,Direct award under SBS10190 for programme management services during a period where a post is vacant within the project.,North West Anglia NHS Foundation Trust,,56332.5,GBP,2026-09-11,2026-08-31,award,complete,71530000,https://www.contractsfinder.service.gov.uk/Notice/da7ca9b4-d94d-4177-a3ae-afc0b2764871-913696,2026-09-12T11:27:09.643061+00:00
Contracts Finder,ocds-b5fd17-e837308d-41b1-47db-86aa-af17c2ef3764_2247f6c6-3367-4366-9857-ee88f885d12e-913693,ITT For Project 10194759,ITT For Project 10194759,Innovate UK,,3800.0,GBP,2026-09-11,2026-07-01,award,complete,79421100,https://www.contractsfinder.service.gov.uk/Notice/2247f6c6-3367-4366-9857-ee88f885d12e-913693,2026-09-12T11:27:09.643245+00:00
Contracts Finder,ocds-b5fd17-2c56329f-d216-4949-9b56-9862ad51ebee_eab40e95-26ec-4eb4-9a69-34500c601ce6-913690,ITT for project 10184440,ITT for project 10184440,UK RESEARCH & INNOVATION,,1734.0,GBP,2026-09-11,2026-05-20,award,complete,79421100,https://www.contractsfinder.service.gov.uk/Notice/eab40e95-26ec-4eb4-9a69-34500c601ce6-913690,2026-09-12T11:27:09.643427+00:00
Contracts Finder,ocds-b5fd17-07e25d97-9bed-46aa-bdca-71faec47297c_79cd82e2-6cef-43d6-a730-3b02b80e65f5-913692,Public Bus Service (Lot 5) EXPR1 Sowton P&R - Exeter City Centre,"This is a mini-competition from Lot 5 of the Devon County Council Passenger Transport Dynamic Purchasing System (CP1185-15).

For the supply and provision of local bus service PR1 operating between Sowton Park & Ride and Exeter city centre Monday to Saturday (Except Public Holidays).

The projected duration of the contract is eight years, however the Devon County Council (DCC) Passenger Transport Standard Conditions of Contract still apply, and therefore either the contractor or DCC can give",Devon County Council,,100000.0,GBP,2026-09-11,2026-07-01,award,complete,60000000,https://www.contractsfinder.service.gov.uk/Notice/79cd82e2-6cef-43d6-a730-3b02b80e65f5-913692,2026-09-12T11:27:09.643609+00:00
Contracts Finder,ocds-b5fd17-12faae92-39e3-43e8-8f3b-565b3239485b_86f8dd11-3145-411b-9d9a-b42e6e3b3dd4-913691,CBC-2089-Q-SM New Commercial/Industrial Roller/Sectional Doors - AWARD,"The Council will provide as much support and information as it can to help guide you through the quotation process. Questions asked together with the response, will be made available to all tenderers, to ensure a fair and consistent approach to all. 
       
      If there is anything you are not sure about or need clarification on, please use the Correspondence facility within the In-tend electronic tendering system. Last date for receiving questions on the In-Tend system: 26th August 2026
 ",Central Bedfordshire Council,,,GBP,2026-09-11,2026-09-01,award,complete,45421131,https://www.contractsfinder.service.gov.uk/Notice/86f8dd11-3145-411b-9d9a-b42e6e3b3dd4-913691,2026-09-12T11:27:09.643787+00:00
Contracts Finder,ocds-b5fd17-5e699862-818c-43d8-8d26-4258415fac8a_d9d79a45-a300-4137-a93c-f2dc4b86e38e-913686,ITT For Project 10194390,ITT For Project 10194390,Innovate UK,,3750.0,GBP,2026-09-11,2026-07-01,award,complete,79421100,https://www.contractsfinder.service.gov.uk/Notice/d9d79a45-a300-4137-a93c-f2dc4b86e38e-913686,2026-09-12T11:27:09.643991+00:00
Contracts Finder,ocds-b5fd17-6c258f1e-9dc9-4c47-a16f-6f6f4b3f10ab_efd71222-5238-4574-b681-25c88b95c613-913688,CALL-OFF: Children's Services Re-Opening of the Open Select List 2025 for all Independent Placement,Provision of Domiciliary Care support,Lincolnshire County Council,,,GBP,2026-09-11,2025-11-10,award,complete,85000000,https://www.contractsfinder.service.gov.uk/Notice/efd71222-5238-4574-b681-25c88b95c613-913688,2026-09-12T11:27:09.644174+00:00
Contracts Finder,ocds-b5fd17-c2083c3b-02a9-4536-9055-2ebd20ea9045_caf904ce-508e-4a79-bf9e-74b708f948fc-913683,"ITT for projects 10186264, 10184946","ITT for projects 10186264, 10184946",UK RESEARCH & INNOVATION,,3487.0,GBP,2026-09-11,2026-05-20,award,complete,79421100,https://www.contractsfinder.service.gov.uk/Notice/caf904ce-508e-4a79-bf9e-74b708f948fc-913683,2026-09-12T11:27:09.644357+00:00
Contracts Finder,ocds-b5fd17-6a8ad4e8-7c53-4018-9395-0753e46b96bc_9930c2c7-1984-4510-a203-25f804592248-913681,ITT For Protect 10194133,ITT For Protect 10194133,Innovate UK,,4050.0,GBP,2026-09-11,2026-07-01,award,complete,79421100,https://www.contractsfinder.service.gov.uk/Notice/9930c2c7-1984-4510-a203-25f804592248-913681,2026-09-12T11:27:09.644538+00:00
Contracts Finder,ocds-b5fd17-95b95954-93cd-458d-88af-647c89d03731_fcdc60de-9d46-4484-9906-79c0393ca0d4-913684,"Coroners Removal Service within the Boroughs of Sefton, Knowsley and St Helens For The Period 1st December 2026 to 30th November 2029 with the Option for 2 x 12 Month Extensions","Sefton council is seeking bids from interested providers for a Coroners Removals Service across the boroughs of Sefton, Knowsley & St Helens for the period 1st December 2026 to 30th November 2029 with the Option for 2 x 12 Month Extensions. 

The requirement is accordingly split across the following lots:-

Lot 1		Sefton North 
Lot 2		Sefton South 
Lot 3		Knowsley 
Lot 4		St Helens",Sefton Council,,400000.0,GBP,2026-09-11,2026-10-09,tender,active,33940000,https://www.contractsfinder.service.gov.uk/Notice/fcdc60de-9d46-4484-9906-79c0393ca0d4,2026-09-12T11:27:09.644725+00:00
Contracts Finder,ocds-b5fd17-45e558e4-d7af-4adf-b882-4a391a518adc_9f60ac24-7825-4bc9-a442-b6538b9b124e-913682,CBC-2090-Q-SM New replacement roof on main farmhouse detached - AWARD,"The Council will provide as much support and information as it can to help guide you through the quotation process. Questions asked together with the response, will be made available to all tenderers, to ensure a fair and consistent approach to all. 
       
      If there is anything you are not sure about or need clarification on, please use the Correspondence facility within the In-tend electronic tendering system. Last date for receiving questions on the In-Tend system: 26th August 2026
 ",Central Bedfordshire Council,,,GBP,2026-09-11,2026-09-01,award,complete,45261900,https://www.contractsfinder.service.gov.uk/Notice/9f60ac24-7825-4bc9-a442-b6538b9b124e-913682,2026-09-12T11:27:09.644923+00:00
Contracts Finder,ocds-b5fd17-f1660df3-d541-4894-836a-3c8b4df81b1b_663237b6-d095-420d-9adb-2b3399e2601a-913680,SEN20340-SEN-TAXI-SOAR VALLEY COLLEGE,SEN20340-SEN-TAXI-SOAR VALLEY COLLEGE,Leicestershire County Council,,11960.0,GBP,2026-09-11,2026-09-09,award,complete,60000000,https://www.contractsfinder.service.gov.uk/Notice/663237b6-d095-420d-9adb-2b3399e2601a-913680,2026-09-12T11:27:09.645113+00:00
Contracts Finder,ocds-b5fd17-443cccb8-ab3f-4a92-88e9-091d90328b15_101a8595-9b20-4125-ac63-e4f3f04e6dda-913679,Blue Light Training Course,"*****THIS IS AN AWARD NOTICE, NOT A CALL FOR COMPETITION*******

This procurement is being concluded following a mini competition through the Yorkshire Purchasing Organisation (YPO) Dynamic Purchasing System Agreement 000999, Lot 12 Driving.

A contract has been awarded for the provision of Training solutions for the Operational Response and Resilience Unit (ORRU) to deliver Blue light training for up to 100 staff members. 

The contract has been awarded for 3 years.",Ministry of Justice,,180500.0,GBP,2026-09-11,2026-07-02,award,complete,80500000,https://www.contractsfinder.service.gov.uk/Notice/101a8595-9b20-4125-ac63-e4f3f04e6dda-913679,2026-09-12T11:27:09.645296+00:00
Contracts Finder,ocds-b5fd17-797a396a-cf8e-40df-9703-b87129e1fc9a_7da2e49c-a271-483e-a41c-6b045e4282f2-913677,C0816 (C0660) Provision of a One Stop for Technology Products & Associated Services,Provision of a One Stop for Technology Products & Associated Services,NATIONAL WEALTH FUND LIMITED,,1485000.0,GBP,2026-09-11,2024-10-14,awardUpdate,complete,72222300,https://www.contractsfinder.service.gov.uk/Notice/7da2e49c-a271-483e-a41c-6b045e4282f2-913677,2026-09-12T11:27:09.645478+00:00
Contracts Finder,ocds-b5fd17-4d5406d5-6995-4478-85b7-c3d81dfec430_2c28b48b-805f-405b-98b9-f3ec2d04d5f1-913678,"QLS061 2026-09-10 (0900) Rushmere St Andrew/Bawdsey - Compass Community School Aylward Park: Meadow View, Blaxhall (4 seats) - AWARD","Suffolk County Council is seeking a mini competition against the following Dynamic Purchasing System: `The supply of Passenger Transport Services`, OJEU Notice Id: 2018/S 031-067685.
      
      QLS061 2026-09-10 (0900) Rushmere St Andrew/Bawdsey - Compass Community School Aylward Park: Meadow View, Blaxhall (4 seats)
      
      Further details can be found in the 'Tenders / My Tenders' area of this website, by selecting the 'View Details' button for this project.
      
      The deadl",Suffolk County Council Passenger Transport,,,GBP,2026-09-11,2026-09-10,award,complete,60000000,https://www.contractsfinder.service.gov.uk/Notice/2c28b48b-805f-405b-98b9-f3ec2d04d5f1-913678,2026-09-12T11:27:09.645655+00:00
Contracts Finder,ocds-b5fd17-16007307-a878-4ede-94b5-cb6c50a96903_108a34f9-ec1b-4224-abdf-2c222936b4f9-913676,Microsoft 365 Licences,"The Trust is progressing a Call-Off Contract for the provision of Microsoft software licensing and associated licence management services. The Call-Off is being awarded under the Crown Commercial Service / Government Commercial Agency Technology Products and Associated Services 2 Framework (RM6098), following the nationally led NFC204 Microsoft Aggregation further competition.",HUMBER TEACHING NHS FOUNDATION TRUST,256058.0,768174.0,GBP,2026-09-11,2026-08-14,award,complete,30200000,https://www.contractsfinder.service.gov.uk/Notice/108a34f9-ec1b-4224-abdf-2c222936b4f9-913676,2026-09-12T11:27:09.645838+00:00
Contracts Finder,ocds-b5fd17-9a53a187-2f0f-40df-80d3-fde9144a0234_75f561ce-129d-4c83-ab5f-97290ac38de5-913675,Building Information Standards Dynamic Purchasing System,"NHS England's Information Representation Service's (IReS) Data Standards Assurance team (DSAS) provides assurance and appraisal services for all Information Standards submitted to the Data Alliance Partnership Board for publication.
The IReS Building Information Standards Business (BIS) Dynamic Purchasing System (DPS) encompasses minor or ongoing maintenance to an existing standard, the major revision of an existing standard, or the creation of a new standard.
https://digital.nhs.uk/data-and-i",NHS England,,,GBP,2026-09-11,2027-10-31,tender,active,85000000,https://www.contractsfinder.service.gov.uk/Notice/75f561ce-129d-4c83-ab5f-97290ac38de5,2026-09-12T11:27:09.646044+00:00
Contracts Finder,ocds-b5fd17-4918b422-16cc-45c8-b1fe-84b2eb6495b3_fdf8c094-11cb-4f87-a083-7729ba7f8b60-913674,37270 - THE CHILDRENS HOSPITAL SCHOOL,"This contract is for the provision of transport services - journey stated in the title of this notice. It has been awarded following a Mini Competition under Council's Dynamic Purchasing System (DPS) PAN3059 - Passenger Transport Services.

 

To find out more about this DPS and how to provide taxi services to the Council, please see Taxi firms tendering for contracts (leicester.gov.uk)

Additional information: 
AT THE POINT OF AWARD, WE ARE NO LONGER SEEKING TENDERS",Leicester City Council,,29250.0,GBP,2026-09-11,2026-09-11,award,complete,60120000,https://www.contractsfinder.service.gov.uk/Notice/fdf8c094-11cb-4f87-a083-7729ba7f8b60-913674,2026-09-12T11:27:09.646226+00:00
Contracts Finder,ocds-b5fd17-a63f1745-981a-457c-9d5e-fb30b6497984_53fdb66d-7de3-4db6-a6ea-d4c913fe1e77-913670,ITT for projects 10197297 10199115,ITT for projects 10197297 10199115,UK RESEARCH & INNOVATION,,40600.0,GBP,2026-09-11,2026-07-08,award,complete,79421100,https://www.contractsfinder.service.gov.uk/Notice/53fdb66d-7de3-4db6-a6ea-d4c913fe1e77-913670,2026-09-12T11:27:09.646407+00:00
Contracts Finder,ocds-b5fd17-c9dab400-0e49-4d1e-9f0c-1bd06e3adc3e_cc7ae10c-2b6f-4530-88ff-8ec259454093-913671,OGVA Cloud Hosting Software Support Services,One Government Value agreement - MOU,DVSA - Driver and Vehicle Standards Agency,6000000.0,8960000.0,GBP,2026-09-11,2023-11-30,award,complete,72000000,https://www.contractsfinder.service.gov.uk/Notice/cc7ae10c-2b6f-4530-88ff-8ec259454093-913671,2026-09-12T11:27:09.646673+00:00
Contracts Finder,ocds-b5fd17-a25144a0-e0f1-48b2-b519-572c893b2fff_2c2bfa5a-d023-4978-ab0a-d36e146200fa-913669,Estates Capital Project - Bluebell and Foxglove Anti Lig Doors and Hardware,Supply of Anti-Ligature doors and associated hardware for the Bluebell and Foxglove sites,Kent and Medway Mental Health NHS Trust,,107878.16,GBP,2026-09-11,2026-09-03,award,complete,44421500,https://www.contractsfinder.service.gov.uk/Notice/2c2bfa5a-d023-4978-ab0a-d36e146200fa-913669,2026-09-12T11:27:09.646875+00:00
Contracts Finder,ocds-b5fd17-1477d583-2dd4-4704-8cdd-e6943612c211_f9a86043-4613-40b7-9568-de6451af2f11-913259,DDaT26191 - Software Subscription and Support Services,"***** THIS IS A CONTRACT DETAILS NOTICE, NOT A CALL FOR COMPETITION ***** 

UKRI  had a requirement for the provision of software subscription and support services for high performance file storage system. This procurement is being concluded as a Direct Award via the NHS Digital Workplace Solutions Framework.",UK SHARED BUSINESS SERVICES LIMITED,,59858.33,GBP,2026-09-11,2026-08-12,award,complete,48000000,https://www.contractsfinder.service.gov.uk/Notice/f9a86043-4613-40b7-9568-de6451af2f11-913259,2026-09-12T11:27:09.647077+00:00
Contracts Finder,ocds-b5fd17-9a06ba27-4d8e-436d-9247-ec914f5f7ef4_47055f92-ef6a-4a66-a5c9-5d581f01e229-913666,ITT for projects 10197138 10200128,ITT for projects 10197138 10200128,UK RESEARCH & INNOVATION,,30365.0,GBP,2026-09-11,2026-07-08,award,complete,79421100,https://www.contractsfinder.service.gov.uk/Notice/47055f92-ef6a-4a66-a5c9-5d581f01e229-913666,2026-09-12T11:27:09.647262+00:00
Contracts Finder,ocds-b5fd17-e621b7f0-4b94-47b0-a74d-f28fa5350571_50777cb0-bfc7-463f-a363-33b38c78bd1c-913667,37271 - WOLFDALE SCHOOL,"This contract is for the provision of transport services - journey stated in the title of this notice. It has been awarded following a Mini Competition under Council's Dynamic Purchasing System (DPS) PAN3059 - Passenger Transport Services.

 

To find out more about this DPS and how to provide taxi services to the Council, please see Taxi firms tendering for contracts (leicester.gov.uk

Additional information: 
At the point of award, we are no longer seeking tenders.",Leicester City Council,,45630.0,GBP,2026-09-11,2026-09-11,award,complete,60120000,https://www.contractsfinder.service.gov.uk/Notice/50777cb0-bfc7-463f-a363-33b38c78bd1c-913667,2026-09-12T11:27:09.647444+00:00
Contracts Finder,ocds-b5fd17-6a6833c4-fff3-4e87-a39a-f3930d49e46d_81cfea02-3607-42b8-9302-66a8af9256ba-913665,ITT For Project 10199264,ITT For Project 10199264,Innovate UK,,3510.0,GBP,2026-09-11,2026-07-01,award,complete,79421100,https://www.contractsfinder.service.gov.uk/Notice/81cfea02-3607-42b8-9302-66a8af9256ba-913665,2026-09-12T11:27:09.647629+00:00
Contracts Finder,ocds-b5fd17-831b0b96-b736-477f-9518-ccc4e5c24035_ea6ff9c5-7d97-4d72-bc89-eb5bcfb887d9-911093,DDaT26245 - Cloud Security Subscription,"***** THIS IS AN AWARD NOTICE, NOT A CALL FOR COMPETITION ***** UK Shared business Serviced Ltd  (UKSBS) had a requirement for the provision of cloud security services.

This procurement is being concluded following a mini-competition under the Software Licence Reseller & Consultancy
Services ITS4052 SU - Lot 4

The initial contract value is £819,999.10 excluding VAT. 

A variation has been actioned to reduce the value to £812,456.30 excluding VAT.  

There is a a non-committed continge",UK SHARED BUSINESS SERVICES LIMITED,,819999.1,GBP,2026-09-11,2026-07-24,awardUpdate,complete,48000000,https://www.contractsfinder.service.gov.uk/Notice/ea6ff9c5-7d97-4d72-bc89-eb5bcfb887d9-911093,2026-09-12T11:27:09.647814+00:00
Contracts Finder,ocds-b5fd17-d8695235-4eab-4711-ab3d-83181ff72996_acaefe0c-1be3-4b1d-a962-5b7a01aacf46-913664,37283 - ENSTRUCT,"This contract is for the provision of transport services - journey stated in the title of this notice. It has been awarded following a Mini Competition under Council's Dynamic Purchasing System (DPS) PAN3059 - Passenger Transport Services.

To find out more about this DPS and how to provide taxi services to the Council, please see Taxi firms tendering for contracts (leicester.gov.uk)",Leicester City Council,,40014.0,GBP,2026-09-11,2026-09-11,award,complete,60120000,https://www.contractsfinder.service.gov.uk/Notice/acaefe0c-1be3-4b1d-a962-5b7a01aacf46-913664,2026-09-12T11:27:09.648025+00:00
Contracts Finder,ocds-b5fd17-e5f6864e-1b45-4bc0-a395-4a4630ea0bad_f1e20f03-e83c-4a5c-83db-f2e4c026ea14-913658,"ITT for projects 10197386, 10198829, 10197555, 10199819","ITT for projects 10197386, 10198829, 10197555, 10199819",UK RESEARCH & INNOVATION,,43562.5,GBP,2026-09-11,2026-07-08,award,complete,79421100,https://www.contractsfinder.service.gov.uk/Notice/f1e20f03-e83c-4a5c-83db-f2e4c026ea14-913658,2026-09-12T11:27:09.648211+00:00
Contracts Finder,ocds-b5fd17-174b255a-427f-483a-8aa0-a5cd18cbbaf7_84853fb0-32e3-4d85-ac5a-1d079b3bc857-913663,Award of a call off contract under the Prison Education Dynamic Purchasing System for Step into Construction provision for prisoners at HMP Bullingdon,"Award of a call off contract under the Prison Education Dynamic Purchasing System for Step into Construction provision for prisoners at HMP Bullingdon. The supplier shall deliver a construction training programme comprising Level 1 Health and Safety in the Construction Environment, CSCS certification, CAT and Genny training, Abrasive Wheels, Manual Handling, and First Aid, for prisoners who would like a pathway into construction once released.",Ministry of Justice,,50400.0,GBP,2026-09-11,2026-06-17,award,complete,80000000,https://www.contractsfinder.service.gov.uk/Notice/84853fb0-32e3-4d85-ac5a-1d079b3bc857-913663,2026-09-12T11:27:09.648393+00:00
Contracts Finder,ocds-b5fd17-43ae132a-3bd4-4d8e-8b80-9c5b51bf388b_bf5eeba7-2608-41db-b553-7ff075cfd8de-913661,Exec Recruitment - HSCCA,"Executive search and selection for HSCCA for the recruitment of: 
Executive Director - Transport 
Executive Director - Place & Economy",Southampton City Council,,30000.0,GBP,2026-09-11,2026-06-17,award,complete,79600000,https://www.contractsfinder.service.gov.uk/Notice/bf5eeba7-2608-41db-b553-7ff075cfd8de-913661,2026-09-12T11:27:09.648575+00:00
Contracts Finder,ocds-b5fd17-3c6ead61-346a-4dba-b4ef-b213a9acf6af_dcd704c3-2450-4277-a743-1b2f82537ea5-913659,ITT For Project 10199017,ITT For Project 10199017,Innovate UK,,2795.0,GBP,2026-09-11,2026-07-01,award,complete,79421100,https://www.contractsfinder.service.gov.uk/Notice/dcd704c3-2450-4277-a743-1b2f82537ea5-913659,2026-09-12T11:27:09.648756+00:00
Contracts Finder,ocds-b5fd17-955925ed-f4e0-4263-a878-a603966c13c5_633c24ac-2904-4212-89eb-324aa8408338-913660,SEN20338-SEN-TAXI  - IVESHEAD SCHOOL,SEN20338-SEN-TAXI  - IVESHEAD SCHOOL,Leicestershire County Council,,25714.0,GBP,2026-09-11,2026-09-09,award,complete,60000000,https://www.contractsfinder.service.gov.uk/Notice/633c24ac-2904-4212-89eb-324aa8408338-913660,2026-09-12T11:27:09.648958+00:00
Contracts Finder,ocds-b5fd17-931782ca-65e6-4b1f-acfb-797a36969060_7b02f479-95ad-485e-b128-6853b625e653-913657,ITT For Project 10198369,ITT For Project 10198369,Innovate UK,,2110.0,GBP,2026-09-11,2026-07-01,award,complete,79421100,https://www.contractsfinder.service.gov.uk/Notice/7b02f479-95ad-485e-b128-6853b625e653-913657,2026-09-12T11:27:09.649147+00:00
Contracts Finder,ocds-b5fd17-9f6b86f3-e839-407e-9951-6508bc75606e_577a08b1-74c8-46ba-80a9-449ae6d36cef-913656,37272 - KING RICHARDS NURSERY AND SCHOOL,"This contract is for the provision of transport services - journey stated in the title of this notice. It has been awarded following a Mini Competition under Council's Dynamic Purchasing System (DPS) PAN3059 - Passenger Transport Services.

To find out more about this DPS and how to provide taxi services to the Council, please see Taxi firms tendering for contracts (leicester.gov.uk)


Additional information: 
At the point of award, we are no longer seeking tenders.",Leicester City Council,,33907.0,GBP,2026-09-11,2026-09-10,award,complete,60120000,https://www.contractsfinder.service.gov.uk/Notice/577a08b1-74c8-46ba-80a9-449ae6d36cef-913656,2026-09-12T11:27:09.649329+00:00
Contracts Finder,ocds-b5fd17-6548c8e2-769a-4169-9c89-581d099570e3_64eb6354-06f1-498a-9e66-0e93539b72b9-913650,ITT For Project 10197103,ITT For Project 10197103,Innovate UK,,2240.0,GBP,2026-09-11,2026-07-01,award,complete,79421100,https://www.contractsfinder.service.gov.uk/Notice/64eb6354-06f1-498a-9e66-0e93539b72b9-913650,2026-09-12T11:27:09.649511+00:00
Contracts Finder,ocds-b5fd17-9087b29f-31aa-4535-b34a-828a20e1d759_269d275c-13c3-4551-9cc2-09083a97e082-913653,ENQ1216 - Corporate Glazing Surveys - 2026/27,To provide Corporate Glazing Surveys for Derby City Council's property portfolio.,DERBY CITY COUNCIL,,71874.11,GBP,2026-09-11,2026-08-31,award,complete,45441000,https://www.contractsfinder.service.gov.uk/Notice/269d275c-13c3-4551-9cc2-09083a97e082-913653,2026-09-12T11:27:09.649692+00:00
Contracts Finder,ocds-b5fd17-d06ad624-272f-43c6-93ee-03a3f2e7c97b_855bc7c1-5ac9-4856-aa1e-bb6433279a90-913655,2026-09-08 0900 QOC601 Bungay to East Coast College Great Yarmouth (4 seated vehicle - no passenger assistant required) - AWARD,"Suffolk County Council is seeking a mini competition against the following Dynamic Purchasing System: `The supply of Passenger Transport Services`, OJEU Notice Id: 2018/S 031-067685.
      
      QOC601 Bungay to East Coast College Great Yarmouth (4 seated vehicle - no passenger assistant required).
      
      Further details can be found in the 'Tenders / My Tenders' area of this website, by selecting the 'View Details' button for this project.
      
      The deadline for returned sub",Suffolk County Council Passenger Transport,,,GBP,2026-09-11,2026-09-08,award,complete,60000000,https://www.contractsfinder.service.gov.uk/Notice/855bc7c1-5ac9-4856-aa1e-bb6433279a90-913655,2026-09-12T11:27:09.649890+00:00
Contracts Finder,ocds-b5fd17-ec22b466-e077-4332-ab66-e2bcce56b787_0a376389-ac6a-4c6e-a7b1-f4dad6081cb2-913654,37274 - ELLESMERE COLLEGE,"This contract is for the provision of transport services - journey stated in the title of this notice. It has been awarded following a Mini Competition under Council's Dynamic Purchasing System (DPS) PAN3059 - Passenger Transport Services.

 

To find out more about this DPS and how to provide taxi services to the Council, please see Taxi firms tendering for contracts (leicester.gov.uk)

Additional information: 
At the point of award, we are no longer seeking tenders",Leicester City Council,,16848.0,GBP,2026-09-11,2026-09-10,award,complete,60120000,https://www.contractsfinder.service.gov.uk/Notice/0a376389-ac6a-4c6e-a7b1-f4dad6081cb2-913654,2026-09-12T11:27:09.650079+00:00
Contracts Finder,ocds-b5fd17-e3cbe48b-7c1e-4871-a708-6db5a91da82e_9b306f2b-59ff-4e6f-916f-ae122b224b55-913652,"QOC778 0900 2026-09-09 Ipswich - Aurora Eccles School, Quidenham, Norfolk (4-seated individual transport and a PA required) - AWARD","Suffolk County Council is seeking a mini competition against the following Dynamic Purchasing System: `The supply of Passenger Transport Services`, OJEU Notice Id: 2018/S 031-067685.
      
      QOC778 0900 2026-09-09 Ipswich - Aurora Eccles School, Quidenham, Norfolk (4-seated individual transport and a PA required)
      
      Further details can be found in the 'Tenders / My Tenders' area of this website, by selecting the 'View Details' button for this project.
      
      The deadli",Suffolk County Council Passenger Transport,,,GBP,2026-09-11,2026-09-09,award,complete,60000000,https://www.contractsfinder.service.gov.uk/Notice/9b306f2b-59ff-4e6f-916f-ae122b224b55-913652,2026-09-12T11:27:09.650255+00:00
Contracts Finder,ocds-b5fd17-11ad9c63-c151-415e-8b18-16da0991e29e_83e296cd-2ba2-4036-b49c-0b9daa26cb80-913651,37268 - Parkhouse Farm,"This contract is for the provision of transport services - journey stated in the title of this notice. It has been awarded following a Mini Competition under Council's Dynamic Purchasing System (DPS) PAN3059 - Passenger Transport Services.

 

To find out more about this DPS and how to provide taxi services to the Council, please see Taxi firms tendering for contracts (leicester.gov.uk)

Additional information: 
At the point of award, we are no longer seeking tenders.",Leicester City Council,,7410.0,GBP,2026-09-11,2026-09-10,award,complete,60120000,https://www.contractsfinder.service.gov.uk/Notice/83e296cd-2ba2-4036-b49c-0b9daa26cb80-913651,2026-09-12T11:27:09.650438+00:00
Contracts Finder,ocds-b5fd17-197dfa05-3f71-494c-842c-59fcac9a7900_9e73df96-de30-469d-8410-867cc7efac0a-913649,37259 - ELMBROOK SCHOOL,"This contract is for the provision of transport services - journey stated in the title of this notice. It has been awarded following a Mini Competition under Council's Dynamic Purchasing System (DPS) PAN3059 - Passenger Transport Services.

 

To find out more about this DPS and how to provide taxi services to the Council, please see Taxi firms tendering for contracts (leicester.gov.uk)

Additional information: 
At the point of award, we are no longer seeking tenders",Leicester City Council,,25143.0,GBP,2026-09-11,2026-09-10,award,complete,60120000,https://www.contractsfinder.service.gov.uk/Notice/9e73df96-de30-469d-8410-867cc7efac0a-913649,2026-09-12T11:27:09.650618+00:00
Contracts Finder,ocds-b5fd17-328b0717-4432-4c55-9204-77cc45d9ef4d_8ae3f83f-3b02-4d01-905e-c616ed2146d5-913648,T25/0037 - Apple Equipment and Associated Services,Northumbria University is seeking to appoint a single supplier under the NWUPC Framework (ITS3028 NW) to provide Apple Equipment and Associated Services. The contract term will be 24 months to cover all apple purchase requirements during this period.,Northumbria University,,840000.0,GBP,2026-09-11,2026-09-07,award,complete,30200000,https://www.contractsfinder.service.gov.uk/Notice/8ae3f83f-3b02-4d01-905e-c616ed2146d5-913648,2026-09-12T11:27:09.650798+00:00
Contracts Finder,ocds-b5fd17-c2a3ea50-b439-439a-a3f4-5813afea2442_ef31e103-a079-4c35-9aa0-ae2579a2f3ac-913647,ITT For Project 10194040,ITT For Project 10194040,Innovate UK,,4320.0,GBP,2026-09-11,2026-07-01,award,complete,79421100,https://www.contractsfinder.service.gov.uk/Notice/ef31e103-a079-4c35-9aa0-ae2579a2f3ac-913647,2026-09-12T11:27:09.650999+00:00
Contracts Finder,ocds-b5fd17-3af728da-50ca-4be4-a33c-120b7261e70c_6cf788ac-afca-4072-a405-4ded41259a52-913223,Learning Management System,"Contract was award via G-Cloud 14.

The Learning Management System, is the Council's system for the delivery of staff training. 

The system provides an access point to Learning and Development within the organisation:

The system will provide:
•	E-learning courses
•	Facilitates the booking of  face to face courses
•	Facilitates the booking of live online events 
•	Provides access to mandatory compliance training
•	Provides structured programmes of learning including Managing into the",Kent County Council,,164000.0,GBP,2026-09-11,2026-05-01,award,complete,80420000,https://www.contractsfinder.service.gov.uk/Notice/6cf788ac-afca-4072-a405-4ded41259a52-913223,2026-09-12T11:27:09.651185+00:00
Contracts Finder,ocds-b5fd17-212ba821-62d3-4d87-b84c-7fa8d257efa7_e6d716a0-9ba5-4509-9ff7-beba5d789240-913644,ITT For Project 10194528,ITT For Project 10194528,Innovate UK,,5000.0,GBP,2026-09-11,2026-07-01,award,complete,79421100,https://www.contractsfinder.service.gov.uk/Notice/e6d716a0-9ba5-4509-9ff7-beba5d789240-913644,2026-09-12T11:27:09.651364+00:00
Contracts Finder,ocds-b5fd17-c0f52d25-e154-4fc7-b943-a8ae97ee92df_c73e22f0-2765-4373-bd90-86527576f43a-913646,"QIP908 0900 2026-09-10 Leiston - Sir Bobby Robson school, Ipswich (4-seated vehicle required) - AWARD","Suffolk County Council is seeking a mini competition against the following Dynamic Purchasing System: `The supply of Passenger Transport Services`, OJEU Notice Id: 2018/S 031-067685.
      
      QIP908 0900 2026-09-10 Leiston - Sir Bobby Robson school, Ipswich (4-seated vehicle required)
      
      Further details can be found in the 'Tenders / My Tenders' area of this website, by selecting the 'View Details' button for this project.
      
      The deadline for returned submissions is",Suffolk County Council Passenger Transport,,,GBP,2026-09-11,2026-09-10,award,complete,60000000,https://www.contractsfinder.service.gov.uk/Notice/c73e22f0-2765-4373-bd90-86527576f43a-913646,2026-09-12T11:27:09.651543+00:00
Contracts Finder,ocds-b5fd17-eac7cc78-fd95-4e49-930b-9286433030c1_e10c184c-7fb0-4481-bbc7-9724b33f763c-913643,W823 - Terrorism Insurance Cover,Specialist insurance policy providing protection against losses arising from acts of terrorism and forms part of the Council's overall insurance programme.,DERBY CITY COUNCIL,,102256.53,GBP,2026-09-11,2026-03-31,award,complete,66510000,https://www.contractsfinder.service.gov.uk/Notice/e10c184c-7fb0-4481-bbc7-9724b33f763c-913643,2026-09-12T11:27:09.651723+00:00
Contracts Finder,ocds-b5fd17-953a1ec7-d130-4442-b8a1-9fdd90f40bfb_0a4796bc-e7c0-4b12-8d98-463986434bcf-913642,ITT For Project 10195693,ITT For Project 10195693,Innovate UK,,3435.0,GBP,2026-09-11,2026-07-01,award,complete,79421100,https://www.contractsfinder.service.gov.uk/Notice/0a4796bc-e7c0-4b12-8d98-463986434bcf-913642,2026-09-12T11:27:09.651925+00:00
Contracts Finder,ocds-b5fd17-4d233e1c-f700-444f-bb9e-c6259a587892_d0a2d8cd-5312-4f3f-9367-be3f50474b17-913638,Procurement of services for fact-checking and strategic narrative development,"Good day,

Partnership Fund for a Resilient Ukraine Phase 2 (PFRU-2) is a multi-year, multi-donor-funded programme managed by the UK's Foreign, Commonwealth and Development Office.

As part of its project activities, PFRU-2 is seeking an organization for procurement of services for fact-checking and strategic narrative development.

Please note the following important tender provisions:
•	the deadline for submitting proposals is October 02, 2026, at 15:00 Kyiv time;
•	all questions regar","Chemonics International, Inc.",1.0,2.0,GBP,2026-09-11,2026-10-02,tender,active,73000000,https://www.contractsfinder.service.gov.uk/Notice/d0a2d8cd-5312-4f3f-9367-be3f50474b17,2026-09-12T11:27:09.652120+00:00
Contracts Finder,ocds-b5fd17-0bd69da3-2f77-4d26-ad52-c67f2c59759e_829144fd-62d0-46c4-a3ac-7624385b52da-913640,Enterprise Resource Planning (ERP) Solution,"Lancashire County Council has awarded a contract to Oracle Corporation UK Limited for the continued provision of the Council's Enterprise Resource Planning (ERP) solution and associated services. The contract has been awarded through a direct award under the Government Commercial Agency (GCA) Back Office Solutions 2 (BOS2) framework and provides continuity of the Council's existing Oracle Fusion ERP platform.

The ERP solution supports a range of critical corporate functions across the Council",Lancashire County Council,6815028.0,15430000.0,GBP,2026-09-11,2026-07-23,awardUpdate,complete,48000000,https://www.contractsfinder.service.gov.uk/Notice/829144fd-62d0-46c4-a3ac-7624385b52da-913640,2026-09-12T11:27:09.652304+00:00
Contracts Finder,ocds-b5fd17-1462e2a6-e689-4e02-b7fc-54ca74543822_0a99281d-3b64-499e-be54-64c0f8a80b7a-913636,"QSC243 09:00 2026-09-10 Earl Soham to Chalk Hill, Gt Cornard, Sudbury - 4-seater vehicle required - AWARD","Suffolk County Council is seeking a mini competition against the following Dynamic Purchasing System: `The supply of Passenger Transport Services`, OJEU Notice Id: 2018/S 031-067685.
      
      QSC243 09:00 2026-09-10 Earl Soham to Chalk Hill, Gt Cornard, Sudbury - 4-seater vehicle required
      
      Further details can be found in the 'Tenders / My Tenders' area of this website, by selecting the 'View Details' button for this project.
      
      The deadline for returned submission",Suffolk County Council Passenger Transport,,,GBP,2026-09-11,2026-09-10,award,complete,60000000,https://www.contractsfinder.service.gov.uk/Notice/0a99281d-3b64-499e-be54-64c0f8a80b7a-913636,2026-09-12T11:27:09.652482+00:00
Contracts Finder,ocds-b5fd17-cf0e6ae6-0e26-4d3a-a88a-335c13f53f00_dd89dc96-c1da-4518-92ab-a4ea12a1e605-913635,CBC-2083-Q-SM CBC industry Units refurbishments - AWARD,"The Council will provide as much support and information as it can to help guide you through the quotation process. Questions asked together with the response, will be made available to all tenderers, to ensure a fair and consistent approach to all. 
       
      If there is anything you are not sure about or need clarification on, please use the Correspondence facility within the In-tend electronic tendering system. Last date for receiving questions on the In-Tend system: 26th August 2026
 ",Central Bedfordshire Council,,,GBP,2026-09-11,2026-09-01,award,complete,45453100,https://www.contractsfinder.service.gov.uk/Notice/dd89dc96-c1da-4518-92ab-a4ea12a1e605-913635,2026-09-12T11:27:09.652660+00:00
Contracts Finder,ocds-b5fd17-8eb2cd45-f2d8-4a0e-a84c-5a11d578aae4_86314b6f-2edd-4f78-a222-19d18e3f476a-913634,QBH208 2026-09-08 (0900) Oulton - Suffolk New College - on the coast (Halesworth) (4 seats and a PA) - AWARD,"Suffolk County Council is seeking a mini competition against the following Dynamic Purchasing System: `The supply of Passenger Transport Services`, OJEU Notice Id: 2018/S 031-067685.
      
      QBH208 2026-09-08 (0900) Oulton - Suffolk New College - on the coast (Halesworth) (4 seats and a PA)
      
      Further details can be found in the 'Tenders / My Tenders' area of this website, by selecting the 'View Details' button for this project.
      
      The deadline for returned submiss",Suffolk County Council Passenger Transport,,,GBP,2026-09-11,2026-09-08,award,complete,60000000,https://www.contractsfinder.service.gov.uk/Notice/86314b6f-2edd-4f78-a222-19d18e3f476a-913634,2026-09-12T11:27:09.652836+00:00
